symbol,name,ts_code,exchange,market,area,industry,list_date,is_hs,chairman,manager,reg_capital,setup_date,province,city,employees,website,main_business,is_st,industry_csrc,industry_csrc_class
1,平安银行,000001.SZ,SZSE,主板,深圳,银行,19910403,S,,,,,,,,,,False,,
2,万科Ａ,000002.SZ,SZSE,主板,深圳,全国地产,19910129,S,,,,,,,,,,False,,
4,*ST国华,000004.SZ,SZSE,主板,深圳,软件服务,19901201,N,,,,,,,,,,True,,
6,深振业Ａ,000006.SZ,SZSE,主板,深圳,区域地产,19920427,S,,,,,,,,,,False,,
7,全新好,000007.SZ,SZSE,主板,深圳,其他商业,19920413,N,,,,,,,,,,False,,
8,神州高铁,000008.SZ,SZSE,主板,北京,运输设备,19920507,S,,,,,,,,,,False,,
9,中国宝安,000009.SZ,SZSE,主板,深圳,电气设备,19910625,S,,,,,,,,,,False,,
10,*ST美丽,000010.SZ,SZSE,主板,深圳,建筑工程,19951027,N,,,,,,,,,,True,,
11,深物业A,000011.SZ,SZSE,主板,深圳,房产服务,19920330,S,,,,,,,,,,False,,
12,南玻Ａ,000012.SZ,SZSE,主板,深圳,玻璃,19920228,S,,,,,,,,,,False,,
14,沙河股份,000014.SZ,SZSE,主板,深圳,全国地产,19920602,N,,,,,,,,,,False,,
16,*ST康佳A,000016.SZ,SZSE,主板,深圳,家用电器,19920327,N,,,,,,,,,,True,,
17,深中华A,000017.SZ,SZSE,主板,深圳,服饰,19920331,N,,,,,,,,,,False,,
19,深粮控股,000019.SZ,SZSE,主板,深圳,农业综合,19921012,S,,,,,,,,,,False,,
20,深华发Ａ,000020.SZ,SZSE,主板,深圳,元器件,19920428,N,,,,,,,,,,False,,
21,深科技,000021.SZ,SZSE,主板,深圳,元器件,19940202,S,,,,,,,,,,False,,
25,特力Ａ,000025.SZ,SZSE,主板,深圳,综合类,19930621,S,,,,,,,,,,False,,
26,飞亚达,000026.SZ,SZSE,主板,深圳,服饰,19930603,S,,,,,,,,,,False,,
27,深圳能源,000027.SZ,SZSE,主板,深圳,火力发电,19930903,S,,,,,,,,,,False,,
28,国药一致,000028.SZ,SZSE,主板,深圳,医药商业,19930809,S,,,,,,,,,,False,,
29,深深房Ａ,000029.SZ,SZSE,主板,深圳,区域地产,19930915,S,,,,,,,,,,False,,
30,富奥股份,000030.SZ,SZSE,主板,吉林,汽车配件,19930929,S,,,,,,,,,,False,,
31,大悦城,000031.SZ,SZSE,主板,深圳,全国地产,19931008,S,,,,,,,,,,False,,
32,深桑达Ａ,000032.SZ,SZSE,主板,深圳,建筑工程,19931028,S,,,,,,,,,,False,,
34,神州数码,000034.SZ,SZSE,主板,深圳,软件服务,19940509,S,,,,,,,,,,False,,
35,中国天楹,000035.SZ,SZSE,主板,江苏,环境保护,19940408,S,,,,,,,,,,False,,
36,华联控股,000036.SZ,SZSE,主板,深圳,全国地产,19940617,S,,,,,,,,,,False,,
37,深南电A,000037.SZ,SZSE,主板,深圳,火力发电,19940701,N,,,,,,,,,,False,,
39,中集集团,000039.SZ,SZSE,主板,深圳,运输设备,19940408,S,,,,,,,,,,False,,
42,中洲控股,000042.SZ,SZSE,主板,深圳,全国地产,19940921,S,,,,,,,,,,False,,
45,深纺织Ａ,000045.SZ,SZSE,主板,深圳,元器件,19940815,S,,,,,,,,,,False,,
48,京基智农,000048.SZ,SZSE,主板,深圳,农业综合,19941101,S,,,,,,,,,,False,,
49,德赛电池,000049.SZ,SZSE,主板,深圳,电气设备,19950320,S,,,,,,,,,,False,,
50,深天马Ａ,000050.SZ,SZSE,主板,深圳,元器件,19950315,S,,,,,,,,,,False,,
55,方大集团,000055.SZ,SZSE,主板,深圳,其他建材,19960415,N,,,,,,,,,,False,,
56,*ST皇庭,000056.SZ,SZSE,主板,深圳,其他商业,19960708,N,,,,,,,,,,True,,
58,深赛格,000058.SZ,SZSE,主板,深圳,商品城,19961226,S,,,,,,,,,,False,,
59,华锦股份,000059.SZ,SZSE,主板,辽宁,石油加工,19970130,S,,,,,,,,,,False,,
60,中金岭南,000060.SZ,SZSE,主板,深圳,铅锌,19970123,S,,,,,,,,,,False,,
61,农产品,000061.SZ,SZSE,主板,深圳,农业综合,19970110,S,,,,,,,,,,False,,
62,深圳华强,000062.SZ,SZSE,主板,深圳,元器件,19970130,S,,,,,,,,,,False,,
63,中兴通讯,000063.SZ,SZSE,主板,深圳,通信设备,19971118,S,,,,,,,,,,False,,
65,北方国际,000065.SZ,SZSE,主板,北京,建筑工程,19980605,S,,,,,,,,,,False,,
66,中国长城,000066.SZ,SZSE,主板,深圳,IT设备,19970626,S,,,,,,,,,,False,,
68,华控赛格,000068.SZ,SZSE,主板,深圳,环境保护,19970611,N,,,,,,,,,,False,,
69,华侨城Ａ,000069.SZ,SZSE,主板,深圳,全国地产,19970910,S,,,,,,,,,,False,,
70,特发信息,000070.SZ,SZSE,主板,深圳,通信设备,20000511,S,,,,,,,,,,False,,
78,ST海王,000078.SZ,SZSE,主板,深圳,医药商业,19981218,N,,,,,,,,,,True,,
88,盐田港,000088.SZ,SZSE,主板,深圳,港口,19970728,S,,,,,,,,,,False,,
89,深圳机场,000089.SZ,SZSE,主板,深圳,机场,19980420,S,,,,,,,,,,False,,
90,天健集团,000090.SZ,SZSE,主板,深圳,建筑工程,19990721,S,,,,,,,,,,False,,
96,广聚能源,000096.SZ,SZSE,主板,深圳,石油贸易,20000724,S,,,,,,,,,,False,,
99,中信海直,000099.SZ,SZSE,主板,深圳,空运,20000731,S,,,,,,,,,,False,,
100,TCL科技,000100.SZ,SZSE,主板,广东,元器件,20040130,S,,,,,,,,,,False,,
151,中成股份,000151.SZ,SZSE,主板,北京,商贸代理,20000906,N,,,,,,,,,,False,,
153,丰原药业,000153.SZ,SZSE,主板,安徽,化学制药,20000920,N,,,,,,,,,,False,,
155,川能动力,000155.SZ,SZSE,主板,四川,新型电力,20000926,S,,,,,,,,,,False,,
156,华数传媒,000156.SZ,SZSE,主板,浙江,影视音像,20000906,S,,,,,,,,,,False,,
157,中联重科,000157.SZ,SZSE,主板,湖南,工程机械,20001012,S,,,,,,,,,,False,,
158,常山北明,000158.SZ,SZSE,主板,河北,软件服务,20000724,S,,,,,,,,,,False,,
159,国际实业,000159.SZ,SZSE,主板,新疆,石油贸易,20000926,N,,,,,,,,,,False,,
166,申万宏源,000166.SZ,SZSE,主板,新疆,证券,20150126,S,,,,,,,,,,False,,
301,东方盛虹,000301.SZ,SZSE,主板,江苏,化纤,20000529,S,,,,,,,,,,False,,
333,美的集团,000333.SZ,SZSE,主板,广东,家用电器,20130918,S,,,,,,,,,,False,,
338,潍柴动力,000338.SZ,SZSE,主板,山东,汽车配件,20070430,S,,,,,,,,,,False,,
400,许继电气,000400.SZ,SZSE,主板,河南,电气设备,19970418,S,,,,,,,,,,False,,
401,金隅冀东,000401.SZ,SZSE,主板,河北,水泥,19960614,S,,,,,,,,,,False,,
402,金融街,000402.SZ,SZSE,主板,北京,全国地产,19960626,S,,,,,,,,,,False,,
403,派林生物,000403.SZ,SZSE,主板,山西,生物制药,19960628,S,,,,,,,,,,False,,
404,长虹华意,000404.SZ,SZSE,主板,江西,家用电器,19960619,S,,,,,,,,,,False,,
407,胜利股份,000407.SZ,SZSE,主板,山东,供气供热,19960703,N,,,,,,,,,,False,,
408,藏格矿业,000408.SZ,SZSE,主板,青海,农药化肥,19960628,S,,,,,,,,,,False,,
409,云鼎科技,000409.SZ,SZSE,主板,山东,软件服务,19960627,S,,,,,,,,,,False,,
410,沈阳机床,000410.SZ,SZSE,主板,辽宁,机床制造,19960718,S,,,,,,,,,,False,,
411,英特集团,000411.SZ,SZSE,主板,浙江,医药商业,19960716,S,,,,,,,,,,False,,
415,渤海租赁,000415.SZ,SZSE,主板,新疆,多元金融,19960716,S,,,,,,,,,,False,,
417,合百集团,000417.SZ,SZSE,主板,安徽,百货,19960812,N,,,,,,,,,,False,,
419,通程控股,000419.SZ,SZSE,主板,湖南,百货,19960816,N,,,,,,,,,,False,,
420,吉林化纤,000420.SZ,SZSE,主板,吉林,化纤,19960802,S,,,,,,,,,,False,,
421,南京公用,000421.SZ,SZSE,主板,江苏,供气供热,19960806,N,,,,,,,,,,False,,
422,湖北宜化,000422.SZ,SZSE,主板,湖北,农药化肥,19960815,S,,,,,,,,,,False,,
423,东阿阿胶,000423.SZ,SZSE,主板,山东,中成药,19960729,S,,,,,,,,,,False,,
425,徐工机械,000425.SZ,SZSE,主板,江苏,工程机械,19960828,S,,,,,,,,,,False,,
426,兴业银锡,000426.SZ,SZSE,主板,内蒙,铅锌,19960828,S,,,,,,,,,,False,,
428,华天酒店,000428.SZ,SZSE,主板,湖南,酒店餐饮,19960808,N,,,,,,,,,,False,,
429,粤高速Ａ,000429.SZ,SZSE,主板,广东,路桥,19980220,S,,,,,,,,,,False,,
430,张家界,000430.SZ,SZSE,主板,湖南,旅游景点,19960829,N,,,,,,,,,,False,,
488,ST晨鸣,000488.SZ,SZSE,主板,山东,造纸,20001120,N,,,,,,,,,,True,,
498,山东路桥,000498.SZ,SZSE,主板,山东,建筑工程,19970609,S,,,,,,,,,,False,,
501,武商集团,000501.SZ,SZSE,主板,湖北,百货,19921120,S,,,,,,,,,,False,,
503,国新健康,000503.SZ,SZSE,主板,山东,软件服务,19921130,S,,,,,,,,,,False,,
504,*ST生物,000504.SZ,SZSE,主板,湖南,医疗保健,19921208,N,,,,,,,,,,True,,
505,京粮控股,000505.SZ,SZSE,主板,海南,食品,19921221,N,,,,,,,,,,False,,
506,招金黄金,000506.SZ,SZSE,主板,山东,黄金,19930312,S,,,,,,,,,,False,,
507,珠海港,000507.SZ,SZSE,主板,广东,新型电力,19930326,S,,,,,,,,,,False,,
509,华塑控股,000509.SZ,SZSE,主板,四川,元器件,19930507,N,,,,,,,,,,False,,
510,新金路,000510.SZ,SZSE,主板,四川,化工原料,19930507,N,,,,,,,,,,False,,
513,丽珠集团,000513.SZ,SZSE,主板,广东,化学制药,19931028,S,,,,,,,,,,False,,
514,渝开发,000514.SZ,SZSE,主板,重庆,区域地产,19930712,N,,,,,,,,,,False,,
516,国际医学,000516.SZ,SZSE,主板,陕西,医疗保健,19930809,S,,,,,,,,,,False,,
517,荣安地产,000517.SZ,SZSE,主板,浙江,区域地产,19930806,S,,,,,,,,,,False,,
518,四环生物,000518.SZ,SZSE,主板,江苏,生物制药,19930908,N,,,,,,,,,,False,,
519,中兵红箭,000519.SZ,SZSE,主板,河南,专用机械,19931008,S,,,,,,,,,,False,,
520,凤凰航运,000520.SZ,SZSE,主板,湖北,水运,19931025,N,,,,,,,,,,False,,
521,长虹美菱,000521.SZ,SZSE,主板,安徽,家用电器,19931018,S,,,,,,,,,,False,,
523,红棉股份,000523.SZ,SZSE,主板,广东,食品,19931108,S,,,,,,,,,,False,,
524,岭南控股,000524.SZ,SZSE,主板,广东,旅游服务,19931118,S,,,,,,,,,,False,,
525,红太阳,000525.SZ,SZSE,主板,江苏,农药化肥,19931028,S,,,,,,,,,,False,,
526,学大教育,000526.SZ,SZSE,主板,福建,文教休闲,19931101,S,,,,,,,,,,False,,
528,柳工,000528.SZ,SZSE,主板,广西,工程机械,19931118,S,,,,,,,,,,False,,
529,广弘控股,000529.SZ,SZSE,主板,广东,食品,19931118,N,,,,,,,,,,False,,
530,冰山冷热,000530.SZ,SZSE,主板,辽宁,机械基件,19931208,N,,,,,,,,,,False,,
531,穗恒运Ａ,000531.SZ,SZSE,主板,广东,火力发电,19940106,S,,,,,,,,,,False,,
532,华金资本,000532.SZ,SZSE,主板,广东,多元金融,19940103,S,,,,,,,,,,False,,
533,顺钠股份,000533.SZ,SZSE,主板,广东,电气设备,19940103,S,,,,,,,,,,False,,
534,万泽股份,000534.SZ,SZSE,主板,广东,生物制药,19940110,S,,,,,,,,,,False,,
536,华映科技,000536.SZ,SZSE,主板,福建,元器件,19931126,S,,,,,,,,,,False,,
537,绿发电力,000537.SZ,SZSE,主板,天津,新型电力,19931210,S,,,,,,,,,,False,,
538,云南白药,000538.SZ,SZSE,主板,云南,中成药,19931215,S,,,,,,,,,,False,,
539,粤电力Ａ,000539.SZ,SZSE,主板,广东,火力发电,19931126,S,,,,,,,,,,False,,
541,佛山照明,000541.SZ,SZSE,主板,广东,家用电器,19931123,S,,,,,,,,,,False,,
543,皖能电力,000543.SZ,SZSE,主板,安徽,火力发电,19931220,S,,,,,,,,,,False,,
544,中原环保,000544.SZ,SZSE,主板,河南,环境保护,19931208,S,,,,,,,,,,False,,
545,金浦钛业,000545.SZ,SZSE,主板,吉林,化工原料,19931215,N,,,,,,,,,,False,,
546,金圆股份,000546.SZ,SZSE,主板,吉林,环境保护,19931215,N,,,,,,,,,,False,,
547,航天发展,000547.SZ,SZSE,主板,福建,通信设备,19931130,S,,,,,,,,,,False,,
548,湖南投资,000548.SZ,SZSE,主板,湖南,路桥,19931220,N,,,,,,,,,,False,,
550,江铃汽车,000550.SZ,SZSE,主板,江西,汽车整车,19931201,S,,,,,,,,,,False,,
551,创元科技,000551.SZ,SZSE,主板,江苏,专用机械,19940106,S,,,,,,,,,,False,,
552,甘肃能化,000552.SZ,SZSE,主板,甘肃,煤炭开采,19940106,S,,,,,,,,,,False,,
553,安道麦A,000553.SZ,SZSE,主板,湖北,农药化肥,19931203,S,,,,,,,,,,False,,
554,泰山石油,000554.SZ,SZSE,主板,山东,石油贸易,19931215,N,,,,,,,,,,False,,
555,神州信息,000555.SZ,SZSE,主板,深圳,软件服务,19940408,S,,,,,,,,,,False,,
557,西部创业,000557.SZ,SZSE,主板,宁夏,铁路,19940617,S,,,,,,,,,,False,,
558,天府文旅,000558.SZ,SZSE,主板,四川,旅游景点,19940509,S,,,,,,,,,,False,,
559,万向钱潮,000559.SZ,SZSE,主板,浙江,汽车配件,19940110,S,,,,,,,,,,False,,
560,我爱我家,000560.SZ,SZSE,主板,云南,房产服务,19940202,S,,,,,,,,,,False,,
561,烽火电子,000561.SZ,SZSE,主板,陕西,通信设备,19940509,S,,,,,,,,,,False,,
563,陕国投Ａ,000563.SZ,SZSE,主板,陕西,多元金融,19940110,S,,,,,,,,,,False,,
564,供销大集,000564.SZ,SZSE,主板,陕西,百货,19940110,S,,,,,,,,,,False,,
565,渝三峡Ａ,000565.SZ,SZSE,主板,重庆,染料涂料,19940408,N,,,,,,,,,,False,,
566,海南海药,000566.SZ,SZSE,主板,海南,化学制药,19940525,S,,,,,,,,,,False,,
567,海德股份,000567.SZ,SZSE,主板,海南,多元金融,19940525,S,,,,,,,,,,False,,
568,泸州老窖,000568.SZ,SZSE,主板,四川,白酒,19940509,S,,,,,,,,,,False,,
570,苏常柴Ａ,000570.SZ,SZSE,主板,江苏,农用机械,19940701,N,,,,,,,,,,False,,
571,新大洲A,000571.SZ,SZSE,主板,海南,煤炭开采,19940525,N,,,,,,,,,,False,,
572,海马汽车,000572.SZ,SZSE,主板,海南,汽车整车,19940808,S,,,,,,,,,,False,,
573,粤宏远Ａ,000573.SZ,SZSE,主板,广东,区域地产,19940815,N,,,,,,,,,,False,,
576,甘化科工,000576.SZ,SZSE,主板,广东,电气设备,19940907,N,,,,,,,,,,False,,
581,威孚高科,000581.SZ,SZSE,主板,江苏,汽车配件,19980924,S,,,,,,,,,,False,,
582,北部湾港,000582.SZ,SZSE,主板,广西,港口,19951102,S,,,,,,,,,,False,,
586,汇源通信,000586.SZ,SZSE,主板,四川,通信设备,19951220,N,,,,,,,,,,False,,
589,贵州轮胎,000589.SZ,SZSE,主板,贵州,汽车配件,19960308,S,,,,,,,,,,False,,
590,古汉医药,000590.SZ,SZSE,主板,湖南,中成药,19960119,N,,,,,,,,,,False,,
591,太阳能,000591.SZ,SZSE,主板,重庆,新型电力,19960208,S,,,,,,,,,,False,,
592,平潭发展,000592.SZ,SZSE,主板,福建,林业,19960327,S,,,,,,,,,,False,,
593,德龙汇能,000593.SZ,SZSE,主板,四川,供气供热,19960312,N,,,,,,,,,,False,,
595,*ST宝实,000595.SZ,SZSE,主板,宁夏,新型电力,19960419,N,,,,,,,,,,True,,
596,古井贡酒,000596.SZ,SZSE,主板,安徽,白酒,19960927,S,,,,,,,,,,False,,
597,东北制药,000597.SZ,SZSE,主板,辽宁,化学制药,19960523,S,,,,,,,,,,False,,
598,兴蓉环境,000598.SZ,SZSE,主板,四川,水务,19960529,S,,,,,,,,,,False,,
599,青岛双星,000599.SZ,SZSE,主板,山东,汽车配件,19960430,N,,,,,,,,,,False,,
600,建投能源,000600.SZ,SZSE,主板,河北,火力发电,19960606,S,,,,,,,,,,False,,
601,韶能股份,000601.SZ,SZSE,主板,广东,水力发电,19960830,S,,,,,,,,,,False,,
603,盛达资源,000603.SZ,SZSE,主板,北京,铅锌,19960823,S,,,,,,,,,,False,,
605,渤海股份,000605.SZ,SZSE,主板,北京,水务,19960913,N,,,,,,,,,,False,,
607,华媒控股,000607.SZ,SZSE,主板,浙江,广告包装,19960830,N,,,,,,,,,,False,,
608,阳光股份,000608.SZ,SZSE,主板,广西,区域地产,19960919,N,,,,,,,,,,False,,
609,*ST中迪,000609.SZ,SZSE,主板,北京,区域地产,19961010,N,,,,,,,,,,True,,
610,*ST西旅,000610.SZ,SZSE,主板,陕西,旅游服务,19960926,N,,,,,,,,,,True,,
612,焦作万方,000612.SZ,SZSE,主板,河南,铝,19960926,S,,,,,,,,,,False,,
615,*ST美谷,000615.SZ,SZSE,主板,湖北,医疗保健,19961016,N,,,,,,,,,,True,,
617,中油资本,000617.SZ,SZSE,主板,新疆,多元金融,19961022,S,,,,,,,,,,False,,
619,海螺新材,000619.SZ,SZSE,主板,安徽,其他建材,19961023,N,,,,,,,,,,False,,
620,盈新发展,000620.SZ,SZSE,主板,北京,全国地产,19961029,S,,,,,,,,,,False,,
623,吉林敖东,000623.SZ,SZSE,主板,吉林,中成药,19961028,S,,,,,,,,,,False,,
625,长安汽车,000625.SZ,SZSE,主板,重庆,汽车整车,19970610,S,,,,,,,,,,False,,
626,远大控股,000626.SZ,SZSE,主板,江苏,商贸代理,19961128,N,,,,,,,,,,False,,
628,高新发展,000628.SZ,SZSE,主板,四川,建筑工程,19961118,S,,,,,,,,,,False,,
629,钒钛股份,000629.SZ,SZSE,主板,四川,小金属,19961115,S,,,,,,,,,,False,,
630,铜陵有色,000630.SZ,SZSE,主板,安徽,铜,19961120,S,,,,,,,,,,False,,
631,顺发恒能,000631.SZ,SZSE,主板,浙江,综合类,19961122,S,,,,,,,,,,False,,
632,ST三木,000632.SZ,SZSE,主板,福建,综合类,19961121,N,,,,,,,,,,True,,
633,合金投资,000633.SZ,SZSE,主板,新疆,小金属,19961112,N,,,,,,,,,,False,,
635,英力特,000635.SZ,SZSE,主板,宁夏,化工原料,19961120,N,,,,,,,,,,False,,
636,风华高科,000636.SZ,SZSE,主板,广东,元器件,19961129,S,,,,,,,,,,False,,
637,茂化实华,000637.SZ,SZSE,主板,广东,石油加工,19961114,N,,,,,,,,,,False,,
638,*ST万方,000638.SZ,SZSE,主板,吉林,农业综合,19961126,N,,,,,,,,,,True,,
639,ST西王,000639.SZ,SZSE,主板,山东,食品,19961126,N,,,,,,,,,,True,,
650,仁和药业,000650.SZ,SZSE,主板,江西,中成药,19961210,S,,,,,,,,,,False,,
651,格力电器,000651.SZ,SZSE,主板,广东,家用电器,19961118,S,,,,,,,,,,False,,
652,泰达股份,000652.SZ,SZSE,主板,天津,批发业,19961128,S,,,,,,,,,,False,,
655,金岭矿业,000655.SZ,SZSE,主板,山东,普钢,19961128,S,,,,,,,,,,False,,
656,*ST金科,000656.SZ,SZSE,主板,重庆,全国地产,19961128,N,,,,,,,,,,True,,
657,中钨高新,000657.SZ,SZSE,主板,海南,小金属,19961205,S,,,,,,,,,,False,,
659,珠海中富,000659.SZ,SZSE,主板,广东,广告包装,19961203,N,,,,,,,,,,False,,
661,长春高新,000661.SZ,SZSE,主板,吉林,生物制药,19961218,S,,,,,,,,,,False,,
663,永安林业,000663.SZ,SZSE,主板,福建,林业,19961206,N,,,,,,,,,,False,,
665,湖北广电,000665.SZ,SZSE,主板,湖北,影视音像,19961210,S,,,,,,,,,,False,,
668,*ST荣控,000668.SZ,SZSE,主板,山东,房产服务,19961210,N,,,,,,,,,,True,,
669,ST金鸿,000669.SZ,SZSE,主板,湖南,供气供热,19961210,N,,,,,,,,,,True,,
670,盈方微,000670.SZ,SZSE,主板,湖北,元器件,19961217,S,,,,,,,,,,False,,
672,上峰水泥,000672.SZ,SZSE,主板,甘肃,水泥,19961218,S,,,,,,,,,,False,,
676,智度股份,000676.SZ,SZSE,主板,广东,互联网,19961224,S,,,,,,,,,,False,,
677,ST海龙,000677.SZ,SZSE,主板,山东,化纤,19961226,N,,,,,,,,,,True,,
678,襄阳轴承,000678.SZ,SZSE,主板,湖北,汽车配件,19970106,S,,,,,,,,,,False,,
679,大连友谊,000679.SZ,SZSE,主板,辽宁,百货,19970124,N,,,,,,,,,,False,,
680,山推股份,000680.SZ,SZSE,主板,山东,工程机械,19970122,S,,,,,,,,,,False,,
681,视觉中国,000681.SZ,SZSE,主板,江苏,互联网,19970121,S,,,,,,,,,,False,,
682,东方电子,000682.SZ,SZSE,主板,山东,电气设备,19970121,S,,,,,,,,,,False,,
683,博源化工,000683.SZ,SZSE,主板,内蒙,化工原料,19970131,S,,,,,,,,,,False,,
685,中山公用,000685.SZ,SZSE,主板,广东,水务,19970123,S,,,,,,,,,,False,,
686,东北证券,000686.SZ,SZSE,主板,吉林,证券,19970227,S,,,,,,,,,,False,,
688,国城矿业,000688.SZ,SZSE,主板,四川,铅锌,19970120,S,,,,,,,,,,False,,
690,宝新能源,000690.SZ,SZSE,主板,广东,火力发电,19970128,S,,,,,,,,,,False,,
691,*ST亚太,000691.SZ,SZSE,主板,甘肃,化工原料,19970228,N,,,,,,,,,,True,,
692,惠天热电,000692.SZ,SZSE,主板,辽宁,供气供热,19970227,N,,,,,,,,,,False,,
695,滨海能源,000695.SZ,SZSE,主板,天津,化工原料,19970218,N,,,,,,,,,,False,,
697,炼石航空,000697.SZ,SZSE,主板,陕西,航空,19970325,N,,,,,,,,,,False,,
698,ST沈化,000698.SZ,SZSE,主板,辽宁,石油加工,19970220,N,,,,,,,,,,True,,
700,模塑科技,000700.SZ,SZSE,主板,江苏,汽车配件,19970228,S,,,,,,,,,,False,,
701,厦门信达,000701.SZ,SZSE,主板,福建,商贸代理,19970226,N,,,,,,,,,,False,,
702,正虹科技,000702.SZ,SZSE,主板,湖南,饲料,19970318,N,,,,,,,,,,False,,
703,恒逸石化,000703.SZ,SZSE,主板,广西,化纤,19970328,S,,,,,,,,,,False,,
705,浙江震元,000705.SZ,SZSE,主板,浙江,医药商业,19970410,N,,,,,,,,,,False,,
707,双环科技,000707.SZ,SZSE,主板,湖北,化工原料,19970415,N,,,,,,,,,,False,,
708,中信特钢,000708.SZ,SZSE,主板,湖北,特种钢,19970326,S,,,,,,,,,,False,,
709,河钢股份,000709.SZ,SZSE,主板,河北,普钢,19970416,S,,,,,,,,,,False,,
710,贝瑞基因,000710.SZ,SZSE,主板,四川,医疗保健,19970422,N,,,,,,,,,,False,,
711,ST京蓝,000711.SZ,SZSE,主板,黑龙江,环境保护,19970411,N,,,,,,,,,,True,,
712,锦龙股份,000712.SZ,SZSE,主板,广东,证券,19970415,S,,,,,,,,,,False,,
713,国投丰乐,000713.SZ,SZSE,主板,安徽,种植业,19970422,N,,,,,,,,,,False,,
715,中兴商业,000715.SZ,SZSE,主板,辽宁,百货,19970508,N,,,,,,,,,,False,,
716,黑芝麻,000716.SZ,SZSE,主板,广西,食品,19970418,S,,,,,,,,,,False,,
717,中南股份,000717.SZ,SZSE,主板,广东,普钢,19970508,S,,,,,,,,,,False,,
718,苏宁环球,000718.SZ,SZSE,主板,吉林,区域地产,19970408,S,,,,,,,,,,False,,
719,中原传媒,000719.SZ,SZSE,主板,河南,出版业,19970331,S,,,,,,,,,,False,,
720,新能泰山,000720.SZ,SZSE,主板,山东,电气设备,19970509,N,,,,,,,,,,False,,
721,西安饮食,000721.SZ,SZSE,主板,陕西,酒店餐饮,19970430,S,,,,,,,,,,False,,
722,湖南发展,000722.SZ,SZSE,主板,湖南,水力发电,19970522,S,,,,,,,,,,False,,
723,美锦能源,000723.SZ,SZSE,主板,山西,焦炭加工,19970515,S,,,,,,,,,,False,,
725,京东方Ａ,000725.SZ,SZSE,主板,北京,元器件,20010112,S,,,,,,,,,,False,,
726,鲁泰Ａ,000726.SZ,SZSE,主板,山东,纺织,20001225,N,,,,,,,,,,False,,
727,冠捷科技,000727.SZ,SZSE,主板,江苏,元器件,19970520,S,,,,,,,,,,False,,
728,国元证券,000728.SZ,SZSE,主板,安徽,证券,19970616,S,,,,,,,,,,False,,
729,燕京啤酒,000729.SZ,SZSE,主板,北京,啤酒,19970716,S,,,,,,,,,,False,,
731,四川美丰,000731.SZ,SZSE,主板,四川,农药化肥,19970617,N,,,,,,,,,,False,,
733,振华科技,000733.SZ,SZSE,主板,贵州,元器件,19970703,S,,,,,,,,,,False,,
735,罗牛山,000735.SZ,SZSE,主板,海南,农业综合,19970611,S,,,,,,,,,,False,,
736,*ST中地,000736.SZ,SZSE,主板,重庆,全国地产,19970425,N,,,,,,,,,,True,,
737,北方铜业,000737.SZ,SZSE,主板,山西,铜,19970428,S,,,,,,,,,,False,,
738,航发控制,000738.SZ,SZSE,主板,江苏,航空,19970626,S,,,,,,,,,,False,,
739,普洛药业,000739.SZ,SZSE,主板,浙江,化学制药,19970509,S,,,,,,,,,,False,,
750,国海证券,000750.SZ,SZSE,主板,广西,证券,19970709,S,,,,,,,,,,False,,
751,锌业股份,000751.SZ,SZSE,主板,辽宁,铅锌,19970626,S,,,,,,,,,,False,,
752,*ST西发,000752.SZ,SZSE,主板,西藏,啤酒,19970625,N,,,,,,,,,,True,,
753,漳州发展,000753.SZ,SZSE,主板,福建,综合类,19970626,S,,,,,,,,,,False,,
755,山西高速,000755.SZ,SZSE,主板,山西,路桥,19970627,S,,,,,,,,,,False,,
756,新华制药,000756.SZ,SZSE,主板,山东,化学制药,19970806,S,,,,,,,,,,False,,
757,浩物股份,000757.SZ,SZSE,主板,四川,汽车服务,19970627,N,,,,,,,,,,False,,
758,中色股份,000758.SZ,SZSE,主板,北京,铅锌,19970416,S,,,,,,,,,,False,,
759,中百集团,000759.SZ,SZSE,主板,湖北,超市连锁,19970519,S,,,,,,,,,,False,,
761,本钢板材,000761.SZ,SZSE,主板,辽宁,普钢,19980115,S,,,,,,,,,,False,,
762,西藏矿业,000762.SZ,SZSE,主板,西藏,小金属,19970708,S,,,,,,,,,,False,,
766,通化金马,000766.SZ,SZSE,主板,吉林,化学制药,19970430,S,,,,,,,,,,False,,
767,晋控电力,000767.SZ,SZSE,主板,山西,火力发电,19970609,S,,,,,,,,,,False,,
768,中航西飞,000768.SZ,SZSE,主板,陕西,航空,19970626,S,,,,,,,,,,False,,
776,广发证券,000776.SZ,SZSE,主板,广东,证券,19970611,S,,,,,,,,,,False,,
777,中核科技,000777.SZ,SZSE,主板,江苏,机械基件,19970710,S,,,,,,,,,,False,,
778,新兴铸管,000778.SZ,SZSE,主板,河北,钢加工,19970606,S,,,,,,,,,,False,,
779,甘咨询,000779.SZ,SZSE,主板,甘肃,建筑工程,19970528,N,,,,,,,,,,False,,
782,恒申新材,000782.SZ,SZSE,主板,广东,化纤,19970619,N,,,,,,,,,,False,,
783,长江证券,000783.SZ,SZSE,主板,湖北,证券,19970731,S,,,,,,,,,,False,,
785,居然智家,000785.SZ,SZSE,主板,湖北,百货,19970711,S,,,,,,,,,,False,,
786,北新建材,000786.SZ,SZSE,主板,北京,其他建材,19970606,S,,,,,,,,,,False,,
788,北大医药,000788.SZ,SZSE,主板,重庆,化学制药,19970616,N,,,,,,,,,,False,,
789,万年青,000789.SZ,SZSE,主板,江西,水泥,19970923,N,,,,,,,,,,False,,
790,华神科技,000790.SZ,SZSE,主板,四川,中成药,19980327,N,,,,,,,,,,False,,
791,甘肃能源,000791.SZ,SZSE,主板,甘肃,水力发电,19971014,S,,,,,,,,,,False,,
792,盐湖股份,000792.SZ,SZSE,主板,青海,农药化肥,19970904,S,,,,,,,,,,False,,
793,*ST华闻,000793.SZ,SZSE,主板,海南,出版业,19970729,N,,,,,,,,,,True,,
795,英洛华,000795.SZ,SZSE,主板,浙江,矿物制品,19970808,S,,,,,,,,,,False,,
796,凯撒旅业,000796.SZ,SZSE,主板,海南,旅游服务,19970703,S,,,,,,,,,,False,,
797,中国武夷,000797.SZ,SZSE,主板,福建,全国地产,19970715,S,,,,,,,,,,False,,
798,中水渔业,000798.SZ,SZSE,主板,北京,渔业,19980212,N,,,,,,,,,,False,,
799,酒鬼酒,000799.SZ,SZSE,主板,湖南,白酒,19970718,S,,,,,,,,,,False,,
800,一汽解放,000800.SZ,SZSE,主板,吉林,汽车整车,19970618,S,,,,,,,,,,False,,
801,四川九洲,000801.SZ,SZSE,主板,四川,家用电器,19980506,S,,,,,,,,,,False,,
802,北京文化,000802.SZ,SZSE,主板,北京,影视音像,19980108,N,,,,,,,,,,False,,
803,山高环能,000803.SZ,SZSE,主板,四川,环境保护,19980303,N,,,,,,,,,,False,,
807,云铝股份,000807.SZ,SZSE,主板,云南,铝,19980408,S,,,,,,,,,,False,,
809,和展能源,000809.SZ,SZSE,主板,辽宁,电气设备,19980616,N,,,,,,,,,,False,,
810,创维数字,000810.SZ,SZSE,主板,四川,家用电器,19980602,S,,,,,,,,,,False,,
811,冰轮环境,000811.SZ,SZSE,主板,山东,工程机械,19980528,S,,,,,,,,,,False,,
812,陕西金叶,000812.SZ,SZSE,主板,陕西,广告包装,19980623,N,,,,,,,,,,False,,
813,德展健康,000813.SZ,SZSE,主板,新疆,化学制药,19980519,S,,,,,,,,,,False,,
815,美利云,000815.SZ,SZSE,主板,宁夏,通信设备,19980609,S,,,,,,,,,,False,,
816,智慧农业,000816.SZ,SZSE,主板,江苏,农用机械,19970818,N,,,,,,,,,,False,,
818,航锦科技,000818.SZ,SZSE,主板,辽宁,化工原料,19971017,S,,,,,,,,,,False,,
819,岳阳兴长,000819.SZ,SZSE,主板,湖南,石油加工,19970625,S,,,,,,,,,,False,,
820,*ST节能,000820.SZ,SZSE,主板,江西,综合类,19980630,N,,,,,,,,,,True,,
821,ST京机,000821.SZ,SZSE,主板,湖北,电气设备,19980626,N,,,,,,,,,,True,,
822,山东海化,000822.SZ,SZSE,主板,山东,化工原料,19980703,S,,,,,,,,,,False,,
823,超声电子,000823.SZ,SZSE,主板,广东,元器件,19971008,S,,,,,,,,,,False,,
825,太钢不锈,000825.SZ,SZSE,主板,山西,特种钢,19981021,S,,,,,,,,,,False,,
826,*ST启环,000826.SZ,SZSE,主板,湖北,环境保护,19980225,N,,,,,,,,,,True,,
828,东莞控股,000828.SZ,SZSE,主板,广东,路桥,19970617,S,,,,,,,,,,False,,
829,天音控股,000829.SZ,SZSE,主板,江西,其他商业,19971202,S,,,,,,,,,,False,,
830,鲁西化工,000830.SZ,SZSE,主板,山东,化工原料,19980807,S,,,,,,,,,,False,,
831,中国稀土,000831.SZ,SZSE,主板,江西,小金属,19980911,S,,,,,,,,,,False,,
833,粤桂股份,000833.SZ,SZSE,主板,广西,综合类,19981111,S,,,,,,,,,,False,,
837,秦川机床,000837.SZ,SZSE,主板,陕西,机床制造,19980928,S,,,,,,,,,,False,,
838,*ST发展,000838.SZ,SZSE,主板,重庆,区域地产,19970626,N,,,,,,,,,,True,,
839,国安股份,000839.SZ,SZSE,主板,北京,综合类,19971031,S,,,,,,,,,,False,,
848,承德露露,000848.SZ,SZSE,主板,河北,软饮料,19971113,S,,,,,,,,,,False,,
850,华茂股份,000850.SZ,SZSE,主板,安徽,纺织,19981007,N,,,,,,,,,,False,,
852,石化机械,000852.SZ,SZSE,主板,湖北,化工机械,19981126,S,,,,,,,,,,False,,
856,冀东装备,000856.SZ,SZSE,主板,河北,专用机械,19980813,N,,,,,,,,,,False,,
858,五粮液,000858.SZ,SZSE,主板,四川,白酒,19980427,S,,,,,,,,,,False,,
859,国风新材,000859.SZ,SZSE,主板,安徽,塑料,19981119,S,,,,,,,,,,False,,
860,顺鑫农业,000860.SZ,SZSE,主板,北京,白酒,19981104,S,,,,,,,,,,False,,
862,银星能源,000862.SZ,SZSE,主板,宁夏,新型电力,19980915,S,,,,,,,,,,False,,
863,三湘印象,000863.SZ,SZSE,主板,上海,区域地产,19970925,S,,,,,,,,,,False,,
868,安凯客车,000868.SZ,SZSE,主板,安徽,汽车整车,19970725,S,,,,,,,,,,False,,
869,张裕Ａ,000869.SZ,SZSE,主板,山东,红黄酒,20001026,S,,,,,,,,,,False,,
875,电投绿能,000875.SZ,SZSE,主板,吉林,火力发电,20020926,S,,,,,,,,,,False,,
876,新希望,000876.SZ,SZSE,主板,四川,饲料,19980311,S,,,,,,,,,,False,,
877,天山股份,000877.SZ,SZSE,主板,新疆,水泥,19990107,S,,,,,,,,,,False,,
878,云南铜业,000878.SZ,SZSE,主板,云南,铜,19980602,S,,,,,,,,,,False,,
880,潍柴重机,000880.SZ,SZSE,主板,山东,专用机械,19980402,S,,,,,,,,,,False,,
881,中广核技,000881.SZ,SZSE,主板,辽宁,化工原料,19980902,S,,,,,,,,,,False,,
882,华联股份,000882.SZ,SZSE,主板,北京,其他商业,19980616,S,,,,,,,,,,False,,
883,湖北能源,000883.SZ,SZSE,主板,湖北,水力发电,19980519,S,,,,,,,,,,False,,
885,城发环境,000885.SZ,SZSE,主板,河南,环境保护,19990319,S,,,,,,,,,,False,,
886,海南高速,000886.SZ,SZSE,主板,海南,区域地产,19980123,S,,,,,,,,,,False,,
887,中鼎股份,000887.SZ,SZSE,主板,安徽,汽车配件,19981203,S,,,,,,,,,,False,,
888,峨眉山Ａ,000888.SZ,SZSE,主板,四川,旅游景点,19971021,S,,,,,,,,,,False,,
889,中嘉博创,000889.SZ,SZSE,主板,河北,通信设备,19971218,N,,,,,,,,,,False,,
890,法尔胜,000890.SZ,SZSE,主板,江苏,环境保护,19990119,N,,,,,,,,,,False,,
892,欢瑞世纪,000892.SZ,SZSE,主板,重庆,影视音像,19990115,S,,,,,,,,,,False,,
893,亚钾国际,000893.SZ,SZSE,主板,广东,农药化肥,19981224,S,,,,,,,,,,False,,
895,双汇发展,000895.SZ,SZSE,主板,河南,食品,19981210,S,,,,,,,,,,False,,
897,津滨发展,000897.SZ,SZSE,主板,天津,区域地产,19990422,N,,,,,,,,,,False,,
898,鞍钢股份,000898.SZ,SZSE,主板,辽宁,普钢,19971225,S,,,,,,,,,,False,,
899,赣能股份,000899.SZ,SZSE,主板,江西,火力发电,19971126,S,,,,,,,,,,False,,
900,现代投资,000900.SZ,SZSE,主板,湖南,路桥,19990128,S,,,,,,,,,,False,,
901,航天科技,000901.SZ,SZSE,主板,黑龙江,汽车配件,19990401,S,,,,,,,,,,False,,
902,新洋丰,000902.SZ,SZSE,主板,湖北,农药化肥,19990408,S,,,,,,,,,,False,,
903,ST云动,000903.SZ,SZSE,主板,云南,汽车配件,19990415,N,,,,,,,,,,True,,
905,厦门港务,000905.SZ,SZSE,主板,福建,港口,19990429,S,,,,,,,,,,False,,
906,浙商中拓,000906.SZ,SZSE,主板,浙江,仓储物流,19990707,S,,,,,,,,,,False,,
908,ST景峰,000908.SZ,SZSE,主板,湖南,化学制药,19990203,N,,,,,,,,,,True,,
909,*ST数源,000909.SZ,SZSE,主板,浙江,区域地产,19990507,N,,,,,,,,,,True,,
910,大亚圣象,000910.SZ,SZSE,主板,江苏,家居用品,19990630,N,,,,,,,,,,False,,
911,*ST广糖,000911.SZ,SZSE,主板,广西,食品,19990527,N,,,,,,,,,,True,,
912,泸天化,000912.SZ,SZSE,主板,四川,农药化肥,19990603,S,,,,,,,,,,False,,
913,钱江摩托,000913.SZ,SZSE,主板,浙江,摩托车,19990514,S,,,,,,,,,,False,,
915,华特达因,000915.SZ,SZSE,主板,山东,化学制药,19990609,S,,,,,,,,,,False,,
917,电广传媒,000917.SZ,SZSE,主板,湖南,广告包装,19990325,S,,,,,,,,,,False,,
919,金陵药业,000919.SZ,SZSE,主板,江苏,化学制药,19991118,N,,,,,,,,,,False,,
920,沃顿科技,000920.SZ,SZSE,主板,贵州,塑料,19990616,S,,,,,,,,,,False,,
921,海信家电,000921.SZ,SZSE,主板,山东,家用电器,19990713,S,,,,,,,,,,False,,
922,佳电股份,000922.SZ,SZSE,主板,黑龙江,电气设备,19990618,S,,,,,,,,,,False,,
923,河钢资源,000923.SZ,SZSE,主板,河北,普钢,19990714,S,,,,,,,,,,False,,
925,众合科技,000925.SZ,SZSE,主板,浙江,运输设备,19990611,S,,,,,,,,,,False,,
926,福星股份,000926.SZ,SZSE,主板,湖北,区域地产,19990618,N,,,,,,,,,,False,,
927,中国铁物,000927.SZ,SZSE,主板,天津,仓储物流,19990727,S,,,,,,,,,,False,,
928,中钢国际,000928.SZ,SZSE,主板,吉林,建筑工程,19990312,S,,,,,,,,,,False,,
929,*ST兰黄,000929.SZ,SZSE,主板,甘肃,啤酒,19990623,N,,,,,,,,,,True,,
930,中粮科技,000930.SZ,SZSE,主板,安徽,农业综合,19990712,S,,,,,,,,,,False,,
931,中关村,000931.SZ,SZSE,主板,北京,化学制药,19990712,N,,,,,,,,,,False,,
932,华菱钢铁,000932.SZ,SZSE,主板,湖南,普钢,19990803,S,,,,,,,,,,False,,
933,神火股份,000933.SZ,SZSE,主板,河南,铝,19990831,S,,,,,,,,,,False,,
935,四川双马,000935.SZ,SZSE,主板,四川,水泥,19990824,S,,,,,,,,,,False,,
936,华西股份,000936.SZ,SZSE,主板,江苏,化纤,19990810,S,,,,,,,,,,False,,
937,冀中能源,000937.SZ,SZSE,主板,河北,煤炭开采,19990909,S,,,,,,,,,,False,,
938,紫光股份,000938.SZ,SZSE,主板,北京,IT设备,19991104,S,,,,,,,,,,False,,
948,南天信息,000948.SZ,SZSE,主板,云南,软件服务,19991014,S,,,,,,,,,,False,,
949,新乡化纤,000949.SZ,SZSE,主板,河南,化纤,19991021,S,,,,,,,,,,False,,
950,重药控股,000950.SZ,SZSE,主板,重庆,医药商业,19990916,S,,,,,,,,,,False,,
951,中国重汽,000951.SZ,SZSE,主板,山东,汽车整车,19991125,S,,,,,,,,,,False,,
952,广济药业,000952.SZ,SZSE,主板,湖北,化学制药,19991112,N,,,,,,,,,,False,,
953,河化股份,000953.SZ,SZSE,主板,广西,化学制药,19991202,N,,,,,,,,,,False,,
955,欣龙控股,000955.SZ,SZSE,主板,海南,纺织,19991209,N,,,,,,,,,,False,,
957,中通客车,000957.SZ,SZSE,主板,山东,汽车整车,20000113,S,,,,,,,,,,False,,
958,电投产融,000958.SZ,SZSE,主板,河北,新型电力,19991223,S,,,,,,,,,,False,,
959,首钢股份,000959.SZ,SZSE,主板,北京,普钢,19991216,S,,,,,,,,,,False,,
960,锡业股份,000960.SZ,SZSE,主板,云南,小金属,20000221,S,,,,,,,,,,False,,
962,东方钽业,000962.SZ,SZSE,主板,宁夏,小金属,20000120,S,,,,,,,,,,False,,
963,华东医药,000963.SZ,SZSE,主板,浙江,化学制药,20000127,S,,,,,,,,,,False,,
965,天保基建,000965.SZ,SZSE,主板,天津,区域地产,20000406,N,,,,,,,,,,False,,
966,长源电力,000966.SZ,SZSE,主板,湖北,火力发电,20000316,S,,,,,,,,,,False,,
967,盈峰环境,000967.SZ,SZSE,主板,浙江,环境保护,20000330,S,,,,,,,,,,False,,
968,蓝焰控股,000968.SZ,SZSE,主板,山西,石油开采,20000622,S,,,,,,,,,,False,,
969,安泰科技,000969.SZ,SZSE,主板,北京,小金属,20000529,S,,,,,,,,,,False,,
970,中科三环,000970.SZ,SZSE,主板,北京,矿物制品,20000420,S,,,,,,,,,,False,,
972,*ST中基,000972.SZ,SZSE,主板,新疆,食品,20000926,N,,,,,,,,,,True,,
973,佛塑科技,000973.SZ,SZSE,主板,广东,塑料,20000525,S,,,,,,,,,,False,,
975,山金国际,000975.SZ,SZSE,主板,内蒙,黄金,20000608,S,,,,,,,,,,False,,
977,浪潮信息,000977.SZ,SZSE,主板,山东,IT设备,20000608,S,,,,,,,,,,False,,
978,桂林旅游,000978.SZ,SZSE,主板,广西,旅游景点,20000518,N,,,,,,,,,,False,,
980,众泰汽车,000980.SZ,SZSE,主板,浙江,汽车配件,20000616,S,,,,,,,,,,False,,
981,山子高科,000981.SZ,SZSE,主板,甘肃,汽车配件,20000622,S,,,,,,,,,,False,,
983,山西焦煤,000983.SZ,SZSE,主板,山西,煤炭开采,20000726,S,,,,,,,,,,False,,
985,大庆华科,000985.SZ,SZSE,主板,黑龙江,化工原料,20000726,N,,,,,,,,,,False,,
987,越秀资本,000987.SZ,SZSE,主板,广东,多元金融,20000718,S,,,,,,,,,,False,,
988,华工科技,000988.SZ,SZSE,主板,湖北,专用机械,20000608,S,,,,,,,,,,False,,
989,九芝堂,000989.SZ,SZSE,主板,湖南,中成药,20000628,S,,,,,,,,,,False,,
990,诚志股份,000990.SZ,SZSE,主板,江西,化工原料,20000706,S,,,,,,,,,,False,,
993,闽东电力,000993.SZ,SZSE,主板,福建,水力发电,20000731,S,,,,,,,,,,False,,
995,皇台酒业,000995.SZ,SZSE,主板,甘肃,白酒,20000807,N,,,,,,,,,,False,,
997,新大陆,000997.SZ,SZSE,主板,福建,IT设备,20000807,S,,,,,,,,,,False,,
998,隆平高科,000998.SZ,SZSE,主板,湖南,种植业,20001211,S,,,,,,,,,,False,,
999,华润三九,000999.SZ,SZSE,主板,深圳,中成药,20000309,S,,,,,,,,,,False,,
1201,东瑞股份,001201.SZ,SZSE,主板,广东,农业综合,20210428,N,,,,,,,,,,False,,
1202,炬申股份,001202.SZ,SZSE,主板,广东,仓储物流,20210429,N,,,,,,,,,,False,,
1203,大中矿业,001203.SZ,SZSE,主板,内蒙,普钢,20210510,S,,,,,,,,,,False,,
1205,盛航股份,001205.SZ,SZSE,主板,江苏,水运,20210513,N,,,,,,,,,,False,,
1206,依依股份,001206.SZ,SZSE,主板,天津,造纸,20210518,N,,,,,,,,,,False,,
1207,联科科技,001207.SZ,SZSE,主板,山东,化工原料,20210623,N,,,,,,,,,,False,,
1208,华菱线缆,001208.SZ,SZSE,主板,湖南,电气设备,20210624,S,,,,,,,,,,False,,
1209,洪兴股份,001209.SZ,SZSE,主板,广东,服饰,20210723,N,,,,,,,,,,False,,
1210,金房能源,001210.SZ,SZSE,主板,北京,供气供热,20210729,N,,,,,,,,,,False,,
1211,双枪科技,001211.SZ,SZSE,主板,浙江,家居用品,20210805,N,,,,,,,,,,False,,
1212,中旗新材,001212.SZ,SZSE,主板,广东,其他建材,20210823,S,,,,,,,,,,False,,
1213,中铁特货,001213.SZ,SZSE,主板,北京,铁路,20210908,S,,,,,,,,,,False,,
1215,千味央厨,001215.SZ,SZSE,主板,河南,食品,20210906,N,,,,,,,,,,False,,
1216,华瓷股份,001216.SZ,SZSE,主板,湖南,家居用品,20211019,N,,,,,,,,,,False,,
1217,华尔泰,001217.SZ,SZSE,主板,安徽,化工原料,20210929,N,,,,,,,,,,False,,
1218,丽臣实业,001218.SZ,SZSE,主板,湖南,化工原料,20211015,N,,,,,,,,,,False,,
1219,青岛食品,001219.SZ,SZSE,主板,山东,食品,20211021,N,,,,,,,,,,False,,
1220,世盟股份,001220.SZ,SZSE,主板,北京,仓储物流,20260203,N,,,,,,,,,,False,,
1221,悍高集团,001221.SZ,SZSE,主板,广东,家居用品,20250730,S,,,,,,,,,,False,,
1222,源飞宠物,001222.SZ,SZSE,主板,浙江,文教休闲,20220818,N,,,,,,,,,,False,,
1223,欧克科技,001223.SZ,SZSE,主板,江西,专用机械,20221212,N,,,,,,,,,,False,,
1225,和泰机电,001225.SZ,SZSE,主板,浙江,专用机械,20230222,N,,,,,,,,,,False,,
1226,拓山重工,001226.SZ,SZSE,主板,安徽,工程机械,20220622,N,,,,,,,,,,False,,
1227,兰州银行,001227.SZ,SZSE,主板,甘肃,银行,20220117,S,,,,,,,,,,False,,
1228,永泰运,001228.SZ,SZSE,主板,浙江,仓储物流,20220429,N,,,,,,,,,,False,,
1229,魅视科技,001229.SZ,SZSE,主板,广东,IT设备,20220808,N,,,,,,,,,,False,,
1230,劲旅环境,001230.SZ,SZSE,主板,安徽,环境保护,20220715,N,,,,,,,,,,False,,
1231,农心科技,001231.SZ,SZSE,主板,陕西,农药化肥,20220819,N,,,,,,,,,,False,,
1233,海安集团,001233.SZ,SZSE,主板,福建,汽车配件,20251125,S,,,,,,,,,,False,,
1234,泰慕士,001234.SZ,SZSE,主板,江苏,服饰,20220111,N,,,,,,,,,,False,,
1236,弘业期货,001236.SZ,SZSE,主板,江苏,多元金融,20220805,S,,,,,,,,,,False,,
1237,N惠康,001237.SZ,SZSE,主板,浙江,电气设备,20260522,N,,,,,,,,,,False,,
1238,浙江正特,001238.SZ,SZSE,主板,浙江,家居用品,20220919,S,,,,,,,,,,False,,
1239,永达股份,001239.SZ,SZSE,主板,湖南,工程机械,20231212,N,,,,,,,,,,False,,
1255,博菲电气,001255.SZ,SZSE,主板,浙江,电气设备,20220930,N,,,,,,,,,,False,,
1256,炜冈科技,001256.SZ,SZSE,主板,浙江,轻工机械,20221205,N,,,,,,,,,,False,,
1257,盛龙股份,001257.SZ,SZSE,主板,河南,小金属,20260331,N,,,,,,,,,,False,,
1258,立新能源,001258.SZ,SZSE,主板,新疆,新型电力,20220727,S,,,,,,,,,,False,,
1259,利仁科技,001259.SZ,SZSE,主板,北京,家用电器,20220831,N,,,,,,,,,,False,,
1260,坤泰股份,001260.SZ,SZSE,主板,山东,汽车配件,20230216,N,,,,,,,,,,False,,
1266,宏英智能,001266.SZ,SZSE,主板,上海,电器仪表,20220228,N,,,,,,,,,,False,,
1267,汇绿生态,001267.SZ,SZSE,主板,湖北,通信设备,20211117,S,,,,,,,,,,False,,
1268,联合精密,001268.SZ,SZSE,主板,广东,机械基件,20220630,N,,,,,,,,,,False,,
1269,欧晶科技,001269.SZ,SZSE,主板,内蒙,矿物制品,20220930,S,,,,,,,,,,False,,
1270,铖昌科技,001270.SZ,SZSE,主板,浙江,半导体,20220606,N,,,,,,,,,,False,,
1277,速达股份,001277.SZ,SZSE,主板,河南,专用机械,20240903,N,,,,,,,,,,False,,
1278,一彬科技,001278.SZ,SZSE,主板,浙江,汽车配件,20230308,N,,,,,,,,,,False,,
1279,强邦新材,001279.SZ,SZSE,主板,安徽,广告包装,20241011,S,,,,,,,,,,False,,
1280,中国铀业,001280.SZ,SZSE,主板,北京,小金属,20251203,S,,,,,,,,,,False,,
1282,三联锻造,001282.SZ,SZSE,主板,安徽,汽车配件,20230524,N,,,,,,,,,,False,,
1283,豪鹏科技,001283.SZ,SZSE,主板,深圳,电气设备,20220905,S,,,,,,,,,,False,,
1285,瑞立科密,001285.SZ,SZSE,主板,广东,汽车配件,20250930,S,,,,,,,,,,False,,
1286,陕西能源,001286.SZ,SZSE,主板,陕西,火力发电,20230410,S,,,,,,,,,,False,,
1287,中电港,001287.SZ,SZSE,主板,深圳,元器件,20230410,S,,,,,,,,,,False,,
1288,运机集团,001288.SZ,SZSE,主板,四川,专用机械,20211101,S,,,,,,,,,,False,,
1289,龙源电力,001289.SZ,SZSE,主板,北京,新型电力,20220124,S,,,,,,,,,,False,,
1296,长江材料,001296.SZ,SZSE,主板,重庆,其他建材,20211224,N,,,,,,,,,,False,,
1298,好上好,001298.SZ,SZSE,主板,深圳,元器件,20221031,S,,,,,,,,,,False,,
1299,美能能源,001299.SZ,SZSE,主板,陕西,供气供热,20221031,N,,,,,,,,,,False,,
1300,三柏硕,001300.SZ,SZSE,主板,山东,文教休闲,20221019,N,,,,,,,,,,False,,
1301,尚太科技,001301.SZ,SZSE,主板,河北,电气设备,20221228,S,,,,,,,,,,False,,
1306,夏厦精密,001306.SZ,SZSE,主板,浙江,机械基件,20231116,S,,,,,,,,,,False,,
1308,康冠科技,001308.SZ,SZSE,主板,深圳,元器件,20220318,S,,,,,,,,,,False,,
1309,德明利,001309.SZ,SZSE,主板,深圳,半导体,20220701,S,,,,,,,,,,False,,
1311,多利科技,001311.SZ,SZSE,主板,安徽,汽车配件,20230227,S,,,,,,,,,,False,,
1312,福恩股份,001312.SZ,SZSE,主板,浙江,纺织,20260421,N,,,,,,,,,,False,,
1313,粤海饲料,001313.SZ,SZSE,主板,广东,饲料,20220216,S,,,,,,,,,,False,,
1314,亿道信息,001314.SZ,SZSE,主板,深圳,元器件,20230214,S,,,,,,,,,,False,,
1316,润贝航科,001316.SZ,SZSE,主板,深圳,批发业,20220624,N,,,,,,,,,,False,,
1317,三羊马,001317.SZ,SZSE,主板,重庆,铁路,20211130,N,,,,,,,,,,False,,
1318,阳光乳业,001318.SZ,SZSE,主板,江西,乳制品,20220520,N,,,,,,,,,,False,,
1319,铭科精技,001319.SZ,SZSE,主板,广东,汽车配件,20220512,N,,,,,,,,,,False,,
1322,箭牌家居,001322.SZ,SZSE,主板,广东,家居用品,20221026,S,,,,,,,,,,False,,
1323,慕思股份,001323.SZ,SZSE,主板,广东,家居用品,20220623,S,,,,,,,,,,False,,
1324,长青科技,001324.SZ,SZSE,主板,江苏,运输设备,20230522,N,,,,,,,,,,False,,
1325,元创股份,001325.SZ,SZSE,主板,浙江,橡胶,20251218,N,,,,,,,,,,False,,
1326,联域股份,001326.SZ,SZSE,主板,深圳,电气设备,20231109,N,,,,,,,,,,False,,
1328,登康口腔,001328.SZ,SZSE,主板,重庆,日用化工,20230410,S,,,,,,,,,,False,,
1330,博纳影业,001330.SZ,SZSE,主板,新疆,影视音像,20220818,S,,,,,,,,,,False,,
1331,胜通能源,001331.SZ,SZSE,主板,山东,供气供热,20220908,N,,,,,,,,,,False,,
1332,锡装股份,001332.SZ,SZSE,主板,江苏,专用机械,20220920,S,,,,,,,,,,False,,
1333,光华股份,001333.SZ,SZSE,主板,浙江,化工原料,20221208,N,,,,,,,,,,False,,
1335,信凯科技,001335.SZ,SZSE,主板,浙江,化工原料,20250415,N,,,,,,,,,,False,,
1336,楚环科技,001336.SZ,SZSE,主板,浙江,专用机械,20220725,N,,,,,,,,,,False,,
1337,四川黄金,001337.SZ,SZSE,主板,四川,黄金,20230303,S,,,,,,,,,,False,,
1338,永顺泰,001338.SZ,SZSE,主板,广东,啤酒,20221116,S,,,,,,,,,,False,,
1339,智微智能,001339.SZ,SZSE,主板,深圳,IT设备,20220815,S,,,,,,,,,,False,,
1356,富岭股份,001356.SZ,SZSE,主板,浙江,塑料,20250123,S,,,,,,,,,,False,,
1358,兴欣新材,001358.SZ,SZSE,主板,浙江,化工原料,20231221,N,,,,,,,,,,False,,
1359,平安电工,001359.SZ,SZSE,主板,湖北,矿物制品,20240328,S,,,,,,,,,,False,,
1360,南矿集团,001360.SZ,SZSE,主板,江西,工程机械,20230410,N,,,,,,,,,,False,,
1365,C天海,001365.SZ,SZSE,主板,河南,汽车配件,20260518,N,,,,,,,,,,False,,
1366,播恩集团,001366.SZ,SZSE,主板,江西,饲料,20230307,N,,,,,,,,,,False,,
1367,海森药业,001367.SZ,SZSE,主板,浙江,化学制药,20230410,N,,,,,,,,,,False,,
1368,通达创智,001368.SZ,SZSE,主板,福建,文教休闲,20230313,N,,,,,,,,,,False,,
1369,双欣材料,001369.SZ,SZSE,主板,内蒙,化纤,20251230,S,,,,,,,,,,False,,
1373,翔腾新材,001373.SZ,SZSE,主板,江苏,元器件,20230601,N,,,,,,,,,,False,,
1376,百通能源,001376.SZ,SZSE,主板,江西,供气供热,20231103,S,,,,,,,,,,False,,
1378,德冠新材,001378.SZ,SZSE,主板,广东,塑料,20231030,N,,,,,,,,,,False,,
1379,腾达科技,001379.SZ,SZSE,主板,山东,机械基件,20240119,N,,,,,,,,,,False,,
1380,华纬科技,001380.SZ,SZSE,主板,浙江,汽车配件,20230516,S,,,,,,,,,,False,,
1382,新亚电缆,001382.SZ,SZSE,主板,广东,电气设备,20250321,S,,,,,,,,,,False,,
1386,马可波罗,001386.SZ,SZSE,主板,广东,家居用品,20251022,S,,,,,,,,,,False,,
1387,雪祺电气,001387.SZ,SZSE,主板,安徽,家用电器,20240111,N,,,,,,,,,,False,,
1388,信通电子,001388.SZ,SZSE,主板,山东,电气设备,20250701,S,,,,,,,,,,False,,
1389,广合科技,001389.SZ,SZSE,主板,广东,元器件,20240402,S,,,,,,,,,,False,,
1390,古麒绒材,001390.SZ,SZSE,主板,安徽,纺织,20250529,S,,,,,,,,,,False,,
1391,国货航,001391.SZ,SZSE,主板,北京,仓储物流,20241230,S,,,,,,,,,,False,,
1393,维通利,001393.SZ,SZSE,主板,北京,电气设备,20260515,N,,,,,,,,,,False,,
1395,亚联机械,001395.SZ,SZSE,主板,吉林,专用机械,20250127,N,,,,,,,,,,False,,
1396,誉帆科技,001396.SZ,SZSE,主板,上海,建筑工程,20251230,N,,,,,,,,,,False,,
1400,江顺科技,001400.SZ,SZSE,主板,江苏,专用机械,20250424,N,,,,,,,,,,False,,
1696,宗申动力,001696.SZ,SZSE,主板,重庆,摩托车,19970306,S,,,,,,,,,,False,,
1872,招商港口,001872.SZ,SZSE,主板,深圳,港口,19930505,S,,,,,,,,,,False,,
1896,豫能控股,001896.SZ,SZSE,主板,河南,火力发电,19980122,S,,,,,,,,,,False,,
1914,招商积余,001914.SZ,SZSE,主板,深圳,房产服务,19940928,S,,,,,,,,,,False,,
1965,招商公路,001965.SZ,SZSE,主板,天津,路桥,20171225,S,,,,,,,,,,False,,
1979,招商蛇口,001979.SZ,SZSE,主板,深圳,全国地产,20151230,S,,,,,,,,,,False,,
2001,新和成,002001.SZ,SZSE,主板,浙江,化学制药,20040625,S,,,,,,,,,,False,,
2003,伟星股份,002003.SZ,SZSE,主板,浙江,服饰,20040625,S,,,,,,,,,,False,,
2004,华邦健康,002004.SZ,SZSE,主板,重庆,农药化肥,20040625,S,,,,,,,,,,False,,
2005,ST德豪,002005.SZ,SZSE,主板,安徽,家用电器,20040625,N,,,,,,,,,,True,,
2006,精工科技,002006.SZ,SZSE,主板,浙江,专用机械,20040625,S,,,,,,,,,,False,,
2007,华兰生物,002007.SZ,SZSE,主板,河南,生物制药,20040625,S,,,,,,,,,,False,,
2008,大族激光,002008.SZ,SZSE,主板,深圳,专用机械,20040625,S,,,,,,,,,,False,,
2009,天奇股份,002009.SZ,SZSE,主板,江苏,工程机械,20040629,S,,,,,,,,,,False,,
2010,传化智联,002010.SZ,SZSE,主板,浙江,仓储物流,20040629,S,,,,,,,,,,False,,
2011,盾安环境,002011.SZ,SZSE,主板,浙江,家用电器,20040705,S,,,,,,,,,,False,,
2012,凯恩股份,002012.SZ,SZSE,主板,浙江,造纸,20040705,N,,,,,,,,,,False,,
2014,永新股份,002014.SZ,SZSE,主板,安徽,塑料,20040708,S,,,,,,,,,,False,,
2015,协鑫能科,002015.SZ,SZSE,主板,江苏,新型电力,20040708,S,,,,,,,,,,False,,
2016,世荣兆业,002016.SZ,SZSE,主板,广东,区域地产,20040708,S,,,,,,,,,,False,,
2017,东信和平,002017.SZ,SZSE,主板,广东,通信设备,20040713,S,,,,,,,,,,False,,
2019,亿帆医药,002019.SZ,SZSE,主板,浙江,化学制药,20040713,S,,,,,,,,,,False,,
2020,京新药业,002020.SZ,SZSE,主板,浙江,化学制药,20040715,S,,,,,,,,,,False,,
2021,中捷资源,002021.SZ,SZSE,主板,浙江,纺织机械,20040715,N,,,,,,,,,,False,,
2022,科华生物,002022.SZ,SZSE,主板,上海,医疗保健,20040721,N,,,,,,,,,,False,,
2023,海特高新,002023.SZ,SZSE,主板,四川,航空,20040721,S,,,,,,,,,,False,,
2024,ST易购,002024.SZ,SZSE,主板,江苏,电器连锁,20040721,N,,,,,,,,,,True,,
2025,航天电器,002025.SZ,SZSE,主板,贵州,元器件,20040726,S,,,,,,,,,,False,,
2026,山东威达,002026.SZ,SZSE,主板,山东,机械基件,20040727,S,,,,,,,,,,False,,
2027,分众传媒,002027.SZ,SZSE,主板,上海,广告包装,20040804,S,,,,,,,,,,False,,
2028,思源电气,002028.SZ,SZSE,主板,上海,电气设备,20040805,S,,,,,,,,,,False,,
2029,七匹狼,002029.SZ,SZSE,主板,福建,服饰,20040806,S,,,,,,,,,,False,,
2030,达安基因,002030.SZ,SZSE,主板,广东,医疗保健,20040809,S,,,,,,,,,,False,,
2031,巨轮智能,002031.SZ,SZSE,主板,广东,汽车配件,20040816,S,,,,,,,,,,False,,
2032,苏泊尔,002032.SZ,SZSE,主板,浙江,家用电器,20040817,S,,,,,,,,,,False,,
2033,丽江股份,002033.SZ,SZSE,主板,云南,旅游景点,20040825,S,,,,,,,,,,False,,
2034,旺能环境,002034.SZ,SZSE,主板,浙江,环境保护,20040826,S,,,,,,,,,,False,,
2035,华帝股份,002035.SZ,SZSE,主板,广东,家用电器,20040901,S,,,,,,,,,,False,,
2036,联创电子,002036.SZ,SZSE,主板,江西,元器件,20040903,S,,,,,,,,,,False,,
2037,保利联合,002037.SZ,SZSE,主板,贵州,化工原料,20040908,S,,,,,,,,,,False,,
2038,双鹭药业,002038.SZ,SZSE,主板,北京,生物制药,20040909,S,,,,,,,,,,False,,
2039,黔源电力,002039.SZ,SZSE,主板,贵州,水力发电,20050303,S,,,,,,,,,,False,,
2040,南京港,002040.SZ,SZSE,主板,江苏,港口,20050325,S,,,,,,,,,,False,,
2041,登海种业,002041.SZ,SZSE,主板,山东,种植业,20050418,S,,,,,,,,,,False,,
2042,华孚时尚,002042.SZ,SZSE,主板,安徽,纺织,20050427,S,,,,,,,,,,False,,
2043,兔宝宝,002043.SZ,SZSE,主板,浙江,其他建材,20050510,S,,,,,,,,,,False,,
2044,美年健康,002044.SZ,SZSE,主板,浙江,医疗保健,20050518,S,,,,,,,,,,False,,
2045,国光电器,002045.SZ,SZSE,主板,广东,元器件,20050523,S,,,,,,,,,,False,,
2046,国机精工,002046.SZ,SZSE,主板,河南,机械基件,20050526,S,,,,,,,,,,False,,
2047,宝鹰股份,002047.SZ,SZSE,主板,深圳,装修装饰,20050531,N,,,,,,,,,,False,,
2048,宁波华翔,002048.SZ,SZSE,主板,浙江,汽车配件,20050603,S,,,,,,,,,,False,,
2049,紫光国微,002049.SZ,SZSE,主板,河北,半导体,20050606,S,,,,,,,,,,False,,
2050,三花智控,002050.SZ,SZSE,主板,浙江,家用电器,20050607,S,,,,,,,,,,False,,
2051,中工国际,002051.SZ,SZSE,主板,北京,建筑工程,20060619,S,,,,,,,,,,False,,
2052,同洲电子,002052.SZ,SZSE,主板,深圳,家用电器,20060627,S,,,,,,,,,,False,,
2053,云南能投,002053.SZ,SZSE,主板,云南,新型电力,20060627,S,,,,,,,,,,False,,
2054,德美化工,002054.SZ,SZSE,主板,广东,染料涂料,20060725,N,,,,,,,,,,False,,
2055,ST得润,002055.SZ,SZSE,主板,深圳,元器件,20060725,N,,,,,,,,,,True,,
2056,横店东磁,002056.SZ,SZSE,主板,浙江,电气设备,20060802,S,,,,,,,,,,False,,
2057,中钢天源,002057.SZ,SZSE,主板,安徽,矿物制品,20060802,S,,,,,,,,,,False,,
2058,*ST威尔,002058.SZ,SZSE,主板,上海,电气设备,20060802,N,,,,,,,,,,True,,
2059,云南旅游,002059.SZ,SZSE,主板,云南,旅游景点,20060810,S,,,,,,,,,,False,,
2060,广东建工,002060.SZ,SZSE,主板,广东,建筑工程,20060810,S,,,,,,,,,,False,,
2061,浙江交科,002061.SZ,SZSE,主板,浙江,建筑工程,20060816,S,,,,,,,,,,False,,
2062,宏润建设,002062.SZ,SZSE,主板,浙江,建筑工程,20060816,S,,,,,,,,,,False,,
2063,远光软件,002063.SZ,SZSE,主板,广东,软件服务,20060823,S,,,,,,,,,,False,,
2064,华峰化学,002064.SZ,SZSE,主板,浙江,化纤,20060823,S,,,,,,,,,,False,,
2065,东华软件,002065.SZ,SZSE,主板,北京,软件服务,20060823,S,,,,,,,,,,False,,
2066,瑞泰科技,002066.SZ,SZSE,主板,北京,其他建材,20060823,N,,,,,,,,,,False,,
2067,景兴纸业,002067.SZ,SZSE,主板,浙江,造纸,20060915,S,,,,,,,,,,False,,
2068,黑猫股份,002068.SZ,SZSE,主板,江西,化工原料,20060915,S,,,,,,,,,,False,,
2069,獐子岛,002069.SZ,SZSE,主板,辽宁,渔业,20060928,N,,,,,,,,,,False,,
2072,凯瑞德,002072.SZ,SZSE,主板,湖北,商贸代理,20061018,N,,,,,,,,,,False,,
2073,软控股份,002073.SZ,SZSE,主板,山东,专用机械,20061018,S,,,,,,,,,,False,,
2074,国轩高科,002074.SZ,SZSE,主板,安徽,电气设备,20061018,S,,,,,,,,,,False,,
2075,沙钢股份,002075.SZ,SZSE,主板,江苏,特种钢,20061025,S,,,,,,,,,,False,,
2076,*ST星光,002076.SZ,SZSE,主板,广东,家用电器,20061025,N,,,,,,,,,,True,,
2077,大港股份,002077.SZ,SZSE,主板,江苏,半导体,20061116,S,,,,,,,,,,False,,
2078,太阳纸业,002078.SZ,SZSE,主板,山东,造纸,20061116,S,,,,,,,,,,False,,
2079,苏州固锝,002079.SZ,SZSE,主板,江苏,电气设备,20061116,S,,,,,,,,,,False,,
2080,中材科技,002080.SZ,SZSE,主板,江苏,玻璃,20061120,S,,,,,,,,,,False,,
2081,金螳螂,002081.SZ,SZSE,主板,江苏,装修装饰,20061120,S,,,,,,,,,,False,,
2082,ST万邦,002082.SZ,SZSE,主板,浙江,中成药,20061120,N,,,,,,,,,,True,,
2083,孚日股份,002083.SZ,SZSE,主板,山东,纺织,20061124,S,,,,,,,,,,False,,
2084,海鸥住工,002084.SZ,SZSE,主板,广东,家居用品,20061124,N,,,,,,,,,,False,,
2085,万丰奥威,002085.SZ,SZSE,主板,浙江,汽车配件,20061128,S,,,,,,,,,,False,,
2086,东方海洋,002086.SZ,SZSE,主板,山东,渔业,20061128,S,,,,,,,,,,False,,
2088,鲁阳节能,002088.SZ,SZSE,主板,山东,矿物制品,20061130,S,,,,,,,,,,False,,
2090,金智科技,002090.SZ,SZSE,主板,江苏,电气设备,20061208,N,,,,,,,,,,False,,
2091,江苏国泰,002091.SZ,SZSE,主板,江苏,商贸代理,20061208,S,,,,,,,,,,False,,
2092,中泰化学,002092.SZ,SZSE,主板,新疆,化工原料,20061208,S,,,,,,,,,,False,,
2093,国脉科技,002093.SZ,SZSE,主板,福建,文教休闲,20061215,S,,,,,,,,,,False,,
2094,青岛金王,002094.SZ,SZSE,主板,山东,日用化工,20061215,S,,,,,,,,,,False,,
2095,生意宝,002095.SZ,SZSE,主板,浙江,互联网,20061215,S,,,,,,,,,,False,,
2096,易普力,002096.SZ,SZSE,主板,湖南,化工原料,20061222,S,,,,,,,,,,False,,
2097,山河智能,002097.SZ,SZSE,主板,湖南,工程机械,20061222,S,,,,,,,,,,False,,
2098,浔兴股份,002098.SZ,SZSE,主板,福建,服饰,20061222,N,,,,,,,,,,False,,
2099,海翔药业,002099.SZ,SZSE,主板,浙江,化学制药,20061226,S,,,,,,,,,,False,,
2100,天康生物,002100.SZ,SZSE,主板,新疆,饲料,20061226,S,,,,,,,,,,False,,
2101,广东鸿图,002101.SZ,SZSE,主板,广东,汽车配件,20061229,S,,,,,,,,,,False,,
2102,ST能特,002102.SZ,SZSE,主板,湖北,化学制药,20061229,N,,,,,,,,,,True,,
2103,广博股份,002103.SZ,SZSE,主板,浙江,文教休闲,20070110,S,,,,,,,,,,False,,
2104,恒宝股份,002104.SZ,SZSE,主板,江苏,通信设备,20070110,S,,,,,,,,,,False,,
2105,信隆健康,002105.SZ,SZSE,主板,深圳,摩托车,20070112,N,,,,,,,,,,False,,
2106,莱宝高科,002106.SZ,SZSE,主板,深圳,元器件,20070112,S,,,,,,,,,,False,,
2107,沃华医药,002107.SZ,SZSE,主板,山东,中成药,20070124,N,,,,,,,,,,False,,
2108,沧州明珠,002108.SZ,SZSE,主板,河北,塑料,20070124,S,,,,,,,,,,False,,
2109,ST兴化,002109.SZ,SZSE,主板,陕西,化工原料,20070126,N,,,,,,,,,,True,,
2110,三钢闽光,002110.SZ,SZSE,主板,福建,普钢,20070126,S,,,,,,,,,,False,,
2111,威海广泰,002111.SZ,SZSE,主板,山东,航空,20070126,S,,,,,,,,,,False,,
2112,三变科技,002112.SZ,SZSE,主板,浙江,电气设备,20070208,N,,,,,,,,,,False,,
2114,罗平锌电,002114.SZ,SZSE,主板,云南,铅锌,20070215,N,,,,,,,,,,False,,
2115,三维通信,002115.SZ,SZSE,主板,浙江,互联网,20070215,S,,,,,,,,,,False,,
2116,中国海诚,002116.SZ,SZSE,主板,上海,建筑工程,20070215,S,,,,,,,,,,False,,
2117,东港股份,002117.SZ,SZSE,主板,山东,广告包装,20070302,S,,,,,,,,,,False,,
2119,康强电子,002119.SZ,SZSE,主板,浙江,半导体,20070302,S,,,,,,,,,,False,,
2120,韵达股份,002120.SZ,SZSE,主板,浙江,仓储物流,20070306,S,,,,,,,,,,False,,
2121,科陆电子,002121.SZ,SZSE,主板,深圳,电器仪表,20070306,S,,,,,,,,,,False,,
2122,ST汇洲,002122.SZ,SZSE,主板,浙江,机床制造,20070328,N,,,,,,,,,,True,,
2123,梦网科技,002123.SZ,SZSE,主板,辽宁,互联网,20070328,S,,,,,,,,,,False,,
2124,天邦食品,002124.SZ,SZSE,主板,浙江,农业综合,20070403,S,,,,,,,,,,False,,
2125,湘潭电化,002125.SZ,SZSE,主板,湖南,化工原料,20070403,S,,,,,,,,,,False,,
2126,银轮股份,002126.SZ,SZSE,主板,浙江,汽车配件,20070418,S,,,,,,,,,,False,,
2127,南极电商,002127.SZ,SZSE,主板,江苏,互联网,20070418,S,,,,,,,,,,False,,
2128,电投能源,002128.SZ,SZSE,主板,内蒙,煤炭开采,20070418,S,,,,,,,,,,False,,
2129,TCL中环,002129.SZ,SZSE,主板,天津,电气设备,20070420,S,,,,,,,,,,False,,
2130,沃尔核材,002130.SZ,SZSE,主板,深圳,电气设备,20070420,S,,,,,,,,,,False,,
2131,利欧股份,002131.SZ,SZSE,主板,浙江,互联网,20070427,S,,,,,,,,,,False,,
2132,恒星科技,002132.SZ,SZSE,主板,河南,钢加工,20070427,S,,,,,,,,,,False,,
2133,广宇集团,002133.SZ,SZSE,主板,浙江,全国地产,20070427,N,,,,,,,,,,False,,
2134,天津普林,002134.SZ,SZSE,主板,天津,元器件,20070516,S,,,,,,,,,,False,,
2135,东南网架,002135.SZ,SZSE,主板,浙江,钢加工,20070530,S,,,,,,,,,,False,,
2136,安纳达,002136.SZ,SZSE,主板,安徽,化工原料,20070530,N,,,,,,,,,,False,,
2137,实益达,002137.SZ,SZSE,主板,深圳,元器件,20070613,S,,,,,,,,,,False,,
2138,顺络电子,002138.SZ,SZSE,主板,深圳,元器件,20070613,S,,,,,,,,,,False,,
2139,拓邦股份,002139.SZ,SZSE,主板,深圳,元器件,20070629,S,,,,,,,,,,False,,
2140,东华科技,002140.SZ,SZSE,主板,安徽,建筑工程,20070712,S,,,,,,,,,,False,,
2141,贤丰控股,002141.SZ,SZSE,主板,广东,农业综合,20070720,N,,,,,,,,,,False,,
2142,宁波银行,002142.SZ,SZSE,主板,浙江,银行,20070719,S,,,,,,,,,,False,,
2144,宏达高科,002144.SZ,SZSE,主板,浙江,纺织,20070803,N,,,,,,,,,,False,,
2145,钛能化学,002145.SZ,SZSE,主板,甘肃,化工原料,20070803,S,,,,,,,,,,False,,
2146,荣盛发展,002146.SZ,SZSE,主板,河北,全国地产,20070808,S,,,,,,,,,,False,,
2148,北纬科技,002148.SZ,SZSE,主板,北京,互联网,20070810,S,,,,,,,,,,False,,
2149,西部材料,002149.SZ,SZSE,主板,陕西,小金属,20070810,S,,,,,,,,,,False,,
2150,正泰电源,002150.SZ,SZSE,主板,江苏,机械基件,20070810,S,,,,,,,,,,False,,
2151,北斗星通,002151.SZ,SZSE,主板,北京,通信设备,20070813,S,,,,,,,,,,False,,
2152,广电运通,002152.SZ,SZSE,主板,广东,IT设备,20070813,S,,,,,,,,,,False,,
2153,石基信息,002153.SZ,SZSE,主板,北京,软件服务,20070813,S,,,,,,,,,,False,,
2154,报喜鸟,002154.SZ,SZSE,主板,浙江,服饰,20070816,S,,,,,,,,,,False,,
2155,湖南黄金,002155.SZ,SZSE,主板,湖南,黄金,20070816,S,,,,,,,,,,False,,
2156,通富微电,002156.SZ,SZSE,主板,江苏,半导体,20070816,S,,,,,,,,,,False,,
2157,正邦科技,002157.SZ,SZSE,主板,江西,农业综合,20070817,S,,,,,,,,,,False,,
2158,汉钟精机,002158.SZ,SZSE,主板,上海,工程机械,20070817,S,,,,,,,,,,False,,
2159,三特索道,002159.SZ,SZSE,主板,湖北,旅游服务,20070817,N,,,,,,,,,,False,,
2160,常铝股份,002160.SZ,SZSE,主板,江苏,铝,20070821,N,,,,,,,,,,False,,
2161,远望谷,002161.SZ,SZSE,主板,深圳,通信设备,20070821,S,,,,,,,,,,False,,
2162,悦心健康,002162.SZ,SZSE,主板,上海,陶瓷,20070823,N,,,,,,,,,,False,,
2163,海南发展,002163.SZ,SZSE,主板,深圳,装修装饰,20070823,S,,,,,,,,,,False,,
2164,宁波东力,002164.SZ,SZSE,主板,浙江,机械基件,20070823,S,,,,,,,,,,False,,
2165,红宝丽,002165.SZ,SZSE,主板,江苏,化工原料,20070913,S,,,,,,,,,,False,,
2166,莱茵生物,002166.SZ,SZSE,主板,广西,中成药,20070913,S,,,,,,,,,,False,,
2167,东方锆业,002167.SZ,SZSE,主板,广东,小金属,20070913,S,,,,,,,,,,False,,
2168,ST惠程,002168.SZ,SZSE,主板,重庆,电气设备,20070919,N,,,,,,,,,,True,,
2169,智光电气,002169.SZ,SZSE,主板,广东,电气设备,20070919,S,,,,,,,,,,False,,
2170,芭田股份,002170.SZ,SZSE,主板,深圳,农药化肥,20070919,S,,,,,,,,,,False,,
2171,楚江新材,002171.SZ,SZSE,主板,安徽,铜,20070921,S,,,,,,,,,,False,,
2172,澳洋健康,002172.SZ,SZSE,主板,江苏,医疗保健,20070921,N,,,,,,,,,,False,,
2173,创新医疗,002173.SZ,SZSE,主板,浙江,医疗保健,20070925,S,,,,,,,,,,False,,
2174,游族网络,002174.SZ,SZSE,主板,福建,互联网,20070925,S,,,,,,,,,,False,,
2175,*ST东智,002175.SZ,SZSE,主板,广西,电器仪表,20071012,N,,,,,,,,,,True,,
2176,江特电机,002176.SZ,SZSE,主板,江西,小金属,20071012,S,,,,,,,,,,False,,
2177,御银股份,002177.SZ,SZSE,主板,广东,其他商业,20071101,S,,,,,,,,,,False,,
2178,延华智能,002178.SZ,SZSE,主板,上海,软件服务,20071101,N,,,,,,,,,,False,,
2179,中航光电,002179.SZ,SZSE,主板,河南,元器件,20071101,S,,,,,,,,,,False,,
2180,奔图科技,002180.SZ,SZSE,主板,广东,IT设备,20071113,S,,,,,,,,,,False,,
2181,粤传媒,002181.SZ,SZSE,主板,广东,出版业,20071116,S,,,,,,,,,,False,,
2182,宝武镁业,002182.SZ,SZSE,主板,江苏,小金属,20071113,S,,,,,,,,,,False,,
2183,怡亚通,002183.SZ,SZSE,主板,深圳,仓储物流,20071113,S,,,,,,,,,,False,,
2184,海得控制,002184.SZ,SZSE,主板,上海,机械基件,20071116,N,,,,,,,,,,False,,
2185,华天科技,002185.SZ,SZSE,主板,甘肃,半导体,20071120,S,,,,,,,,,,False,,
2186,全聚德,002186.SZ,SZSE,主板,北京,酒店餐饮,20071120,N,,,,,,,,,,False,,
2187,广百股份,002187.SZ,SZSE,主板,广东,百货,20071122,S,,,,,,,,,,False,,
2188,中天服务,002188.SZ,SZSE,主板,浙江,房产服务,20071122,N,,,,,,,,,,False,,
2189,中光学,002189.SZ,SZSE,主板,河南,元器件,20071203,S,,,,,,,,,,False,,
2190,成飞集成,002190.SZ,SZSE,主板,四川,汽车配件,20071203,S,,,,,,,,,,False,,
2191,劲嘉股份,002191.SZ,SZSE,主板,深圳,广告包装,20071205,S,,,,,,,,,,False,,
2192,融捷股份,002192.SZ,SZSE,主板,广东,小金属,20071205,S,,,,,,,,,,False,,
2193,ST如意,002193.SZ,SZSE,主板,山东,纺织,20071207,N,,,,,,,,,,True,,
2194,武汉凡谷,002194.SZ,SZSE,主板,湖北,通信设备,20071207,S,,,,,,,,,,False,,
2195,岩山科技,002195.SZ,SZSE,主板,上海,软件服务,20071212,S,,,,,,,,,,False,,
2196,方正电机,002196.SZ,SZSE,主板,浙江,纺织机械,20071212,N,,,,,,,,,,False,,
2197,证通电子,002197.SZ,SZSE,主板,深圳,IT设备,20071218,S,,,,,,,,,,False,,
2198,ST嘉应,002198.SZ,SZSE,主板,广东,中成药,20071218,N,,,,,,,,,,True,,
2199,*ST东晶,002199.SZ,SZSE,主板,浙江,元器件,20071221,N,,,,,,,,,,True,,
2200,*ST交投,002200.SZ,SZSE,主板,云南,建筑工程,20071221,N,,,,,,,,,,True,,
2201,九鼎新材,002201.SZ,SZSE,主板,江苏,玻璃,20071226,S,,,,,,,,,,False,,
2202,金风科技,002202.SZ,SZSE,主板,新疆,电气设备,20071226,S,,,,,,,,,,False,,
2203,海亮股份,002203.SZ,SZSE,主板,浙江,铜,20080116,S,,,,,,,,,,False,,
2204,大连重工,002204.SZ,SZSE,主板,辽宁,专用机械,20080116,S,,,,,,,,,,False,,
2205,国统股份,002205.SZ,SZSE,主板,新疆,水泥,20080123,N,,,,,,,,,,False,,
2206,海利得,002206.SZ,SZSE,主板,浙江,化纤,20080123,S,,,,,,,,,,False,,
2207,*ST准油,002207.SZ,SZSE,主板,新疆,石油开采,20080128,N,,,,,,,,,,True,,
2208,合肥城建,002208.SZ,SZSE,主板,安徽,区域地产,20080128,S,,,,,,,,,,False,,
2209,达意隆,002209.SZ,SZSE,主板,广东,轻工机械,20080130,N,,,,,,,,,,False,,
2210,飞马国际,002210.SZ,SZSE,主板,深圳,环境保护,20080130,S,,,,,,,,,,False,,
2211,ST宏达,002211.SZ,SZSE,主板,上海,橡胶,20080201,N,,,,,,,,,,True,,
2212,天融信,002212.SZ,SZSE,主板,广东,软件服务,20080201,S,,,,,,,,,,False,,
2213,大为股份,002213.SZ,SZSE,主板,深圳,半导体,20080201,N,,,,,,,,,,False,,
2214,*ST大立,002214.SZ,SZSE,主板,浙江,电器仪表,20080218,N,,,,,,,,,,True,,
2215,诺普信,002215.SZ,SZSE,主板,深圳,农药化肥,20080218,S,,,,,,,,,,False,,
2216,三全食品,002216.SZ,SZSE,主板,河南,食品,20080220,S,,,,,,,,,,False,,
2217,合力泰,002217.SZ,SZSE,主板,福建,元器件,20080220,S,,,,,,,,,,False,,
2218,拓日新能,002218.SZ,SZSE,主板,深圳,新型电力,20080228,S,,,,,,,,,,False,,
2219,新里程,002219.SZ,SZSE,主板,甘肃,医疗保健,20080306,S,,,,,,,,,,False,,
2221,东华能源,002221.SZ,SZSE,主板,广东,石油加工,20080306,S,,,,,,,,,,False,,
2222,福晶科技,002222.SZ,SZSE,主板,福建,元器件,20080319,S,,,,,,,,,,False,,
2223,鱼跃医疗,002223.SZ,SZSE,主板,江苏,医疗保健,20080418,S,,,,,,,,,,False,,
2224,三力士,002224.SZ,SZSE,主板,浙江,橡胶,20080425,N,,,,,,,,,,False,,
2225,濮耐股份,002225.SZ,SZSE,主板,河南,其他建材,20080425,S,,,,,,,,,,False,,
2226,江南化工,002226.SZ,SZSE,主板,安徽,化工原料,20080506,S,,,,,,,,,,False,,
2227,*ST特迅,002227.SZ,SZSE,主板,深圳,电气设备,20080506,N,,,,,,,,,,True,,
2228,合兴包装,002228.SZ,SZSE,主板,福建,广告包装,20080508,N,,,,,,,,,,False,,
2229,鸿博股份,002229.SZ,SZSE,主板,福建,广告包装,20080508,S,,,,,,,,,,False,,
2230,科大讯飞,002230.SZ,SZSE,主板,安徽,软件服务,20080512,S,,,,,,,,,,False,,
2232,启明信息,002232.SZ,SZSE,主板,吉林,软件服务,20080509,S,,,,,,,,,,False,,
2233,塔牌集团,002233.SZ,SZSE,主板,广东,水泥,20080516,S,,,,,,,,,,False,,
2234,民和股份,002234.SZ,SZSE,主板,山东,农业综合,20080516,N,,,,,,,,,,False,,
2235,安妮股份,002235.SZ,SZSE,主板,福建,造纸,20080516,N,,,,,,,,,,False,,
2236,大华股份,002236.SZ,SZSE,主板,浙江,IT设备,20080520,S,,,,,,,,,,False,,
2237,恒邦股份,002237.SZ,SZSE,主板,山东,黄金,20080520,S,,,,,,,,,,False,,
2238,天威视讯,002238.SZ,SZSE,主板,深圳,影视音像,20080526,S,,,,,,,,,,False,,
2239,奥特佳,002239.SZ,SZSE,主板,江苏,汽车配件,20080522,S,,,,,,,,,,False,,
2240,盛新锂能,002240.SZ,SZSE,主板,四川,小金属,20080523,S,,,,,,,,,,False,,
2241,歌尔股份,002241.SZ,SZSE,主板,山东,元器件,20080522,S,,,,,,,,,,False,,
2242,九阳股份,002242.SZ,SZSE,主板,山东,家用电器,20080528,S,,,,,,,,,,False,,
2243,力合科创,002243.SZ,SZSE,主板,深圳,广告包装,20080528,S,,,,,,,,,,False,,
2244,滨江集团,002244.SZ,SZSE,主板,浙江,区域地产,20080529,S,,,,,,,,,,False,,
2245,蔚蓝锂芯,002245.SZ,SZSE,主板,江苏,电气设备,20080605,S,,,,,,,,,,False,,
2246,北化股份,002246.SZ,SZSE,主板,四川,化工原料,20080605,S,,,,,,,,,,False,,
2247,聚力文化,002247.SZ,SZSE,主板,浙江,其他建材,20080612,N,,,,,,,,,,False,,
2248,华东数控,002248.SZ,SZSE,主板,山东,机床制造,20080612,N,,,,,,,,,,False,,
2249,大洋电机,002249.SZ,SZSE,主板,广东,电气设备,20080619,S,,,,,,,,,,False,,
2250,联化科技,002250.SZ,SZSE,主板,浙江,化工原料,20080619,S,,,,,,,,,,False,,
2251,步步高,002251.SZ,SZSE,主板,湖南,超市连锁,20080619,S,,,,,,,,,,False,,
2252,上海莱士,002252.SZ,SZSE,主板,上海,生物制药,20080623,S,,,,,,,,,,False,,
2253,*ST智胜,002253.SZ,SZSE,主板,四川,软件服务,20080623,N,,,,,,,,,,True,,
2254,泰和新材,002254.SZ,SZSE,主板,山东,化纤,20080625,S,,,,,,,,,,False,,
2255,海陆重工,002255.SZ,SZSE,主板,江苏,专用机械,20080625,S,,,,,,,,,,False,,
2256,兆新股份,002256.SZ,SZSE,主板,深圳,新型电力,20080625,S,,,,,,,,,,False,,
2258,利尔化学,002258.SZ,SZSE,主板,四川,农药化肥,20080708,S,,,,,,,,,,False,,
2259,升达林业,002259.SZ,SZSE,主板,四川,供气供热,20080716,N,,,,,,,,,,False,,
2261,拓维信息,002261.SZ,SZSE,主板,湖南,软件服务,20080723,S,,,,,,,,,,False,,
2262,恩华药业,002262.SZ,SZSE,主板,江苏,化学制药,20080723,S,,,,,,,,,,False,,
2263,大东南,002263.SZ,SZSE,主板,浙江,塑料,20080728,S,,,,,,,,,,False,,
2264,新华都,002264.SZ,SZSE,主板,福建,互联网,20080731,S,,,,,,,,,,False,,
2265,建设工业,002265.SZ,SZSE,主板,云南,专用机械,20080806,S,,,,,,,,,,False,,
2266,浙富控股,002266.SZ,SZSE,主板,浙江,环境保护,20080806,S,,,,,,,,,,False,,
2267,陕天然气,002267.SZ,SZSE,主板,陕西,供气供热,20080813,S,,,,,,,,,,False,,
2268,电科网安,002268.SZ,SZSE,主板,四川,IT设备,20080811,S,,,,,,,,,,False,,
2269,美邦服饰,002269.SZ,SZSE,主板,上海,服饰,20080828,S,,,,,,,,,,False,,
2270,华明装备,002270.SZ,SZSE,主板,山东,电气设备,20080905,S,,,,,,,,,,False,,
2271,东方雨虹,002271.SZ,SZSE,主板,北京,其他建材,20080910,S,,,,,,,,,,False,,
2272,川润股份,002272.SZ,SZSE,主板,四川,机械基件,20080919,S,,,,,,,,,,False,,
2273,水晶光电,002273.SZ,SZSE,主板,浙江,元器件,20080919,S,,,,,,,,,,False,,
2274,华昌化工,002274.SZ,SZSE,主板,江苏,农药化肥,20080925,S,,,,,,,,,,False,,
2275,桂林三金,002275.SZ,SZSE,主板,广西,中成药,20090710,S,,,,,,,,,,False,,
2276,万马股份,002276.SZ,SZSE,主板,浙江,电气设备,20090710,S,,,,,,,,,,False,,
2277,友阿股份,002277.SZ,SZSE,主板,湖南,百货,20090717,S,,,,,,,,,,False,,
2278,神开股份,002278.SZ,SZSE,主板,上海,化工机械,20090811,N,,,,,,,,,,False,,
2279,久其软件,002279.SZ,SZSE,主板,北京,软件服务,20090811,S,,,,,,,,,,False,,
2281,光迅科技,002281.SZ,SZSE,主板,湖北,通信设备,20090821,S,,,,,,,,,,False,,
2282,博深股份,002282.SZ,SZSE,主板,河北,机械基件,20090821,N,,,,,,,,,,False,,
2283,天润工业,002283.SZ,SZSE,主板,山东,汽车配件,20090821,S,,,,,,,,,,False,,
2284,亚太股份,002284.SZ,SZSE,主板,浙江,汽车配件,20090828,S,,,,,,,,,,False,,
2285,世联行,002285.SZ,SZSE,主板,深圳,房产服务,20090828,S,,,,,,,,,,False,,
2286,保龄宝,002286.SZ,SZSE,主板,山东,食品,20090828,N,,,,,,,,,,False,,
2287,奇正藏药,002287.SZ,SZSE,主板,西藏,中成药,20090828,S,,,,,,,,,,False,,
2289,*ST宇顺,002289.SZ,SZSE,主板,深圳,元器件,20090903,N,,,,,,,,,,True,,
2290,禾盛新材,002290.SZ,SZSE,主板,江苏,家用电器,20090903,S,,,,,,,,,,False,,
2291,遥望科技,002291.SZ,SZSE,主板,广东,广告包装,20090903,S,,,,,,,,,,False,,
2292,奥飞娱乐,002292.SZ,SZSE,主板,广东,影视音像,20090910,S,,,,,,,,,,False,,
2293,罗莱生活,002293.SZ,SZSE,主板,江苏,纺织,20090910,S,,,,,,,,,,False,,
2294,信立泰,002294.SZ,SZSE,主板,深圳,化学制药,20090910,S,,,,,,,,,,False,,
2295,精艺股份,002295.SZ,SZSE,主板,广东,铜,20090929,N,,,,,,,,,,False,,
2296,辉煌科技,002296.SZ,SZSE,主板,河南,通信设备,20090929,N,,,,,,,,,,False,,
2297,博云新材,002297.SZ,SZSE,主板,湖南,航空,20090929,N,,,,,,,,,,False,,
2298,中电鑫龙,002298.SZ,SZSE,主板,安徽,电气设备,20090929,S,,,,,,,,,,False,,
2299,圣农发展,002299.SZ,SZSE,主板,福建,农业综合,20091021,S,,,,,,,,,,False,,
2300,太阳电缆,002300.SZ,SZSE,主板,福建,电气设备,20091021,N,,,,,,,,,,False,,
2301,齐心集团,002301.SZ,SZSE,主板,深圳,文教休闲,20091021,S,,,,,,,,,,False,,
2302,西部建设,002302.SZ,SZSE,主板,新疆,水泥,20091103,S,,,,,,,,,,False,,
2303,美盈森,002303.SZ,SZSE,主板,深圳,造纸,20091103,S,,,,,,,,,,False,,
2304,洋河股份,002304.SZ,SZSE,主板,江苏,白酒,20091106,S,,,,,,,,,,False,,
2305,*ST南置,002305.SZ,SZSE,主板,湖北,区域地产,20091106,N,,,,,,,,,,True,,
2306,*ST云网,002306.SZ,SZSE,主板,北京,酒店餐饮,20091111,N,,,,,,,,,,True,,
2307,北新路桥,002307.SZ,SZSE,主板,新疆,建筑工程,20091111,S,,,,,,,,,,False,,
2309,中利集团,002309.SZ,SZSE,主板,江苏,电气设备,20091127,S,,,,,,,,,,False,,
2310,东方新能,002310.SZ,SZSE,主板,北京,新型电力,20091127,S,,,,,,,,,,False,,
2311,海大集团,002311.SZ,SZSE,主板,广东,饲料,20091127,S,,,,,,,,,,False,,
2312,川发龙蟒,002312.SZ,SZSE,主板,四川,化工原料,20091203,S,,,,,,,,,,False,,
2313,日海智能,002313.SZ,SZSE,主板,深圳,通信设备,20091203,N,,,,,,,,,,False,,
2314,南山控股,002314.SZ,SZSE,主板,深圳,区域地产,20091203,S,,,,,,,,,,False,,
2315,焦点科技,002315.SZ,SZSE,主板,江苏,互联网,20091209,S,,,,,,,,,,False,,
2316,亚联发展,002316.SZ,SZSE,主板,吉林,软件服务,20091209,N,,,,,,,,,,False,,
2317,众生药业,002317.SZ,SZSE,主板,广东,中成药,20091211,S,,,,,,,,,,False,,
2318,久立特材,002318.SZ,SZSE,主板,浙江,特种钢,20091211,S,,,,,,,,,,False,,
2319,乐通股份,002319.SZ,SZSE,主板,广东,染料涂料,20091211,N,,,,,,,,,,False,,
2320,海峡股份,002320.SZ,SZSE,主板,海南,水运,20091216,S,,,,,,,,,,False,,
2321,华英农业,002321.SZ,SZSE,主板,河南,农业综合,20091216,S,,,,,,,,,,False,,
2322,理工能科,002322.SZ,SZSE,主板,浙江,软件服务,20091218,S,,,,,,,,,,False,,
2323,*ST雅博,002323.SZ,SZSE,主板,山东,建筑工程,20091218,N,,,,,,,,,,True,,
2324,普利特,002324.SZ,SZSE,主板,上海,塑料,20091218,S,,,,,,,,,,False,,
2326,永太科技,002326.SZ,SZSE,主板,浙江,化工原料,20091222,S,,,,,,,,,,False,,
2327,富安娜,002327.SZ,SZSE,主板,深圳,纺织,20091230,S,,,,,,,,,,False,,
2328,新朋股份,002328.SZ,SZSE,主板,上海,汽车配件,20091230,N,,,,,,,,,,False,,
2329,皇氏集团,002329.SZ,SZSE,主板,广西,乳制品,20100106,N,,,,,,,,,,False,,
2330,得利斯,002330.SZ,SZSE,主板,山东,食品,20100106,N,,,,,,,,,,False,,
2331,皖通科技,002331.SZ,SZSE,主板,安徽,软件服务,20100106,N,,,,,,,,,,False,,
2332,仙琚制药,002332.SZ,SZSE,主板,浙江,化学制药,20100112,S,,,,,,,,,,False,,
2333,罗普斯金,002333.SZ,SZSE,主板,江苏,其他建材,20100112,N,,,,,,,,,,False,,
2334,英威腾,002334.SZ,SZSE,主板,深圳,电气设备,20100113,S,,,,,,,,,,False,,
2335,科华数据,002335.SZ,SZSE,主板,福建,电气设备,20100113,S,,,,,,,,,,False,,
2337,赛象科技,002337.SZ,SZSE,主板,天津,化工机械,20100115,N,,,,,,,,,,False,,
2338,奥普光电,002338.SZ,SZSE,主板,吉林,电器仪表,20100115,S,,,,,,,,,,False,,
2339,积成电子,002339.SZ,SZSE,主板,山东,电气设备,20100122,N,,,,,,,,,,False,,
2340,格林美,002340.SZ,SZSE,主板,深圳,小金属,20100122,S,,,,,,,,,,False,,
2342,巨力索具,002342.SZ,SZSE,主板,河北,机械基件,20100126,S,,,,,,,,,,False,,
2343,慈文传媒,002343.SZ,SZSE,主板,江西,影视音像,20100126,N,,,,,,,,,,False,,
2344,海宁皮城,002344.SZ,SZSE,主板,浙江,商品城,20100126,S,,,,,,,,,,False,,
2345,潮宏基,002345.SZ,SZSE,主板,广东,服饰,20100128,S,,,,,,,,,,False,,
2346,柘中股份,002346.SZ,SZSE,主板,上海,电气设备,20100128,S,,,,,,,,,,False,,
2347,泰尔股份,002347.SZ,SZSE,主板,安徽,机械基件,20100128,N,,,,,,,,,,False,,
2348,高乐股份,002348.SZ,SZSE,主板,广东,文教休闲,20100203,N,,,,,,,,,,False,,
2349,精华制药,002349.SZ,SZSE,主板,江苏,中成药,20100203,S,,,,,,,,,,False,,
2350,北京科锐,002350.SZ,SZSE,主板,北京,电气设备,20100203,N,,,,,,,,,,False,,
2351,漫步者,002351.SZ,SZSE,主板,深圳,IT设备,20100205,S,,,,,,,,,,False,,
2352,顺丰控股,002352.SZ,SZSE,主板,深圳,仓储物流,20100205,S,,,,,,,,,,False,,
2353,杰瑞股份,002353.SZ,SZSE,主板,山东,化工机械,20100205,S,,,,,,,,,,False,,
2354,天娱数科,002354.SZ,SZSE,主板,辽宁,互联网,20100209,S,,,,,,,,,,False,,
2355,兴民智通,002355.SZ,SZSE,主板,山东,汽车配件,20100209,N,,,,,,,,,,False,,
2356,赫美集团,002356.SZ,SZSE,主板,深圳,其他商业,20100209,S,,,,,,,,,,False,,
2357,富临运业,002357.SZ,SZSE,主板,四川,公共交通,20100210,N,,,,,,,,,,False,,
2358,森源电气,002358.SZ,SZSE,主板,河南,电气设备,20100210,N,,,,,,,,,,False,,
2360,ST同德,002360.SZ,SZSE,主板,山西,化工原料,20100303,N,,,,,,,,,,True,,
2361,神剑股份,002361.SZ,SZSE,主板,安徽,化工原料,20100303,S,,,,,,,,,,False,,
2362,汉王科技,002362.SZ,SZSE,主板,北京,软件服务,20100303,S,,,,,,,,,,False,,
2363,隆基机械,002363.SZ,SZSE,主板,山东,汽车配件,20100305,N,,,,,,,,,,False,,
2364,中恒电气,002364.SZ,SZSE,主板,浙江,电气设备,20100305,S,,,,,,,,,,False,,
2365,永安药业,002365.SZ,SZSE,主板,湖北,化学制药,20100305,S,,,,,,,,,,False,,
2366,融发核电,002366.SZ,SZSE,主板,四川,专用机械,20100312,S,,,,,,,,,,False,,
2367,康力电梯,002367.SZ,SZSE,主板,江苏,运输设备,20100312,S,,,,,,,,,,False,,
2368,太极股份,002368.SZ,SZSE,主板,北京,软件服务,20100312,S,,,,,,,,,,False,,
2369,卓翼科技,002369.SZ,SZSE,主板,深圳,通信设备,20100316,S,,,,,,,,,,False,,
2370,亚太药业,002370.SZ,SZSE,主板,浙江,化学制药,20100316,N,,,,,,,,,,False,,
2371,北方华创,002371.SZ,SZSE,主板,北京,半导体,20100316,S,,,,,,,,,,False,,
2372,伟星新材,002372.SZ,SZSE,主板,浙江,其他建材,20100318,S,,,,,,,,,,False,,
2373,千方科技,002373.SZ,SZSE,主板,北京,软件服务,20100318,S,,,,,,,,,,False,,
2374,中锐股份,002374.SZ,SZSE,主板,山东,广告包装,20100318,N,,,,,,,,,,False,,
2375,亚厦股份,002375.SZ,SZSE,主板,浙江,装修装饰,20100323,S,,,,,,,,,,False,,
2376,新北洋,002376.SZ,SZSE,主板,山东,IT设备,20100323,S,,,,,,,,,,False,,
2377,国创高新,002377.SZ,SZSE,主板,湖北,其他建材,20100323,N,,,,,,,,,,False,,
2378,章源钨业,002378.SZ,SZSE,主板,江西,小金属,20100331,S,,,,,,,,,,False,,
2379,宏桥控股,002379.SZ,SZSE,主板,山东,铝,20100331,S,,,,,,,,,,False,,
2380,科远智慧,002380.SZ,SZSE,主板,江苏,软件服务,20100331,S,,,,,,,,,,False,,
2381,双箭股份,002381.SZ,SZSE,主板,浙江,橡胶,20100402,N,,,,,,,,,,False,,
2382,蓝帆医疗,002382.SZ,SZSE,主板,山东,医疗保健,20100402,S,,,,,,,,,,False,,
2383,合众思壮,002383.SZ,SZSE,主板,北京,通信设备,20100402,S,,,,,,,,,,False,,
2384,东山精密,002384.SZ,SZSE,主板,江苏,元器件,20100409,S,,,,,,,,,,False,,
2385,大北农,002385.SZ,SZSE,主板,北京,饲料,20100409,S,,,,,,,,,,False,,
2386,天原股份,002386.SZ,SZSE,主板,四川,化工原料,20100409,S,,,,,,,,,,False,,
2387,维信诺,002387.SZ,SZSE,主板,江苏,元器件,20100413,S,,,,,,,,,,False,,
2388,新亚制程,002388.SZ,SZSE,主板,浙江,元器件,20100413,N,,,,,,,,,,False,,
2389,航天彩虹,002389.SZ,SZSE,主板,浙江,航空,20100413,S,,,,,,,,,,False,,
2390,信邦制药,002390.SZ,SZSE,主板,贵州,医药商业,20100416,S,,,,,,,,,,False,,
2391,长青股份,002391.SZ,SZSE,主板,江苏,农药化肥,20100416,N,,,,,,,,,,False,,
2392,北京利尔,002392.SZ,SZSE,主板,北京,其他建材,20100423,S,,,,,,,,,,False,,
2393,力生制药,002393.SZ,SZSE,主板,天津,化学制药,20100423,S,,,,,,,,,,False,,
2394,联发股份,002394.SZ,SZSE,主板,江苏,纺织,20100423,N,,,,,,,,,,False,,
2395,双象股份,002395.SZ,SZSE,主板,江苏,塑料,20100429,N,,,,,,,,,,False,,
2396,星网锐捷,002396.SZ,SZSE,主板,福建,通信设备,20100623,S,,,,,,,,,,False,,
2397,梦洁股份,002397.SZ,SZSE,主板,湖南,纺织,20100429,N,,,,,,,,,,False,,
2398,垒知集团,002398.SZ,SZSE,主板,福建,其他建材,20100506,N,,,,,,,,,,False,,
2399,海普瑞,002399.SZ,SZSE,主板,深圳,化学制药,20100506,S,,,,,,,,,,False,,
2400,省广集团,002400.SZ,SZSE,主板,广东,广告包装,20100506,S,,,,,,,,,,False,,
2401,中远海科,002401.SZ,SZSE,主板,上海,软件服务,20100506,S,,,,,,,,,,False,,
2402,和而泰,002402.SZ,SZSE,主板,深圳,元器件,20100511,S,,,,,,,,,,False,,
2403,爱仕达,002403.SZ,SZSE,主板,浙江,家用电器,20100511,S,,,,,,,,,,False,,
2404,嘉欣丝绸,002404.SZ,SZSE,主板,浙江,纺织,20100511,N,,,,,,,,,,False,,
2405,四维图新,002405.SZ,SZSE,主板,北京,软件服务,20100518,S,,,,,,,,,,False,,
2406,远东传动,002406.SZ,SZSE,主板,河南,汽车配件,20100518,S,,,,,,,,,,False,,
2407,多氟多,002407.SZ,SZSE,主板,河南,化工原料,20100518,S,,,,,,,,,,False,,
2408,齐翔腾达,002408.SZ,SZSE,主板,山东,化工原料,20100518,S,,,,,,,,,,False,,
2409,雅克科技,002409.SZ,SZSE,主板,江苏,半导体,20100525,S,,,,,,,,,,False,,
2410,广联达,002410.SZ,SZSE,主板,北京,软件服务,20100525,S,,,,,,,,,,False,,
2412,汉森制药,002412.SZ,SZSE,主板,湖南,中成药,20100525,N,,,,,,,,,,False,,
2413,雷科防务,002413.SZ,SZSE,主板,北京,通信设备,20100528,S,,,,,,,,,,False,,
2414,高德红外,002414.SZ,SZSE,主板,湖北,电器仪表,20100716,S,,,,,,,,,,False,,
2415,海康威视,002415.SZ,SZSE,主板,浙江,IT设备,20100528,S,,,,,,,,,,False,,
2416,爱施德,002416.SZ,SZSE,主板,深圳,电器连锁,20100528,S,,,,,,,,,,False,,
2418,康盛股份,002418.SZ,SZSE,主板,浙江,家用电器,20100601,N,,,,,,,,,,False,,
2419,天虹股份,002419.SZ,SZSE,主板,深圳,百货,20100601,S,,,,,,,,,,False,,
2420,毅昌科技,002420.SZ,SZSE,主板,广东,家用电器,20100601,N,,,,,,,,,,False,,
2421,达实智能,002421.SZ,SZSE,主板,深圳,软件服务,20100603,S,,,,,,,,,,False,,
2422,科伦药业,002422.SZ,SZSE,主板,四川,化学制药,20100603,S,,,,,,,,,,False,,
2423,中粮资本,002423.SZ,SZSE,主板,河南,多元金融,20100603,S,,,,,,,,,,False,,
2424,ST百灵,002424.SZ,SZSE,主板,贵州,中成药,20100603,N,,,,,,,,,,True,,
2425,凯撒文化,002425.SZ,SZSE,主板,广东,互联网,20100608,N,,,,,,,,,,False,,
2426,胜利精密,002426.SZ,SZSE,主板,江苏,元器件,20100608,S,,,,,,,,,,False,,
2427,尤夫股份,002427.SZ,SZSE,主板,浙江,化纤,20100608,S,,,,,,,,,,False,,
2428,云南锗业,002428.SZ,SZSE,主板,云南,小金属,20100608,S,,,,,,,,,,False,,
2429,兆驰股份,002429.SZ,SZSE,主板,深圳,家用电器,20100610,S,,,,,,,,,,False,,
2430,杭氧股份,002430.SZ,SZSE,主板,浙江,化工机械,20100610,S,,,,,,,,,,False,,
2431,ST棕榈,002431.SZ,SZSE,主板,河南,建筑工程,20100610,N,,,,,,,,,,True,,
2432,九安医疗,002432.SZ,SZSE,主板,天津,医疗保健,20100610,S,,,,,,,,,,False,,
2434,万里扬,002434.SZ,SZSE,主板,浙江,汽车配件,20100618,S,,,,,,,,,,False,,
2436,兴森科技,002436.SZ,SZSE,主板,深圳,元器件,20100618,S,,,,,,,,,,False,,
2437,誉衡药业,002437.SZ,SZSE,主板,黑龙江,化学制药,20100623,S,,,,,,,,,,False,,
2438,江苏神通,002438.SZ,SZSE,主板,江苏,机械基件,20100623,S,,,,,,,,,,False,,
2439,启明星辰,002439.SZ,SZSE,主板,北京,软件服务,20100623,S,,,,,,,,,,False,,
2440,闰土股份,002440.SZ,SZSE,主板,浙江,染料涂料,20100706,S,,,,,,,,,,False,,
2441,众业达,002441.SZ,SZSE,主板,广东,电气设备,20100706,S,,,,,,,,,,False,,
2442,龙星科技,002442.SZ,SZSE,主板,河北,化工原料,20100706,N,,,,,,,,,,False,,
2443,金洲管道,002443.SZ,SZSE,主板,浙江,钢加工,20100706,N,,,,,,,,,,False,,
2444,巨星科技,002444.SZ,SZSE,主板,浙江,轻工机械,20100713,S,,,,,,,,,,False,,
2445,中南文化,002445.SZ,SZSE,主板,江苏,钢加工,20100713,S,,,,,,,,,,False,,
2446,盛路通信,002446.SZ,SZSE,主板,广东,通信设备,20100713,S,,,,,,,,,,False,,
2448,中原内配,002448.SZ,SZSE,主板,河南,汽车配件,20100716,S,,,,,,,,,,False,,
2449,国星光电,002449.SZ,SZSE,主板,广东,半导体,20100716,S,,,,,,,,,,False,,
2451,摩恩电气,002451.SZ,SZSE,主板,上海,电气设备,20100720,N,,,,,,,,,,False,,
2452,长高电新,002452.SZ,SZSE,主板,湖南,电气设备,20100720,N,,,,,,,,,,False,,
2453,华软科技,002453.SZ,SZSE,主板,北京,化工原料,20100720,S,,,,,,,,,,False,,
2454,松芝股份,002454.SZ,SZSE,主板,上海,汽车配件,20100720,S,,,,,,,,,,False,,
2455,百川股份,002455.SZ,SZSE,主板,江苏,化工原料,20100803,S,,,,,,,,,,False,,
2456,欧菲光,002456.SZ,SZSE,主板,深圳,元器件,20100803,S,,,,,,,,,,False,,
2457,青龙管业,002457.SZ,SZSE,主板,宁夏,塑料,20100803,N,,,,,,,,,,False,,
2458,益生股份,002458.SZ,SZSE,主板,山东,农业综合,20100810,S,,,,,,,,,,False,,
2459,晶澳科技,002459.SZ,SZSE,主板,河北,电气设备,20100810,S,,,,,,,,,,False,,
2460,赣锋锂业,002460.SZ,SZSE,主板,江西,小金属,20100810,S,,,,,,,,,,False,,
2461,珠江啤酒,002461.SZ,SZSE,主板,广东,啤酒,20100818,S,,,,,,,,,,False,,
2462,嘉事堂,002462.SZ,SZSE,主板,北京,医药商业,20100818,N,,,,,,,,,,False,,
2463,沪电股份,002463.SZ,SZSE,主板,江苏,元器件,20100818,S,,,,,,,,,,False,,
2465,海格通信,002465.SZ,SZSE,主板,广东,通信设备,20100831,S,,,,,,,,,,False,,
2466,天齐锂业,002466.SZ,SZSE,主板,四川,小金属,20100831,S,,,,,,,,,,False,,
2467,二六三,002467.SZ,SZSE,主板,北京,互联网,20100908,S,,,,,,,,,,False,,
2468,申通快递,002468.SZ,SZSE,主板,浙江,仓储物流,20100908,S,,,,,,,,,,False,,
2469,三维化学,002469.SZ,SZSE,主板,山东,化工原料,20100908,S,,,,,,,,,,False,,
2470,金正大,002470.SZ,SZSE,主板,山东,农药化肥,20100908,S,,,,,,,,,,False,,
2471,中超控股,002471.SZ,SZSE,主板,江苏,电气设备,20100910,S,,,,,,,,,,False,,
2472,双环传动,002472.SZ,SZSE,主板,浙江,汽车配件,20100910,S,,,,,,,,,,False,,
2474,榕基软件,002474.SZ,SZSE,主板,福建,软件服务,20100915,N,,,,,,,,,,False,,
2475,立讯精密,002475.SZ,SZSE,主板,深圳,元器件,20100915,S,,,,,,,,,,False,,
2476,宝莫股份,002476.SZ,SZSE,主板,山东,化工原料,20100915,N,,,,,,,,,,False,,
2478,常宝股份,002478.SZ,SZSE,主板,江苏,钢加工,20100921,S,,,,,,,,,,False,,
2479,富春环保,002479.SZ,SZSE,主板,浙江,新型电力,20100921,N,,,,,,,,,,False,,
2480,新筑股份,002480.SZ,SZSE,主板,四川,运输设备,20100921,S,,,,,,,,,,False,,
2481,双塔食品,002481.SZ,SZSE,主板,山东,食品,20100921,S,,,,,,,,,,False,,
2482,广田集团,002482.SZ,SZSE,主板,深圳,装修装饰,20100929,S,,,,,,,,,,False,,
2483,润邦股份,002483.SZ,SZSE,主板,江苏,专用机械,20100929,S,,,,,,,,,,False,,
2484,江海股份,002484.SZ,SZSE,主板,江苏,元器件,20100929,S,,,,,,,,,,False,,
2485,ST雪发,002485.SZ,SZSE,主板,山东,商贸代理,20101015,N,,,,,,,,,,True,,
2486,嘉麟杰,002486.SZ,SZSE,主板,上海,服饰,20101015,N,,,,,,,,,,False,,
2487,大金重工,002487.SZ,SZSE,主板,辽宁,电气设备,20101015,S,,,,,,,,,,False,,
2488,金固股份,002488.SZ,SZSE,主板,浙江,汽车配件,20101021,S,,,,,,,,,,False,,
2489,浙江永强,002489.SZ,SZSE,主板,浙江,家居用品,20101021,S,,,,,,,,,,False,,
2490,山东墨龙,002490.SZ,SZSE,主板,山东,化工机械,20101021,S,,,,,,,,,,False,,
2491,通鼎互联,002491.SZ,SZSE,主板,江苏,通信设备,20101021,S,,,,,,,,,,False,,
2492,恒基达鑫,002492.SZ,SZSE,主板,广东,仓储物流,20101102,N,,,,,,,,,,False,,
2493,荣盛石化,002493.SZ,SZSE,主板,浙江,化纤,20101102,S,,,,,,,,,,False,,
2494,华斯股份,002494.SZ,SZSE,主板,河北,服饰,20101102,N,,,,,,,,,,False,,
2495,佳隆股份,002495.SZ,SZSE,主板,广东,食品,20101102,N,,,,,,,,,,False,,
2496,*ST辉丰,002496.SZ,SZSE,主板,江苏,农药化肥,20101109,N,,,,,,,,,,True,,
2497,雅化集团,002497.SZ,SZSE,主板,四川,小金属,20101109,S,,,,,,,,,,False,,
2498,汉缆股份,002498.SZ,SZSE,主板,山东,电气设备,20101109,S,,,,,,,,,,False,,
2500,山西证券,002500.SZ,SZSE,主板,山西,证券,20101115,S,,,,,,,,,,False,,
2501,*ST利源,002501.SZ,SZSE,主板,吉林,铝,20101117,N,,,,,,,,,,True,,
2506,协鑫集成,002506.SZ,SZSE,主板,上海,电气设备,20101118,S,,,,,,,,,,False,,
2507,涪陵榨菜,002507.SZ,SZSE,主板,重庆,食品,20101123,S,,,,,,,,,,False,,
2508,老板电器,002508.SZ,SZSE,主板,浙江,家用电器,20101123,S,,,,,,,,,,False,,
2510,天汽模,002510.SZ,SZSE,主板,天津,汽车配件,20101125,S,,,,,,,,,,False,,
2511,中顺洁柔,002511.SZ,SZSE,主板,广东,造纸,20101125,S,,,,,,,,,,False,,
2512,ST达华,002512.SZ,SZSE,主板,福建,IT设备,20101203,N,,,,,,,,,,True,,
2513,蓝丰生化,002513.SZ,SZSE,主板,江苏,新型电力,20101203,N,,,,,,,,,,False,,
2514,*ST宝馨,002514.SZ,SZSE,主板,江苏,机械基件,20101203,N,,,,,,,,,,True,,
2515,金字火腿,002515.SZ,SZSE,主板,浙江,食品,20101203,S,,,,,,,,,,False,,
2516,旷达科技,002516.SZ,SZSE,主板,湖南,汽车配件,20101207,S,,,,,,,,,,False,,
2517,恺英网络,002517.SZ,SZSE,主板,福建,互联网,20101207,S,,,,,,,,,,False,,
2518,科士达,002518.SZ,SZSE,主板,深圳,电气设备,20101207,S,,,,,,,,,,False,,
2519,银河电子,002519.SZ,SZSE,主板,江苏,通信设备,20101207,S,,,,,,,,,,False,,
2520,日发精机,002520.SZ,SZSE,主板,浙江,机床制造,20101210,S,,,,,,,,,,False,,
2521,齐峰新材,002521.SZ,SZSE,主板,山东,造纸,20101210,S,,,,,,,,,,False,,
2522,浙江众成,002522.SZ,SZSE,主板,浙江,塑料,20101210,N,,,,,,,,,,False,,
2523,天桥起重,002523.SZ,SZSE,主板,湖南,专用机械,20101210,S,,,,,,,,,,False,,
2524,光正眼科,002524.SZ,SZSE,主板,新疆,医疗保健,20101217,N,,,,,,,,,,False,,
2526,山东矿机,002526.SZ,SZSE,主板,山东,工程机械,20101217,S,,,,,,,,,,False,,
2527,新时达,002527.SZ,SZSE,主板,上海,电器仪表,20101224,S,,,,,,,,,,False,,
2528,*ST英飞,002528.SZ,SZSE,主板,深圳,IT设备,20101224,N,,,,,,,,,,True,,
2529,*ST海源,002529.SZ,SZSE,主板,江西,专用机械,20101224,N,,,,,,,,,,True,,
2530,金财互联,002530.SZ,SZSE,主板,江苏,专用机械,20101231,S,,,,,,,,,,False,,
2531,天顺风能,002531.SZ,SZSE,主板,江苏,电气设备,20101231,S,,,,,,,,,,False,,
2532,天山铝业,002532.SZ,SZSE,主板,新疆,铝,20101231,S,,,,,,,,,,False,,
2533,金杯电工,002533.SZ,SZSE,主板,湖南,电气设备,20101231,S,,,,,,,,,,False,,
2534,西子洁能,002534.SZ,SZSE,主板,浙江,专用机械,20110110,S,,,,,,,,,,False,,
2535,林州重机,002535.SZ,SZSE,主板,河南,工程机械,20110111,N,,,,,,,,,,False,,
2536,飞龙股份,002536.SZ,SZSE,主板,河南,汽车配件,20110111,S,,,,,,,,,,False,,
2537,海联金汇,002537.SZ,SZSE,主板,山东,汽车配件,20110110,S,,,,,,,,,,False,,
2538,ST司特,002538.SZ,SZSE,主板,安徽,农药化肥,20110118,N,,,,,,,,,,True,,
2539,云图控股,002539.SZ,SZSE,主板,四川,农药化肥,20110118,S,,,,,,,,,,False,,
2540,亚太科技,002540.SZ,SZSE,主板,江苏,铝,20110118,S,,,,,,,,,,False,,
2541,鸿路钢构,002541.SZ,SZSE,主板,安徽,钢加工,20110118,S,,,,,,,,,,False,,
2542,*ST中岩,002542.SZ,SZSE,主板,北京,建筑工程,20110128,N,,,,,,,,,,True,,
2543,万和电气,002543.SZ,SZSE,主板,广东,家用电器,20110128,S,,,,,,,,,,False,,
2544,普天科技,002544.SZ,SZSE,主板,广东,通信设备,20110128,S,,,,,,,,,,False,,
2545,东方铁塔,002545.SZ,SZSE,主板,山东,农药化肥,20110211,S,,,,,,,,,,False,,
2546,新联电子,002546.SZ,SZSE,主板,江苏,电气设备,20110211,S,,,,,,,,,,False,,
2547,*ST春兴,002547.SZ,SZSE,主板,江苏,汽车配件,20110218,N,,,,,,,,,,True,,
2548,金新农,002548.SZ,SZSE,主板,深圳,饲料,20110218,N,,,,,,,,,,False,,
2549,凯美特气,002549.SZ,SZSE,主板,湖南,环境保护,20110218,S,,,,,,,,,,False,,
2550,千红制药,002550.SZ,SZSE,主板,江苏,生物制药,20110218,S,,,,,,,,,,False,,
2551,尚荣医疗,002551.SZ,SZSE,主板,深圳,医疗保健,20110225,N,,,,,,,,,,False,,
2552,宝鼎科技,002552.SZ,SZSE,主板,浙江,元器件,20110225,S,,,,,,,,,,False,,
2553,南方精工,002553.SZ,SZSE,主板,江苏,汽车配件,20110225,S,,,,,,,,,,False,,
2554,惠博普,002554.SZ,SZSE,主板,湖南,石油开采,20110225,N,,,,,,,,,,False,,
2555,三七互娱,002555.SZ,SZSE,主板,安徽,互联网,20110302,S,,,,,,,,,,False,,
2556,辉隆股份,002556.SZ,SZSE,主板,安徽,农药化肥,20110302,S,,,,,,,,,,False,,
2557,洽洽食品,002557.SZ,SZSE,主板,安徽,食品,20110302,S,,,,,,,,,,False,,
2558,巨人网络,002558.SZ,SZSE,主板,重庆,互联网,20110302,S,,,,,,,,,,False,,
2559,亚威股份,002559.SZ,SZSE,主板,江苏,机床制造,20110303,S,,,,,,,,,,False,,
2560,通达股份,002560.SZ,SZSE,主板,河南,电气设备,20110303,N,,,,,,,,,,False,,
2561,徐家汇,002561.SZ,SZSE,主板,上海,百货,20110303,N,,,,,,,,,,False,,
2562,兄弟科技,002562.SZ,SZSE,主板,浙江,化学制药,20110310,S,,,,,,,,,,False,,
2563,森马服饰,002563.SZ,SZSE,主板,浙江,服饰,20110311,S,,,,,,,,,,False,,
2564,天沃科技,002564.SZ,SZSE,主板,江苏,化工机械,20110310,S,,,,,,,,,,False,,
2565,顺灏股份,002565.SZ,SZSE,主板,上海,造纸,20110318,S,,,,,,,,,,False,,
2566,益盛药业,002566.SZ,SZSE,主板,吉林,中成药,20110318,N,,,,,,,,,,False,,
2567,唐人神,002567.SZ,SZSE,主板,湖南,饲料,20110325,S,,,,,,,,,,False,,
2568,百润股份,002568.SZ,SZSE,主板,上海,红黄酒,20110325,S,,,,,,,,,,False,,
2569,*ST步森,002569.SZ,SZSE,主板,浙江,服饰,20110412,N,,,,,,,,,,True,,
2570,贝因美,002570.SZ,SZSE,主板,浙江,乳制品,20110412,S,,,,,,,,,,False,,
2571,德力股份,002571.SZ,SZSE,主板,安徽,家居用品,20110412,N,,,,,,,,,,False,,
2572,索菲亚,002572.SZ,SZSE,主板,广东,家居用品,20110412,S,,,,,,,,,,False,,
2573,清新环境,002573.SZ,SZSE,主板,北京,环境保护,20110422,S,,,,,,,,,,False,,
2574,明牌珠宝,002574.SZ,SZSE,主板,浙江,服饰,20110422,N,,,,,,,,,,False,,
2575,群兴玩具,002575.SZ,SZSE,主板,广东,文教休闲,20110422,S,,,,,,,,,,False,,
2576,通达动力,002576.SZ,SZSE,主板,江苏,电气设备,20110428,N,,,,,,,,,,False,,
2577,雷柏科技,002577.SZ,SZSE,主板,深圳,IT设备,20110428,S,,,,,,,,,,False,,
2578,闽发铝业,002578.SZ,SZSE,主板,福建,铝,20110428,N,,,,,,,,,,False,,
2579,中京电子,002579.SZ,SZSE,主板,广东,元器件,20110506,S,,,,,,,,,,False,,
2580,圣阳股份,002580.SZ,SZSE,主板,山东,电气设备,20110506,S,,,,,,,,,,False,,
2581,*ST未名,002581.SZ,SZSE,主板,山东,生物制药,20110520,N,,,,,,,,,,True,,
2582,好想你,002582.SZ,SZSE,主板,河南,食品,20110520,N,,,,,,,,,,False,,
2583,海能达,002583.SZ,SZSE,主板,深圳,通信设备,20110527,S,,,,,,,,,,False,,
2584,西陇科学,002584.SZ,SZSE,主板,广东,化工原料,20110602,S,,,,,,,,,,False,,
2585,双星新材,002585.SZ,SZSE,主板,江苏,塑料,20110602,S,,,,,,,,,,False,,
2586,ST围海,002586.SZ,SZSE,主板,浙江,建筑工程,20110602,N,,,,,,,,,,True,,
2587,奥拓电子,002587.SZ,SZSE,主板,深圳,元器件,20110610,N,,,,,,,,,,False,,
2588,史丹利,002588.SZ,SZSE,主板,山东,农药化肥,20110610,S,,,,,,,,,,False,,
2589,瑞康医药,002589.SZ,SZSE,主板,山东,医药商业,20110610,N,,,,,,,,,,False,,
2590,万安科技,002590.SZ,SZSE,主板,浙江,汽车配件,20110610,S,,,,,,,,,,False,,
2591,恒大高新,002591.SZ,SZSE,主板,江西,环境保护,20110621,N,,,,,,,,,,False,,
2592,ST八菱,002592.SZ,SZSE,主板,广西,汽车配件,20111111,N,,,,,,,,,,True,,
2593,日上集团,002593.SZ,SZSE,主板,福建,钢加工,20110628,N,,,,,,,,,,False,,
2594,比亚迪,002594.SZ,SZSE,主板,深圳,汽车整车,20110630,S,,,,,,,,,,False,,
2595,豪迈科技,002595.SZ,SZSE,主板,山东,专用机械,20110628,S,,,,,,,,,,False,,
2596,海南瑞泽,002596.SZ,SZSE,主板,海南,水泥,20110707,N,,,,,,,,,,False,,
2597,金禾实业,002597.SZ,SZSE,主板,安徽,食品,20110707,S,,,,,,,,,,False,,
2598,ST章鼓,002598.SZ,SZSE,主板,山东,机械基件,20110707,N,,,,,,,,,,True,,
2599,盛通股份,002599.SZ,SZSE,主板,北京,广告包装,20110715,N,,,,,,,,,,False,,
2600,领益智造,002600.SZ,SZSE,主板,广东,元器件,20110715,S,,,,,,,,,,False,,
2601,龙佰集团,002601.SZ,SZSE,主板,河南,化工原料,20110715,S,,,,,,,,,,False,,
2602,世纪华通,002602.SZ,SZSE,主板,浙江,互联网,20110728,S,,,,,,,,,,False,,
2603,以岭药业,002603.SZ,SZSE,主板,河北,中成药,20110728,S,,,,,,,,,,False,,
2605,姚记科技,002605.SZ,SZSE,主板,上海,互联网,20110805,S,,,,,,,,,,False,,
2606,大连电瓷,002606.SZ,SZSE,主板,辽宁,电气设备,20110805,N,,,,,,,,,,False,,
2607,中公教育,002607.SZ,SZSE,主板,安徽,文教休闲,20110810,S,,,,,,,,,,False,,
2608,江苏国信,002608.SZ,SZSE,主板,江苏,火力发电,20110810,S,,,,,,,,,,False,,
2609,捷顺科技,002609.SZ,SZSE,主板,深圳,软件服务,20110815,S,,,,,,,,,,False,,
2611,东方精工,002611.SZ,SZSE,主板,广东,轻工机械,20110830,S,,,,,,,,,,False,,
2612,朗姿股份,002612.SZ,SZSE,主板,北京,服饰,20110830,S,,,,,,,,,,False,,
2613,北玻股份,002613.SZ,SZSE,主板,河南,专用机械,20110830,N,,,,,,,,,,False,,
2614,奥佳华,002614.SZ,SZSE,主板,福建,家用电器,20110909,N,,,,,,,,,,False,,
2615,哈尔斯,002615.SZ,SZSE,主板,浙江,家居用品,20110909,N,,,,,,,,,,False,,
2616,长青集团,002616.SZ,SZSE,主板,广东,环境保护,20110920,N,,,,,,,,,,False,,
2617,露笑科技,002617.SZ,SZSE,主板,浙江,电气设备,20110920,S,,,,,,,,,,False,,
2620,*ST瑞和,002620.SZ,SZSE,主板,深圳,装修装饰,20110929,N,,,,,,,,,,True,,
2622,皓宸医疗,002622.SZ,SZSE,主板,吉林,医疗保健,20111018,N,,,,,,,,,,False,,
2623,亚玛顿,002623.SZ,SZSE,主板,江苏,玻璃,20111013,N,,,,,,,,,,False,,
2624,完美世界,002624.SZ,SZSE,主板,浙江,互联网,20111028,S,,,,,,,,,,False,,
2625,光启技术,002625.SZ,SZSE,主板,深圳,航空,20111103,S,,,,,,,,,,False,,
2626,金达威,002626.SZ,SZSE,主板,福建,医疗保健,20111028,S,,,,,,,,,,False,,
2627,三峡旅游,002627.SZ,SZSE,主板,湖北,旅游景点,20111103,N,,,,,,,,,,False,,
2628,成都路桥,002628.SZ,SZSE,主板,四川,建筑工程,20111103,N,,,,,,,,,,False,,
2629,仁智股份,002629.SZ,SZSE,主板,浙江,石油开采,20111103,N,,,,,,,,,,False,,
2630,*ST华西,002630.SZ,SZSE,主板,四川,专用机械,20111111,N,,,,,,,,,,True,,
2631,德尔未来,002631.SZ,SZSE,主板,江苏,家居用品,20111111,N,,,,,,,,,,False,,
2632,道明光学,002632.SZ,SZSE,主板,浙江,塑料,20111122,S,,,,,,,,,,False,,
2633,申科股份,002633.SZ,SZSE,主板,浙江,机械基件,20111122,N,,,,,,,,,,False,,
2634,*ST棒杰,002634.SZ,SZSE,主板,浙江,服饰,20111205,N,,,,,,,,,,True,,
2635,安洁科技,002635.SZ,SZSE,主板,江苏,元器件,20111125,S,,,,,,,,,,False,,
2636,金安国纪,002636.SZ,SZSE,主板,上海,元器件,20111125,S,,,,,,,,,,False,,
2637,赞宇科技,002637.SZ,SZSE,主板,浙江,日用化工,20111125,S,,,,,,,,,,False,,
2638,勤上股份,002638.SZ,SZSE,主板,广东,家用电器,20111125,N,,,,,,,,,,False,,
2639,雪人集团,002639.SZ,SZSE,主板,福建,专用机械,20111205,S,,,,,,,,,,False,,
2640,跨境通,002640.SZ,SZSE,主板,山西,互联网,20111208,S,,,,,,,,,,False,,
2641,公元股份,002641.SZ,SZSE,主板,浙江,塑料,20111208,S,,,,,,,,,,False,,
2642,荣联科技,002642.SZ,SZSE,主板,北京,软件服务,20111220,S,,,,,,,,,,False,,
2643,万润股份,002643.SZ,SZSE,主板,山东,化工原料,20111220,S,,,,,,,,,,False,,
2644,佛慈制药,002644.SZ,SZSE,主板,甘肃,中成药,20111222,N,,,,,,,,,,False,,
2645,华宏科技,002645.SZ,SZSE,主板,江苏,专用机械,20111220,S,,,,,,,,,,False,,
2646,天佑德酒,002646.SZ,SZSE,主板,青海,白酒,20111222,S,,,,,,,,,,False,,
2647,仁东控股,002647.SZ,SZSE,主板,广东,多元金融,20111228,N,,,,,,,,,,False,,
2648,卫星化学,002648.SZ,SZSE,主板,浙江,化工原料,20111228,S,,,,,,,,,,False,,
2649,博彦科技,002649.SZ,SZSE,主板,北京,软件服务,20120106,S,,,,,,,,,,False,,
2650,ST加加,002650.SZ,SZSE,主板,湖南,食品,20120106,N,,,,,,,,,,True,,
2651,利君股份,002651.SZ,SZSE,主板,四川,航空,20120106,S,,,,,,,,,,False,,
2652,扬子新材,002652.SZ,SZSE,主板,江苏,其他建材,20120119,N,,,,,,,,,,False,,
2653,海思科,002653.SZ,SZSE,主板,西藏,化学制药,20120117,S,,,,,,,,,,False,,
2654,万润科技,002654.SZ,SZSE,主板,深圳,互联网,20120217,S,,,,,,,,,,False,,
2655,共达电声,002655.SZ,SZSE,主板,山东,元器件,20120217,N,,,,,,,,,,False,,
2656,*ST摩登,002656.SZ,SZSE,主板,广东,服饰,20120228,N,,,,,,,,,,True,,
2657,中科金财,002657.SZ,SZSE,主板,北京,软件服务,20120228,S,,,,,,,,,,False,,
2658,雪迪龙,002658.SZ,SZSE,主板,北京,环境保护,20120309,S,,,,,,,,,,False,,
2659,凯文教育,002659.SZ,SZSE,主板,北京,文教休闲,20120309,N,,,,,,,,,,False,,
2660,茂硕电源,002660.SZ,SZSE,主板,深圳,电气设备,20120316,N,,,,,,,,,,False,,
2661,克明食品,002661.SZ,SZSE,主板,湖南,食品,20120316,N,,,,,,,,,,False,,
2662,峰璟股份,002662.SZ,SZSE,主板,北京,汽车配件,20120309,S,,,,,,,,,,False,,
2663,普邦股份,002663.SZ,SZSE,主板,广东,建筑工程,20120316,N,,,,,,,,,,False,,
2664,信质集团,002664.SZ,SZSE,主板,浙江,汽车配件,20120316,S,,,,,,,,,,False,,
2666,德联集团,002666.SZ,SZSE,主板,广东,化工原料,20120327,N,,,,,,,,,,False,,
2667,*ST威领,002667.SZ,SZSE,主板,湖南,小金属,20120329,N,,,,,,,,,,True,,
2668,TCL智家,002668.SZ,SZSE,主板,广东,家用电器,20120416,S,,,,,,,,,,False,,
2669,康达新材,002669.SZ,SZSE,主板,上海,化工原料,20120416,N,,,,,,,,,,False,,
2670,国盛证券,002670.SZ,SZSE,主板,江西,证券,20120416,S,,,,,,,,,,False,,
2671,龙泉股份,002671.SZ,SZSE,主板,山东,水泥,20120426,N,,,,,,,,,,False,,
2672,东江环保,002672.SZ,SZSE,主板,深圳,环境保护,20120426,S,,,,,,,,,,False,,
2673,西部证券,002673.SZ,SZSE,主板,陕西,证券,20120503,S,,,,,,,,,,False,,
2674,兴业科技,002674.SZ,SZSE,主板,福建,纺织,20120507,N,,,,,,,,,,False,,
2675,东诚药业,002675.SZ,SZSE,主板,山东,化学制药,20120525,S,,,,,,,,,,False,,
2676,顺威股份,002676.SZ,SZSE,主板,广东,家用电器,20120525,S,,,,,,,,,,False,,
2677,浙江美大,002677.SZ,SZSE,主板,浙江,家用电器,20120525,S,,,,,,,,,,False,,
2678,珠江钢琴,002678.SZ,SZSE,主板,广东,文教休闲,20120530,S,,,,,,,,,,False,,
2679,福建金森,002679.SZ,SZSE,主板,福建,林业,20120605,N,,,,,,,,,,False,,
2681,奋达科技,002681.SZ,SZSE,主板,深圳,元器件,20120605,S,,,,,,,,,,False,,
2682,龙洲股份,002682.SZ,SZSE,主板,福建,仓储物流,20120612,N,,,,,,,,,,False,,
2683,广东宏大,002683.SZ,SZSE,主板,广东,化工原料,20120612,S,,,,,,,,,,False,,
2685,华东重机,002685.SZ,SZSE,主板,江苏,机床制造,20120612,S,,,,,,,,,,False,,
2686,亿利达,002686.SZ,SZSE,主板,浙江,专用机械,20120703,N,,,,,,,,,,False,,
2687,乔治白,002687.SZ,SZSE,主板,浙江,服饰,20120713,N,,,,,,,,,,False,,
2688,金河生物,002688.SZ,SZSE,主板,内蒙,农业综合,20120713,S,,,,,,,,,,False,,
2689,ST远智,002689.SZ,SZSE,主板,辽宁,运输设备,20120717,N,,,,,,,,,,True,,
2690,美亚光电,002690.SZ,SZSE,主板,安徽,专用机械,20120731,S,,,,,,,,,,False,,
2691,*ST冀凯,002691.SZ,SZSE,主板,河北,专用机械,20120731,N,,,,,,,,,,True,,
2692,远程股份,002692.SZ,SZSE,主板,江苏,电气设备,20120808,N,,,,,,,,,,False,,
2693,*ST双成,002693.SZ,SZSE,主板,海南,生物制药,20120808,N,,,,,,,,,,True,,
2694,*ST顾地,002694.SZ,SZSE,主板,湖北,塑料,20120816,N,,,,,,,,,,True,,
2695,煌上煌,002695.SZ,SZSE,主板,江西,食品,20120905,S,,,,,,,,,,False,,
2696,百洋股份,002696.SZ,SZSE,主板,广西,饲料,20120905,N,,,,,,,,,,False,,
2697,红旗连锁,002697.SZ,SZSE,主板,四川,超市连锁,20120905,S,,,,,,,,,,False,,
2698,博实股份,002698.SZ,SZSE,主板,黑龙江,化工机械,20120911,S,,,,,,,,,,False,,
2700,万憬能源,002700.SZ,SZSE,主板,新疆,供气供热,20120921,N,,,,,,,,,,False,,
2701,奥瑞金,002701.SZ,SZSE,主板,北京,广告包装,20121011,S,,,,,,,,,,False,,
2702,海欣食品,002702.SZ,SZSE,主板,福建,食品,20121011,N,,,,,,,,,,False,,
2703,浙江世宝,002703.SZ,SZSE,主板,浙江,汽车配件,20121102,S,,,,,,,,,,False,,
2705,新宝股份,002705.SZ,SZSE,主板,广东,家用电器,20140121,S,,,,,,,,,,False,,
2706,良信股份,002706.SZ,SZSE,主板,上海,电气设备,20140121,S,,,,,,,,,,False,,
2707,众信旅游,002707.SZ,SZSE,主板,北京,旅游服务,20140123,S,,,,,,,,,,False,,
2708,光洋股份,002708.SZ,SZSE,主板,江苏,汽车配件,20140121,S,,,,,,,,,,False,,
2709,天赐材料,002709.SZ,SZSE,主板,广东,化工原料,20140123,S,,,,,,,,,,False,,
2712,思美传媒,002712.SZ,SZSE,主板,浙江,广告包装,20140123,N,,,,,,,,,,False,,
2713,*ST东易,002713.SZ,SZSE,主板,北京,装修装饰,20140219,N,,,,,,,,,,True,,
2714,牧原股份,002714.SZ,SZSE,主板,河南,农业综合,20140128,S,,,,,,,,,,False,,
2715,登云股份,002715.SZ,SZSE,主板,广东,汽车配件,20140219,N,,,,,,,,,,False,,
2716,湖南白银,002716.SZ,SZSE,主板,湖南,小金属,20140128,S,,,,,,,,,,False,,
2717,*ST岭南,002717.SZ,SZSE,主板,广东,环境保护,20140219,N,,,,,,,,,,True,,
2718,友邦吊顶,002718.SZ,SZSE,主板,浙江,其他建材,20140128,N,,,,,,,,,,False,,
2719,ST麦趣,002719.SZ,SZSE,主板,新疆,乳制品,20140128,N,,,,,,,,,,True,,
2721,金一文化,002721.SZ,SZSE,主板,北京,服饰,20140127,S,,,,,,,,,,False,,
2722,物产金轮,002722.SZ,SZSE,主板,江苏,钢加工,20140128,N,,,,,,,,,,False,,
2723,小崧股份,002723.SZ,SZSE,主板,广东,家用电器,20140129,N,,,,,,,,,,False,,
2724,海洋王,002724.SZ,SZSE,主板,深圳,元器件,20141104,S,,,,,,,,,,False,,
2725,跃岭股份,002725.SZ,SZSE,主板,浙江,汽车配件,20140129,N,,,,,,,,,,False,,
2726,ST龙大,002726.SZ,SZSE,主板,山东,食品,20140626,N,,,,,,,,,,True,,
2727,一心堂,002727.SZ,SZSE,主板,云南,医药商业,20140702,S,,,,,,,,,,False,,
2728,特一药业,002728.SZ,SZSE,主板,广东,中成药,20140731,S,,,,,,,,,,False,,
2729,好利科技,002729.SZ,SZSE,主板,福建,元器件,20140912,N,,,,,,,,,,False,,
2730,电光科技,002730.SZ,SZSE,主板,浙江,专用机械,20141009,S,,,,,,,,,,False,,
2731,ST萃华,002731.SZ,SZSE,主板,辽宁,服饰,20141104,N,,,,,,,,,,True,,
2732,燕塘乳业,002732.SZ,SZSE,主板,广东,乳制品,20141205,N,,,,,,,,,,False,,
2733,雄韬股份,002733.SZ,SZSE,主板,深圳,电气设备,20141203,S,,,,,,,,,,False,,
2734,利民股份,002734.SZ,SZSE,主板,江苏,农药化肥,20150127,S,,,,,,,,,,False,,
2735,王子新材,002735.SZ,SZSE,主板,深圳,塑料,20141203,S,,,,,,,,,,False,,
2736,国信证券,002736.SZ,SZSE,主板,深圳,证券,20141229,S,,,,,,,,,,False,,
2737,葵花药业,002737.SZ,SZSE,主板,黑龙江,中成药,20141230,S,,,,,,,,,,False,,
2738,中矿资源,002738.SZ,SZSE,主板,北京,小金属,20141230,S,,,,,,,,,,False,,
2739,儒意电影,002739.SZ,SZSE,主板,北京,影视音像,20150122,S,,,,,,,,,,False,,
2741,光华科技,002741.SZ,SZSE,主板,广东,化工原料,20150216,S,,,,,,,,,,False,,
2742,三圣股份,002742.SZ,SZSE,主板,重庆,水泥,20150217,N,,,,,,,,,,False,,
2743,富煌钢构,002743.SZ,SZSE,主板,安徽,钢加工,20150217,N,,,,,,,,,,False,,
2745,木林森,002745.SZ,SZSE,主板,广东,元器件,20150217,S,,,,,,,,,,False,,
2746,仙坛股份,002746.SZ,SZSE,主板,山东,农业综合,20150216,S,,,,,,,,,,False,,
2747,埃斯顿,002747.SZ,SZSE,主板,江苏,机械基件,20150320,S,,,,,,,,,,False,,
2748,世龙实业,002748.SZ,SZSE,主板,江西,化工原料,20150319,N,,,,,,,,,,False,,
2749,国光股份,002749.SZ,SZSE,主板,四川,农药化肥,20150320,S,,,,,,,,,,False,,
2752,昇兴股份,002752.SZ,SZSE,主板,福建,广告包装,20150422,S,,,,,,,,,,False,,
2753,永东股份,002753.SZ,SZSE,主板,山西,化工原料,20150519,N,,,,,,,,,,False,,
2755,奥赛康,002755.SZ,SZSE,主板,北京,化学制药,20150515,S,,,,,,,,,,False,,
2756,永兴材料,002756.SZ,SZSE,主板,浙江,小金属,20150515,S,,,,,,,,,,False,,
2757,南兴股份,002757.SZ,SZSE,主板,广东,专用机械,20150527,S,,,,,,,,,,False,,
2758,浙农股份,002758.SZ,SZSE,主板,浙江,批发业,20150527,S,,,,,,,,,,False,,
2759,天际股份,002759.SZ,SZSE,主板,广东,电气设备,20150528,S,,,,,,,,,,False,,
2760,凤形股份,002760.SZ,SZSE,主板,江西,机械基件,20150611,N,,,,,,,,,,False,,
2761,浙江建投,002761.SZ,SZSE,主板,浙江,建筑工程,20150610,S,,,,,,,,,,False,,
2762,*ST金比,002762.SZ,SZSE,主板,广东,服饰,20150610,N,,,,,,,,,,True,,
2763,汇洁股份,002763.SZ,SZSE,主板,深圳,服饰,20150610,N,,,,,,,,,,False,,
2765,蓝黛科技,002765.SZ,SZSE,主板,重庆,元器件,20150612,S,,,,,,,,,,False,,
2766,索菱股份,002766.SZ,SZSE,主板,深圳,汽车配件,20150611,S,,,,,,,,,,False,,
2767,先锋电子,002767.SZ,SZSE,主板,浙江,电器仪表,20150612,N,,,,,,,,,,False,,
2768,国恩股份,002768.SZ,SZSE,主板,山东,塑料,20150630,S,,,,,,,,,,False,,
2769,普路通,002769.SZ,SZSE,主板,广东,仓储物流,20150629,N,,,,,,,,,,False,,
2771,真视通,002771.SZ,SZSE,主板,北京,软件服务,20150629,N,,,,,,,,,,False,,
2772,众兴菌业,002772.SZ,SZSE,主板,甘肃,种植业,20150626,N,,,,,,,,,,False,,
2773,康弘药业,002773.SZ,SZSE,主板,四川,化学制药,20150626,S,,,,,,,,,,False,,
2774,快意电梯,002774.SZ,SZSE,主板,广东,运输设备,20170324,N,,,,,,,,,,False,,
2775,文科股份,002775.SZ,SZSE,主板,广东,建筑工程,20150629,N,,,,,,,,,,False,,
2777,久远银海,002777.SZ,SZSE,主板,四川,软件服务,20151231,S,,,,,,,,,,False,,
2778,中晟高科,002778.SZ,SZSE,主板,江苏,环境保护,20160106,N,,,,,,,,,,False,,
2779,中坚科技,002779.SZ,SZSE,主板,浙江,农用机械,20151209,S,,,,,,,,,,False,,
2780,三夫户外,002780.SZ,SZSE,主板,北京,服饰,20151209,N,,,,,,,,,,False,,
2782,可立克,002782.SZ,SZSE,主板,深圳,元器件,20151222,S,,,,,,,,,,False,,
2783,凯龙股份,002783.SZ,SZSE,主板,湖北,化工原料,20151209,N,,,,,,,,,,False,,
2785,万里石,002785.SZ,SZSE,主板,福建,其他建材,20151223,S,,,,,,,,,,False,,
2786,银宝山新,002786.SZ,SZSE,主板,深圳,专用机械,20151223,S,,,,,,,,,,False,,
2787,华源控股,002787.SZ,SZSE,主板,江苏,广告包装,20151231,N,,,,,,,,,,False,,
2788,鹭燕医药,002788.SZ,SZSE,主板,福建,医药商业,20160218,N,,,,,,,,,,False,,
2789,*ST建艺,002789.SZ,SZSE,主板,深圳,装修装饰,20160311,N,,,,,,,,,,True,,
2790,瑞尔特,002790.SZ,SZSE,主板,福建,家居用品,20160308,N,,,,,,,,,,False,,
2791,坚朗五金,002791.SZ,SZSE,主板,广东,其他建材,20160329,S,,,,,,,,,,False,,
2792,通宇通讯,002792.SZ,SZSE,主板,广东,通信设备,20160328,S,,,,,,,,,,False,,
2793,罗欣药业,002793.SZ,SZSE,主板,山东,化学制药,20160415,S,,,,,,,,,,False,,
2795,永和智控,002795.SZ,SZSE,主板,浙江,机械基件,20160428,N,,,,,,,,,,False,,
2796,世嘉科技,002796.SZ,SZSE,主板,江苏,通信设备,20160510,N,,,,,,,,,,False,,
2797,第一创业,002797.SZ,SZSE,主板,深圳,证券,20160511,S,,,,,,,,,,False,,
2798,帝欧水华,002798.SZ,SZSE,主板,四川,家居用品,20160525,N,,,,,,,,,,False,,
2799,环球印务,002799.SZ,SZSE,主板,陕西,广告包装,20160608,N,,,,,,,,,,False,,
2800,天顺股份,002800.SZ,SZSE,主板,新疆,仓储物流,20160530,N,,,,,,,,,,False,,
2801,微光股份,002801.SZ,SZSE,主板,浙江,电气设备,20160622,S,,,,,,,,,,False,,
2802,洪汇新材,002802.SZ,SZSE,主板,江苏,化工原料,20160629,N,,,,,,,,,,False,,
2803,吉宏股份,002803.SZ,SZSE,主板,福建,互联网,20160712,S,,,,,,,,,,False,,
2805,丰元股份,002805.SZ,SZSE,主板,山东,电气设备,20160707,N,,,,,,,,,,False,,
2806,华锋股份,002806.SZ,SZSE,主板,广东,汽车配件,20160726,N,,,,,,,,,,False,,
2807,江阴银行,002807.SZ,SZSE,主板,江苏,银行,20160902,S,,,,,,,,,,False,,
2808,*ST恒久,002808.SZ,SZSE,主板,江苏,元器件,20160812,N,,,,,,,,,,True,,
2809,红墙股份,002809.SZ,SZSE,主板,广东,化工原料,20160823,N,,,,,,,,,,False,,
2810,山东赫达,002810.SZ,SZSE,主板,山东,化工原料,20160826,S,,,,,,,,,,False,,
2811,郑中设计,002811.SZ,SZSE,主板,深圳,装修装饰,20160908,N,,,,,,,,,,False,,
2812,恩捷股份,002812.SZ,SZSE,主板,云南,电气设备,20160914,S,,,,,,,,,,False,,
2813,路畅科技,002813.SZ,SZSE,主板,深圳,汽车配件,20161012,N,,,,,,,,,,False,,
2815,崇达技术,002815.SZ,SZSE,主板,深圳,元器件,20161012,S,,,,,,,,,,False,,
2816,*ST和科,002816.SZ,SZSE,主板,深圳,专用机械,20161025,N,,,,,,,,,,True,,
2817,黄山胶囊,002817.SZ,SZSE,主板,安徽,化学制药,20161025,N,,,,,,,,,,False,,
2818,富森美,002818.SZ,SZSE,主板,四川,其他商业,20161109,S,,,,,,,,,,False,,
2819,东方中科,002819.SZ,SZSE,主板,北京,电器仪表,20161111,S,,,,,,,,,,False,,
2820,桂发祥,002820.SZ,SZSE,主板,天津,食品,20161118,N,,,,,,,,,,False,,
2821,凯莱英,002821.SZ,SZSE,主板,天津,生物制药,20161118,S,,,,,,,,,,False,,
2822,ST中装,002822.SZ,SZSE,主板,深圳,装修装饰,20161129,N,,,,,,,,,,True,,
2823,凯中精密,002823.SZ,SZSE,主板,深圳,机械基件,20161124,S,,,,,,,,,,False,,
2824,和胜股份,002824.SZ,SZSE,主板,广东,铝,20170112,S,,,,,,,,,,False,,
2825,纳尔股份,002825.SZ,SZSE,主板,上海,化工原料,20161129,N,,,,,,,,,,False,,
2826,易明医药,002826.SZ,SZSE,主板,西藏,化学制药,20161209,N,,,,,,,,,,False,,
2827,高争民爆,002827.SZ,SZSE,主板,西藏,化工原料,20161209,S,,,,,,,,,,False,,
2828,贝肯能源,002828.SZ,SZSE,主板,新疆,石油开采,20161208,N,,,,,,,,,,False,,
2829,星网宇达,002829.SZ,SZSE,主板,北京,航空,20161213,N,,,,,,,,,,False,,
2830,名雕股份,002830.SZ,SZSE,主板,深圳,装修装饰,20161213,N,,,,,,,,,,False,,
2831,裕同科技,002831.SZ,SZSE,主板,深圳,广告包装,20161216,S,,,,,,,,,,False,,
2832,比音勒芬,002832.SZ,SZSE,主板,广东,服饰,20161223,S,,,,,,,,,,False,,
2833,弘亚数控,002833.SZ,SZSE,主板,广东,专用机械,20161228,S,,,,,,,,,,False,,
2835,同为股份,002835.SZ,SZSE,主板,深圳,IT设备,20161228,N,,,,,,,,,,False,,
2836,新宏泽,002836.SZ,SZSE,主板,广东,广告包装,20161229,N,,,,,,,,,,False,,
2837,英维克,002837.SZ,SZSE,主板,深圳,专用机械,20161229,S,,,,,,,,,,False,,
2838,道恩股份,002838.SZ,SZSE,主板,山东,塑料,20170106,S,,,,,,,,,,False,,
2839,张家港行,002839.SZ,SZSE,主板,江苏,银行,20170124,S,,,,,,,,,,False,,
2840,华统股份,002840.SZ,SZSE,主板,浙江,食品,20170110,S,,,,,,,,,,False,,
2841,视源股份,002841.SZ,SZSE,主板,广东,元器件,20170119,S,,,,,,,,,,False,,
2842,翔鹭钨业,002842.SZ,SZSE,主板,广东,小金属,20170119,N,,,,,,,,,,False,,
2843,泰嘉股份,002843.SZ,SZSE,主板,湖南,钢加工,20170120,S,,,,,,,,,,False,,
2845,同兴达,002845.SZ,SZSE,主板,深圳,元器件,20170125,S,,,,,,,,,,False,,
2846,英联股份,002846.SZ,SZSE,主板,广东,广告包装,20170207,S,,,,,,,,,,False,,
2847,盐津铺子,002847.SZ,SZSE,主板,湖南,食品,20170208,S,,,,,,,,,,False,,
2848,*ST高斯,002848.SZ,SZSE,主板,湖南,家用电器,20170213,N,,,,,,,,,,True,,
2849,威星智能,002849.SZ,SZSE,主板,浙江,电器仪表,20170217,N,,,,,,,,,,False,,
2850,科达利,002850.SZ,SZSE,主板,深圳,电气设备,20170302,S,,,,,,,,,,False,,
2851,麦格米特,002851.SZ,SZSE,主板,深圳,电气设备,20170306,S,,,,,,,,,,False,,
2852,道道全,002852.SZ,SZSE,主板,湖南,食品,20170310,N,,,,,,,,,,False,,
2853,皮阿诺,002853.SZ,SZSE,主板,广东,家居用品,20170310,N,,,,,,,,,,False,,
2855,捷荣技术,002855.SZ,SZSE,主板,广东,元器件,20170321,S,,,,,,,,,,False,,
2856,*ST美芝,002856.SZ,SZSE,主板,深圳,装修装饰,20170320,N,,,,,,,,,,True,,
2857,三晖电气,002857.SZ,SZSE,主板,河南,电器仪表,20170323,N,,,,,,,,,,False,,
2858,力盛体育,002858.SZ,SZSE,主板,上海,文教休闲,20170324,N,,,,,,,,,,False,,
2859,洁美科技,002859.SZ,SZSE,主板,浙江,元器件,20170407,S,,,,,,,,,,False,,
2860,星帅尔,002860.SZ,SZSE,主板,浙江,家用电器,20170412,N,,,,,,,,,,False,,
2861,瀛通通讯,002861.SZ,SZSE,主板,湖北,元器件,20170413,N,,,,,,,,,,False,,
2862,实丰文化,002862.SZ,SZSE,主板,广东,文教休闲,20170411,N,,,,,,,,,,False,,
2863,今飞凯达,002863.SZ,SZSE,主板,浙江,汽车配件,20170418,N,,,,,,,,,,False,,
2864,盘龙药业,002864.SZ,SZSE,主板,陕西,中成药,20171116,N,,,,,,,,,,False,,
2865,钧达股份,002865.SZ,SZSE,主板,海南,电气设备,20170425,S,,,,,,,,,,False,,
2866,传艺科技,002866.SZ,SZSE,主板,江苏,IT设备,20170426,S,,,,,,,,,,False,,
2867,周大生,002867.SZ,SZSE,主板,深圳,服饰,20170427,S,,,,,,,,,,False,,
2868,绿康生化,002868.SZ,SZSE,主板,福建,农业综合,20170503,N,,,,,,,,,,False,,
2869,金溢科技,002869.SZ,SZSE,主板,深圳,通信设备,20170515,S,,,,,,,,,,False,,
2870,香山股份,002870.SZ,SZSE,主板,广东,汽车配件,20170515,N,,,,,,,,,,False,,
2871,伟隆股份,002871.SZ,SZSE,主板,山东,机械基件,20170511,N,,,,,,,,,,False,,
2872,ST天圣,002872.SZ,SZSE,主板,重庆,医药商业,20170519,N,,,,,,,,,,True,,
2873,新天药业,002873.SZ,SZSE,主板,贵州,中成药,20170519,N,,,,,,,,,,False,,
2875,安奈儿,002875.SZ,SZSE,主板,深圳,服饰,20170601,N,,,,,,,,,,False,,
2876,三利谱,002876.SZ,SZSE,主板,深圳,元器件,20170525,S,,,,,,,,,,False,,
2877,智能自控,002877.SZ,SZSE,主板,江苏,机械基件,20170605,N,,,,,,,,,,False,,
2878,元隆雅图,002878.SZ,SZSE,主板,北京,广告包装,20170606,S,,,,,,,,,,False,,
2879,长缆科技,002879.SZ,SZSE,主板,湖南,电气设备,20170707,N,,,,,,,,,,False,,
2880,卫光生物,002880.SZ,SZSE,主板,深圳,生物制药,20170616,S,,,,,,,,,,False,,
2881,美格智能,002881.SZ,SZSE,主板,深圳,元器件,20170622,S,,,,,,,,,,False,,
2882,金龙羽,002882.SZ,SZSE,主板,深圳,电气设备,20170717,S,,,,,,,,,,False,,
2883,*ST中设,002883.SZ,SZSE,主板,江苏,建筑工程,20170620,N,,,,,,,,,,True,,
2884,凌霄泵业,002884.SZ,SZSE,主板,广东,机械基件,20170711,S,,,,,,,,,,False,,
2885,京泉华,002885.SZ,SZSE,主板,深圳,元器件,20170627,N,,,,,,,,,,False,,
2886,沃特股份,002886.SZ,SZSE,主板,深圳,塑料,20170627,S,,,,,,,,,,False,,
2887,绿茵生态,002887.SZ,SZSE,主板,天津,环境保护,20170801,N,,,,,,,,,,False,,
2888,惠威科技,002888.SZ,SZSE,主板,广东,元器件,20170721,N,,,,,,,,,,False,,
2889,东方嘉盛,002889.SZ,SZSE,主板,深圳,仓储物流,20170731,S,,,,,,,,,,False,,
2890,弘宇股份,002890.SZ,SZSE,主板,山东,农用机械,20170802,N,,,,,,,,,,False,,
2891,中宠股份,002891.SZ,SZSE,主板,山东,饲料,20170821,S,,,,,,,,,,False,,
2892,科力尔,002892.SZ,SZSE,主板,湖南,电气设备,20170817,S,,,,,,,,,,False,,
2893,京能热力,002893.SZ,SZSE,主板,北京,供气供热,20170915,N,,,,,,,,,,False,,
2895,川恒股份,002895.SZ,SZSE,主板,贵州,化工原料,20170825,S,,,,,,,,,,False,,
2896,中大力德,002896.SZ,SZSE,主板,浙江,机械基件,20170829,S,,,,,,,,,,False,,
2897,意华股份,002897.SZ,SZSE,主板,浙江,元器件,20170907,S,,,,,,,,,,False,,
2898,*ST赛隆,002898.SZ,SZSE,主板,广东,化学制药,20170912,N,,,,,,,,,,True,,
2899,英派斯,002899.SZ,SZSE,主板,山东,文教休闲,20170915,N,,,,,,,,,,False,,
2900,哈三联,002900.SZ,SZSE,主板,黑龙江,化学制药,20170922,N,,,,,,,,,,False,,
2901,大博医疗,002901.SZ,SZSE,主板,福建,医疗保健,20170922,S,,,,,,,,,,False,,
2902,铭普光磁,002902.SZ,SZSE,主板,广东,通信设备,20170929,S,,,,,,,,,,False,,
2903,宇环数控,002903.SZ,SZSE,主板,湖南,机床制造,20171013,N,,,,,,,,,,False,,
2905,金逸影视,002905.SZ,SZSE,主板,广东,影视音像,20171016,N,,,,,,,,,,False,,
2906,华阳集团,002906.SZ,SZSE,主板,广东,汽车配件,20171013,S,,,,,,,,,,False,,
2907,华森制药,002907.SZ,SZSE,主板,重庆,中成药,20171020,S,,,,,,,,,,False,,
2908,德生科技,002908.SZ,SZSE,主板,广东,软件服务,20171020,N,,,,,,,,,,False,,
2909,集泰股份,002909.SZ,SZSE,主板,广东,化工原料,20171026,N,,,,,,,,,,False,,
2910,庄园牧场,002910.SZ,SZSE,主板,甘肃,乳制品,20171031,N,,,,,,,,,,False,,
2911,佛燃能源,002911.SZ,SZSE,主板,广东,供气供热,20171122,S,,,,,,,,,,False,,
2912,中新赛克,002912.SZ,SZSE,主板,深圳,IT设备,20171121,N,,,,,,,,,,False,,
2913,奥士康,002913.SZ,SZSE,主板,湖南,元器件,20171201,S,,,,,,,,,,False,,
2915,中欣氟材,002915.SZ,SZSE,主板,浙江,化工原料,20171205,S,,,,,,,,,,False,,
2916,深南电路,002916.SZ,SZSE,主板,深圳,元器件,20171213,S,,,,,,,,,,False,,
2917,金奥博,002917.SZ,SZSE,主板,深圳,化工原料,20171208,N,,,,,,,,,,False,,
2918,蒙娜丽莎,002918.SZ,SZSE,主板,广东,陶瓷,20171219,S,,,,,,,,,,False,,
2919,名臣健康,002919.SZ,SZSE,主板,广东,互联网,20171218,N,,,,,,,,,,False,,
2920,德赛西威,002920.SZ,SZSE,主板,广东,汽车配件,20171226,S,,,,,,,,,,False,,
2921,联诚精密,002921.SZ,SZSE,主板,山东,汽车配件,20171227,N,,,,,,,,,,False,,
2922,伊戈尔,002922.SZ,SZSE,主板,广东,电气设备,20171229,S,,,,,,,,,,False,,
2923,润都股份,002923.SZ,SZSE,主板,广东,化学制药,20180105,N,,,,,,,,,,False,,
2925,盈趣科技,002925.SZ,SZSE,主板,福建,元器件,20180115,S,,,,,,,,,,False,,
2926,华西证券,002926.SZ,SZSE,主板,四川,证券,20180205,S,,,,,,,,,,False,,
2927,泰永长征,002927.SZ,SZSE,主板,贵州,电气设备,20180223,N,,,,,,,,,,False,,
2928,华夏航空,002928.SZ,SZSE,主板,贵州,空运,20180302,S,,,,,,,,,,False,,
2929,润建股份,002929.SZ,SZSE,主板,广西,通信设备,20180301,S,,,,,,,,,,False,,
2930,宏川智慧,002930.SZ,SZSE,主板,广东,仓储物流,20180328,S,,,,,,,,,,False,,
2931,锋龙股份,002931.SZ,SZSE,主板,浙江,机械基件,20180403,N,,,,,,,,,,False,,
2932,*ST明德,002932.SZ,SZSE,主板,湖北,医疗保健,20180710,N,,,,,,,,,,True,,
2933,新兴装备,002933.SZ,SZSE,主板,北京,航空,20180828,N,,,,,,,,,,False,,
2935,天奥电子,002935.SZ,SZSE,主板,四川,航空,20180903,S,,,,,,,,,,False,,
2936,郑州银行,002936.SZ,SZSE,主板,河南,银行,20180919,S,,,,,,,,,,False,,
2937,兴瑞科技,002937.SZ,SZSE,主板,浙江,元器件,20180926,S,,,,,,,,,,False,,
2938,鹏鼎控股,002938.SZ,SZSE,主板,深圳,元器件,20180918,S,,,,,,,,,,False,,
2939,长城证券,002939.SZ,SZSE,主板,深圳,证券,20181026,S,,,,,,,,,,False,,
2940,昂利康,002940.SZ,SZSE,主板,浙江,化学制药,20181023,S,,,,,,,,,,False,,
2941,新疆交建,002941.SZ,SZSE,主板,新疆,建筑工程,20181128,S,,,,,,,,,,False,,
2942,新农股份,002942.SZ,SZSE,主板,浙江,农药化肥,20181205,N,,,,,,,,,,False,,
2943,宇晶股份,002943.SZ,SZSE,主板,湖南,机床制造,20181129,S,,,,,,,,,,False,,
2945,华林证券,002945.SZ,SZSE,主板,西藏,证券,20190117,S,,,,,,,,,,False,,
2946,新乳业,002946.SZ,SZSE,主板,四川,乳制品,20190125,S,,,,,,,,,,False,,
2947,恒铭达,002947.SZ,SZSE,主板,江苏,元器件,20190201,S,,,,,,,,,,False,,
2948,青岛银行,002948.SZ,SZSE,主板,山东,银行,20190116,S,,,,,,,,,,False,,
2949,华阳国际,002949.SZ,SZSE,主板,深圳,建筑工程,20190226,N,,,,,,,,,,False,,
2950,奥美医疗,002950.SZ,SZSE,主板,湖北,医疗保健,20190311,S,,,,,,,,,,False,,
2951,金时科技,002951.SZ,SZSE,主板,四川,广告包装,20190315,S,,,,,,,,,,False,,
2952,亚世光电,002952.SZ,SZSE,主板,辽宁,元器件,20190328,N,,,,,,,,,,False,,
2953,日丰股份,002953.SZ,SZSE,主板,广东,电气设备,20190509,S,,,,,,,,,,False,,
2955,鸿合科技,002955.SZ,SZSE,主板,深圳,IT设备,20190523,S,,,,,,,,,,False,,
2956,西麦食品,002956.SZ,SZSE,主板,广西,食品,20190619,N,,,,,,,,,,False,,
2957,科瑞技术,002957.SZ,SZSE,主板,深圳,专用机械,20190726,S,,,,,,,,,,False,,
2958,青农商行,002958.SZ,SZSE,主板,山东,银行,20190326,S,,,,,,,,,,False,,
2959,小熊电器,002959.SZ,SZSE,主板,广东,家用电器,20190823,S,,,,,,,,,,False,,
2960,青鸟智控,002960.SZ,SZSE,主板,河北,专用机械,20190809,S,,,,,,,,,,False,,
2961,瑞达期货,002961.SZ,SZSE,主板,福建,多元金融,20190905,S,,,,,,,,,,False,,
2962,五方光电,002962.SZ,SZSE,主板,湖北,元器件,20190917,N,,,,,,,,,,False,,
2963,豪尔赛,002963.SZ,SZSE,主板,北京,装修装饰,20191028,N,,,,,,,,,,False,,
2965,祥鑫科技,002965.SZ,SZSE,主板,广东,汽车配件,20191025,S,,,,,,,,,,False,,
2966,苏州银行,002966.SZ,SZSE,主板,江苏,银行,20190802,S,,,,,,,,,,False,,
2967,广电计量,002967.SZ,SZSE,主板,广东,电器仪表,20191108,S,,,,,,,,,,False,,
2968,新大正,002968.SZ,SZSE,主板,重庆,房产服务,20191203,N,,,,,,,,,,False,,
2969,嘉美包装,002969.SZ,SZSE,主板,安徽,广告包装,20191202,N,,,,,,,,,,False,,
2970,锐明技术,002970.SZ,SZSE,主板,深圳,IT设备,20191217,S,,,,,,,,,,False,,
2971,和远气体,002971.SZ,SZSE,主板,湖北,化工原料,20200113,S,,,,,,,,,,False,,
2972,科安达,002972.SZ,SZSE,主板,深圳,运输设备,20191227,N,,,,,,,,,,False,,
2973,侨银股份,002973.SZ,SZSE,主板,广东,环境保护,20200106,S,,,,,,,,,,False,,
2975,博杰股份,002975.SZ,SZSE,主板,广东,专用机械,20200205,S,,,,,,,,,,False,,
2976,瑞玛精密,002976.SZ,SZSE,主板,江苏,汽车配件,20200306,N,,,,,,,,,,False,,
2977,*ST天箭,002977.SZ,SZSE,主板,四川,通信设备,20200317,N,,,,,,,,,,True,,
2978,安宁股份,002978.SZ,SZSE,主板,四川,小金属,20200417,S,,,,,,,,,,False,,
2979,雷赛智能,002979.SZ,SZSE,主板,深圳,专用机械,20200408,S,,,,,,,,,,False,,
2980,华盛昌,002980.SZ,SZSE,主板,深圳,电器仪表,20200415,N,,,,,,,,,,False,,
2981,朝阳科技,002981.SZ,SZSE,主板,广东,元器件,20200417,N,,,,,,,,,,False,,
2982,湘佳股份,002982.SZ,SZSE,主板,湖南,农业综合,20200424,N,,,,,,,,,,False,,
2983,芯瑞达,002983.SZ,SZSE,主板,安徽,元器件,20200428,N,,,,,,,,,,False,,
2984,森麒麟,002984.SZ,SZSE,主板,山东,汽车配件,20200911,S,,,,,,,,,,False,,
2985,北摩高科,002985.SZ,SZSE,主板,北京,航空,20200429,S,,,,,,,,,,False,,
2986,宇新股份,002986.SZ,SZSE,主板,广东,化工原料,20200602,S,,,,,,,,,,False,,
2987,京北方,002987.SZ,SZSE,主板,北京,软件服务,20200507,S,,,,,,,,,,False,,
2988,豪美新材,002988.SZ,SZSE,主板,广东,铝,20200518,S,,,,,,,,,,False,,
2989,中天精装,002989.SZ,SZSE,主板,深圳,装修装饰,20200610,S,,,,,,,,,,False,,
2990,盛视科技,002990.SZ,SZSE,主板,深圳,软件服务,20200525,S,,,,,,,,,,False,,
2991,甘源食品,002991.SZ,SZSE,主板,江西,食品,20200731,S,,,,,,,,,,False,,
2992,宝明科技,002992.SZ,SZSE,主板,深圳,元器件,20200803,S,,,,,,,,,,False,,
2993,奥海科技,002993.SZ,SZSE,主板,广东,元器件,20200817,S,,,,,,,,,,False,,
2995,天地在线,002995.SZ,SZSE,主板,北京,互联网,20200805,N,,,,,,,,,,False,,
2996,顺博合金,002996.SZ,SZSE,主板,重庆,铝,20200828,S,,,,,,,,,,False,,
2997,瑞鹄模具,002997.SZ,SZSE,主板,安徽,汽车配件,20200903,S,,,,,,,,,,False,,
2998,优彩资源,002998.SZ,SZSE,主板,江苏,化纤,20200925,N,,,,,,,,,,False,,
2999,天禾股份,002999.SZ,SZSE,主板,广东,批发业,20200903,N,,,,,,,,,,False,,
3000,劲仔食品,003000.SZ,SZSE,主板,湖南,食品,20200914,S,,,,,,,,,,False,,
3001,中岩大地,003001.SZ,SZSE,主板,北京,建筑工程,20201013,S,,,,,,,,,,False,,
3002,壶化股份,003002.SZ,SZSE,主板,山西,化工原料,20200922,S,,,,,,,,,,False,,
3003,天元股份,003003.SZ,SZSE,主板,广东,广告包装,20200921,N,,,,,,,,,,False,,
3004,声迅股份,003004.SZ,SZSE,主板,北京,IT设备,20201126,N,,,,,,,,,,False,,
3005,竞业达,003005.SZ,SZSE,主板,北京,软件服务,20200922,S,,,,,,,,,,False,,
3006,百亚股份,003006.SZ,SZSE,主板,重庆,造纸,20200921,S,,,,,,,,,,False,,
3007,直真科技,003007.SZ,SZSE,主板,北京,软件服务,20200923,N,,,,,,,,,,False,,
3008,开普检测,003008.SZ,SZSE,主板,河南,电气设备,20200923,N,,,,,,,,,,False,,
3009,中天火箭,003009.SZ,SZSE,主板,陕西,航空,20200925,S,,,,,,,,,,False,,
3010,若羽臣,003010.SZ,SZSE,主板,广东,互联网,20200925,S,,,,,,,,,,False,,
3011,海象新材,003011.SZ,SZSE,主板,浙江,家居用品,20200930,N,,,,,,,,,,False,,
3012,东鹏控股,003012.SZ,SZSE,主板,广东,陶瓷,20201019,S,,,,,,,,,,False,,
3013,地铁设计,003013.SZ,SZSE,主板,广东,建筑工程,20201022,S,,,,,,,,,,False,,
3015,日久光电,003015.SZ,SZSE,主板,江苏,元器件,20201021,N,,,,,,,,,,False,,
3016,欣贺股份,003016.SZ,SZSE,主板,福建,服饰,20201026,N,,,,,,,,,,False,,
3017,大洋生物,003017.SZ,SZSE,主板,浙江,化工原料,20201026,N,,,,,,,,,,False,,
3018,金富科技,003018.SZ,SZSE,主板,广东,塑料,20201106,N,,,,,,,,,,False,,
3019,宸展光电,003019.SZ,SZSE,主板,福建,元器件,20201117,S,,,,,,,,,,False,,
3020,立方制药,003020.SZ,SZSE,主板,安徽,化学制药,20201215,S,,,,,,,,,,False,,
3021,兆威机电,003021.SZ,SZSE,主板,深圳,元器件,20201204,S,,,,,,,,,,False,,
3022,联泓新科,003022.SZ,SZSE,主板,山东,化工原料,20201208,S,,,,,,,,,,False,,
3023,彩虹集团,003023.SZ,SZSE,主板,四川,家用电器,20201211,N,,,,,,,,,,False,,
3025,思进智能,003025.SZ,SZSE,主板,浙江,机床制造,20201211,N,,,,,,,,,,False,,
3026,中晶科技,003026.SZ,SZSE,主板,浙江,半导体,20201218,N,,,,,,,,,,False,,
3027,同兴科技,003027.SZ,SZSE,主板,安徽,环境保护,20201218,N,,,,,,,,,,False,,
3028,振邦智能,003028.SZ,SZSE,主板,深圳,元器件,20201228,N,,,,,,,,,,False,,
3029,吉大正元,003029.SZ,SZSE,主板,吉林,软件服务,20201224,S,,,,,,,,,,False,,
3030,祖名股份,003030.SZ,SZSE,主板,浙江,食品,20210106,N,,,,,,,,,,False,,
3031,中瓷电子,003031.SZ,SZSE,主板,河北,元器件,20210104,S,,,,,,,,,,False,,
3032,*ST传智,003032.SZ,SZSE,主板,江苏,文教休闲,20210112,N,,,,,,,,,,True,,
3033,征和工业,003033.SZ,SZSE,主板,山东,汽车配件,20210111,N,,,,,,,,,,False,,
3035,南网能源,003035.SZ,SZSE,主板,广东,新型电力,20210119,S,,,,,,,,,,False,,
3036,泰坦股份,003036.SZ,SZSE,主板,浙江,纺织机械,20210128,N,,,,,,,,,,False,,
3037,三和管桩,003037.SZ,SZSE,主板,广东,水泥,20210204,N,,,,,,,,,,False,,
3038,鑫铂股份,003038.SZ,SZSE,主板,安徽,铝,20210210,N,,,,,,,,,,False,,
3039,顺控发展,003039.SZ,SZSE,主板,广东,水务,20210308,S,,,,,,,,,,False,,
3040,楚天龙,003040.SZ,SZSE,主板,广东,通信设备,20210322,S,,,,,,,,,,False,,
3041,真爱美家,003041.SZ,SZSE,主板,浙江,纺织,20210406,N,,,,,,,,,,False,,
3042,中农联合,003042.SZ,SZSE,主板,山东,农药化肥,20210406,N,,,,,,,,,,False,,
3043,华亚智能,003043.SZ,SZSE,主板,江苏,半导体,20210406,S,,,,,,,,,,False,,
3816,中国广核,003816.SZ,SZSE,主板,深圳,新型电力,20190826,S,,,,,,,,,,False,,
300001,特锐德,300001.SZ,SZSE,创业板,山东,电气设备,20091030,S,于德翔,,105553.7713,,,,,,,False,C38电气机械和器材制造业,证监会行业分类
300002,神州泰岳,300002.SZ,SZSE,创业板,北京,互联网,20091030,S,冒大卫,,196717.3866,,,,,,,False,I64互联网和相关服务,证监会行业分类
300003,乐普医疗,300003.SZ,SZSE,创业板,北京,医疗保健,20091030,S,蒲忠杰,,184342.4716,,,,,,,False,C35专用设备制造业,证监会行业分类
300004,南风股份,300004.SZ,SZSE,创业板,广东,电气设备,20091030,N,袁学亮,,47999.3598,,,,,,,False,C34通用设备制造业,证监会行业分类
300005,探路者,300005.SZ,SZSE,创业板,北京,服饰,20091030,S,何华杰,,88370.2186,,,,,,,False,C18纺织服装、服饰业,证监会行业分类
300006,莱美药业,300006.SZ,SZSE,创业板,重庆,化学制药,20091030,N,梁建生,,105591.1205,,,,,,,False,C27医药制造业,证监会行业分类
300007,汉威科技,300007.SZ,SZSE,创业板,河南,电器仪表,20091030,S,任红军,,32744.5619,,,,,,,False,I65软件和信息技术服务业,证监会行业分类
300008,天海防务,300008.SZ,SZSE,创业板,上海,船舶,20091030,S,占金锋,,172802.9133,,,,,,,False,C37铁路、船舶、航空航天和其他运输设备制造业,证监会行业分类
300009,安科生物,300009.SZ,SZSE,创业板,安徽,生物制药,20091030,S,宋礼华,,167070.0708,,,,,,,False,C27医药制造业,证监会行业分类
300010,ST豆神,300010.SZ,SZSE,创业板,北京,软件服务,20091030,N,赵伯奇,,206661.2659,,,,,,,True,I65软件和信息技术服务业,证监会行业分类
300011,鼎汉技术,300011.SZ,SZSE,创业板,北京,运输设备,20091030,N,刘中秋,,60555.5387,,,,,,,False,C37铁路、船舶、航空航天和其他运输设备制造业,证监会行业分类
300012,华测检测,300012.SZ,SZSE,创业板,深圳,电器仪表,20091030,S,万峰,,168282.8214,,,,,,,False,M74专业技术服务业,证监会行业分类
300013,新宁物流,300013.SZ,SZSE,创业板,河南,仓储物流,20091030,N,刘瑞军,,55835.8894,,,,,,,False,G59装卸搬运和仓储业,证监会行业分类
300014,亿纬锂能,300014.SZ,SZSE,创业板,广东,电气设备,20091030,S,刘金成,,217329.6935,,,,,,,False,C38电气机械和器材制造业,证监会行业分类
300015,爱尔眼科,300015.SZ,SZSE,创业板,湖南,医疗保健,20091030,S,陈邦,,932539.667,,,,,,,False,Q84卫生,证监会行业分类
300016,北陆药业,300016.SZ,SZSE,创业板,北京,化学制药,20091030,N,王旭,,58168.9731,,,,,,,False,C27医药制造业,证监会行业分类
300017,网宿科技,300017.SZ,SZSE,创业板,上海,软件服务,20091030,S,周丽萍,,249568.4777,,,,,,,False,I65软件和信息技术服务业,证监会行业分类
300018,中元股份,300018.SZ,SZSE,创业板,湖北,电气设备,20091030,N,朱双全,,48533.5536,,,,,,,False,C38电气机械和器材制造业,证监会行业分类
300019,硅宝科技,300019.SZ,SZSE,创业板,四川,化工原料,20091030,S,王有治,,39311.67,,,,,,,False,C26化学原料和化学制品制造业,证监会行业分类
300020,ST银江,300020.SZ,SZSE,创业板,浙江,软件服务,20091030,N,韩振兴,,79467.7974,,,,,,,True,I65软件和信息技术服务业,证监会行业分类
300021,大禹节水,300021.SZ,SZSE,创业板,甘肃,建筑工程,20091030,N,王浩宇,,102236.7469,,,,,,,False,N76水利管理业,证监会行业分类
300022,吉峰科技,300022.SZ,SZSE,创业板,四川,农用机械,20091030,N,田刚强,,49424.038,,,,,,,False,F51批发业,证监会行业分类
300024,机器人,300024.SZ,SZSE,创业板,辽宁,专用机械,20091030,S,张进,,156561.995,,,,,,,False,C34通用设备制造业,证监会行业分类
300025,华星创业,300025.SZ,SZSE,创业板,浙江,通信设备,20091030,N,朱东成,,50879.2922,,,,,,,False,I65软件和信息技术服务业,证监会行业分类
300026,红日药业,300026.SZ,SZSE,创业板,天津,中成药,20091030,S,吴文元,,300415.4837,,,,,,,False,C27医药制造业,证监会行业分类
300027,ST华谊,300027.SZ,SZSE,创业板,浙江,影视音像,20091030,N,王忠军,,277450.5919,,,,,,,True,R87广播、电视、电影和录音制作业,证监会行业分类
300029,*ST天龙,300029.SZ,SZSE,创业板,江苏,建筑工程,20091225,N,王广收,,20050.65,,,,,,,True,E48土木工程建筑业,证监会行业分类
300030,阳普医疗,300030.SZ,SZSE,创业板,广东,医疗保健,20091225,N,杨涛,,30918.7315,,,,,,,False,C35专用设备制造业,证监会行业分类
300031,宝通科技,300031.SZ,SZSE,创业板,江苏,互联网,20091225,S,包志方,,41874.6695,,,,,,,False,I64互联网和相关服务,证监会行业分类
300032,金龙机电,300032.SZ,SZSE,创业板,浙江,元器件,20091225,N,徐高金,,80316.9608,,,,,,,False,C38电气机械和器材制造业,证监会行业分类
300033,同花顺,300033.SZ,SZSE,创业板,浙江,软件服务,20091225,S,易峥,,75264.0,,,,,,,False,J69其他金融业,证监会行业分类
300034,钢研高纳,300034.SZ,SZSE,创业板,北京,航空,20091225,S,周武平,,79696.1563,,,,,,,False,C32有色金属冶炼和压延加工业,证监会行业分类
300035,中科电气,300035.SZ,SZSE,创业板,湖南,电气设备,20091225,S,余新,,68542.6671,,,,,,,False,C39计算机、通信和其他电子设备制造业,证监会行业分类
300036,超图软件,300036.SZ,SZSE,创业板,北京,软件服务,20091225,S,宋关福,,49276.6617,,,,,,,False,I65软件和信息技术服务业,证监会行业分类
300037,新宙邦,300037.SZ,SZSE,创业板,深圳,化工原料,20100108,S,覃九三,,75388.4705,,,,,,,False,C39计算机、通信和其他电子设备制造业,证监会行业分类
300039,上海凯宝,300039.SZ,SZSE,创业板,上海,中成药,20100108,S,穆竟伟,,104600.0,,,,,,,False,C27医药制造业,证监会行业分类
300040,九洲集团,300040.SZ,SZSE,创业板,黑龙江,新型电力,20100108,N,李寅,,64341.0436,,,,,,,False,D44电力、热力生产和供应业,证监会行业分类
300041,回天新材,300041.SZ,SZSE,创业板,湖北,化工原料,20100108,S,章力,,55943.4674,,,,,,,False,C26化学原料和化学制品制造业,证监会行业分类
300042,朗科科技,300042.SZ,SZSE,创业板,深圳,IT设备,20100108,S,吕志荣,,20040.0,,,,,,,False,C39计算机、通信和其他电子设备制造业,证监会行业分类
300043,星辉娱乐,300043.SZ,SZSE,创业板,广东,互联网,20100120,S,陈创煌,,124419.8401,,,,,,,False,I64互联网和相关服务,证监会行业分类
300044,*ST赛为,300044.SZ,SZSE,创业板,深圳,软件服务,20100120,N,周起如,,76386.9228,,,,,,,True,I65软件和信息技术服务业,证监会行业分类
300045,华力创通,300045.SZ,SZSE,创业板,北京,IT设备,20100120,S,高小离,,66267.5236,,,,,,,False,C39计算机、通信和其他电子设备制造业,证监会行业分类
300046,台基股份,300046.SZ,SZSE,创业板,湖北,半导体,20100120,S,胡植,,23653.1371,,,,,,,False,C39计算机、通信和其他电子设备制造业,证监会行业分类
300047,天源迪科,300047.SZ,SZSE,创业板,深圳,软件服务,20100120,S,陈友,,63774.4672,,,,,,,False,I65软件和信息技术服务业,证监会行业分类
300048,合康新能,300048.SZ,SZSE,创业板,北京,电气设备,20100120,S,陆剑峰,,113234.7357,,,,,,,False,C38电气机械和器材制造业,证监会行业分类
300049,福瑞医科,300049.SZ,SZSE,创业板,内蒙,医疗保健,20100120,S,王冠一,,26497.59,,,,,,,False,C35专用设备制造业,证监会行业分类
300050,世纪鼎利,300050.SZ,SZSE,创业板,广东,通信设备,20100120,N,吴晨明,,54484.6718,,,,,,,False,I65软件和信息技术服务业,证监会行业分类
300051,琏升科技,300051.SZ,SZSE,创业板,江苏,综合类,20100211,N,王新,,37201.769,,,,,,,False,I65软件和信息技术服务业,证监会行业分类
300052,中青宝,300052.SZ,SZSE,创业板,深圳,互联网,20100211,N,李逸伦,,26185.871,,,,,,,False,I64互联网和相关服务,证监会行业分类
300053,航宇微,300053.SZ,SZSE,创业板,广东,半导体,20100211,S,颜志宇,,69687.4323,,,,,,,False,C39计算机、通信和其他电子设备制造业,证监会行业分类
300054,鼎龙股份,300054.SZ,SZSE,创业板,湖北,化工原料,20100211,S,朱双全,,94806.8222,,,,,,,False,C39计算机、通信和其他电子设备制造业,证监会行业分类
300055,万邦达,300055.SZ,SZSE,创业板,北京,石油加工,20100226,S,王飘扬,,83674.9606,,,,,,,False,C26化学原料和化学制品制造业,证监会行业分类
300056,中创环保,300056.SZ,SZSE,创业板,福建,环境保护,20100226,S,张红亮,,38549.0443,,,,,,,False,C35专用设备制造业,证监会行业分类
300057,万顺新材,300057.SZ,SZSE,创业板,广东,铝,20100226,S,杜成城,,100357.1463,,,,,,,False,C32有色金属冶炼和压延加工业,证监会行业分类
300058,蓝色光标,300058.SZ,SZSE,创业板,北京,广告包装,20100226,S,潘安民,,359022.1227,,,,,,,False,L72商务服务业,证监会行业分类
300059,东方财富,300059.SZ,SZSE,创业板,上海,证券,20100319,S,其实,,1580403.7675,,,,,,,False,J67资本市场服务,证监会行业分类
300061,旗天科技,300061.SZ,SZSE,创业板,上海,互联网,20100319,S,李立宏,,65899.3677,,,,,,,False,L72商务服务业,证监会行业分类
300062,中能电气,300062.SZ,SZSE,创业板,福建,电气设备,20100319,N,陈添旭,,62993.737,,,,,,,False,C38电气机械和器材制造业,证监会行业分类
300063,天龙集团,300063.SZ,SZSE,创业板,广东,互联网,20100326,S,冯毅,,75852.715,,,,,,,False,L72商务服务业,证监会行业分类
300065,海兰信,300065.SZ,SZSE,创业板,北京,船舶,20100326,S,卢耀祖,,72153.916,,,,,,,False,C39计算机、通信和其他电子设备制造业,证监会行业分类
300066,三川智慧,300066.SZ,SZSE,创业板,江西,电器仪表,20100326,S,李建林,,104003.3262,,,,,,,False,C40仪器仪表制造业,证监会行业分类
300067,安诺其,300067.SZ,SZSE,创业板,上海,染料涂料,20100421,S,纪立军,,115437.4574,,,,,,,False,C26化学原料和化学制品制造业,证监会行业分类
300068,ST南都,300068.SZ,SZSE,创业板,浙江,电气设备,20100421,N,朱保义,,89836.7299,,,,,,,True,C38电气机械和器材制造业,证监会行业分类
300069,金利华电,300069.SZ,SZSE,创业板,山西,电气设备,20100421,N,王军,,11700.0,,,,,,,False,C38电气机械和器材制造业,证监会行业分类
300070,碧水源,300070.SZ,SZSE,创业板,北京,环境保护,20100421,S,黄江龙,,362420.9363,,,,,,,False,N77生态保护和环境治理业,证监会行业分类
300071,福石控股,300071.SZ,SZSE,创业板,北京,广告包装,20100421,S,陈永亮,,96388.4336,,,,,,,False,L72商务服务业,证监会行业分类
300072,海新能科,300072.SZ,SZSE,创业板,北京,化工原料,20100427,S,祝贺,,234972.0302,,,,,,,False,C26化学原料和化学制品制造业,证监会行业分类
300073,当升科技,300073.SZ,SZSE,创业板,北京,电气设备,20100427,S,陈彦彬,,54429.3668,,,,,,,False,C39计算机、通信和其他电子设备制造业,证监会行业分类
300074,华平股份,300074.SZ,SZSE,创业板,上海,软件服务,20100427,N,蒋孟衡,,55008.76,,,,,,,False,I65软件和信息技术服务业,证监会行业分类
300075,数字政通,300075.SZ,SZSE,创业板,北京,软件服务,20100427,S,王东,,62113.0158,,,,,,,False,I65软件和信息技术服务业,证监会行业分类
300076,*ST宁视,300076.SZ,SZSE,创业板,浙江,IT设备,20100430,N,荆毅民,,42400.0,,,,,,,True,C39计算机、通信和其他电子设备制造业,证监会行业分类
300077,国民技术,300077.SZ,SZSE,创业板,深圳,半导体,20100430,S,孙迎彤,,67812.67,,,,,,,False,C39计算机、通信和其他电子设备制造业,证监会行业分类
300078,思创智联,300078.SZ,SZSE,创业板,浙江,软件服务,20100430,N,魏乃绪,,111787.223,,,,,,,False,C39计算机、通信和其他电子设备制造业,证监会行业分类
300079,数码视讯,300079.SZ,SZSE,创业板,北京,IT设备,20100430,S,郑海涛,,142602.8062,,,,,,,False,C39计算机、通信和其他电子设备制造业,证监会行业分类
300080,易成新能,300080.SZ,SZSE,创业板,河南,电气设备,20100625,S,杜永红,,187338.0436,,,,,,,False,C38电气机械和器材制造业,证监会行业分类
300081,ST恒信,300081.SZ,SZSE,创业板,北京,文教休闲,20100520,N,孟楠,,60479.5417,,,,,,,True,I65软件和信息技术服务业,证监会行业分类
300082,奥克股份,300082.SZ,SZSE,创业板,辽宁,化工原料,20100520,S,朱建民,,68009.82,,,,,,,False,C26化学原料和化学制品制造业,证监会行业分类
300083,创世纪,300083.SZ,SZSE,创业板,广东,机床制造,20100520,S,夏军,,166486.2589,,,,,,,False,C34通用设备制造业,证监会行业分类
300084,海默科技,300084.SZ,SZSE,创业板,甘肃,专用机械,20100520,N,杜勤杰,,54875.9899,,,,,,,False,B11开采专业及辅助性活动,证监会行业分类
300085,银之杰,300085.SZ,SZSE,创业板,深圳,软件服务,20100526,S,陈向军,,70664.0535,,,,,,,False,I65软件和信息技术服务业,证监会行业分类
300086,康芝药业,300086.SZ,SZSE,创业板,海南,化学制药,20100526,N,洪江游,,45512.4411,,,,,,,False,C27医药制造业,证监会行业分类
300087,荃银高科,300087.SZ,SZSE,创业板,安徽,种植业,20100526,S,姜业奎,,94733.1751,,,,,,,False,A05农、林、牧、渔专业及辅助性活动,证监会行业分类
300088,长信科技,300088.SZ,SZSE,创业板,安徽,元器件,20100526,S,高前文,,249773.3579,,,,,,,False,C39计算机、通信和其他电子设备制造业,证监会行业分类
300091,*ST金灵,300091.SZ,SZSE,创业板,江苏,机械基件,20100625,N,申志刚,,284204.5067,,,,,,,True,C34通用设备制造业,证监会行业分类
300092,科新机电,300092.SZ,SZSE,创业板,四川,专用机械,20100708,N,林祯华,,27392.3271,,,,,,,False,C35专用设备制造业,证监会行业分类
300093,*ST金刚,300093.SZ,SZSE,创业板,甘肃,电气设备,20100708,N,王泽春,,54000.0,,,,,,,True,C38电气机械和器材制造业,证监会行业分类
300094,国联水产,300094.SZ,SZSE,创业板,广东,渔业,20100708,N,李忠,,112816.7253,,,,,,,False,C13农副食品加工业,证监会行业分类
300095,华伍股份,300095.SZ,SZSE,创业板,江西,专用机械,20100728,N,聂景华,,39442.5163,,,,,,,False,C34通用设备制造业,证监会行业分类
300096,ST易联众,300096.SZ,SZSE,创业板,福建,软件服务,20100728,N,吴梁斌,,43000.0,,,,,,,True,I65软件和信息技术服务业,证监会行业分类
300097,智云股份,300097.SZ,SZSE,创业板,辽宁,专用机械,20100728,N,冯彬,,28854.9669,,,,,,,False,C35专用设备制造业,证监会行业分类
300098,高新兴,300098.SZ,SZSE,创业板,广东,软件服务,20100728,S,刘双广,,173778.2275,,,,,,,False,I65软件和信息技术服务业,证监会行业分类
300099,尤洛卡,300099.SZ,SZSE,创业板,山东,电器仪表,20100806,S,黄自伟,,73726.5255,,,,,,,False,C35专用设备制造业,证监会行业分类
300100,双林股份,300100.SZ,SZSE,创业板,浙江,汽车配件,20100806,S,邬建斌,,57198.294,,,,,,,False,C36汽车制造业,证监会行业分类
300101,振芯科技,300101.SZ,SZSE,创业板,四川,通信设备,20100806,S,梁丽涛,,56790.57,,,,,,,False,I65软件和信息技术服务业,证监会行业分类
300102,乾照光电,300102.SZ,SZSE,创业板,福建,半导体,20100812,S,李敏华,,92033.3863,,,,,,,False,C39计算机、通信和其他电子设备制造业,证监会行业分类
300103,达刚控股,300103.SZ,SZSE,创业板,陕西,专用机械,20100812,N,王妍,,31760.1,,,,,,,False,C42废弃资源综合利用业,证监会行业分类
300105,龙源技术,300105.SZ,SZSE,创业板,山东,环境保护,20100820,N,曲增杰,,51581.442,,,,,,,False,C38电气机械和器材制造业,证监会行业分类
300106,西部牧业,300106.SZ,SZSE,创业板,新疆,乳制品,20100820,N,刘羽,,21133.231,,,,,,,False,C14食品制造业,证监会行业分类
300107,建新股份,300107.SZ,SZSE,创业板,河北,化工原料,20100820,S,朱守琛,,56278.2268,,,,,,,False,C26化学原料和化学制品制造业,证监会行业分类
300109,新开源,300109.SZ,SZSE,创业板,河南,化工原料,20100825,S,张军政,,48338.0605,,,,,,,False,C26化学原料和化学制品制造业,证监会行业分类
300110,华仁药业,300110.SZ,SZSE,创业板,山东,化学制药,20100825,N,侯瑞鹏(代),,118221.2982,,,,,,,False,C27医药制造业,证监会行业分类
300111,向日葵,300111.SZ,SZSE,创业板,浙江,化学制药,20100827,S,吴少钦,,128721.0714,,,,,,,False,C27医药制造业,证监会行业分类
300112,万讯自控,300112.SZ,SZSE,创业板,深圳,电器仪表,20100827,N,傅宇晨,,29022.5894,,,,,,,False,C40仪器仪表制造业,证监会行业分类
300113,顺网科技,300113.SZ,SZSE,创业板,浙江,互联网,20100827,S,华勇,,67416.3882,,,,,,,False,I64互联网和相关服务,证监会行业分类
300115,长盈精密,300115.SZ,SZSE,创业板,深圳,元器件,20100902,S,陈奇星,,136127.9563,,,,,,,False,C39计算机、通信和其他电子设备制造业,证监会行业分类
300118,东方日升,300118.SZ,SZSE,创业板,浙江,电气设备,20100902,S,林海峰,,114001.3863,,,,,,,False,C38电气机械和器材制造业,证监会行业分类
300119,瑞普生物,300119.SZ,SZSE,创业板,天津,农业综合,20100917,S,李守军,,46475.4706,,,,,,,False,C27医药制造业,证监会行业分类
300120,经纬辉开,300120.SZ,SZSE,创业板,天津,元器件,20100917,S,周成栋,,57439.3929,,,,,,,False,C39计算机、通信和其他电子设备制造业,证监会行业分类
300121,阳谷华泰,300121.SZ,SZSE,创业板,山东,化工原料,20100917,S,王文博,,44523.6607,,,,,,,False,C26化学原料和化学制品制造业,证监会行业分类
300122,智飞生物,300122.SZ,SZSE,创业板,重庆,生物制药,20100928,S,蒋仁生,,239378.9747,,,,,,,False,C27医药制造业,证监会行业分类
300123,ST亚光,300123.SZ,SZSE,创业板,湖南,半导体,20100928,N,胡代荣,,102183.4123,,,,,,,True,C39计算机、通信和其他电子设备制造业,证监会行业分类
300124,汇川技术,300124.SZ,SZSE,创业板,深圳,电器仪表,20100928,S,朱兴明,,270744.5479,,,,,,,False,C38电气机械和器材制造业,证监会行业分类
300125,*ST聆达,300125.SZ,SZSE,创业板,辽宁,电气设备,20101013,N,彭骞,,66584.9987,,,,,,,True,C38电气机械和器材制造业,证监会行业分类
300126,锐奇股份,300126.SZ,SZSE,创业板,上海,轻工机械,20101013,N,吴明厅,,30395.76,,,,,,,False,C34通用设备制造业,证监会行业分类
300127,银河磁体,300127.SZ,SZSE,创业板,四川,矿物制品,20101013,S,戴炎,,32314.636,,,,,,,False,C39计算机、通信和其他电子设备制造业,证监会行业分类
300128,锦富技术,300128.SZ,SZSE,创业板,江苏,元器件,20101013,S,顾清,,129911.5412,,,,,,,False,C39计算机、通信和其他电子设备制造业,证监会行业分类
300129,泰胜风能,300129.SZ,SZSE,创业板,上海,电气设备,20101019,S,黎伟涛,,110885.3245,,,,,,,False,C38电气机械和器材制造业,证监会行业分类
300130,新国都,300130.SZ,SZSE,创业板,深圳,IT设备,20101019,S,刘祥,,56729.9123,,,,,,,False,C35专用设备制造业,证监会行业分类
300131,英唐智控,300131.SZ,SZSE,创业板,深圳,元器件,20101019,S,胡庆周,,113501.9485,,,,,,,False,F51批发业,证监会行业分类
300132,青松股份,300132.SZ,SZSE,创业板,福建,化工原料,20101026,N,范展华,,51658.0886,,,,,,,False,C26化学原料和化学制品制造业,证监会行业分类
300133,华策影视,300133.SZ,SZSE,创业板,浙江,影视音像,20101026,S,赵依芳,,188827.0981,,,,,,,False,R87广播、电视、电影和录音制作业,证监会行业分类
300134,大富科技,300134.SZ,SZSE,创业板,安徽,通信设备,20101026,S,韩玉军,,76749.8006,,,,,,,False,C39计算机、通信和其他电子设备制造业,证监会行业分类
300135,宝利国际,300135.SZ,SZSE,创业板,江苏,石油加工,20101026,N,刘俊,,92160.0,,,,,,,False,C25石油、煤炭及其他燃料加工业,证监会行业分类
300136,信维通信,300136.SZ,SZSE,创业板,深圳,元器件,20101105,S,彭浩,,96756.8638,,,,,,,False,C39计算机、通信和其他电子设备制造业,证监会行业分类
300137,先河环保,300137.SZ,SZSE,创业板,河北,环境保护,20101105,N,姚国瑞,,53658.221,,,,,,,False,C40仪器仪表制造业,证监会行业分类
300138,晨光生物,300138.SZ,SZSE,创业板,河北,食品,20101105,S,卢庆国,,48310.0093,,,,,,,False,C13农副食品加工业,证监会行业分类
300139,晓程科技,300139.SZ,SZSE,创业板,北京,黄金,20101112,S,程毅,,27400.0,,,,,,,False,B09有色金属矿采选业,证监会行业分类
300140,节能环境,300140.SZ,SZSE,创业板,陕西,环境保护,20101112,S,周康,,309906.7016,,,,,,,False,N77生态保护和环境治理业,证监会行业分类
300141,和顺电气,300141.SZ,SZSE,创业板,江苏,电气设备,20101112,N,王东,,25784.46,,,,,,,False,C38电气机械和器材制造业,证监会行业分类
300142,沃森生物,300142.SZ,SZSE,创业板,云南,生物制药,20101112,S,李云春,,159934.8541,,,,,,,False,C27医药制造业,证监会行业分类
300143,盈康生命,300143.SZ,SZSE,创业板,山东,医疗保健,20101209,S,马安捷,,74945.1604,,,,,,,False,Q84卫生,证监会行业分类
300144,宋城演艺,300144.SZ,SZSE,创业板,浙江,旅游景点,20101209,S,商玲霞,,262468.034,,,,,,,False,R88文化艺术业,证监会行业分类
300145,南方泵业,300145.SZ,SZSE,创业板,浙江,机械基件,20101209,S,杭军,,192024.2036,,,,,,,False,C34通用设备制造业,证监会行业分类
300146,汤臣倍健,300146.SZ,SZSE,创业板,广东,食品,20101215,S,林志成,,169167.7031,,,,,,,False,C14食品制造业,证监会行业分类
300147,*ST香雪,300147.SZ,SZSE,创业板,广东,中成药,20101215,N,王永辉,,66127.9045,,,,,,,True,C27医药制造业,证监会行业分类
300148,天舟文化,300148.SZ,SZSE,创业板,湖南,出版业,20101215,N,肖志鸿,,84277.9343,,,,,,,False,R86新闻和出版业,证监会行业分类
300149,睿智医药,300149.SZ,SZSE,创业板,广东,生物制药,20101222,S,WOO SWEE LIAN,,49796.3992,,,,,,,False,M73研究和试验发展,证监会行业分类
300150,世纪瑞尔,300150.SZ,SZSE,创业板,北京,软件服务,20101222,N,朱江滨,,58510.6053,,,,,,,False,I65软件和信息技术服务业,证监会行业分类
300151,昌红科技,300151.SZ,SZSE,创业板,深圳,专用机械,20101222,S,李焕昌,,53250.9462,,,,,,,False,C35专用设备制造业,证监会行业分类
300152,*ST动力,300152.SZ,SZSE,创业板,河北,环境保护,20101229,N,程芳芳,,71280.0,,,,,,,True,C34通用设备制造业,证监会行业分类
300153,科泰电源,300153.SZ,SZSE,创业板,上海,电气设备,20101229,S,谢松峰,,32000.0,,,,,,,False,C38电气机械和器材制造业,证监会行业分类
300154,瑞凌股份,300154.SZ,SZSE,创业板,深圳,机械基件,20101229,N,邱光,,44955.5201,,,,,,,False,C34通用设备制造业,证监会行业分类
300155,安居宝,300155.SZ,SZSE,创业板,广东,IT设备,20110107,N,张波,,56122.7744,,,,,,,False,C39计算机、通信和其他电子设备制造业,证监会行业分类
300157,新锦动力,300157.SZ,SZSE,创业板,北京,专用机械,20110107,N,王莉斐,,75393.7707,,,,,,,False,C34通用设备制造业,证监会行业分类
300158,振东制药,300158.SZ,SZSE,创业板,山西,化学制药,20110107,S,李昆,,99230.3056,,,,,,,False,C27医药制造业,证监会行业分类
300159,*ST新研,300159.SZ,SZSE,创业板,新疆,农用机械,20110107,N,孙悦,,329042.1031,,,,,,,True,C35专用设备制造业,证监会行业分类
300160,秀强股份,300160.SZ,SZSE,创业板,江苏,家用电器,20110113,N,冯鑫,,77294.6292,,,,,,,False,C30非金属矿物制品业,证监会行业分类
300161,华中数控,300161.SZ,SZSE,创业板,湖北,机床制造,20110113,S,陈吉红,,19869.6906,,,,,,,False,C34通用设备制造业,证监会行业分类
300162,雷曼光电,300162.SZ,SZSE,创业板,深圳,元器件,20110113,N,李漫铁,,41951.003,,,,,,,False,C39计算机、通信和其他电子设备制造业,证监会行业分类
300163,先锋新材,300163.SZ,SZSE,创业板,浙江,家居用品,20110113,N,熊军,,47400.0,,,,,,,False,C17纺织业,证监会行业分类
300164,通源石油,300164.SZ,SZSE,创业板,陕西,石油开采,20110113,N,任延忠,,58845.8629,,,,,,,False,B11开采专业及辅助性活动,证监会行业分类
300165,天瑞仪器,300165.SZ,SZSE,创业板,江苏,电器仪表,20110125,N,刘召贵,,49551.1725,,,,,,,False,C40仪器仪表制造业,证监会行业分类
300166,东方国信,300166.SZ,SZSE,创业板,北京,软件服务,20110125,S,管连平,,113874.5748,,,,,,,False,I65软件和信息技术服务业,证监会行业分类
300167,ST迪威迅,300167.SZ,SZSE,创业板,深圳,软件服务,20110125,N,季红,,41087.89,,,,,,,True,I65软件和信息技术服务业,证监会行业分类
300168,万达信息,300168.SZ,SZSE,创业板,上海,软件服务,20110125,S,姜锋,,144062.8576,,,,,,,False,I65软件和信息技术服务业,证监会行业分类
300169,天晟新材,300169.SZ,SZSE,创业板,江苏,塑料,20110125,N,吴海宙,,33949.434,,,,,,,False,C29橡胶和塑料制品业,证监会行业分类
300170,汉得信息,300170.SZ,SZSE,创业板,上海,软件服务,20110201,S,陈迪清,,102347.1711,,,,,,,False,I65软件和信息技术服务业,证监会行业分类
300171,东富龙,300171.SZ,SZSE,创业板,上海,医疗保健,20110201,S,郑效东,,76582.804,,,,,,,False,C35专用设备制造业,证监会行业分类
300172,中电环保,300172.SZ,SZSE,创业板,江苏,环境保护,20110201,N,王政福,,67671.0,,,,,,,False,D46水的生产和供应业,证监会行业分类
300173,ST福能,300173.SZ,SZSE,创业板,广东,轻工机械,20110201,N,冼彬璋,,73472.5698,,,,,,,True,C35专用设备制造业,证监会行业分类
300174,元力股份,300174.SZ,SZSE,创业板,福建,化工原料,20110201,S,许文显,,36421.036,,,,,,,False,C26化学原料和化学制品制造业,证监会行业分类
300175,ST朗源,300175.SZ,SZSE,创业板,山东,食品,20110215,N,赵征,,47080.0,,,,,,,True,C13农副食品加工业,证监会行业分类
300176,鸿特科技,300176.SZ,SZSE,创业板,广东,汽车配件,20110215,N,卢楚隆,,38728.08,,,,,,,False,C36汽车制造业,证监会行业分类
300177,中海达,300177.SZ,SZSE,创业板,广东,通信设备,20110215,S,廖定海,,74416.9066,,,,,,,False,C39计算机、通信和其他电子设备制造业,证监会行业分类
300179,四方达,300179.SZ,SZSE,创业板,河南,矿物制品,20110215,S,方海江,,48572.393,,,,,,,False,C30非金属矿物制品业,证监会行业分类
300180,华峰超纤,300180.SZ,SZSE,创业板,上海,化纤,20110222,S,尤飞锋,,176106.0155,,,,,,,False,C29橡胶和塑料制品业,证监会行业分类
300181,佐力药业,300181.SZ,SZSE,创业板,浙江,中成药,20110222,S,汪涛,,70138.7335,,,,,,,False,C27医药制造业,证监会行业分类
300182,捷成股份,300182.SZ,SZSE,创业板,北京,影视音像,20110222,S,徐子泉,,266382.5632,,,,,,,False,R87广播、电视、电影和录音制作业,证监会行业分类
300183,东软载波,300183.SZ,SZSE,创业板,山东,通信设备,20110222,S,骆玲,,46260.9137,,,,,,,False,C40仪器仪表制造业,证监会行业分类
300184,力源信息,300184.SZ,SZSE,创业板,湖北,元器件,20110222,S,赵马克,,115103.2122,,,,,,,False,F51批发业,证监会行业分类
300185,通裕重工,300185.SZ,SZSE,创业板,山东,工程机械,20110308,S,刁菡玉,,403618.585,,,,,,,False,C33金属制品业,证监会行业分类
300187,永清环保,300187.SZ,SZSE,创业板,湖南,环境保护,20110308,N,刘正军,,64562.2165,,,,,,,False,N77生态保护和环境治理业,证监会行业分类
300188,国投智能,300188.SZ,SZSE,创业板,福建,软件服务,20110316,S,滕达,,85947.731,,,,,,,False,I65软件和信息技术服务业,证监会行业分类
300189,神农种业,300189.SZ,SZSE,创业板,海南,种植业,20110316,N,曹欧劼,,102400.0,,,,,,,False,A05农、林、牧、渔专业及辅助性活动,证监会行业分类
300190,维尔利,300190.SZ,SZSE,创业板,江苏,环境保护,20110316,N,李遥,,94808.905,,,,,,,False,N77生态保护和环境治理业,证监会行业分类
300191,潜能恒信,300191.SZ,SZSE,创业板,北京,石油开采,20110316,S,周锦明,,32000.0,,,,,,,False,B07石油和天然气开采业,证监会行业分类
300192,科德教育,300192.SZ,SZSE,创业板,江苏,文教休闲,20110322,S,周启超,,32914.3329,,,,,,,False,P83教育,证监会行业分类
300193,佳士科技,300193.SZ,SZSE,创业板,深圳,专用机械,20110322,N,潘磊,,47624.9805,,,,,,,False,C34通用设备制造业,证监会行业分类
300194,福安药业,300194.SZ,SZSE,创业板,重庆,化学制药,20110322,S,汪天祥,,118971.2382,,,,,,,False,C27医药制造业,证监会行业分类
300195,长荣股份,300195.SZ,SZSE,创业板,天津,轻工机械,20110329,N,李莉,,42370.7756,,,,,,,False,C35专用设备制造业,证监会行业分类
300196,长海股份,300196.SZ,SZSE,创业板,江苏,玻璃,20110329,S,杨国文,,40871.8381,,,,,,,False,C30非金属矿物制品业,证监会行业分类
300197,节能铁汉,300197.SZ,SZSE,创业板,深圳,环境保护,20110329,S,何亮,,296529.808,,,,,,,False,N77生态保护和环境治理业,证监会行业分类
300198,*ST纳川,300198.SZ,SZSE,创业板,福建,塑料,20110407,N,金超,,103154.854,,,,,,,True,C29橡胶和塑料制品业,证监会行业分类
300199,翰宇药业,300199.SZ,SZSE,创业板,深圳,化学制药,20110407,S,曾少贵,,88324.1336,,,,,,,False,C27医药制造业,证监会行业分类
300200,高盟新材,300200.SZ,SZSE,创业板,北京,化工原料,20110407,N,王子平,,43097.3206,,,,,,,False,C26化学原料和化学制品制造业,证监会行业分类
300201,海伦哲,300201.SZ,SZSE,创业板,江苏,工程机械,20110407,S,丁波,,100904.3607,,,,,,,False,C35专用设备制造业,证监会行业分类
300203,聚光科技,300203.SZ,SZSE,创业板,浙江,电器仪表,20110415,S,顾海涛,,44873.76,,,,,,,False,C40仪器仪表制造业,证监会行业分类
300204,舒泰神,300204.SZ,SZSE,创业板,北京,生物制药,20110415,S,周志文,,47777.2555,,,,,,,False,C27医药制造业,证监会行业分类
300205,*ST天喻,300205.SZ,SZSE,创业板,湖北,通信设备,20110421,N,陈建,,43005.6,,,,,,,True,C39计算机、通信和其他电子设备制造业,证监会行业分类
300206,理邦仪器,300206.SZ,SZSE,创业板,深圳,医疗保健,20110421,S,张浩,,57966.3346,,,,,,,False,C35专用设备制造业,证监会行业分类
300207,欣旺达,300207.SZ,SZSE,创业板,深圳,电气设备,20110421,S,王威,,184746.2446,,,,,,,False,C38电气机械和器材制造业,证监会行业分类
300209,行云科技,300209.SZ,SZSE,创业板,湖南,互联网,20110426,S,张文,,92863.6126,,,,,,,False,F52零售业,证监会行业分类
300210,森远股份,300210.SZ,SZSE,创业板,辽宁,专用机械,20110426,S,刘廷建,,48421.9953,,,,,,,False,C35专用设备制造业,证监会行业分类
300211,*ST亿通,300211.SZ,SZSE,创业板,江苏,通信设备,20110505,N,黄汪,,30392.9723,,,,,,,True,C39计算机、通信和其他电子设备制造业,证监会行业分类
300212,*ST易录,300212.SZ,SZSE,创业板,北京,软件服务,20110505,N,肖益,,71989.2422,,,,,,,True,I65软件和信息技术服务业,证监会行业分类
300213,佳讯飞鸿,300213.SZ,SZSE,创业板,北京,通信设备,20110505,S,林菁,,59436.466,,,,,,,False,C39计算机、通信和其他电子设备制造业,证监会行业分类
300214,日科化学,300214.SZ,SZSE,创业板,山东,化工原料,20110511,N,刘大伟,,46490.2614,,,,,,,False,C26化学原料和化学制品制造业,证监会行业分类
300215,电科院,300215.SZ,SZSE,创业板,江苏,电气设备,20110511,N,陈凤林,,74909.4187,,,,,,,False,M74专业技术服务业,证监会行业分类
300217,东方电热,300217.SZ,SZSE,创业板,江苏,家用电器,20110518,S,谭伟,,147797.694,,,,,,,False,C35专用设备制造业,证监会行业分类
300218,安利股份,300218.SZ,SZSE,创业板,安徽,塑料,20110518,N,姚和平,,21698.7,,,,,,,False,C29橡胶和塑料制品业,证监会行业分类
300219,鸿利智汇,300219.SZ,SZSE,创业板,广东,元器件,20110518,S,李俊东,,70794.3506,,,,,,,False,C39计算机、通信和其他电子设备制造业,证监会行业分类
300220,金运激光,300220.SZ,SZSE,创业板,湖北,专用机械,20110525,N,梁萍,,15120.0,,,,,,,False,C39计算机、通信和其他电子设备制造业,证监会行业分类
300221,银禧科技,300221.SZ,SZSE,创业板,广东,塑料,20110525,N,谭文钊,,47375.4685,,,,,,,False,C29橡胶和塑料制品业,证监会行业分类
300222,科大智能,300222.SZ,SZSE,创业板,上海,电气设备,20110525,S,黄明松,,77828.1234,,,,,,,False,C34通用设备制造业,证监会行业分类
300223,北京君正,300223.SZ,SZSE,创业板,北京,半导体,20110531,S,刘强,,48254.0723,,,,,,,False,C39计算机、通信和其他电子设备制造业,证监会行业分类
300224,正海磁材,300224.SZ,SZSE,创业板,山东,矿物制品,20110531,S,王庆凯,,93070.0417,,,,,,,False,C30非金属矿物制品业,证监会行业分类
300225,*ST金泰,300225.SZ,SZSE,创业板,上海,染料涂料,20110531,N,郝大庆,,47542.959,,,,,,,True,C26化学原料和化学制品制造业,证监会行业分类
300226,上海钢联,300226.SZ,SZSE,创业板,上海,互联网,20110608,S,朱军红,,31872.1422,,,,,,,False,L72商务服务业,证监会行业分类
300227,光韵达,300227.SZ,SZSE,创业板,深圳,专用机械,20110608,N,曾三林,,59597.1391,,,,,,,False,C39计算机、通信和其他电子设备制造业,证监会行业分类
300228,富瑞特装,300228.SZ,SZSE,创业板,江苏,化工机械,20110608,N,黄锋,,59742.5549,,,,,,,False,C35专用设备制造业,证监会行业分类
300229,拓尔思,300229.SZ,SZSE,创业板,北京,软件服务,20110615,S,李渝勤,,87362.0932,,,,,,,False,I65软件和信息技术服务业,证监会行业分类
300230,永利股份,300230.SZ,SZSE,创业板,上海,塑料,20110615,N,史佩浩,,81321.3441,,,,,,,False,C29橡胶和塑料制品业,证监会行业分类
300231,银信科技,300231.SZ,SZSE,创业板,北京,软件服务,20110615,S,林静颖,,44429.6866,,,,,,,False,I65软件和信息技术服务业,证监会行业分类
300232,洲明科技,300232.SZ,SZSE,创业板,深圳,元器件,20110622,S,林洺锋,,108744.7151,,,,,,,False,C39计算机、通信和其他电子设备制造业,证监会行业分类
300233,金城医药,300233.SZ,SZSE,创业板,山东,化学制药,20110622,S,李家全,,38387.4587,,,,,,,False,C27医药制造业,证监会行业分类
300234,开尔新材,300234.SZ,SZSE,创业板,浙江,陶瓷,20110622,N,邢翰学,,50317.109,,,,,,,False,C30非金属矿物制品业,证监会行业分类
300235,方直科技,300235.SZ,SZSE,创业板,深圳,软件服务,20110629,N,黄元忠,,25174.6635,,,,,,,False,I65软件和信息技术服务业,证监会行业分类
300236,上海新阳,300236.SZ,SZSE,创业板,上海,半导体,20110629,S,王溯,,31338.2153,,,,,,,False,C39计算机、通信和其他电子设备制造业,证监会行业分类
300237,ST美晨,300237.SZ,SZSE,创业板,山东,汽车配件,20110629,N,江波,,144191.493,,,,,,,True,C36汽车制造业,证监会行业分类
300238,冠昊生物,300238.SZ,SZSE,创业板,广东,医疗保健,20110706,N,张永明,,26515.5701,,,,,,,False,C35专用设备制造业,证监会行业分类
300239,东宝生物,300239.SZ,SZSE,创业板,内蒙,生物制药,20110706,N,王爱国,,59362.3165,,,,,,,False,C27医药制造业,证监会行业分类
300240,飞力达,300240.SZ,SZSE,创业板,江苏,仓储物流,20110706,N,姚勤,,37156.295,,,,,,,False,G58多式联运和运输代理业,证监会行业分类
300241,瑞丰光电,300241.SZ,SZSE,创业板,深圳,半导体,20110712,N,龚伟斌,,70871.969,,,,,,,False,C39计算机、通信和其他电子设备制造业,证监会行业分类
300242,佳云科技,300242.SZ,SZSE,创业板,广东,互联网,20110712,N,王和平,,63455.5224,,,,,,,False,L72商务服务业,证监会行业分类
300243,瑞丰高材,300243.SZ,SZSE,创业板,山东,化工原料,20110712,N,周仕斌,,27084.3723,,,,,,,False,C26化学原料和化学制品制造业,证监会行业分类
300244,迪安诊断,300244.SZ,SZSE,创业板,浙江,医疗保健,20110719,S,陈海斌,,62497.9436,,,,,,,False,Q84卫生,证监会行业分类
300245,ST天玑,300245.SZ,SZSE,创业板,上海,软件服务,20110719,N,苏博,,30504.9969,,,,,,,True,I65软件和信息技术服务业,证监会行业分类
300246,宝莱特,300246.SZ,SZSE,创业板,广东,医疗保健,20110719,N,燕金元,,26460.6177,,,,,,,False,C35专用设备制造业,证监会行业分类
300247,融捷健康,300247.SZ,SZSE,创业板,安徽,医疗保健,20110729,N,邢芬玲,,80404.0313,,,,,,,False,C38电气机械和器材制造业,证监会行业分类
300248,新开普,300248.SZ,SZSE,创业板,河南,软件服务,20110729,S,杨维国,,47634.8393,,,,,,,False,I65软件和信息技术服务业,证监会行业分类
300249,依米康,300249.SZ,SZSE,创业板,四川,IT设备,20110803,S,张菀,,44048.7994,,,,,,,False,I65软件和信息技术服务业,证监会行业分类
300250,初灵信息,300250.SZ,SZSE,创业板,浙江,软件服务,20110803,N,洪爱金,,21374.9479,,,,,,,False,I65软件和信息技术服务业,证监会行业分类
300251,光线传媒,300251.SZ,SZSE,创业板,北京,影视音像,20110803,S,王长田,,293358.8432,,,,,,,False,R87广播、电视、电影和录音制作业,证监会行业分类
300252,金信诺,300252.SZ,SZSE,创业板,深圳,通信设备,20110818,S,黄昌华,,66215.3834,,,,,,,False,C38电气机械和器材制造业,证监会行业分类
300253,卫宁健康,300253.SZ,SZSE,创业板,上海,软件服务,20110818,S,刘宁,,220127.2551,,,,,,,False,I65软件和信息技术服务业,证监会行业分类
300254,仟源医药,300254.SZ,SZSE,创业板,山西,化学制药,20110819,N,黄乐群,,25605.8563,,,,,,,False,C27医药制造业,证监会行业分类
300255,常山药业,300255.SZ,SZSE,创业板,河北,生物制药,20110819,S,高晓东,,91906.0878,,,,,,,False,C27医药制造业,证监会行业分类
300256,星星科技,300256.SZ,SZSE,创业板,江西,元器件,20110819,S,应光捷,,226839.3386,,,,,,,False,C39计算机、通信和其他电子设备制造业,证监会行业分类
300257,开山股份,300257.SZ,SZSE,创业板,上海,机械基件,20110819,S,顾宏宇,,99363.5018,,,,,,,False,C34通用设备制造业,证监会行业分类
300258,精锻科技,300258.SZ,SZSE,创业板,江苏,汽车配件,20110826,S,夏汉关,,58504.7243,,,,,,,False,C36汽车制造业,证监会行业分类
300259,新天科技,300259.SZ,SZSE,创业板,河南,电器仪表,20110831,N,王胜利,,116980.1516,,,,,,,False,C40仪器仪表制造业,证监会行业分类
300260,新莱应材,300260.SZ,SZSE,创业板,江苏,机械基件,20110906,S,李水波,,40780.6752,,,,,,,False,C34通用设备制造业,证监会行业分类
300261,雅本化学,300261.SZ,SZSE,创业板,江苏,农药化肥,20110906,S,蔡彤,,96330.9471,,,,,,,False,C26化学原料和化学制品制造业,证监会行业分类
300263,隆华科技,300263.SZ,SZSE,创业板,河南,专用机械,20110916,S,李占强,,103500.6302,,,,,,,False,C34通用设备制造业,证监会行业分类
300264,佳创视讯,300264.SZ,SZSE,创业板,深圳,软件服务,20110916,N,陈坤江,,43085.7518,,,,,,,False,I65软件和信息技术服务业,证监会行业分类
300265,通光线缆,300265.SZ,SZSE,创业板,江苏,电气设备,20110916,N,张忠,,46760.1335,,,,,,,False,C38电气机械和器材制造业,证监会行业分类
300266,兴源环境,300266.SZ,SZSE,创业板,浙江,环境保护,20110927,N,邬永本,,155380.7314,,,,,,,False,N77生态保护和环境治理业,证监会行业分类
300267,尔康制药,300267.SZ,SZSE,创业板,湖南,化学制药,20110927,S,孙庆荣,,206260.487,,,,,,,False,C27医药制造业,证监会行业分类
300268,佳沃食品,300268.SZ,SZSE,创业板,湖南,农业综合,20110927,N,陈绍鹏,,17420.0,,,,,,,False,C13农副食品加工业,证监会行业分类
300269,联建光电,300269.SZ,SZSE,创业板,深圳,元器件,20111012,N,乔建荣,,54911.3825,,,,,,,False,C39计算机、通信和其他电子设备制造业,证监会行业分类
300270,中威电子,300270.SZ,SZSE,创业板,浙江,IT设备,20111012,N,付英波,,30280.6028,,,,,,,False,C39计算机、通信和其他电子设备制造业,证监会行业分类
300271,华宇软件,300271.SZ,SZSE,创业板,北京,软件服务,20111026,S,郭颖,,81186.0673,,,,,,,False,I65软件和信息技术服务业,证监会行业分类
300272,开能健康,300272.SZ,SZSE,创业板,上海,家用电器,20111102,N,瞿建国,,61146.9472,,,,,,,False,C38电气机械和器材制造业,证监会行业分类
300274,阳光电源,300274.SZ,SZSE,创业板,安徽,电气设备,20111102,S,曹仁贤,,207321.1424,,,,,,,False,C38电气机械和器材制造业,证监会行业分类
300275,梅安森,300275.SZ,SZSE,创业板,重庆,工程机械,20111102,N,马焰,,30800.5068,,,,,,,False,I65软件和信息技术服务业,证监会行业分类
300276,三丰智能,300276.SZ,SZSE,创业板,湖北,专用机械,20111115,S,朱汉平,,140104.299,,,,,,,False,C35专用设备制造业,证监会行业分类
300277,汽轮科技,300277.SZ,SZSE,创业板,浙江,机械基件,20111123,N,叶钟,,151660.4765,,,,,,,False,I65软件和信息技术服务业,证监会行业分类
300278,华昌达,300278.SZ,SZSE,创业板,湖北,专用机械,20111216,S,李德富,,141388.6508,,,,,,,False,C35专用设备制造业,证监会行业分类
300279,和晶科技,300279.SZ,SZSE,创业板,江苏,元器件,20111229,N,无法定代表人,,48909.949,,,,,,,False,C39计算机、通信和其他电子设备制造业,证监会行业分类
300281,金明精机,300281.SZ,SZSE,创业板,广东,专用机械,20111229,N,汪帆,,41892.358,,,,,,,False,C35专用设备制造业,证监会行业分类
300283,温州宏丰,300283.SZ,SZSE,创业板,浙江,电气设备,20120110,N,陈晓,,49697.8222,,,,,,,False,C38电气机械和器材制造业,证监会行业分类
300284,苏交科,300284.SZ,SZSE,创业板,江苏,建筑工程,20120110,S,何淼,,126282.7774,,,,,,,False,M74专业技术服务业,证监会行业分类
300285,国瓷材料,300285.SZ,SZSE,创业板,山东,陶瓷,20120113,S,张曦,,99704.8299,,,,,,,False,C26化学原料和化学制品制造业,证监会行业分类
300286,安科瑞,300286.SZ,SZSE,创业板,上海,电器仪表,20120113,S,周中,,25078.4655,,,,,,,False,C40仪器仪表制造业,证监会行业分类
300287,飞利信,300287.SZ,SZSE,创业板,北京,软件服务,20120201,S,杨振华,,143527.3808,,,,,,,False,I65软件和信息技术服务业,证监会行业分类
300288,朗玛信息,300288.SZ,SZSE,创业板,贵州,软件服务,20120216,S,王伟,,33794.1402,,,,,,,False,I63电信、广播电视和卫星传输服务,证监会行业分类
300289,利德曼,300289.SZ,SZSE,创业板,北京,医疗保健,20120216,N,尧子,,54401.1487,,,,,,,False,C27医药制造业,证监会行业分类
300290,荣科科技,300290.SZ,SZSE,创业板,辽宁,软件服务,20120216,S,王功学,,63973.2569,,,,,,,False,I65软件和信息技术服务业,证监会行业分类
300291,百纳千成,300291.SZ,SZSE,创业板,北京,影视音像,20120209,S,李倩,,94188.9651,,,,,,,False,R87广播、电视、电影和录音制作业,证监会行业分类
300292,吴通控股,300292.SZ,SZSE,创业板,江苏,互联网,20120229,S,万卫方,,134176.4974,,,,,,,False,I65软件和信息技术服务业,证监会行业分类
300293,蓝英装备,300293.SZ,SZSE,创业板,辽宁,专用机械,20120308,S,郭洪涛,,33843.8106,,,,,,,False,C35专用设备制造业,证监会行业分类
300294,博雅生物,300294.SZ,SZSE,创业板,江西,生物制药,20120308,S,潘宇轩(代),,50424.8738,,,,,,,False,C27医药制造业,证监会行业分类
300295,*ST三六,300295.SZ,SZSE,创业板,江苏,互联网,20120315,N,胡光辉,,18961.3714,,,,,,,True,I64互联网和相关服务,证监会行业分类
300296,利亚德,300296.SZ,SZSE,创业板,北京,元器件,20120315,S,李军,,271197.7222,,,,,,,False,C39计算机、通信和其他电子设备制造业,证监会行业分类
300298,三诺生物,300298.SZ,SZSE,创业板,湖南,医疗保健,20120319,S,李少波,,56026.7393,,,,,,,False,C35专用设备制造业,证监会行业分类
300299,富春股份,300299.SZ,SZSE,创业板,福建,互联网,20120319,N,杨方熙,,69030.0085,,,,,,,False,I64互联网和相关服务,证监会行业分类
300300,海峡创新,300300.SZ,SZSE,创业板,福建,软件服务,20120319,N,姚庆喜,,66684.7062,,,,,,,False,I65软件和信息技术服务业,证监会行业分类
300301,ST长方,300301.SZ,SZSE,创业板,深圳,半导体,20120321,N,吴涛祥,,82986.8769,,,,,,,True,C39计算机、通信和其他电子设备制造业,证监会行业分类
300302,同有科技,300302.SZ,SZSE,创业板,北京,IT设备,20120321,S,周泽湘,,47926.3798,,,,,,,False,I65软件和信息技术服务业,证监会行业分类
300303,聚飞光电,300303.SZ,SZSE,创业板,深圳,半导体,20120319,S,邢美正,,141680.5527,,,,,,,False,C39计算机、通信和其他电子设备制造业,证监会行业分类
300304,云意电气,300304.SZ,SZSE,创业板,江苏,汽车配件,20120321,S,付红玲,,87814.3718,,,,,,,False,C36汽车制造业,证监会行业分类
300305,裕兴股份,300305.SZ,SZSE,创业板,江苏,塑料,20120329,N,朱益明,,37540.0372,,,,,,,False,C29橡胶和塑料制品业,证监会行业分类
300306,远方信息,300306.SZ,SZSE,创业板,浙江,电器仪表,20120329,N,潘建根,,26895.8778,,,,,,,False,C40仪器仪表制造业,证监会行业分类
300307,慈星股份,300307.SZ,SZSE,创业板,浙江,纺织机械,20120329,S,孙平范,,80055.3776,,,,,,,False,C35专用设备制造业,证监会行业分类
300308,中际旭创,300308.SZ,SZSE,创业板,山东,通信设备,20120410,S,刘圣,,111360.0534,,,,,,,False,C39计算机、通信和其他电子设备制造业,证监会行业分类
300310,宜通世纪,300310.SZ,SZSE,创业板,广东,通信设备,20120425,S,童文伟,,88165.8531,,,,,,,False,I63电信、广播电视和卫星传输服务,证监会行业分类
300311,ST任子行,300311.SZ,SZSE,创业板,深圳,软件服务,20120425,N,景晓军,,67363.015,,,,,,,True,I65软件和信息技术服务业,证监会行业分类
300313,*ST天山,300313.SZ,SZSE,创业板,新疆,农业综合,20120425,N,陈明艺,,23977.8994,,,,,,,True,A03畜牧业,证监会行业分类
300314,戴维医疗,300314.SZ,SZSE,创业板,浙江,医疗保健,20120508,N,陈再宏,,28800.0,,,,,,,False,C35专用设备制造业,证监会行业分类
300315,掌趣科技,300315.SZ,SZSE,创业板,北京,互联网,20120511,S,高晓辉,,270761.1003,,,,,,,False,I64互联网和相关服务,证监会行业分类
300316,晶盛机电,300316.SZ,SZSE,创业板,浙江,专用机械,20120511,S,曹建伟,,130953.3797,,,,,,,False,C35专用设备制造业,证监会行业分类
300317,珈伟新能,300317.SZ,SZSE,创业板,深圳,电气设备,20120511,N,郭砚君,,83018.8405,,,,,,,False,C38电气机械和器材制造业,证监会行业分类
300318,博晖创新,300318.SZ,SZSE,创业板,北京,医疗保健,20120523,S,沈治卫,,81690.0495,,,,,,,False,C35专用设备制造业,证监会行业分类
300319,麦捷科技,300319.SZ,SZSE,创业板,深圳,元器件,20120523,S,李承,,88758.8324,,,,,,,False,C39计算机、通信和其他电子设备制造业,证监会行业分类
300320,海达股份,300320.SZ,SZSE,创业板,江苏,橡胶,20120601,S,钱振宇,,60123.4191,,,,,,,False,C29橡胶和塑料制品业,证监会行业分类
300321,同大股份,300321.SZ,SZSE,创业板,山东,塑料,20120523,N,寇相东,,8880.0,,,,,,,False,C29橡胶和塑料制品业,证监会行业分类
300322,硕贝德,300322.SZ,SZSE,创业板,广东,元器件,20120608,S,朱坤华,,46003.8153,,,,,,,False,C39计算机、通信和其他电子设备制造业,证监会行业分类
300323,华灿光电,300323.SZ,SZSE,创业板,湖北,半导体,20120601,S,张兆洪,,162299.8797,,,,,,,False,C39计算机、通信和其他电子设备制造业,证监会行业分类
300324,旋极信息,300324.SZ,SZSE,创业板,北京,软件服务,20120608,S,陈为群,,172759.0595,,,,,,,False,I65软件和信息技术服务业,证监会行业分类
300326,ST凯利,300326.SZ,SZSE,创业板,上海,医疗保健,20120613,N,王冲,,71701.2682,,,,,,,True,C35专用设备制造业,证监会行业分类
300327,中颖电子,300327.SZ,SZSE,创业板,上海,半导体,20120613,S,杨晓勇,,34137.0172,,,,,,,False,C39计算机、通信和其他电子设备制造业,证监会行业分类
300328,宜安科技,300328.SZ,SZSE,创业板,广东,小金属,20120619,S,刘守军,,69042.36,,,,,,,False,C33金属制品业,证监会行业分类
300329,海伦钢琴,300329.SZ,SZSE,创业板,浙江,文教休闲,20120619,N,崔永庆,,25288.878,,,,,,,False,C24文教、工美、体育和娱乐用品制造业,证监会行业分类
300331,苏大维格,300331.SZ,SZSE,创业板,江苏,元器件,20120628,S,朱志坚,,25966.2286,,,,,,,False,C39计算机、通信和其他电子设备制造业,证监会行业分类
300332,天壕能源,300332.SZ,SZSE,创业板,北京,供气供热,20120628,S,陈作涛,,86523.0225,,,,,,,False,D45燃气生产和供应业,证监会行业分类
300333,兆日科技,300333.SZ,SZSE,创业板,深圳,IT设备,20120628,N,魏恺言,,33600.0,,,,,,,False,I65软件和信息技术服务业,证监会行业分类
300334,津膜科技,300334.SZ,SZSE,创业板,天津,专用机械,20120705,N,范宁,,30206.5356,,,,,,,False,C35专用设备制造业,证监会行业分类
300335,迪森股份,300335.SZ,SZSE,创业板,广东,供气供热,20120710,N,黄博,,47701.2388,,,,,,,False,D44电力、热力生产和供应业,证监会行业分类
300337,银邦股份,300337.SZ,SZSE,创业板,江苏,铝,20120718,S,沈健生,,82194.7156,,,,,,,False,C32有色金属冶炼和压延加工业,证监会行业分类
300338,*ST开元,300338.SZ,SZSE,创业板,湖南,文教休闲,20120726,N,赵君,,40262.4692,,,,,,,True,P83教育,证监会行业分类
300339,润和软件,300339.SZ,SZSE,创业板,江苏,软件服务,20120718,S,周红卫,,79641.0841,,,,,,,False,I65软件和信息技术服务业,证监会行业分类
300340,科恒股份,300340.SZ,SZSE,创业板,广东,电气设备,20120726,N,曾繁裕,,27551.4715,,,,,,,False,C39计算机、通信和其他电子设备制造业,证监会行业分类
300341,麦克奥迪,300341.SZ,SZSE,创业板,福建,电气设备,20120726,S,史红,,51741.0336,,,,,,,False,C40仪器仪表制造业,证监会行业分类
300342,天银机电,300342.SZ,SZSE,创业板,江苏,家用电器,20120726,S,赵云文,,42503.5113,,,,,,,False,C34通用设备制造业,证监会行业分类
300343,ST联创,300343.SZ,SZSE,创业板,山东,化工原料,20120801,N,王宪东,,106837.4879,,,,,,,True,C26化学原料和化学制品制造业,证监会行业分类
300345,华民股份,300345.SZ,SZSE,创业板,湖南,电气设备,20120801,N,欧阳少红,,58023.0043,,,,,,,False,C38电气机械和器材制造业,证监会行业分类
300346,南大光电,300346.SZ,SZSE,创业板,江苏,半导体,20120807,S,冯剑松,,69115.6903,,,,,,,False,C39计算机、通信和其他电子设备制造业,证监会行业分类
300347,泰格医药,300347.SZ,SZSE,创业板,浙江,医疗保健,20120817,S,曹晓春,,86102.605,,,,,,,False,M73研究和试验发展,证监会行业分类
300348,长亮科技,300348.SZ,SZSE,创业板,深圳,软件服务,20120817,S,王长春,,81315.237,,,,,,,False,I65软件和信息技术服务业,证监会行业分类
300349,金卡智能,300349.SZ,SZSE,创业板,浙江,电器仪表,20120817,S,杨斌,,41721.3313,,,,,,,False,I65软件和信息技术服务业,证监会行业分类
300350,华鹏飞,300350.SZ,SZSE,创业板,深圳,仓储物流,20120821,N,张京豫,,56201.2279,,,,,,,False,G58多式联运和运输代理业,证监会行业分类
300351,永贵电器,300351.SZ,SZSE,创业板,浙江,运输设备,20120920,S,范正军,,38891.0028,,,,,,,False,C39计算机、通信和其他电子设备制造业,证监会行业分类
300352,ST信源,300352.SZ,SZSE,创业板,北京,软件服务,20120912,N,林皓,,144982.4087,,,,,,,True,I65软件和信息技术服务业,证监会行业分类
300353,东土科技,300353.SZ,SZSE,创业板,北京,通信设备,20120927,S,李平,,61489.2881,,,,,,,False,C39计算机、通信和其他电子设备制造业,证监会行业分类
300354,东华测试,300354.SZ,SZSE,创业板,江苏,电器仪表,20120920,S,刘士钢,,13832.0201,,,,,,,False,C40仪器仪表制造业,证监会行业分类
300355,蒙草生态,300355.SZ,SZSE,创业板,内蒙,环境保护,20120927,S,朱长虹,,160424.2081,,,,,,,False,N77生态保护和环境治理业,证监会行业分类
300357,我武生物,300357.SZ,SZSE,创业板,浙江,生物制药,20140121,S,胡赓熙,,52358.4,,,,,,,False,C27医药制造业,证监会行业分类
300358,楚天科技,300358.SZ,SZSE,创业板,湖南,医疗保健,20140121,S,唐岳,,71509.258,,,,,,,False,C35专用设备制造业,证监会行业分类
300359,全通教育,300359.SZ,SZSE,创业板,广东,文教休闲,20140121,N,毛剑波,,63333.3422,,,,,,,False,P83教育,证监会行业分类
300360,炬华科技,300360.SZ,SZSE,创业板,浙江,电器仪表,20140121,S,杨光,,51418.7126,,,,,,,False,C40仪器仪表制造业,证监会行业分类
300363,博腾股份,300363.SZ,SZSE,创业板,重庆,化学制药,20140129,S,居年丰,,54344.2176,,,,,,,False,C27医药制造业,证监会行业分类
300364,中文在线,300364.SZ,SZSE,创业板,北京,出版业,20150121,S,童之磊,,72850.0118,,,,,,,False,R86新闻和出版业,证监会行业分类
300365,恒华科技,300365.SZ,SZSE,创业板,北京,软件服务,20140123,N,罗新伟,,59985.5469,,,,,,,False,I65软件和信息技术服务业,证监会行业分类
300366,ST创意,300366.SZ,SZSE,创业板,四川,软件服务,20140127,N,陆文斌,,60757.615,,,,,,,True,I65软件和信息技术服务业,证监会行业分类
300368,汇金股份,300368.SZ,SZSE,创业板,河北,IT设备,20140123,S,毛世权,,52894.3475,,,,,,,False,I65软件和信息技术服务业,证监会行业分类
300369,绿盟科技,300369.SZ,SZSE,创业板,北京,软件服务,20140129,S,胡忠华,,81062.1887,,,,,,,False,I65软件和信息技术服务业,证监会行业分类
300370,安控科技,300370.SZ,SZSE,创业板,四川,电器仪表,20140123,N,吴利廷,,156537.6225,,,,,,,False,C40仪器仪表制造业,证监会行业分类
300371,汇中股份,300371.SZ,SZSE,创业板,河北,电器仪表,20140123,N,张力新,,20121.7296,,,,,,,False,C40仪器仪表制造业,证监会行业分类
300373,扬杰科技,300373.SZ,SZSE,创业板,江苏,半导体,20140123,S,梁勤,,54334.7787,,,,,,,False,C39计算机、通信和其他电子设备制造业,证监会行业分类
300374,中铁装配,300374.SZ,SZSE,创业板,北京,其他建材,20150319,N,安振山,,24591.2337,,,,,,,False,C30非金属矿物制品业,证监会行业分类
300375,鹏翎股份,300375.SZ,SZSE,创业板,天津,汽车配件,20140127,N,王东,,75973.8818,,,,,,,False,C29橡胶和塑料制品业,证监会行业分类
300376,易事特,300376.SZ,SZSE,创业板,广东,电气设备,20140127,S,陈子祥,,232824.0476,,,,,,,False,C38电气机械和器材制造业,证监会行业分类
300377,赢时胜,300377.SZ,SZSE,创业板,深圳,软件服务,20140127,S,唐球,,75100.308,,,,,,,False,I65软件和信息技术服务业,证监会行业分类
300378,鼎捷数智,300378.SZ,SZSE,创业板,上海,软件服务,20140127,S,叶子祯,,27155.183,,,,,,,False,I65软件和信息技术服务业,证监会行业分类
300380,安硕信息,300380.SZ,SZSE,创业板,上海,软件服务,20140128,S,高勇,,13843.905,,,,,,,False,I65软件和信息技术服务业,证监会行业分类
300381,溢多利,300381.SZ,SZSE,创业板,广东,化学制药,20140128,N,陈少美,,48017.3861,,,,,,,False,C27医药制造业,证监会行业分类
300382,斯莱克,300382.SZ,SZSE,创业板,江苏,专用机械,20140129,S,安旭,,64839.9994,,,,,,,False,C35专用设备制造业,证监会行业分类
300383,光环新网,300383.SZ,SZSE,创业板,北京,软件服务,20140129,S,杨宇航,,179759.2847,,,,,,,False,I65软件和信息技术服务业,证监会行业分类
300384,三联虹普,300384.SZ,SZSE,创业板,北京,建筑工程,20140801,S,刘迪,,31900.7265,,,,,,,False,M74专业技术服务业,证监会行业分类
300385,ST雪浪,300385.SZ,SZSE,创业板,江苏,环境保护,20140626,N,蔡道远,,33314.5932,,,,,,,True,C35专用设备制造业,证监会行业分类
300386,飞天诚信,300386.SZ,SZSE,创业板,北京,IT设备,20140626,S,黄煜,,41804.4,,,,,,,False,I65软件和信息技术服务业,证监会行业分类
300387,富邦科技,300387.SZ,SZSE,创业板,湖北,农药化肥,20140702,N,王仁宗,,28905.7018,,,,,,,False,C26化学原料和化学制品制造业,证监会行业分类
300388,节能国祯,300388.SZ,SZSE,创业板,安徽,环境保护,20140801,S,彭云清,,68104.2231,,,,,,,False,N77生态保护和环境治理业,证监会行业分类
300389,艾比森,300389.SZ,SZSE,创业板,深圳,元器件,20140801,S,丁彦辉,,36910.0317,,,,,,,False,C39计算机、通信和其他电子设备制造业,证监会行业分类
300390,天华新能,300390.SZ,SZSE,创业板,江苏,电气设备,20140731,S,陆建平,,83075.0788,,,,,,,False,C39计算机、通信和其他电子设备制造业,证监会行业分类
300393,中来股份,300393.SZ,SZSE,创业板,江苏,塑料,20140912,S,张承宇,,108962.7358,,,,,,,False,C38电气机械和器材制造业,证监会行业分类
300394,天孚通信,300394.SZ,SZSE,创业板,江苏,通信设备,20150217,S,邹支农,,77916.0781,,,,,,,False,C39计算机、通信和其他电子设备制造业,证监会行业分类
300395,菲利华,300395.SZ,SZSE,创业板,湖北,玻璃,20140910,S,商春利,,52226.7673,,,,,,,False,C30非金属矿物制品业,证监会行业分类
300396,ST迪瑞,300396.SZ,SZSE,创业板,吉林,医疗保健,20140910,N,郎涛,,27270.0161,,,,,,,True,C35专用设备制造业,证监会行业分类
300397,天和防务,300397.SZ,SZSE,创业板,陕西,通信设备,20140910,S,贺增林,,51763.6745,,,,,,,False,C39计算机、通信和其他电子设备制造业,证监会行业分类
300398,飞凯材料,300398.SZ,SZSE,创业板,上海,化工原料,20141009,S,ZHANG JINSHAN,,56694.645,,,,,,,False,C26化学原料和化学制品制造业,证监会行业分类
300399,天利科技,300399.SZ,SZSE,创业板,江西,互联网,20141009,S,高磊,,19760.0,,,,,,,False,I65软件和信息技术服务业,证监会行业分类
300400,劲拓股份,300400.SZ,SZSE,创业板,深圳,专用机械,20141010,S,朱玺,,24262.58,,,,,,,False,C35专用设备制造业,证监会行业分类
300401,花园生物,300401.SZ,SZSE,创业板,浙江,化学制药,20141009,S,邵徐君,,54368.5085,,,,,,,False,C27医药制造业,证监会行业分类
300402,宝色股份,300402.SZ,SZSE,创业板,江苏,专用机械,20141010,N,薛凯,,24679.0497,,,,,,,False,C35专用设备制造业,证监会行业分类
300403,汉宇集团,300403.SZ,SZSE,创业板,广东,家用电器,20141030,S,石华山,,60300.0,,,,,,,False,C38电气机械和器材制造业,证监会行业分类
300404,博济医药,300404.SZ,SZSE,创业板,广东,医疗保健,20150424,N,王廷春,,38586.3039,,,,,,,False,M73研究和试验发展,证监会行业分类
300405,科隆股份,300405.SZ,SZSE,创业板,辽宁,化工原料,20141030,N,姜艳,,28437.2671,,,,,,,False,C26化学原料和化学制品制造业,证监会行业分类
300406,九强生物,300406.SZ,SZSE,创业板,北京,医疗保健,20141030,S,邹左军,,58630.8628,,,,,,,False,C27医药制造业,证监会行业分类
300407,凯发电气,300407.SZ,SZSE,创业板,天津,电气设备,20141203,N,孔祥洲,,34628.7212,,,,,,,False,C37铁路、船舶、航空航天和其他运输设备制造业,证监会行业分类
300408,三环集团,300408.SZ,SZSE,创业板,广东,元器件,20141203,S,马艳红,,191649.7371,,,,,,,False,C39计算机、通信和其他电子设备制造业,证监会行业分类
300409,道氏技术,300409.SZ,SZSE,创业板,广东,电气设备,20141203,S,荣继华,,78224.8953,,,,,,,False,C39计算机、通信和其他电子设备制造业,证监会行业分类
300410,正业科技,300410.SZ,SZSE,创业板,广东,专用机械,20141231,N,方志华,,36711.4797,,,,,,,False,C35专用设备制造业,证监会行业分类
300411,金盾股份,300411.SZ,SZSE,创业板,浙江,专用机械,20141231,S,王淼根,,40652.0007,,,,,,,False,C34通用设备制造业,证监会行业分类
300412,迦南科技,300412.SZ,SZSE,创业板,浙江,医疗保健,20141231,N,方正,,49775.6637,,,,,,,False,C35专用设备制造业,证监会行业分类
300413,芒果超媒,300413.SZ,SZSE,创业板,湖南,影视音像,20150121,S,蔡怀军,,187072.0815,,,,,,,False,I64互联网和相关服务,证监会行业分类
300414,中光防雷,300414.SZ,SZSE,创业板,四川,通信设备,20150513,N,王雪颖,,32601.9466,,,,,,,False,C39计算机、通信和其他电子设备制造业,证监会行业分类
300415,伊之密,300415.SZ,SZSE,创业板,广东,专用机械,20150123,S,甄荣辉,,46856.2084,,,,,,,False,C35专用设备制造业,证监会行业分类
300416,苏试试验,300416.SZ,SZSE,创业板,江苏,电器仪表,20150122,S,钟琼华,,50854.7806,,,,,,,False,M74专业技术服务业,证监会行业分类
300417,南华仪器,300417.SZ,SZSE,创业板,广东,电器仪表,20150123,N,杨耀光,,13456.32,,,,,,,False,C40仪器仪表制造业,证监会行业分类
300418,昆仑万维,300418.SZ,SZSE,创业板,北京,互联网,20150121,S,方汉,,125535.6953,,,,,,,False,I64互联网和相关服务,证监会行业分类
300419,ST浩丰,300419.SZ,SZSE,创业板,北京,软件服务,20150122,N,王剑,,36775.377,,,,,,,True,I65软件和信息技术服务业,证监会行业分类
300420,五洋自控,300420.SZ,SZSE,创业板,江苏,机械基件,20150217,N,钟志辉,,111638.3561,,,,,,,False,C34通用设备制造业,证监会行业分类
300421,力星股份,300421.SZ,SZSE,创业板,江苏,机械基件,20150217,S,施祥贵,,29403.0484,,,,,,,False,C34通用设备制造业,证监会行业分类
300422,博世科,300422.SZ,SZSE,创业板,广西,环境保护,20150217,N,尹鸿翔,,53388.0389,,,,,,,False,N77生态保护和环境治理业,证监会行业分类
300423,昇辉科技,300423.SZ,SZSE,创业板,山东,电气设备,20150217,N,纪法清,,49751.129,,,,,,,False,C38电气机械和器材制造业,证监会行业分类
300424,航新科技,300424.SZ,SZSE,创业板,广东,航空,20150422,N,王磊,,24543.5931,,,,,,,False,C43金属制品、机械和设备修理业,证监会行业分类
300425,中建环能,300425.SZ,SZSE,创业板,四川,环境保护,20150216,N,佟庆远,,68222.4853,,,,,,,False,C35专用设备制造业,证监会行业分类
300426,华智数媒,300426.SZ,SZSE,创业板,浙江,影视音像,20150217,N,裘永刚,,45038.281,,,,,,,False,R87广播、电视、电影和录音制作业,证监会行业分类
300427,红相股份,300427.SZ,SZSE,创业板,福建,电气设备,20150217,N,杨力,,50852.0298,,,,,,,False,C38电气机械和器材制造业,证监会行业分类
300428,立中集团,300428.SZ,SZSE,创业板,河北,汽车配件,20150319,S,臧永兴,,68558.1553,,,,,,,False,C32有色金属冶炼和压延加工业,证监会行业分类
300429,强力新材,300429.SZ,SZSE,创业板,江苏,化工原料,20150324,S,钱晓春,,53913.704,,,,,,,False,C26化学原料和化学制品制造业,证监会行业分类
300430,*ST益通,300430.SZ,SZSE,创业板,北京,电器仪表,20150319,N,梁凯,,27304.6796,,,,,,,True,C35专用设备制造业,证监会行业分类
300432,富临精工,300432.SZ,SZSE,创业板,四川,汽车配件,20150319,S,王志红,,170976.0242,,,,,,,False,C36汽车制造业,证监会行业分类
300433,蓝思科技,300433.SZ,SZSE,创业板,湖南,元器件,20150318,S,周群飞,,527874.087,,,,,,,False,C39计算机、通信和其他电子设备制造业,证监会行业分类
300434,金石亚药,300434.SZ,SZSE,创业板,四川,化学制药,20150424,N,马益平,,40174.3872,,,,,,,False,C27医药制造业,证监会行业分类
300435,中泰股份,300435.SZ,SZSE,创业板,浙江,供气供热,20150326,S,章有虎,,38571.3,,,,,,,False,D45燃气生产和供应业,证监会行业分类
300436,广生堂,300436.SZ,SZSE,创业板,福建,化学制药,20150422,S,李国平,,15926.7,,,,,,,False,C27医药制造业,证监会行业分类
300437,清水源,300437.SZ,SZSE,创业板,河南,化工原料,20150423,N,王志清,,24520.3097,,,,,,,False,C26化学原料和化学制品制造业,证监会行业分类
300438,鹏辉能源,300438.SZ,SZSE,创业板,广东,电气设备,20150424,S,夏信德,,50334.336,,,,,,,False,C38电气机械和器材制造业,证监会行业分类
300439,美康生物,300439.SZ,SZSE,创业板,浙江,医疗保健,20150422,N,邹炳德,,38431.8815,,,,,,,False,C27医药制造业,证监会行业分类
300440,运达科技,300440.SZ,SZSE,创业板,四川,软件服务,20150423,S,何鸿云,,43951.66,,,,,,,False,I65软件和信息技术服务业,证监会行业分类
300441,鲍斯股份,300441.SZ,SZSE,创业板,浙江,机床制造,20150423,S,陈金岳,,64441.5868,,,,,,,False,C34通用设备制造业,证监会行业分类
300442,润泽科技,300442.SZ,SZSE,创业板,河北,软件服务,20150424,S,周超男,,163434.3573,,,,,,,False,I65软件和信息技术服务业,证监会行业分类
300443,金雷股份,300443.SZ,SZSE,创业板,山东,电气设备,20150422,S,伊廷雷,,32013.4598,,,,,,,False,C35专用设备制造业,证监会行业分类
300444,双杰电气,300444.SZ,SZSE,创业板,北京,电气设备,20150423,S,赵志宏,,80462.009,,,,,,,False,C38电气机械和器材制造业,证监会行业分类
300445,康斯特,300445.SZ,SZSE,创业板,北京,电器仪表,20150424,N,姜维利,,21243.0013,,,,,,,False,C40仪器仪表制造业,证监会行业分类
300446,航天智造,300446.SZ,SZSE,创业板,河北,汽车配件,20150423,S,罗传光,,84541.0111,,,,,,,False,C26化学原料和化学制品制造业,证监会行业分类
300447,全信股份,300447.SZ,SZSE,创业板,江苏,电气设备,20150422,N,陈祥楼,,31231.0375,,,,,,,False,C38电气机械和器材制造业,证监会行业分类
300448,浩云科技,300448.SZ,SZSE,创业板,广东,软件服务,20150424,N,无法定代表人,,67651.7079,,,,,,,False,I65软件和信息技术服务业,证监会行业分类
300449,汉邦高科,300449.SZ,SZSE,创业板,北京,IT设备,20150422,N,李柠,,38603.5989,,,,,,,False,C39计算机、通信和其他电子设备制造业,证监会行业分类
300450,先导智能,300450.SZ,SZSE,创业板,江苏,专用机械,20150518,S,王燕清,,167422.1434,,,,,,,False,C35专用设备制造业,证监会行业分类
300451,创业慧康,300451.SZ,SZSE,创业板,浙江,软件服务,20150514,S,张吕峥,,154912.4692,,,,,,,False,I65软件和信息技术服务业,证监会行业分类
300452,山河药辅,300452.SZ,SZSE,创业板,安徽,化学制药,20150515,N,宋道才,,23445.4144,,,,,,,False,C27医药制造业,证监会行业分类
300453,三鑫医疗,300453.SZ,SZSE,创业板,江西,医疗保健,20150515,N,彭义兴,,52208.4275,,,,,,,False,C35专用设备制造业,证监会行业分类
300454,深信服,300454.SZ,SZSE,创业板,深圳,软件服务,20180516,S,何朝曦,,43155.9055,,,,,,,False,I65软件和信息技术服务业,证监会行业分类
300455,航天智装,300455.SZ,SZSE,创业板,北京,IT设备,20150515,S,李永,,71776.7936,,,,,,,False,C39计算机、通信和其他电子设备制造业,证监会行业分类
300456,赛微电子,300456.SZ,SZSE,创业板,北京,半导体,20150514,S,杨云春,,73221.3134,,,,,,,False,C39计算机、通信和其他电子设备制造业,证监会行业分类
300457,赢合科技,300457.SZ,SZSE,创业板,深圳,专用机械,20150514,S,何爱彬,,64517.9428,,,,,,,False,C35专用设备制造业,证监会行业分类
300458,全志科技,300458.SZ,SZSE,创业板,广东,半导体,20150515,S,张建辉,,99051.2858,,,,,,,False,C39计算机、通信和其他电子设备制造业,证监会行业分类
300459,汤姆猫,300459.SZ,SZSE,创业板,浙江,互联网,20150515,S,朱志刚,,351581.0939,,,,,,,False,I64互联网和相关服务,证监会行业分类
300460,ST惠伦,300460.SZ,SZSE,创业板,广东,元器件,20150515,N,赵剑华,,28080.4251,,,,,,,True,C39计算机、通信和其他电子设备制造业,证监会行业分类
300461,田中精机,300461.SZ,SZSE,创业板,浙江,专用机械,20150519,N,肖永富,,15705.6692,,,,,,,False,C35专用设备制造业,证监会行业分类
300462,ST华铭,300462.SZ,SZSE,创业板,上海,IT设备,20150527,N,张亮,,18122.1938,,,,,,,True,C35专用设备制造业,证监会行业分类
300463,迈克生物,300463.SZ,SZSE,创业板,四川,医疗保健,20150528,S,唐勇,,60466.6624,,,,,,,False,C27医药制造业,证监会行业分类
300464,星徽股份,300464.SZ,SZSE,创业板,广东,机械基件,20150610,N,蔡耿锡,,45781.9663,,,,,,,False,F52零售业,证监会行业分类
300465,高伟达,300465.SZ,SZSE,创业板,北京,软件服务,20150528,S,于伟,,44374.9357,,,,,,,False,I65软件和信息技术服务业,证监会行业分类
300466,赛摩智能,300466.SZ,SZSE,创业板,江苏,电器仪表,20150528,S,杨景卓,,53552.9908,,,,,,,False,C40仪器仪表制造业,证监会行业分类
300467,迅游科技,300467.SZ,SZSE,创业板,四川,互联网,20150527,N,陈俊,,20320.4897,,,,,,,False,I64互联网和相关服务,证监会行业分类
300468,四方精创,300468.SZ,SZSE,创业板,深圳,软件服务,20150527,S,周志群,,53064.9275,,,,,,,False,I65软件和信息技术服务业,证监会行业分类
300469,信息发展,300469.SZ,SZSE,创业板,浙江,软件服务,20150611,S,顾成,,24823.8824,,,,,,,False,I65软件和信息技术服务业,证监会行业分类
300470,中密控股,300470.SZ,SZSE,创业板,四川,机械基件,20150612,S,彭玮,,20796.1737,,,,,,,False,C34通用设备制造业,证监会行业分类
300471,厚普股份,300471.SZ,SZSE,创业板,四川,专用机械,20150611,N,王季文,,47015.8731,,,,,,,False,C35专用设备制造业,证监会行业分类
300472,*ST新元,300472.SZ,SZSE,创业板,江西,专用机械,20150611,N,冷骥,,27525.8621,,,,,,,True,C35专用设备制造业,证监会行业分类
300473,德尔股份,300473.SZ,SZSE,创业板,辽宁,汽车配件,20150612,N,李毅,,17266.2383,,,,,,,False,C36汽车制造业,证监会行业分类
300474,景嘉微,300474.SZ,SZSE,创业板,湖南,元器件,20160331,S,曾万辉,,52261.9223,,,,,,,False,C39计算机、通信和其他电子设备制造业,证监会行业分类
300475,香农芯创,300475.SZ,SZSE,创业板,安徽,元器件,20150610,S,李小红,,46954.1767,,,,,,,False,F51批发业,证监会行业分类
300476,胜宏科技,300476.SZ,SZSE,创业板,广东,元器件,20150611,S,陈涛,,98278.4813,,,,,,,False,C39计算机、通信和其他电子设备制造业,证监会行业分类
300477,ST合纵,300477.SZ,SZSE,创业板,北京,电气设备,20150610,N,刘泽刚,,107201.8687,,,,,,,True,C38电气机械和器材制造业,证监会行业分类
300478,杭州高新,300478.SZ,SZSE,创业板,浙江,塑料,20150610,N,林融升,,12667.3,,,,,,,False,C29橡胶和塑料制品业,证监会行业分类
300479,神思电子,300479.SZ,SZSE,创业板,山东,软件服务,20150612,N,闫龙,,19704.0865,,,,,,,False,I65软件和信息技术服务业,证监会行业分类
300480,光力科技,300480.SZ,SZSE,创业板,河南,专用机械,20150702,S,赵彤宇,,37022.26,,,,,,,False,C35专用设备制造业,证监会行业分类
300481,濮阳惠成,300481.SZ,SZSE,创业板,河南,化工原料,20150630,S,吴悲鸿,,29185.5438,,,,,,,False,C26化学原料和化学制品制造业,证监会行业分类
300482,万孚生物,300482.SZ,SZSE,创业板,广东,医疗保健,20150630,S,王继华,,46808.8698,,,,,,,False,C27医药制造业,证监会行业分类
300483,首华燃气,300483.SZ,SZSE,创业板,上海,石油开采,20150630,N,王志红,,38179.628,,,,,,,False,B07石油和天然气开采业,证监会行业分类
300484,蓝海华腾,300484.SZ,SZSE,创业板,深圳,电气设备,20160322,N,邱文渊,,20716.39,,,,,,,False,C38电气机械和器材制造业,证监会行业分类
300485,赛升药业,300485.SZ,SZSE,创业板,北京,生物制药,20150626,S,马骉,,48166.64,,,,,,,False,C27医药制造业,证监会行业分类
300486,东杰智能,300486.SZ,SZSE,创业板,山西,专用机械,20150630,S,王振国,,47714.8936,,,,,,,False,C34通用设备制造业,证监会行业分类
300487,蓝晓科技,300487.SZ,SZSE,创业板,陕西,化工原料,20150702,S,高月静,,50913.5274,,,,,,,False,C26化学原料和化学制品制造业,证监会行业分类
300488,恒锋工具,300488.SZ,SZSE,创业板,浙江,机械基件,20150701,S,陈子彦,,19122.0797,,,,,,,False,C33金属制品业,证监会行业分类
300489,光智科技,300489.SZ,SZSE,创业板,浙江,专用机械,20150701,S,朱世彬,,13915.7835,,,,,,,False,C39计算机、通信和其他电子设备制造业,证监会行业分类
300490,华自科技,300490.SZ,SZSE,创业板,湖南,专用机械,20151231,N,黄文宝,,39867.0674,,,,,,,False,C38电气机械和器材制造业,证监会行业分类
300491,通合科技,300491.SZ,SZSE,创业板,河北,电气设备,20151231,N,马晓峰,,17766.6749,,,,,,,False,C38电气机械和器材制造业,证监会行业分类
300492,华图山鼎,300492.SZ,SZSE,创业板,四川,文教休闲,20151223,S,易晓英,,19668.1058,,,,,,,False,P83教育,证监会行业分类
300493,润欣科技,300493.SZ,SZSE,创业板,上海,元器件,20151210,S,郎晓刚,,51252.1047,,,,,,,False,F51批发业,证监会行业分类
300494,盛天网络,300494.SZ,SZSE,创业板,湖北,互联网,20151231,S,赖春临,,49051.0076,,,,,,,False,I64互联网和相关服务,证监会行业分类
300496,中科创达,300496.SZ,SZSE,创业板,北京,软件服务,20151210,S,赵鸿飞,,46077.1144,,,,,,,False,I65软件和信息技术服务业,证监会行业分类
300497,富祥股份,300497.SZ,SZSE,创业板,江西,化学制药,20151222,S,包建华,,53864.8934,,,,,,,False,C27医药制造业,证监会行业分类
300498,温氏股份,300498.SZ,SZSE,创业板,广东,农业综合,20151102,S,温志芬,,665392.733,,,,,,,False,A03畜牧业,证监会行业分类
300499,高澜股份,300499.SZ,SZSE,创业板,广东,专用机械,20160202,S,李琦,,30524.8564,,,,,,,False,C38电气机械和器材制造业,证监会行业分类
300500,启迪设计,300500.SZ,SZSE,创业板,江苏,建筑工程,20160204,N,查金荣,,17397.4869,,,,,,,False,M74专业技术服务业,证监会行业分类
300501,海顺新材,300501.SZ,SZSE,创业板,上海,广告包装,20160204,N,黄勤,,27818.2696,,,,,,,False,C27医药制造业,证监会行业分类
300502,新易盛,300502.SZ,SZSE,创业板,四川,通信设备,20160303,S,高光荣,,99589.7632,,,,,,,False,C39计算机、通信和其他电子设备制造业,证监会行业分类
300503,昊志机电,300503.SZ,SZSE,创业板,广东,机械基件,20160309,S,汤秀清,,30822.6785,,,,,,,False,C34通用设备制造业,证监会行业分类
300504,天邑股份,300504.SZ,SZSE,创业板,四川,通信设备,20180330,N,李世宏,,27102.458,,,,,,,False,C39计算机、通信和其他电子设备制造业,证监会行业分类
300505,川金诺,300505.SZ,SZSE,创业板,云南,农药化肥,20160315,S,刘甍,,27486.7523,,,,,,,False,C26化学原料和化学制品制造业,证监会行业分类
300506,ST名家汇,300506.SZ,SZSE,创业板,深圳,建筑工程,20160324,N,程治文,,142559.6569,,,,,,,True,E50建筑装饰、装修和其他建筑业,证监会行业分类
300507,苏奥传感,300507.SZ,SZSE,创业板,江苏,汽车配件,20160429,S,滕飞,,80064.6907,,,,,,,False,C36汽车制造业,证监会行业分类
300508,维宏股份,300508.SZ,SZSE,创业板,上海,软件服务,20160419,N,汤同奎,,10884.633,,,,,,,False,C40仪器仪表制造业,证监会行业分类
300509,新美星,300509.SZ,SZSE,创业板,江苏,专用机械,20160425,N,何云涛,,29640.0,,,,,,,False,C34通用设备制造业,证监会行业分类
300510,金冠股份,300510.SZ,SZSE,创业板,吉林,电气设备,20160506,N,邬劲松,,82469.07,,,,,,,False,C38电气机械和器材制造业,证监会行业分类
300511,雪榕生物,300511.SZ,SZSE,创业板,上海,种植业,20160504,N,蒋智,,64084.7016,,,,,,,False,A01农业,证监会行业分类
300512,中亚股份,300512.SZ,SZSE,创业板,浙江,专用机械,20160526,N,史中伟,,40923.7375,,,,,,,False,C34通用设备制造业,证监会行业分类
300513,恒实科技,300513.SZ,SZSE,创业板,北京,软件服务,20160530,N,康金生,,31369.1155,,,,,,,False,I65软件和信息技术服务业,证监会行业分类
300514,友讯达,300514.SZ,SZSE,创业板,深圳,电器仪表,20170426,N,崔涛,,20000.0,,,,,,,False,C40仪器仪表制造业,证监会行业分类
300515,三德科技,300515.SZ,SZSE,创业板,湖南,电器仪表,20160608,N,朱先德,,20575.45,,,,,,,False,C40仪器仪表制造业,证监会行业分类
300516,久之洋,300516.SZ,SZSE,创业板,湖北,电器仪表,20160602,S,李海波,,25200.0,,,,,,,False,C39计算机、通信和其他电子设备制造业,证监会行业分类
300517,海波重科,300517.SZ,SZSE,创业板,湖北,建筑工程,20160719,N,张海波,,20041.3727,,,,,,,False,E48土木工程建筑业,证监会行业分类
300518,新迅达,300518.SZ,SZSE,创业板,广西,互联网,20160624,N,吴成华,,19941.1576,,,,,,,False,I64互联网和相关服务,证监会行业分类
300519,新光药业,300519.SZ,SZSE,创业板,浙江,中成药,20160624,N,王岳钧,,16000.0,,,,,,,False,C27医药制造业,证监会行业分类
300520,科大国创,300520.SZ,SZSE,创业板,安徽,软件服务,20160708,S,董永东,,29203.1018,,,,,,,False,I65软件和信息技术服务业,证监会行业分类
300521,爱司凯,300521.SZ,SZSE,创业板,广东,专用机械,20160705,N,李明之,,14973.0,,,,,,,False,C35专用设备制造业,证监会行业分类
300522,世名科技,300522.SZ,SZSE,创业板,江苏,染料涂料,20160705,N,陆勇,,32245.1507,,,,,,,False,C26化学原料和化学制品制造业,证监会行业分类
300523,辰安科技,300523.SZ,SZSE,创业板,北京,软件服务,20160726,S,郑家升,,23263.7638,,,,,,,False,I65软件和信息技术服务业,证监会行业分类
300525,博思软件,300525.SZ,SZSE,创业板,福建,软件服务,20160726,S,陈航,,75845.3478,,,,,,,False,I65软件和信息技术服务业,证监会行业分类
300527,ST应急,300527.SZ,SZSE,创业板,湖北,专用机械,20160805,N,王小丰,,101677.0372,,,,,,,True,C35专用设备制造业,证监会行业分类
300528,幸福蓝海,300528.SZ,SZSE,创业板,江苏,影视音像,20160808,S,任桐,,37260.8054,,,,,,,False,R87广播、电视、电影和录音制作业,证监会行业分类
300529,健帆生物,300529.SZ,SZSE,创业板,广东,医疗保健,20160802,S,董凡,,79860.5275,,,,,,,False,C35专用设备制造业,证监会行业分类
300530,领湃科技,300530.SZ,SZSE,创业板,湖南,电气设备,20160809,S,谭爱平,,17195.1354,,,,,,,False,C38电气机械和器材制造业,证监会行业分类
300531,优博讯,300531.SZ,SZSE,创业板,深圳,IT设备,20160809,S,GUO SONG,,32107.8965,,,,,,,False,C39计算机、通信和其他电子设备制造业,证监会行业分类
300532,今天国际,300532.SZ,SZSE,创业板,深圳,软件服务,20160818,S,邵健锋,,63564.03,,,,,,,False,I65软件和信息技术服务业,证监会行业分类
300533,冰川网络,300533.SZ,SZSE,创业板,深圳,互联网,20160818,S,刘和国,,32824.6758,,,,,,,False,I64互联网和相关服务,证监会行业分类
300534,陇神戎发,300534.SZ,SZSE,创业板,甘肃,中成药,20160913,N,康永红,,30334.5,,,,,,,False,C27医药制造业,证监会行业分类
300535,达威股份,300535.SZ,SZSE,创业板,四川,化工原料,20160812,N,严建林,,10701.9863,,,,,,,False,C26化学原料和化学制品制造业,证监会行业分类
300536,农尚环境,300536.SZ,SZSE,创业板,湖北,建筑工程,20160920,N,王英维,,29328.8133,,,,,,,False,E48土木工程建筑业,证监会行业分类
300537,广信材料,300537.SZ,SZSE,创业板,江苏,染料涂料,20160830,S,李有明,,20780.6521,,,,,,,False,C26化学原料和化学制品制造业,证监会行业分类
300538,同益股份,300538.SZ,SZSE,创业板,深圳,塑料,20160826,N,邵羽南,,18191.8573,,,,,,,False,F51批发业,证监会行业分类
300539,横河精密,300539.SZ,SZSE,创业板,浙江,塑料,20160830,S,胡志军,,26810.0662,,,,,,,False,C29橡胶和塑料制品业,证监会行业分类
300540,蜀道装备,300540.SZ,SZSE,创业板,四川,专用机械,20160823,N,胡圣厦,,22955.911,,,,,,,False,C34通用设备制造业,证监会行业分类
300541,先进数通,300541.SZ,SZSE,创业板,北京,软件服务,20160913,S,李铠,,43004.4492,,,,,,,False,I65软件和信息技术服务业,证监会行业分类
300542,新晨科技,300542.SZ,SZSE,创业板,北京,软件服务,20160920,S,康路,,29855.9899,,,,,,,False,I65软件和信息技术服务业,证监会行业分类
300543,朗科智能,300543.SZ,SZSE,创业板,深圳,元器件,20160908,N,陈静,,30637.1334,,,,,,,False,C39计算机、通信和其他电子设备制造业,证监会行业分类
300545,联得装备,300545.SZ,SZSE,创业板,深圳,专用机械,20160928,S,聂泉,,18546.1376,,,,,,,False,C35专用设备制造业,证监会行业分类
300546,雄帝科技,300546.SZ,SZSE,创业板,深圳,IT设备,20160928,S,郑嵩,,18764.9691,,,,,,,False,C39计算机、通信和其他电子设备制造业,证监会行业分类
300547,川环科技,300547.SZ,SZSE,创业板,四川,汽车配件,20160930,S,文琦超,,21690.6174,,,,,,,False,C29橡胶和塑料制品业,证监会行业分类
300548,长芯博创,300548.SZ,SZSE,创业板,浙江,通信设备,20161012,S,庄丹,,29157.1378,,,,,,,False,C39计算机、通信和其他电子设备制造业,证监会行业分类
300549,优德精密,300549.SZ,SZSE,创业板,江苏,专用机械,20160930,N,曾正雄,,13334.0,,,,,,,False,C35专用设备制造业,证监会行业分类
300550,和仁科技,300550.SZ,SZSE,创业板,浙江,软件服务,20161018,N,赵晨晖,,26256.0141,,,,,,,False,I65软件和信息技术服务业,证监会行业分类
300551,古鳌科技,300551.SZ,SZSE,创业板,上海,软件服务,20161018,N,徐迎辉,,34006.2839,,,,,,,False,C34通用设备制造业,证监会行业分类
300552,万集科技,300552.SZ,SZSE,创业板,北京,IT设备,20161021,S,翟军,,21313.3112,,,,,,,False,C39计算机、通信和其他电子设备制造业,证监会行业分类
300553,集智股份,300553.SZ,SZSE,创业板,浙江,电器仪表,20161021,N,楼荣伟,,11102.2943,,,,,,,False,C40仪器仪表制造业,证监会行业分类
300554,三超新材,300554.SZ,SZSE,创业板,江苏,矿物制品,20170421,N,柳敬麒,,11421.1577,,,,,,,False,C30非金属矿物制品业,证监会行业分类
300555,ST路通,300555.SZ,SZSE,创业板,江苏,通信设备,20161018,N,谈文舒,,20000.0,,,,,,,True,C39计算机、通信和其他电子设备制造业,证监会行业分类
300556,丝路视觉,300556.SZ,SZSE,创业板,深圳,软件服务,20161104,N,李萌迪,,12156.5313,,,,,,,False,I65软件和信息技术服务业,证监会行业分类
300557,理工光科,300557.SZ,SZSE,创业板,湖北,电器仪表,20161101,N,江山,,12086.7878,,,,,,,False,C35专用设备制造业,证监会行业分类
300558,贝达药业,300558.SZ,SZSE,创业板,浙江,化学制药,20161107,S,丁列明,,42073.3843,,,,,,,False,C27医药制造业,证监会行业分类
300559,佳发教育,300559.SZ,SZSE,创业板,四川,软件服务,20161101,S,袁斌,,39951.4567,,,,,,,False,I65软件和信息技术服务业,证监会行业分类
300560,中富通,300560.SZ,SZSE,创业板,福建,通信设备,20161101,N,陈融洁,,22974.3622,,,,,,,False,I65软件和信息技术服务业,证监会行业分类
300561,*ST汇科,300561.SZ,SZSE,创业板,广东,软件服务,20161117,N,陈喆,,32810.7975,,,,,,,True,I65软件和信息技术服务业,证监会行业分类
300562,乐心医疗,300562.SZ,SZSE,创业板,广东,医疗保健,20161116,N,潘伟潮,,21861.3688,,,,,,,False,C35专用设备制造业,证监会行业分类
300563,神宇股份,300563.SZ,SZSE,创业板,江苏,通信设备,20161114,S,汤晓楠,,18213.6526,,,,,,,False,C39计算机、通信和其他电子设备制造业,证监会行业分类
300564,筑博设计,300564.SZ,SZSE,创业板,西藏,建筑工程,20191108,N,徐先林,,16131.52,,,,,,,False,M74专业技术服务业,证监会行业分类
300565,科信技术,300565.SZ,SZSE,创业板,深圳,通信设备,20161122,N,陈登志,,24970.4612,,,,,,,False,C39计算机、通信和其他电子设备制造业,证监会行业分类
300566,激智科技,300566.SZ,SZSE,创业板,浙江,元器件,20161115,S,张彦,,26210.4623,,,,,,,False,C39计算机、通信和其他电子设备制造业,证监会行业分类
300567,精测电子,300567.SZ,SZSE,创业板,湖北,电器仪表,20161122,S,彭骞,,27974.5632,,,,,,,False,C40仪器仪表制造业,证监会行业分类
300568,星源材质,300568.SZ,SZSE,创业板,深圳,化工原料,20161201,S,陈秀峰,,134571.0639,,,,,,,False,C26化学原料和化学制品制造业,证监会行业分类
300569,天能重工,300569.SZ,SZSE,创业板,山东,电气设备,20161125,S,黄文峰,,102272.6168,,,,,,,False,C38电气机械和器材制造业,证监会行业分类
300570,太辰光,300570.SZ,SZSE,创业板,深圳,通信设备,20161206,S,张致民,,22712.6867,,,,,,,False,C39计算机、通信和其他电子设备制造业,证监会行业分类
300571,平治信息,300571.SZ,SZSE,创业板,浙江,互联网,20161213,N,郭庆,,13952.8294,,,,,,,False,C39计算机、通信和其他电子设备制造业,证监会行业分类
300572,安车检测,300572.SZ,SZSE,创业板,深圳,电器仪表,20161206,S,孙臻,,22898.8812,,,,,,,False,C40仪器仪表制造业,证监会行业分类
300573,兴齐眼药,300573.SZ,SZSE,创业板,辽宁,化学制药,20161208,S,刘继东,,35732.2814,,,,,,,False,C27医药制造业,证监会行业分类
300575,中旗股份,300575.SZ,SZSE,创业板,江苏,农药化肥,20161220,N,吴耀军,,47699.24,,,,,,,False,C26化学原料和化学制品制造业,证监会行业分类
300576,容大感光,300576.SZ,SZSE,创业板,深圳,染料涂料,20161220,S,黄勇,,36636.7572,,,,,,,False,C39计算机、通信和其他电子设备制造业,证监会行业分类
300577,开润股份,300577.SZ,SZSE,创业板,安徽,纺织,20161221,S,范劲松,,23983.6247,,,,,,,False,C19皮革、毛皮、羽毛及其制品和制鞋业,证监会行业分类
300578,会畅科技,300578.SZ,SZSE,创业板,上海,通信设备,20170125,N,方艺霖,,19826.974,,,,,,,False,I65软件和信息技术服务业,证监会行业分类
300579,数字认证,300579.SZ,SZSE,创业板,北京,软件服务,20161223,S,林雪焰,,27000.0,,,,,,,False,I65软件和信息技术服务业,证监会行业分类
300580,贝斯特,300580.SZ,SZSE,创业板,江苏,汽车配件,20170111,S,曹余华,,50232.2762,,,,,,,False,C36汽车制造业,证监会行业分类
300581,晨曦航空,300581.SZ,SZSE,创业板,陕西,航空,20161220,S,吴星宇,,55010.9546,,,,,,,False,C39计算机、通信和其他电子设备制造业,证监会行业分类
300582,英飞特,300582.SZ,SZSE,创业板,浙江,元器件,20161228,N,Guichao Hua,,29853.6488,,,,,,,False,C39计算机、通信和其他电子设备制造业,证监会行业分类
300583,赛托生物,300583.SZ,SZSE,创业板,山东,化学制药,20170106,N,米奇,,18970.2126,,,,,,,False,C27医药制造业,证监会行业分类
300584,海辰药业,300584.SZ,SZSE,创业板,江苏,化学制药,20170112,S,曹于平,,12000.0,,,,,,,False,C27医药制造业,证监会行业分类
300585,奥联电子,300585.SZ,SZSE,创业板,江苏,汽车配件,20161229,N,薛娟华,,17111.1111,,,,,,,False,C36汽车制造业,证监会行业分类
300586,美联新材,300586.SZ,SZSE,创业板,广东,化工原料,20170104,S,黄伟汕,,71121.6645,,,,,,,False,C26化学原料和化学制品制造业,证监会行业分类
300587,天铁科技,300587.SZ,SZSE,创业板,浙江,橡胶,20170105,S,许孔斌,,129826.8797,,,,,,,False,C29橡胶和塑料制品业,证监会行业分类
300588,熙菱信息,300588.SZ,SZSE,创业板,新疆,IT设备,20170105,N,何岳,,19147.103,,,,,,,False,I65软件和信息技术服务业,证监会行业分类
300589,江龙船艇,300589.SZ,SZSE,创业板,广东,船舶,20170113,S,席方远,,37766.7996,,,,,,,False,C37铁路、船舶、航空航天和其他运输设备制造业,证监会行业分类
300590,移为通信,300590.SZ,SZSE,创业板,上海,通信设备,20170111,S,廖荣华,,46223.6538,,,,,,,False,C39计算机、通信和其他电子设备制造业,证监会行业分类
300591,万里马,300591.SZ,SZSE,创业板,广东,服饰,20170110,N,林大耀,,40567.3777,,,,,,,False,C19皮革、毛皮、羽毛及其制品和制鞋业,证监会行业分类
300592,华凯易佰,300592.SZ,SZSE,创业板,湖南,互联网,20170120,S,胡范金,,40436.1469,,,,,,,False,F52零售业,证监会行业分类
300593,新雷能,300593.SZ,SZSE,创业板,北京,电气设备,20170113,S,王彬,,54249.8469,,,,,,,False,C38电气机械和器材制造业,证监会行业分类
300594,ST朗进,300594.SZ,SZSE,创业板,山东,运输设备,20190621,N,李敬茂,,9187.345,,,,,,,True,C37铁路、船舶、航空航天和其他运输设备制造业,证监会行业分类
300595,欧普康视,300595.SZ,SZSE,创业板,安徽,医疗保健,20170117,S,陶悦群,,89528.9123,,,,,,,False,C35专用设备制造业,证监会行业分类
300596,利安隆,300596.SZ,SZSE,创业板,天津,化工原料,20170119,S,范小鹏,,22961.9667,,,,,,,False,C26化学原料和化学制品制造业,证监会行业分类
300597,吉大通信,300597.SZ,SZSE,创业板,吉林,通信设备,20170123,N,周伟,,27257.003,,,,,,,False,I65软件和信息技术服务业,证监会行业分类
300598,诚迈科技,300598.SZ,SZSE,创业板,江苏,软件服务,20170120,S,王继平,,21698.1741,,,,,,,False,I65软件和信息技术服务业,证监会行业分类
300599,雄塑科技,300599.SZ,SZSE,创业板,广东,塑料,20170123,N,黄淦雄,,35813.1567,,,,,,,False,C29橡胶和塑料制品业,证监会行业分类
300600,国瑞科技,300600.SZ,SZSE,创业板,江苏,船舶,20170125,N,葛颖,,29423.448,,,,,,,False,C37铁路、船舶、航空航天和其他运输设备制造业,证监会行业分类
300601,康泰生物,300601.SZ,SZSE,创业板,深圳,生物制药,20170207,S,杜伟民,,111692.9755,,,,,,,False,C27医药制造业,证监会行业分类
300602,飞荣达,300602.SZ,SZSE,创业板,深圳,元器件,20170126,S,马飞,,58186.3431,,,,,,,False,C39计算机、通信和其他电子设备制造业,证监会行业分类
300603,立昂技术,300603.SZ,SZSE,创业板,新疆,通信设备,20170126,S,周路,,46479.8231,,,,,,,False,I65软件和信息技术服务业,证监会行业分类
300604,长川科技,300604.SZ,SZSE,创业板,浙江,半导体,20170417,S,赵轶,,63441.8614,,,,,,,False,C35专用设备制造业,证监会行业分类
300605,恒锋信息,300605.SZ,SZSE,创业板,福建,软件服务,20170208,N,魏晓曦,,16514.3762,,,,,,,False,I65软件和信息技术服务业,证监会行业分类
300606,金太阳,300606.SZ,SZSE,创业板,广东,机械基件,20170208,N,杨璐,,13834.7826,,,,,,,False,C30非金属矿物制品业,证监会行业分类
300607,拓斯达,300607.SZ,SZSE,创业板,广东,专用机械,20170209,S,吴丰礼,,47697.2412,,,,,,,False,C34通用设备制造业,证监会行业分类
300608,思特奇,300608.SZ,SZSE,创业板,北京,软件服务,20170213,N,吴飞舟,,34103.7807,,,,,,,False,I65软件和信息技术服务业,证监会行业分类
300609,汇纳科技,300609.SZ,SZSE,创业板,上海,软件服务,20170215,N,江泽星,,12011.4387,,,,,,,False,I65软件和信息技术服务业,证监会行业分类
300610,晨化股份,300610.SZ,SZSE,创业板,江苏,化工原料,20170213,N,于子洲,,21296.148,,,,,,,False,C26化学原料和化学制品制造业,证监会行业分类
300611,美力科技,300611.SZ,SZSE,创业板,浙江,汽车配件,20170220,S,章碧鸿,,21107.468,,,,,,,False,C36汽车制造业,证监会行业分类
300612,宣亚国际,300612.SZ,SZSE,创业板,北京,广告包装,20170215,N,任翔,,18045.4496,,,,,,,False,L72商务服务业,证监会行业分类
300613,富瀚微,300613.SZ,SZSE,创业板,上海,半导体,20170220,S,杨小奇,,23280.4819,,,,,,,False,I65软件和信息技术服务业,证监会行业分类
300614,百川畅银,300614.SZ,SZSE,创业板,河南,环境保护,20210525,N,陈功海,,16044.0679,,,,,,,False,N77生态保护和环境治理业,证监会行业分类
300615,欣天科技,300615.SZ,SZSE,创业板,深圳,通信设备,20170215,N,石伟平,,19298.92,,,,,,,False,C39计算机、通信和其他电子设备制造业,证监会行业分类
300616,尚品宅配,300616.SZ,SZSE,创业板,广东,家居用品,20170307,N,李连柱,,22451.598,,,,,,,False,C21家具制造业,证监会行业分类
300617,安靠智电,300617.SZ,SZSE,创业板,江苏,电气设备,20170228,S,陈晓凌,,16570.7664,,,,,,,False,C38电气机械和器材制造业,证监会行业分类
300618,寒锐钴业,300618.SZ,SZSE,创业板,江苏,小金属,20170306,S,梁杰,,30969.7091,,,,,,,False,C32有色金属冶炼和压延加工业,证监会行业分类
300619,金银河,300619.SZ,SZSE,创业板,广东,专用机械,20170301,S,张启发,,17399.9658,,,,,,,False,C35专用设备制造业,证监会行业分类
300620,光库科技,300620.SZ,SZSE,创业板,广东,通信设备,20170310,S,曲志超,,24918.0545,,,,,,,False,C39计算机、通信和其他电子设备制造业,证监会行业分类
300621,维业股份,300621.SZ,SZSE,创业板,深圳,装修装饰,20170316,N,房庆海,,20805.67,,,,,,,False,E50建筑装饰、装修和其他建筑业,证监会行业分类
300622,博士眼镜,300622.SZ,SZSE,创业板,深圳,其他商业,20170315,S,ALEXANDER LIU,,31899.5824,,,,,,,False,F52零售业,证监会行业分类
300623,捷捷微电,300623.SZ,SZSE,创业板,江苏,半导体,20170314,S,黄善兵,,83207.9919,,,,,,,False,C39计算机、通信和其他电子设备制造业,证监会行业分类
300624,万兴科技,300624.SZ,SZSE,创业板,西藏,软件服务,20180118,S,吴太兵,,19333.6324,,,,,,,False,I65软件和信息技术服务业,证监会行业分类
300625,三雄极光,300625.SZ,SZSE,创业板,广东,家用电器,20170317,N,张宇涛,,27933.1,,,,,,,False,C38电气机械和器材制造业,证监会行业分类
300626,华瑞股份,300626.SZ,SZSE,创业板,浙江,电气设备,20170320,N,张波,,18000.0,,,,,,,False,C38电气机械和器材制造业,证监会行业分类
300627,华测导航,300627.SZ,SZSE,创业板,上海,通信设备,20170321,S,赵延平,,78689.2451,,,,,,,False,C39计算机、通信和其他电子设备制造业,证监会行业分类
300628,亿联网络,300628.SZ,SZSE,创业板,福建,通信设备,20170317,S,陈智松,,126688.7621,,,,,,,False,C39计算机、通信和其他电子设备制造业,证监会行业分类
300629,新劲刚,300629.SZ,SZSE,创业板,广东,元器件,20170324,S,王刚,,25142.3424,,,,,,,False,C39计算机、通信和其他电子设备制造业,证监会行业分类
300631,久吾高科,300631.SZ,SZSE,创业板,江苏,环境保护,20170323,N,党建兵,,12503.1424,,,,,,,False,C35专用设备制造业,证监会行业分类
300632,光莆股份,300632.SZ,SZSE,创业板,福建,半导体,20170406,N,林国彪,,30518.162,,,,,,,False,C38电气机械和器材制造业,证监会行业分类
300633,开立医疗,300633.SZ,SZSE,创业板,深圳,医疗保健,20170406,S,陈志强,,43271.2405,,,,,,,False,C35专用设备制造业,证监会行业分类
300634,彩讯股份,300634.SZ,SZSE,创业板,深圳,软件服务,20180323,S,杨良志,,45121.09,,,,,,,False,I65软件和信息技术服务业,证监会行业分类
300635,中达安,300635.SZ,SZSE,创业板,广东,建筑工程,20170331,N,陈天宝,,14001.4,,,,,,,False,M74专业技术服务业,证监会行业分类
300636,同和药业,300636.SZ,SZSE,创业板,江西,化学制药,20170331,N,庞正伟,,41995.1495,,,,,,,False,C27医药制造业,证监会行业分类
300637,扬帆新材,300637.SZ,SZSE,创业板,浙江,化工原料,20170412,N,樊彬,,23475.013,,,,,,,False,C26化学原料和化学制品制造业,证监会行业分类
300638,广和通,300638.SZ,SZSE,创业板,深圳,通信设备,20170413,S,张天瑜,,89926.5844,,,,,,,False,C39计算机、通信和其他电子设备制造业,证监会行业分类
300639,凯普生物,300639.SZ,SZSE,创业板,广东,医疗保健,20170412,N,管乔中,,64650.0674,,,,,,,False,C27医药制造业,证监会行业分类
300640,德艺文创,300640.SZ,SZSE,创业板,福建,家居用品,20170417,N,吴体芳,,31099.3427,,,,,,,False,C24文教、工美、体育和娱乐用品制造业,证监会行业分类
300641,正丹股份,300641.SZ,SZSE,创业板,江苏,化工原料,20170418,S,曹正国,,52554.481,,,,,,,False,C26化学原料和化学制品制造业,证监会行业分类
300642,透景生命,300642.SZ,SZSE,创业板,上海,医疗保健,20170421,N,姚见儿,,16254.4041,,,,,,,False,C27医药制造业,证监会行业分类
300643,万通智控,300643.SZ,SZSE,创业板,浙江,汽车配件,20170505,S,张健儿,,23125.3546,,,,,,,False,C36汽车制造业,证监会行业分类
300644,南京聚隆,300644.SZ,SZSE,创业板,江苏,塑料,20180206,N,刘曙阳,,11067.0222,,,,,,,False,C29橡胶和塑料制品业,证监会行业分类
300645,正元智慧,300645.SZ,SZSE,创业板,浙江,软件服务,20170421,N,陈艺戎,,14210.6515,,,,,,,False,I65软件和信息技术服务业,证监会行业分类
300647,超频三,300647.SZ,SZSE,创业板,深圳,化工原料,20170503,N,杜建军,,45732.1024,,,,,,,False,C39计算机、通信和其他电子设备制造业,证监会行业分类
300648,星云股份,300648.SZ,SZSE,创业板,福建,电气设备,20170425,S,李有财,,17428.14,,,,,,,False,C35专用设备制造业,证监会行业分类
300649,杭州园林,300649.SZ,SZSE,创业板,浙江,建筑工程,20170505,N,吕明华,,13241.6609,,,,,,,False,M74专业技术服务业,证监会行业分类
300650,太龙股份,300650.SZ,SZSE,创业板,福建,元器件,20170503,N,庄占龙,,24140.2672,,,,,,,False,F51批发业,证监会行业分类
300651,金陵体育,300651.SZ,SZSE,创业板,江苏,文教休闲,20170509,N,李剑刚,,14120.9688,,,,,,,False,C24文教、工美、体育和娱乐用品制造业,证监会行业分类
300652,雷迪克,300652.SZ,SZSE,创业板,浙江,汽车配件,20170516,S,沈仁荣,,13339.0572,,,,,,,False,C36汽车制造业,证监会行业分类
300653,正海生物,300653.SZ,SZSE,创业板,山东,医疗保健,20170516,N,郭焕祥,,18000.0,,,,,,,False,C35专用设备制造业,证监会行业分类
300654,世纪天鸿,300654.SZ,SZSE,创业板,山东,出版业,20170926,N,任志鸿,,36612.4852,,,,,,,False,R86新闻和出版业,证监会行业分类
300655,晶瑞电材,300655.SZ,SZSE,创业板,江苏,半导体,20170523,S,胡建康,,107297.499,,,,,,,False,C26化学原料和化学制品制造业,证监会行业分类
300656,民德电子,300656.SZ,SZSE,创业板,深圳,IT设备,20170519,N,黄效东,,17112.5072,,,,,,,False,C39计算机、通信和其他电子设备制造业,证监会行业分类
300657,弘信电子,300657.SZ,SZSE,创业板,福建,元器件,20170523,S,李强,,48212.5646,,,,,,,False,C39计算机、通信和其他电子设备制造业,证监会行业分类
300658,延江股份,300658.SZ,SZSE,创业板,福建,纺织,20170602,N,谢继华,,33276.4105,,,,,,,False,C17纺织业,证监会行业分类
300659,中孚信息,300659.SZ,SZSE,创业板,山东,IT设备,20170526,N,魏东晓,,26039.2378,,,,,,,False,I65软件和信息技术服务业,证监会行业分类
300660,江苏雷利,300660.SZ,SZSE,创业板,江苏,电气设备,20170602,S,苏达,,44713.6548,,,,,,,False,C38电气机械和器材制造业,证监会行业分类
300661,圣邦股份,300661.SZ,SZSE,创业板,北京,半导体,20170606,S,张世龙,,62067.4702,,,,,,,False,C39计算机、通信和其他电子设备制造业,证监会行业分类
300662,科锐国际,300662.SZ,SZSE,创业板,北京,文教休闲,20170608,S,高勇,,19680.6359,,,,,,,False,L72商务服务业,证监会行业分类
300663,科蓝软件,300663.SZ,SZSE,创业板,北京,软件服务,20170608,S,王安京,,47845.1437,,,,,,,False,I65软件和信息技术服务业,证监会行业分类
300664,鹏鹞环保,300664.SZ,SZSE,创业板,江苏,环境保护,20180105,N,王鹏鹞,,75625.6332,,,,,,,False,N77生态保护和环境治理业,证监会行业分类
300665,飞鹿股份,300665.SZ,SZSE,创业板,湖南,染料涂料,20170613,N,章健嘉,,22954.073,,,,,,,False,C26化学原料和化学制品制造业,证监会行业分类
300666,江丰电子,300666.SZ,SZSE,创业板,浙江,半导体,20170615,S,姚舜,,26532.0683,,,,,,,False,C39计算机、通信和其他电子设备制造业,证监会行业分类
300667,必创科技,300667.SZ,SZSE,创业板,北京,电器仪表,20170619,N,代啸宁,,20463.6039,,,,,,,False,C40仪器仪表制造业,证监会行业分类
300668,杰恩股份,300668.SZ,SZSE,创业板,深圳,装修装饰,20170619,N,杨凯利,,12038.1273,,,,,,,False,L72商务服务业,证监会行业分类
300669,沪宁股份,300669.SZ,SZSE,创业板,浙江,运输设备,20170629,S,邹家春,,19270.5526,,,,,,,False,C34通用设备制造业,证监会行业分类
300670,大烨智能,300670.SZ,SZSE,创业板,江苏,电气设备,20170703,N,陈杰,,31692.0479,,,,,,,False,C38电气机械和器材制造业,证监会行业分类
300671,富满微,300671.SZ,SZSE,创业板,深圳,半导体,20170705,S,刘景裕,,22138.646,,,,,,,False,I65软件和信息技术服务业,证监会行业分类
300672,国科微,300672.SZ,SZSE,创业板,湖南,半导体,20170712,S,向平,,21710.2452,,,,,,,False,C39计算机、通信和其他电子设备制造业,证监会行业分类
300673,佩蒂股份,300673.SZ,SZSE,创业板,浙江,饲料,20170711,N,陈振标,,24730.5855,,,,,,,False,C13农副食品加工业,证监会行业分类
300674,宇信科技,300674.SZ,SZSE,创业板,北京,软件服务,20181107,S,洪卫东,,70405.706,,,,,,,False,I65软件和信息技术服务业,证监会行业分类
300675,建科院,300675.SZ,SZSE,创业板,深圳,建筑工程,20170719,N,叶青,,14666.67,,,,,,,False,M74专业技术服务业,证监会行业分类
300676,华大基因,300676.SZ,SZSE,创业板,深圳,医疗保健,20170714,S,侯勇,,41831.7075,,,,,,,False,M74专业技术服务业,证监会行业分类
300677,英科医疗,300677.SZ,SZSE,创业板,山东,医疗保健,20170721,S,刘方毅,,65475.3263,,,,,,,False,C29橡胶和塑料制品业,证监会行业分类
300678,中科信息,300678.SZ,SZSE,创业板,四川,软件服务,20170728,S,史志明,,29638.6293,,,,,,,False,I65软件和信息技术服务业,证监会行业分类
300679,电连技术,300679.SZ,SZSE,创业板,深圳,元器件,20170731,S,陈育宣,,42482.0,,,,,,,False,C39计算机、通信和其他电子设备制造业,证监会行业分类
300680,隆盛科技,300680.SZ,SZSE,创业板,江苏,汽车配件,20170725,S,倪铭,,22771.6078,,,,,,,False,C36汽车制造业,证监会行业分类
300681,英搏尔,300681.SZ,SZSE,创业板,广东,汽车配件,20170725,S,姜桂宾,,30605.534,,,,,,,False,C36汽车制造业,证监会行业分类
300682,朗新科技,300682.SZ,SZSE,创业板,江苏,软件服务,20170801,S,徐长军,,107823.5821,,,,,,,False,I65软件和信息技术服务业,证监会行业分类
300683,海特生物,300683.SZ,SZSE,创业板,湖北,生物制药,20170808,N,陈亚,,13089.4391,,,,,,,False,C27医药制造业,证监会行业分类
300684,中石科技,300684.SZ,SZSE,创业板,北京,元器件,20171227,S,HAN WU,,29950.9223,,,,,,,False,C39计算机、通信和其他电子设备制造业,证监会行业分类
300685,艾德生物,300685.SZ,SZSE,创业板,福建,医疗保健,20170802,S,LI-MOU ZHENG,,39010.5169,,,,,,,False,C27医药制造业,证监会行业分类
300686,智动力,300686.SZ,SZSE,创业板,深圳,元器件,20170804,N,吴雄仰,,26062.422,,,,,,,False,C39计算机、通信和其他电子设备制造业,证监会行业分类
300687,赛意信息,300687.SZ,SZSE,创业板,广东,软件服务,20170803,S,张成康,,40841.161,,,,,,,False,I65软件和信息技术服务业,证监会行业分类
300688,创业黑马,300688.SZ,SZSE,创业板,北京,文教休闲,20170810,S,牛文文,,16737.9464,,,,,,,False,L72商务服务业,证监会行业分类
300689,澄天伟业,300689.SZ,SZSE,创业板,深圳,通信设备,20170809,S,冯学裕,,11560.0,,,,,,,False,C39计算机、通信和其他电子设备制造业,证监会行业分类
300690,双一科技,300690.SZ,SZSE,创业板,山东,电气设备,20170808,S,王庆华,,16534.8919,,,,,,,False,C30非金属矿物制品业,证监会行业分类
300691,联合光电,300691.SZ,SZSE,创业板,广东,元器件,20170811,S,龚俊强,,26904.8766,,,,,,,False,C39计算机、通信和其他电子设备制造业,证监会行业分类
300692,中赋科技,300692.SZ,SZSE,创业板,安徽,环境保护,20170821,N,刘杨,,56227.6116,,,,,,,False,N77生态保护和环境治理业,证监会行业分类
300693,盛弘股份,300693.SZ,SZSE,创业板,深圳,电气设备,20170822,S,方兴,,31279.5823,,,,,,,False,C38电气机械和器材制造业,证监会行业分类
300694,蠡湖股份,300694.SZ,SZSE,创业板,江苏,汽车配件,20181015,N,刘秋志,,21707.0376,,,,,,,False,C36汽车制造业,证监会行业分类
300695,兆丰股份,300695.SZ,SZSE,创业板,浙江,汽车配件,20170908,S,孔爱祥,,10225.6924,,,,,,,False,C36汽车制造业,证监会行业分类
300696,爱乐达,300696.SZ,SZSE,创业板,四川,航空,20170822,S,谢鹏,,29315.2983,,,,,,,False,C37铁路、船舶、航空航天和其他运输设备制造业,证监会行业分类
300697,电工合金,300697.SZ,SZSE,创业板,江苏,铜,20170907,S,冯岳军,,43264.0,,,,,,,False,C32有色金属冶炼和压延加工业,证监会行业分类
300698,万马科技,300698.SZ,SZSE,创业板,浙江,通信设备,20170831,S,徐兰芝,,13400.0,,,,,,,False,C39计算机、通信和其他电子设备制造业,证监会行业分类
300699,光威复材,300699.SZ,SZSE,创业板,山东,化纤,20170901,S,卢钊钧,,83135.2,,,,,,,False,C28化学纤维制造业,证监会行业分类
300700,岱勒新材,300700.SZ,SZSE,创业板,湖南,矿物制品,20170912,N,段志明,,39702.8823,,,,,,,False,C30非金属矿物制品业,证监会行业分类
300701,森霸传感,300701.SZ,SZSE,创业板,河南,元器件,20170915,N,单森林,,28273.5119,,,,,,,False,C39计算机、通信和其他电子设备制造业,证监会行业分类
300702,天宇股份,300702.SZ,SZSE,创业板,浙江,化学制药,20170919,S,屠勇军,,34797.7159,,,,,,,False,C27医药制造业,证监会行业分类
300703,创源股份,300703.SZ,SZSE,创业板,浙江,文教休闲,20170919,S,华天(代),,18039.184,,,,,,,False,C24文教、工美、体育和娱乐用品制造业,证监会行业分类
300705,九典制药,300705.SZ,SZSE,创业板,湖南,化学制药,20171010,S,朱志宏,,50029.1126,,,,,,,False,C27医药制造业,证监会行业分类
300706,阿石创,300706.SZ,SZSE,创业板,福建,元器件,20170926,S,陈钦忠,,15330.1499,,,,,,,False,C39计算机、通信和其他电子设备制造业,证监会行业分类
300707,威唐工业,300707.SZ,SZSE,创业板,江苏,汽车配件,20171010,N,张锡亮,,17654.1184,,,,,,,False,C35专用设备制造业,证监会行业分类
300708,聚灿光电,300708.SZ,SZSE,创业板,江苏,半导体,20171016,S,潘华荣,,93891.5144,,,,,,,False,C39计算机、通信和其他电子设备制造业,证监会行业分类
300709,精研科技,300709.SZ,SZSE,创业板,江苏,元器件,20171019,S,王明喜,,18607.6681,,,,,,,False,C39计算机、通信和其他电子设备制造业,证监会行业分类
300710,万隆光电,300710.SZ,SZSE,创业板,浙江,通信设备,20171019,N,付小铜,,9949.03,,,,,,,False,C39计算机、通信和其他电子设备制造业,证监会行业分类
300711,广哈通信,300711.SZ,SZSE,创业板,广东,通信设备,20171101,S,孙业全,,28043.3632,,,,,,,False,C39计算机、通信和其他电子设备制造业,证监会行业分类
300712,永福股份,300712.SZ,SZSE,创业板,福建,建筑工程,20171031,S,林一文,,18754.6035,,,,,,,False,E48土木工程建筑业,证监会行业分类
300713,英可瑞,300713.SZ,SZSE,创业板,深圳,电气设备,20171101,N,尹伟,,15872.081,,,,,,,False,C38电气机械和器材制造业,证监会行业分类
300715,凯伦股份,300715.SZ,SZSE,创业板,江苏,其他建材,20171026,N,钱林弟,,37805.543,,,,,,,False,C30非金属矿物制品业,证监会行业分类
300716,*ST泉为,300716.SZ,SZSE,创业板,广东,塑料,20171109,N,雷心跃,,16002.0,,,,,,,True,C29橡胶和塑料制品业,证监会行业分类
300717,华信新材,300717.SZ,SZSE,创业板,江苏,塑料,20171106,N,李振斌,,10277.5,,,,,,,False,C29橡胶和塑料制品业,证监会行业分类
300718,长盛轴承,300718.SZ,SZSE,创业板,浙江,机械基件,20171106,S,褚晨剑,,29877.903,,,,,,,False,C34通用设备制造业,证监会行业分类
300719,安达维尔,300719.SZ,SZSE,创业板,北京,航空,20171109,N,赵子安,,25422.715,,,,,,,False,C37铁路、船舶、航空航天和其他运输设备制造业,证监会行业分类
300720,海川智能,300720.SZ,SZSE,创业板,广东,电器仪表,20171106,N,邓永议,,19487.7256,,,,,,,False,C40仪器仪表制造业,证监会行业分类
300721,怡达股份,300721.SZ,SZSE,创业板,江苏,化工原料,20171115,N,刘准,,16484.6739,,,,,,,False,C26化学原料和化学制品制造业,证监会行业分类
300722,新余国科,300722.SZ,SZSE,创业板,江西,航空,20171110,S,袁有根,,27675.648,,,,,,,False,C41其他制造业,证监会行业分类
300723,一品红,300723.SZ,SZSE,创业板,广东,化学制药,20171116,S,李捍雄,,45169.2766,,,,,,,False,C27医药制造业,证监会行业分类
300724,捷佳伟创,300724.SZ,SZSE,创业板,深圳,专用机械,20180810,S,左国军,,34829.2006,,,,,,,False,C35专用设备制造业,证监会行业分类
300725,药石科技,300725.SZ,SZSE,创业板,江苏,化学制药,20171110,S,杨民民,,23380.7341,,,,,,,False,M73研究和试验发展,证监会行业分类
300726,宏达电子,300726.SZ,SZSE,创业板,湖南,元器件,20171121,S,钟若农,,41183.9845,,,,,,,False,C39计算机、通信和其他电子设备制造业,证监会行业分类
300727,润禾材料,300727.SZ,SZSE,创业板,浙江,化工原料,20171127,S,叶剑平,,18013.6352,,,,,,,False,C26化学原料和化学制品制造业,证监会行业分类
300729,乐歌股份,300729.SZ,SZSE,创业板,浙江,家居用品,20171201,S,项乐宏,,34161.3405,,,,,,,False,C21家具制造业,证监会行业分类
300730,科创信息,300730.SZ,SZSE,创业板,湖南,软件服务,20171205,N,费耀平,,24113.8947,,,,,,,False,I65软件和信息技术服务业,证监会行业分类
300731,科创新源,300731.SZ,SZSE,创业板,深圳,橡胶,20171208,S,周东,,17728.4525,,,,,,,False,C29橡胶和塑料制品业,证监会行业分类
300732,设研院,300732.SZ,SZSE,创业板,河南,建筑工程,20171212,N,汤意,,37056.0072,,,,,,,False,M74专业技术服务业,证监会行业分类
300733,西菱动力,300733.SZ,SZSE,创业板,四川,汽车配件,20180116,S,魏晓林,,30567.628,,,,,,,False,C36汽车制造业,证监会行业分类
300735,光弘科技,300735.SZ,SZSE,创业板,广东,元器件,20171229,S,唐建兴,,80911.5481,,,,,,,False,C39计算机、通信和其他电子设备制造业,证监会行业分类
300736,百邦科技,300736.SZ,SZSE,创业板,北京,通信设备,20180109,N,刘铁峰,,12793.4324,,,,,,,False,O81机动车、电子产品和日用产品修理业,证监会行业分类
300737,科顺股份,300737.SZ,SZSE,创业板,广东,其他建材,20180125,S,陈伟忠,,110997.1693,,,,,,,False,C30非金属矿物制品业,证监会行业分类
300738,奥飞数据,300738.SZ,SZSE,创业板,广东,软件服务,20180119,S,冯康,,98519.0539,,,,,,,False,I65软件和信息技术服务业,证监会行业分类
300739,明阳电路,300739.SZ,SZSE,创业板,深圳,元器件,20180201,S,张佩珂,,37345.5157,,,,,,,False,C39计算机、通信和其他电子设备制造业,证监会行业分类
300740,水羊股份,300740.SZ,SZSE,创业板,湖南,日用化工,20180208,S,戴跃锋,,39222.8109,,,,,,,False,C26化学原料和化学制品制造业,证监会行业分类
300741,华宝股份,300741.SZ,SZSE,创业板,西藏,食品,20180301,S,夏利群,,61588.0,,,,,,,False,C26化学原料和化学制品制造业,证监会行业分类
300743,天地数码,300743.SZ,SZSE,创业板,浙江,IT设备,20180427,N,韩琼,,15120.4323,,,,,,,False,C39计算机、通信和其他电子设备制造业,证监会行业分类
300745,欣锐科技,300745.SZ,SZSE,创业板,深圳,汽车配件,20180523,N,吴壬华,,16856.652,,,,,,,False,C36汽车制造业,证监会行业分类
300746,汉嘉数智,300746.SZ,SZSE,创业板,浙江,建筑工程,20180525,N,叶军,,22573.8328,,,,,,,False,M74专业技术服务业,证监会行业分类
300747,锐科激光,300747.SZ,SZSE,创业板,湖北,专用机械,20180625,S,陈正兵,,56160.0,,,,,,,False,C39计算机、通信和其他电子设备制造业,证监会行业分类
300748,金力永磁,300748.SZ,SZSE,创业板,江西,矿物制品,20180921,S,蔡报贵,,137558.9297,,,,,,,False,C30非金属矿物制品业,证监会行业分类
300749,顶固集创,300749.SZ,SZSE,创业板,广东,家居用品,20180925,N,辛兆龙,,20516.94,,,,,,,False,C21家具制造业,证监会行业分类
300750,宁德时代,300750.SZ,SZSE,创业板,福建,电气设备,20180611,S,曾毓群,,462649.2821,,,,,,,False,C38电气机械和器材制造业,证监会行业分类
300751,迈为股份,300751.SZ,SZSE,创业板,江苏,专用机械,20181109,S,周剑,,27890.1752,,,,,,,False,C35专用设备制造业,证监会行业分类
300752,隆利科技,300752.SZ,SZSE,创业板,深圳,元器件,20181130,N,吴新理,,32286.9478,,,,,,,False,C39计算机、通信和其他电子设备制造业,证监会行业分类
300753,爱朋医疗,300753.SZ,SZSE,创业板,江苏,医疗保健,20181213,N,王凝宇,,12604.8,,,,,,,False,C35专用设备制造业,证监会行业分类
300755,华致酒行,300755.SZ,SZSE,创业板,云南,其他商业,20190129,S,杨武勇,,41679.84,,,,,,,False,F51批发业,证监会行业分类
300756,金马游乐,300756.SZ,SZSE,创业板,广东,专用机械,20181228,S,邓志毅,,22063.7446,,,,,,,False,C24文教、工美、体育和娱乐用品制造业,证监会行业分类
300757,罗博特科,300757.SZ,SZSE,创业板,江苏,专用机械,20190108,S,戴军,,16760.8111,,,,,,,False,C35专用设备制造业,证监会行业分类
300758,七彩化学,300758.SZ,SZSE,创业板,辽宁,染料涂料,20190222,S,徐惠祥,,39911.5632,,,,,,,False,C26化学原料和化学制品制造业,证监会行业分类
300759,康龙化成,300759.SZ,SZSE,创业板,北京,化学制药,20190128,S,Boliang Lou,,183728.3628,,,,,,,False,M73研究和试验发展,证监会行业分类
300760,迈瑞医疗,300760.SZ,SZSE,创业板,深圳,医疗保健,20181016,S,李西廷,,121244.1394,,,,,,,False,C35专用设备制造业,证监会行业分类
300761,立华股份,300761.SZ,SZSE,创业板,江苏,农业综合,20190218,S,程立力,,83726.9641,,,,,,,False,A03畜牧业,证监会行业分类
300762,上海瀚讯,300762.SZ,SZSE,创业板,上海,通信设备,20190314,S,胡世平,,62796.5772,,,,,,,False,C39计算机、通信和其他电子设备制造业,证监会行业分类
300763,锦浪科技,300763.SZ,SZSE,创业板,浙江,电气设备,20190319,S,王一鸣,,39806.133,,,,,,,False,C38电气机械和器材制造业,证监会行业分类
300765,新诺威,300765.SZ,SZSE,创业板,河北,食品,20190322,S,姚兵,,140459.2944,,,,,,,False,C14食品制造业,证监会行业分类
300766,每日互动,300766.SZ,SZSE,创业板,浙江,互联网,20190325,S,方毅,,39474.9757,,,,,,,False,I64互联网和相关服务,证监会行业分类
300767,震安科技,300767.SZ,SZSE,创业板,云南,橡胶,20190329,S,周建旗,,27629.1028,,,,,,,False,C29橡胶和塑料制品业,证监会行业分类
300768,迪普科技,300768.SZ,SZSE,创业板,浙江,软件服务,20190412,S,郑树生,,64382.9039,,,,,,,False,I65软件和信息技术服务业,证监会行业分类
300769,德方纳米,300769.SZ,SZSE,创业板,深圳,化工原料,20190415,S,孔令涌,,28018.803,,,,,,,False,C39计算机、通信和其他电子设备制造业,证监会行业分类
300770,新媒股份,300770.SZ,SZSE,创业板,广东,影视音像,20190419,S,杨德建,,22783.8591,,,,,,,False,I63电信、广播电视和卫星传输服务,证监会行业分类
300771,智莱科技,300771.SZ,SZSE,创业板,深圳,IT设备,20190422,N,干德义,,24000.0,,,,,,,False,C35专用设备制造业,证监会行业分类
300772,运达股份,300772.SZ,SZSE,创业板,浙江,电气设备,20190426,S,陈棋,,78684.7705,,,,,,,False,C34通用设备制造业,证监会行业分类
300773,拉卡拉,300773.SZ,SZSE,创业板,北京,软件服务,20190425,S,王国强,,77666.4942,,,,,,,False,I65软件和信息技术服务业,证监会行业分类
300774,倍杰特,300774.SZ,SZSE,创业板,北京,环境保护,20210804,N,权秋红,,40876.366,,,,,,,False,N77生态保护和环境治理业,证监会行业分类
300775,三角防务,300775.SZ,SZSE,创业板,陕西,航空,20190521,S,严建亚,,54755.0965,,,,,,,False,C37铁路、船舶、航空航天和其他运输设备制造业,证监会行业分类
300776,帝尔激光,300776.SZ,SZSE,创业板,湖北,专用机械,20190517,S,李志刚,,27400.691,,,,,,,False,C35专用设备制造业,证监会行业分类
300777,中简科技,300777.SZ,SZSE,创业板,江苏,化纤,20190516,S,杨永岗,,43970.7537,,,,,,,False,C28化学纤维制造业,证监会行业分类
300778,新城市,300778.SZ,SZSE,创业板,深圳,建筑工程,20190510,N,张春杰,,20365.9642,,,,,,,False,M74专业技术服务业,证监会行业分类
300779,惠城环保,300779.SZ,SZSE,创业板,山东,环境保护,20190522,S,李恩泉,,21134.739,,,,,,,False,C42废弃资源综合利用业,证监会行业分类
300780,德恩精工,300780.SZ,SZSE,创业板,四川,机械基件,20190531,N,雷永志,,14667.0,,,,,,,False,C34通用设备制造业,证监会行业分类
300781,因赛集团,300781.SZ,SZSE,创业板,广东,广告包装,20190606,S,王建朝,,16417.534,,,,,,,False,L72商务服务业,证监会行业分类
300782,卓胜微,300782.SZ,SZSE,创业板,江苏,半导体,20190618,S,许志翰,,57498.6986,,,,,,,False,C39计算机、通信和其他电子设备制造业,证监会行业分类
300783,三只松鼠,300783.SZ,SZSE,创业板,安徽,食品,20190712,S,章燎源,,40167.04,,,,,,,False,F52零售业,证监会行业分类
300784,利安科技,300784.SZ,SZSE,创业板,浙江,塑料,20240607,N,李士峰,,5623.76,,,,,,,False,C29橡胶和塑料制品业,证监会行业分类
300785,值得买,300785.SZ,SZSE,创业板,北京,互联网,20190715,S,隋国栋,,19885.5243,,,,,,,False,I64互联网和相关服务,证监会行业分类
300786,国林科技,300786.SZ,SZSE,创业板,山东,环境保护,20190723,N,丁香鹏,,18401.5879,,,,,,,False,C35专用设备制造业,证监会行业分类
300787,海能实业,300787.SZ,SZSE,创业板,江西,元器件,20190815,N,周洪亮,,31343.302,,,,,,,False,C39计算机、通信和其他电子设备制造业,证监会行业分类
300788,中信出版,300788.SZ,SZSE,创业板,北京,出版业,20190705,S,陈炜,,19015.1515,,,,,,,False,R86新闻和出版业,证监会行业分类
300789,唐源电气,300789.SZ,SZSE,创业板,四川,运输设备,20190828,N,陈唐龙,,14384.9057,,,,,,,False,I65软件和信息技术服务业,证监会行业分类
300790,宇瞳光学,300790.SZ,SZSE,创业板,广东,元器件,20190920,S,张品光,,37411.8981,,,,,,,False,C39计算机、通信和其他电子设备制造业,证监会行业分类
300791,仙乐健康,300791.SZ,SZSE,创业板,广东,医疗保健,20190925,S,林培青,,30869.1663,,,,,,,False,C14食品制造业,证监会行业分类
300792,壹网壹创,300792.SZ,SZSE,创业板,浙江,互联网,20190927,S,林振宇,,23694.273,,,,,,,False,I64互联网和相关服务,证监会行业分类
300793,佳禾智能,300793.SZ,SZSE,创业板,广东,IT设备,20191018,S,严帆,,38054.5728,,,,,,,False,C39计算机、通信和其他电子设备制造业,证监会行业分类
300795,米奥会展,300795.SZ,SZSE,创业板,浙江,文教休闲,20191022,N,潘建军,,29889.387,,,,,,,False,L72商务服务业,证监会行业分类
300796,贝斯美,300796.SZ,SZSE,创业板,浙江,农药化肥,20191115,N,钟锡君,,36114.2872,,,,,,,False,C26化学原料和化学制品制造业,证监会行业分类
300797,钢研纳克,300797.SZ,SZSE,创业板,北京,电器仪表,20191101,S,杨植岗,,38272.821,,,,,,,False,M74专业技术服务业,证监会行业分类
300798,锦鸡股份,300798.SZ,SZSE,创业板,江苏,染料涂料,20191122,N,赵卫国,,49315.2189,,,,,,,False,C26化学原料和化学制品制造业,证监会行业分类
300800,力合科技,300800.SZ,SZSE,创业板,湖南,环境保护,20191106,N,邹雄伟,,23675.9,,,,,,,False,C40仪器仪表制造业,证监会行业分类
300801,泰和科技,300801.SZ,SZSE,创业板,山东,化工原料,20191128,S,丁志波,,21843.0,,,,,,,False,C26化学原料和化学制品制造业,证监会行业分类
300802,矩子科技,300802.SZ,SZSE,创业板,上海,专用机械,20191114,S,杨勇,,28407.8255,,,,,,,False,C39计算机、通信和其他电子设备制造业,证监会行业分类
300803,指南针,300803.SZ,SZSE,创业板,北京,软件服务,20191118,S,冷晓翔,,60979.1915,,,,,,,False,J69其他金融业,证监会行业分类
300804,广康生化,300804.SZ,SZSE,创业板,广东,农药化肥,20230627,N,蔡丹群,,7400.0,,,,,,,False,C26化学原料和化学制品制造业,证监会行业分类
300805,电声股份,300805.SZ,SZSE,创业板,广东,广告包装,20191121,N,梁定郊,,42443.3352,,,,,,,False,L72商务服务业,证监会行业分类
300806,斯迪克,300806.SZ,SZSE,创业板,江苏,塑料,20191125,S,金闯,,45330.0503,,,,,,,False,C29橡胶和塑料制品业,证监会行业分类
300807,天迈科技,300807.SZ,SZSE,创业板,河南,软件服务,20191219,N,王欣,,6803.9587,,,,,,,False,C39计算机、通信和其他电子设备制造业,证监会行业分类
300808,久量股份,300808.SZ,SZSE,创业板,湖北,家用电器,20191129,N,贾毅,,16000.0,,,,,,,False,C38电气机械和器材制造业,证监会行业分类
300809,华辰装备,300809.SZ,SZSE,创业板,江苏,机床制造,20191204,S,曹宇中,,25353.92,,,,,,,False,C34通用设备制造业,证监会行业分类
300810,中科海讯,300810.SZ,SZSE,创业板,北京,船舶,20191206,S,张秋生,,11805.0,,,,,,,False,I65软件和信息技术服务业,证监会行业分类
300811,铂科新材,300811.SZ,SZSE,创业板,深圳,矿物制品,20191230,S,杜江华,,40584.348,,,,,,,False,C39计算机、通信和其他电子设备制造业,证监会行业分类
300812,易天股份,300812.SZ,SZSE,创业板,深圳,专用机械,20200109,N,高军鹏,,14007.7029,,,,,,,False,C35专用设备制造业,证监会行业分类
300813,泰林生物,300813.SZ,SZSE,创业板,浙江,医疗保健,20200114,N,叶大林,,12119.9219,,,,,,,False,C35专用设备制造业,证监会行业分类
300814,中富电路,300814.SZ,SZSE,创业板,深圳,元器件,20210812,S,王昌民,,19143.0132,,,,,,,False,C39计算机、通信和其他电子设备制造业,证监会行业分类
300815,玉禾田,300815.SZ,SZSE,创业板,安徽,环境保护,20200123,S,鲍江勇,,39859.2,,,,,,,False,N78公共设施管理业,证监会行业分类
300816,艾可蓝,300816.SZ,SZSE,创业板,安徽,汽车配件,20200210,N,刘屹,,8000.0,,,,,,,False,N77生态保护和环境治理业,证监会行业分类
300817,双飞集团,300817.SZ,SZSE,创业板,浙江,机械基件,20200218,N,周引春,,21829.824,,,,,,,False,C34通用设备制造业,证监会行业分类
300818,耐普矿机,300818.SZ,SZSE,创业板,江西,专用机械,20200212,N,郑昊,,21940.4385,,,,,,,False,C35专用设备制造业,证监会行业分类
300819,聚杰微纤,300819.SZ,SZSE,创业板,江苏,纺织,20200312,N,仲鸿天,,14920.5,,,,,,,False,C17纺织业,证监会行业分类
300820,英杰电气,300820.SZ,SZSE,创业板,四川,电气设备,20200213,S,王军,,22225.3008,,,,,,,False,C38电气机械和器材制造业,证监会行业分类
300821,东岳硅材,300821.SZ,SZSE,创业板,山东,化工原料,20200312,S,苏琳,,120000.0,,,,,,,False,C26化学原料和化学制品制造业,证监会行业分类
300822,贝仕达克,300822.SZ,SZSE,创业板,深圳,元器件,20200313,S,肖萍,,31153.62,,,,,,,False,C39计算机、通信和其他电子设备制造业,证监会行业分类
300823,建科智能,300823.SZ,SZSE,创业板,天津,专用机械,20200319,N,陈振东,,13098.2727,,,,,,,False,C35专用设备制造业,证监会行业分类
300824,北鼎股份,300824.SZ,SZSE,创业板,深圳,家用电器,20200619,N,GEORGE MOHAN ZHANG,,32634.1682,,,,,,,False,C38电气机械和器材制造业,证监会行业分类
300825,阿尔特,300825.SZ,SZSE,创业板,北京,汽车服务,20200327,S,宣奇武,,49488.0481,,,,,,,False,M74专业技术服务业,证监会行业分类
300826,测绘股份,300826.SZ,SZSE,创业板,江苏,建筑工程,20200403,N,金雪莲,,17633.4698,,,,,,,False,M74专业技术服务业,证监会行业分类
300827,上能电气,300827.SZ,SZSE,创业板,江苏,电气设备,20200410,S,吴强,,55669.1579,,,,,,,False,C38电气机械和器材制造业,证监会行业分类
300828,锐新科技,300828.SZ,SZSE,创业板,天津,机械基件,20200421,N,凌沧桑,,16642.2,,,,,,,False,C39计算机、通信和其他电子设备制造业,证监会行业分类
300829,金丹科技,300829.SZ,SZSE,创业板,河南,食品,20200422,N,张鹏,,22727.5107,,,,,,,False,C14食品制造业,证监会行业分类
300830,金现代,300830.SZ,SZSE,创业板,山东,软件服务,20200506,N,黎峰,,45164.0747,,,,,,,False,I65软件和信息技术服务业,证监会行业分类
300831,派瑞股份,300831.SZ,SZSE,创业板,陕西,半导体,20200507,N,刘强,,32000.0,,,,,,,False,C39计算机、通信和其他电子设备制造业,证监会行业分类
300832,新产业,300832.SZ,SZSE,创业板,深圳,医疗保健,20200512,S,饶微,,78571.8785,,,,,,,False,C27医药制造业,证监会行业分类
300833,浩洋股份,300833.SZ,SZSE,创业板,广东,专用机械,20200520,S,蒋伟楷,,12649.05,,,,,,,False,C38电气机械和器材制造业,证监会行业分类
300834,星辉环材,300834.SZ,SZSE,创业板,广东,化工原料,20220113,N,陈灿希,,19371.2353,,,,,,,False,C26化学原料和化学制品制造业,证监会行业分类
300835,龙磁科技,300835.SZ,SZSE,创业板,安徽,矿物制品,20200525,S,熊永宏,,11924.754,,,,,,,False,C39计算机、通信和其他电子设备制造业,证监会行业分类
300836,佰奥智能,300836.SZ,SZSE,创业板,江苏,专用机械,20200528,N,肖朝蓬,,9268.561,,,,,,,False,C35专用设备制造业,证监会行业分类
300837,浙矿股份,300837.SZ,SZSE,创业板,浙江,专用机械,20200605,N,陈利华,,10000.5339,,,,,,,False,C35专用设备制造业,证监会行业分类
300838,浙江力诺,300838.SZ,SZSE,创业板,浙江,机械基件,20200608,N,陈晓宇,,13797.8,,,,,,,False,C34通用设备制造业,证监会行业分类
300839,博汇股份,300839.SZ,SZSE,创业板,浙江,石油加工,20200630,N,王律,,29496.3575,,,,,,,False,C25石油、煤炭及其他燃料加工业,证监会行业分类
300840,酷特智能,300840.SZ,SZSE,创业板,山东,服饰,20200708,S,张蕴蓝,,24000.0,,,,,,,False,C18纺织服装、服饰业,证监会行业分类
300841,康华生物,300841.SZ,SZSE,创业板,四川,生物制药,20200616,S,王振滔,,12994.6899,,,,,,,False,C27医药制造业,证监会行业分类
300842,帝科股份,300842.SZ,SZSE,创业板,江苏,电气设备,20200618,S,史卫利,,14527.9743,,,,,,,False,C39计算机、通信和其他电子设备制造业,证监会行业分类
300843,胜蓝股份,300843.SZ,SZSE,创业板,广东,元器件,20200702,S,潘浩,,16370.7464,,,,,,,False,C39计算机、通信和其他电子设备制造业,证监会行业分类
300844,山水比德,300844.SZ,SZSE,创业板,广东,建筑工程,20210813,N,蔡彬,,9321.088,,,,,,,False,M74专业技术服务业,证监会行业分类
300845,捷安高科,300845.SZ,SZSE,创业板,河南,软件服务,20200703,N,郑乐观,,20564.11,,,,,,,False,I65软件和信息技术服务业,证监会行业分类
300846,首都在线,300846.SZ,SZSE,创业板,北京,软件服务,20200701,S,曲宁,,50289.6016,,,,,,,False,I65软件和信息技术服务业,证监会行业分类
300847,中船汉光,300847.SZ,SZSE,创业板,河北,化工原料,20200709,S,黄立新,,29601.0,,,,,,,False,C39计算机、通信和其他电子设备制造业,证监会行业分类
300848,美瑞新材,300848.SZ,SZSE,创业板,山东,化工原料,20200720,S,王仁鸿,,42788.7627,,,,,,,False,C26化学原料和化学制品制造业,证监会行业分类
300849,锦盛新材,300849.SZ,SZSE,创业板,浙江,塑料,20200710,N,阮岑泓,,15000.0,,,,,,,False,C29橡胶和塑料制品业,证监会行业分类
300850,新强联,300850.SZ,SZSE,创业板,河南,机械基件,20200713,S,肖争强,,41408.5835,,,,,,,False,C34通用设备制造业,证监会行业分类
300851,交大思诺,300851.SZ,SZSE,创业板,北京,运输设备,20200717,N,李伟,,8693.34,,,,,,,False,I65软件和信息技术服务业,证监会行业分类
300852,四会富仕,300852.SZ,SZSE,创业板,广东,元器件,20200713,S,刘天明,,16052.1165,,,,,,,False,C39计算机、通信和其他电子设备制造业,证监会行业分类
300853,申昊科技,300853.SZ,SZSE,创业板,浙江,专用机械,20200724,N,曹光客,,14694.9042,,,,,,,False,C34通用设备制造业,证监会行业分类
300854,中兰环保,300854.SZ,SZSE,创业板,深圳,环境保护,20210916,N,王广庆,,14009.625,,,,,,,False,N77生态保护和环境治理业,证监会行业分类
300855,图南股份,300855.SZ,SZSE,创业板,江苏,小金属,20200723,S,万柏方,,39553.15,,,,,,,False,C32有色金属冶炼和压延加工业,证监会行业分类
300856,科思股份,300856.SZ,SZSE,创业板,江苏,日用化工,20200722,S,周旭明,,47568.7223,,,,,,,False,C26化学原料和化学制品制造业,证监会行业分类
300857,协创数据,300857.SZ,SZSE,创业板,深圳,IT设备,20200727,S,潘文俊,,48936.304,,,,,,,False,C39计算机、通信和其他电子设备制造业,证监会行业分类
300858,科拓生物,300858.SZ,SZSE,创业板,北京,食品,20200727,N,刘晓军,,26349.5118,,,,,,,False,C14食品制造业,证监会行业分类
300859,西域旅游,300859.SZ,SZSE,创业板,新疆,旅游服务,20200806,S,吕美蓉,,15500.0,,,,,,,False,N78公共设施管理业,证监会行业分类
300860,锋尚文化,300860.SZ,SZSE,创业板,北京,文教休闲,20200824,S,沙晓岚,,18845.0723,,,,,,,False,R88文化艺术业,证监会行业分类
300861,美畅股份,300861.SZ,SZSE,创业板,陕西,矿物制品,20200824,S,柳海鹰,,67184.044,,,,,,,False,C30非金属矿物制品业,证监会行业分类
300862,蓝盾光电,300862.SZ,SZSE,创业板,安徽,电器仪表,20200824,N,王建强,,18461.7902,,,,,,,False,C40仪器仪表制造业,证监会行业分类
300863,卡倍亿,300863.SZ,SZSE,创业板,浙江,汽车配件,20200824,S,林光耀,,26140.6192,,,,,,,False,C36汽车制造业,证监会行业分类
300864,南大环境,300864.SZ,SZSE,创业板,江苏,环境保护,20200824,N,张以飞,,15791.0683,,,,,,,False,L72商务服务业,证监会行业分类
300865,大宏立,300865.SZ,SZSE,创业板,四川,专用机械,20200824,N,甘德宏,,9568.0,,,,,,,False,C35专用设备制造业,证监会行业分类
300866,安克创新,300866.SZ,SZSE,创业板,湖南,元器件,20200824,S,阳萌,,53627.636,,,,,,,False,C39计算机、通信和其他电子设备制造业,证监会行业分类
300867,圣元环保,300867.SZ,SZSE,创业板,福建,环境保护,20200824,S,朱煜煊,,27174.1053,,,,,,,False,N77生态保护和环境治理业,证监会行业分类
300868,杰美特,300868.SZ,SZSE,创业板,深圳,元器件,20200824,N,谌建平,,12795.2,,,,,,,False,C29橡胶和塑料制品业,证监会行业分类
300869,康泰医学,300869.SZ,SZSE,创业板,河北,医疗保健,20200824,S,胡坤,,40180.3327,,,,,,,False,C35专用设备制造业,证监会行业分类
300870,欧陆通,300870.SZ,SZSE,创业板,深圳,电气设备,20200824,S,王合球,,15264.3146,,,,,,,False,C39计算机、通信和其他电子设备制造业,证监会行业分类
300871,回盛生物,300871.SZ,SZSE,创业板,湖北,农业综合,20200824,N,张卫元,,20178.4357,,,,,,,False,C27医药制造业,证监会行业分类
300872,天阳科技,300872.SZ,SZSE,创业板,西藏,软件服务,20200824,S,欧阳建平,,48812.1083,,,,,,,False,I65软件和信息技术服务业,证监会行业分类
300873,海晨股份,300873.SZ,SZSE,创业板,江苏,仓储物流,20200824,S,梁晨,,23060.1779,,,,,,,False,G58多式联运和运输代理业,证监会行业分类
300875,捷强装备,300875.SZ,SZSE,创业板,天津,专用机械,20200824,N,潘淇靖,,9983.4751,,,,,,,False,C35专用设备制造业,证监会行业分类
300876,蒙泰高新,300876.SZ,SZSE,创业板,广东,化纤,20200824,N,郭清海,,15203.7554,,,,,,,False,C28化学纤维制造业,证监会行业分类
300877,金春股份,300877.SZ,SZSE,创业板,安徽,纺织,20200824,N,杨如新,,12000.0,,,,,,,False,C17纺织业,证监会行业分类
300878,维康药业,300878.SZ,SZSE,创业板,浙江,中成药,20200824,N,刘洋,,14479.0322,,,,,,,False,C27医药制造业,证监会行业分类
300879,大叶股份,300879.SZ,SZSE,创业板,浙江,农用机械,20200901,S,叶晓波,,20239.8833,,,,,,,False,C35专用设备制造业,证监会行业分类
300880,迦南智能,300880.SZ,SZSE,创业板,浙江,电器仪表,20200901,N,章恩友,,19513.728,,,,,,,False,C40仪器仪表制造业,证监会行业分类
300881,盛德鑫泰,300881.SZ,SZSE,创业板,江苏,钢加工,20200901,N,周文庆,,11000.0,,,,,,,False,C33金属制品业,证监会行业分类
300882,万胜智能,300882.SZ,SZSE,创业板,浙江,电器仪表,20200910,S,邬永强,,28620.1188,,,,,,,False,C40仪器仪表制造业,证监会行业分类
300883,龙利得,300883.SZ,SZSE,创业板,安徽,造纸,20200910,N,徐龙平,,34600.0,,,,,,,False,C22造纸和纸制品业,证监会行业分类
300884,狄耐克,300884.SZ,SZSE,创业板,福建,IT设备,20201112,N,缪国栋,,25386.282,,,,,,,False,C39计算机、通信和其他电子设备制造业,证监会行业分类
300885,海昌新材,300885.SZ,SZSE,创业板,江苏,机械基件,20200910,S,周光荣,,24815.18,,,,,,,False,C33金属制品业,证监会行业分类
300886,华业香料,300886.SZ,SZSE,创业板,安徽,化工原料,20200916,N,徐基平,,7479.8,,,,,,,False,C26化学原料和化学制品制造业,证监会行业分类
300887,谱尼测试,300887.SZ,SZSE,创业板,北京,电器仪表,20200916,S,张英杰,,54573.7213,,,,,,,False,M74专业技术服务业,证监会行业分类
300888,稳健医疗,300888.SZ,SZSE,创业板,深圳,医疗保健,20200917,S,李建全,,58232.9808,,,,,,,False,C17纺织业,证监会行业分类
300889,爱克股份,300889.SZ,SZSE,创业板,深圳,电气设备,20200916,N,谢明武,,22022.708,,,,,,,False,C38电气机械和器材制造业,证监会行业分类
300890,翔丰华,300890.SZ,SZSE,创业板,上海,电气设备,20200917,N,赵东辉,,11914.6496,,,,,,,False,C30非金属矿物制品业,证监会行业分类
300891,惠云钛业,300891.SZ,SZSE,创业板,广东,化工原料,20200917,N,何明川,,40000.8254,,,,,,,False,C26化学原料和化学制品制造业,证监会行业分类
300892,品渥食品,300892.SZ,SZSE,创业板,上海,乳制品,20200924,N,王牧,,10000.0,,,,,,,False,F52零售业,证监会行业分类
300893,松原安全,300893.SZ,SZSE,创业板,浙江,汽车配件,20200924,S,胡铲明,,47300.1266,,,,,,,False,C36汽车制造业,证监会行业分类
300894,火星人,300894.SZ,SZSE,创业板,浙江,家用电器,20201231,S,黄卫斌,,40628.2095,,,,,,,False,C38电气机械和器材制造业,证监会行业分类
300895,铜牛信息,300895.SZ,SZSE,创业板,北京,软件服务,20200924,S,颜敏,,14080.0657,,,,,,,False,I65软件和信息技术服务业,证监会行业分类
300896,爱美客,300896.SZ,SZSE,创业板,北京,医疗保健,20200928,S,简军,,30259.2061,,,,,,,False,C35专用设备制造业,证监会行业分类
300897,山科智能,300897.SZ,SZSE,创业板,浙江,电器仪表,20200928,N,钱炳炯,,19584.6234,,,,,,,False,C40仪器仪表制造业,证监会行业分类
300898,熊猫乳品,300898.SZ,SZSE,创业板,浙江,乳制品,20201016,N,LI DAVID XI AN,,12400.0,,,,,,,False,C14食品制造业,证监会行业分类
300899,上海凯鑫,300899.SZ,SZSE,创业板,上海,环境保护,20201016,N,葛文越,,6378.3466,,,,,,,False,N77生态保护和环境治理业,证监会行业分类
300900,广联航空,300900.SZ,SZSE,创业板,黑龙江,航空,20201029,S,王增夺,,32772.0334,,,,,,,False,C37铁路、船舶、航空航天和其他运输设备制造业,证监会行业分类
300901,中胤时尚,300901.SZ,SZSE,创业板,浙江,服饰,20201029,N,倪秀华,,24000.0,,,,,,,False,M74专业技术服务业,证监会行业分类
300902,国安达,300902.SZ,SZSE,创业板,福建,专用机械,20201029,N,洪伟艺,,18180.3369,,,,,,,False,C35专用设备制造业,证监会行业分类
300903,科翔股份,300903.SZ,SZSE,创业板,广东,元器件,20201105,S,郑晓蓉,,43538.6563,,,,,,,False,C39计算机、通信和其他电子设备制造业,证监会行业分类
300904,威力传动,300904.SZ,SZSE,创业板,宁夏,电气设备,20230809,N,李想,,7238.3232,,,,,,,False,C34通用设备制造业,证监会行业分类
300905,宝丽迪,300905.SZ,SZSE,创业板,江苏,染料涂料,20201105,S,徐毅明,,17901.5696,,,,,,,False,C29橡胶和塑料制品业,证监会行业分类
300906,日月明,300906.SZ,SZSE,创业板,江西,运输设备,20201105,N,陶捷,,8000.0,,,,,,,False,C37铁路、船舶、航空航天和其他运输设备制造业,证监会行业分类
300907,康平科技,300907.SZ,SZSE,创业板,江苏,电气设备,20201118,N,江建平,,9600.0,,,,,,,False,C38电气机械和器材制造业,证监会行业分类
300908,仲景食品,300908.SZ,SZSE,创业板,河南,食品,20201123,N,孙锋,,14600.0,,,,,,,False,C14食品制造业,证监会行业分类
300909,汇创达,300909.SZ,SZSE,创业板,深圳,元器件,20201118,S,李明,,17297.2979,,,,,,,False,C39计算机、通信和其他电子设备制造业,证监会行业分类
300910,瑞丰新材,300910.SZ,SZSE,创业板,河南,化工原料,20201127,S,郭春萱,,38304.2277,,,,,,,False,C26化学原料和化学制品制造业,证监会行业分类
300911,亿田智能,300911.SZ,SZSE,创业板,浙江,家用电器,20201203,S,孙伟勇,,18334.1143,,,,,,,False,C38电气机械和器材制造业,证监会行业分类
300912,凯龙高科,300912.SZ,SZSE,创业板,江苏,汽车配件,20201207,N,臧志成,,11388.48,,,,,,,False,N77生态保护和环境治理业,证监会行业分类
300913,兆龙互连,300913.SZ,SZSE,创业板,浙江,通信设备,20201207,S,姚金龙,,34278.112,,,,,,,False,C38电气机械和器材制造业,证监会行业分类
300915,海融科技,300915.SZ,SZSE,创业板,上海,乳制品,20201202,N,黄海瑚,,12583.9268,,,,,,,False,C14食品制造业,证监会行业分类
300916,朗特智能,300916.SZ,SZSE,创业板,深圳,元器件,20201202,S,欧阳正良,,14464.4007,,,,,,,False,C39计算机、通信和其他电子设备制造业,证监会行业分类
300917,特发服务,300917.SZ,SZSE,创业板,深圳,房产服务,20201221,S,陈宝杰,,16900.0,,,,,,,False,K70房地产业,证监会行业分类
300918,南山智尚,300918.SZ,SZSE,创业板,山东,纺织,20201222,S,赵亮,,50613.4427,,,,,,,False,C17纺织业,证监会行业分类
300919,中伟新材,300919.SZ,SZSE,创业板,贵州,电气设备,20201223,S,邓伟明,,104225.3858,,,,,,,False,C39计算机、通信和其他电子设备制造业,证监会行业分类
300920,润阳科技,300920.SZ,SZSE,创业板,浙江,塑料,20201225,N,储祺,,10000.0,,,,,,,False,C29橡胶和塑料制品业,证监会行业分类
300921,南凌科技,300921.SZ,SZSE,创业板,深圳,互联网,20201222,N,陈树林,,25674.5441,,,,,,,False,I64互联网和相关服务,证监会行业分类
300922,天秦装备,300922.SZ,SZSE,创业板,河北,专用机械,20201225,N,宋金锁,,16085.238,,,,,,,False,C41其他制造业,证监会行业分类
300923,研奥股份,300923.SZ,SZSE,创业板,吉林,运输设备,20201224,N,李彪,,7860.0,,,,,,,False,C37铁路、船舶、航空航天和其他运输设备制造业,证监会行业分类
300925,法本信息,300925.SZ,SZSE,创业板,深圳,软件服务,20201230,S,严华,,42870.8945,,,,,,,False,I65软件和信息技术服务业,证监会行业分类
300926,博俊科技,300926.SZ,SZSE,创业板,江苏,汽车配件,20210107,S,伍亚林,,43432.0014,,,,,,,False,C36汽车制造业,证监会行业分类
300927,江天化学,300927.SZ,SZSE,创业板,江苏,化工原料,20210107,N,朱辉,,14436.0,,,,,,,False,C26化学原料和化学制品制造业,证监会行业分类
300928,华安鑫创,300928.SZ,SZSE,创业板,北京,汽车配件,20210106,N,何攀,,8000.0,,,,,,,False,M74专业技术服务业,证监会行业分类
300929,华骐环保,300929.SZ,SZSE,创业板,安徽,环境保护,20210120,N,王健,,13213.2956,,,,,,,False,N77生态保护和环境治理业,证监会行业分类
300930,屹通新材,300930.SZ,SZSE,创业板,浙江,小金属,20210121,N,汪志荣,,10000.0,,,,,,,False,C42废弃资源综合利用业,证监会行业分类
300931,通用电梯,300931.SZ,SZSE,创业板,江苏,运输设备,20210121,N,徐志明,,24317.1,,,,,,,False,C34通用设备制造业,证监会行业分类
300932,三友联众,300932.SZ,SZSE,创业板,广东,电气设备,20210122,N,宋朝阳,,44814.5597,,,,,,,False,C38电气机械和器材制造业,证监会行业分类
300933,中辰股份,300933.SZ,SZSE,创业板,江苏,电气设备,20210122,N,杜南平,,54709.0454,,,,,,,False,C38电气机械和器材制造业,证监会行业分类
300935,盈建科,300935.SZ,SZSE,创业板,北京,软件服务,20210120,N,陈岱林,,7943.068,,,,,,,False,I65软件和信息技术服务业,证监会行业分类
300936,中英科技,300936.SZ,SZSE,创业板,江苏,元器件,20210126,N,俞卫忠,,7520.0,,,,,,,False,C39计算机、通信和其他电子设备制造业,证监会行业分类
300937,药易购,300937.SZ,SZSE,创业板,四川,医药商业,20210127,N,陈顺军,,9566.6682,,,,,,,False,F51批发业,证监会行业分类
300938,信测标准,300938.SZ,SZSE,创业板,深圳,电器仪表,20210127,S,吕杰中,,24349.6348,,,,,,,False,M74专业技术服务业,证监会行业分类
300939,秋田微,300939.SZ,SZSE,创业板,深圳,元器件,20210128,N,黄志毅,,12000.0,,,,,,,False,C39计算机、通信和其他电子设备制造业,证监会行业分类
300940,南极光,300940.SZ,SZSE,创业板,深圳,元器件,20210203,S,潘连兴,,22264.4372,,,,,,,False,C39计算机、通信和其他电子设备制造业,证监会行业分类
300941,创识科技,300941.SZ,SZSE,创业板,福建,IT设备,20210209,S,林岚,,20475.0,,,,,,,False,I65软件和信息技术服务业,证监会行业分类
300942,易瑞生物,300942.SZ,SZSE,创业板,深圳,医疗保健,20210209,N,肖昭理,,40506.8876,,,,,,,False,C27医药制造业,证监会行业分类
300943,春晖智控,300943.SZ,SZSE,创业板,浙江,机械基件,20210210,N,杨广宇,,20382.0,,,,,,,False,C34通用设备制造业,证监会行业分类
300945,曼卡龙,300945.SZ,SZSE,创业板,浙江,服饰,20210210,S,孙松鹤,,26207.1629,,,,,,,False,F52零售业,证监会行业分类
300946,恒而达,300946.SZ,SZSE,创业板,福建,机械基件,20210208,S,林正华,,15600.78,,,,,,,False,C33金属制品业,证监会行业分类
300947,德必集团,300947.SZ,SZSE,创业板,上海,房产服务,20210210,N,贾波,,15113.7696,,,,,,,False,L72商务服务业,证监会行业分类
300948,冠中生态,300948.SZ,SZSE,创业板,山东,环境保护,20210225,N,李春林,,16078.6068,,,,,,,False,N77生态保护和环境治理业,证监会行业分类
300949,奥雅股份,300949.SZ,SZSE,创业板,深圳,建筑工程,20210226,N,李宝章,,8700.0,,,,,,,False,M74专业技术服务业,证监会行业分类
300950,德固特,300950.SZ,SZSE,创业板,山东,专用机械,20210303,N,魏振文,,15364.4,,,,,,,False,C35专用设备制造业,证监会行业分类
300951,博硕科技,300951.SZ,SZSE,创业板,深圳,元器件,20210226,S,徐思通,,16940.0597,,,,,,,False,C39计算机、通信和其他电子设备制造业,证监会行业分类
300952,恒辉安防,300952.SZ,SZSE,创业板,江苏,纺织,20210311,S,王咸华,,24162.1504,,,,,,,False,C17纺织业,证监会行业分类
300953,震裕科技,300953.SZ,SZSE,创业板,浙江,电气设备,20210318,S,蒋震林,,24250.959,,,,,,,False,C33金属制品业,证监会行业分类
300955,嘉亨家化,300955.SZ,SZSE,创业板,福建,日用化工,20210324,N,曾焕彬,,10080.0,,,,,,,False,C26化学原料和化学制品制造业,证监会行业分类
300956,英力股份,300956.SZ,SZSE,创业板,安徽,元器件,20210326,N,戴明,,21542.766,,,,,,,False,C39计算机、通信和其他电子设备制造业,证监会行业分类
300957,贝泰妮,300957.SZ,SZSE,创业板,云南,日用化工,20210325,S,GUO ZHENYU,,42360.0,,,,,,,False,C26化学原料和化学制品制造业,证监会行业分类
300958,建工修复,300958.SZ,SZSE,创业板,北京,环境保护,20210329,N,李琼,,15673.6579,,,,,,,False,N77生态保护和环境治理业,证监会行业分类
300959,线上线下,300959.SZ,SZSE,创业板,江苏,电信运营,20210322,S,夏军,,8036.78,,,,,,,False,I65软件和信息技术服务业,证监会行业分类
300960,通业科技,300960.SZ,SZSE,创业板,深圳,运输设备,20210329,N,闫永革,,14444.4265,,,,,,,False,C37铁路、船舶、航空航天和其他运输设备制造业,证监会行业分类
300961,深水海纳,300961.SZ,SZSE,创业板,深圳,环境保护,20210330,N,李海波,,17728.0,,,,,,,False,N77生态保护和环境治理业,证监会行业分类
300962,中金辐照,300962.SZ,SZSE,创业板,深圳,医疗保健,20210409,N,方中华,,26400.1897,,,,,,,False,C41其他制造业,证监会行业分类
300963,中洲特材,300963.SZ,SZSE,创业板,上海,小金属,20210409,S,冯明明,,45864.0,,,,,,,False,C32有色金属冶炼和压延加工业,证监会行业分类
300964,本川智能,300964.SZ,SZSE,创业板,江苏,元器件,20210805,N,董晓俊,,7632.8284,,,,,,,False,C39计算机、通信和其他电子设备制造业,证监会行业分类
300965,恒宇信通,300965.SZ,SZSE,创业板,北京,航空,20210402,N,王舒公,,6000.0,,,,,,,False,C39计算机、通信和其他电子设备制造业,证监会行业分类
300966,共同药业,300966.SZ,SZSE,创业板,湖北,化学制药,20210409,N,系祖斌,,11528.1113,,,,,,,False,C27医药制造业,证监会行业分类
300967,晓鸣股份,300967.SZ,SZSE,创业板,宁夏,农业综合,20210413,N,魏晓明,,18757.1271,,,,,,,False,A03畜牧业,证监会行业分类
300968,格林精密,300968.SZ,SZSE,创业板,广东,元器件,20210415,S,吴宝玉,,41338.0,,,,,,,False,C39计算机、通信和其他电子设备制造业,证监会行业分类
300969,恒帅股份,300969.SZ,SZSE,创业板,浙江,汽车配件,20210412,S,许宁宁,,16411.9856,,,,,,,False,C36汽车制造业,证监会行业分类
300970,华绿生物,300970.SZ,SZSE,创业板,江苏,种植业,20210412,N,余养朝,,12260.91,,,,,,,False,A01农业,证监会行业分类
300971,博亚精工,300971.SZ,SZSE,创业板,湖北,机械基件,20210415,N,李文喜,,11760.0,,,,,,,False,C34通用设备制造业,证监会行业分类
300972,万辰集团,300972.SZ,SZSE,创业板,福建,食品,20210419,S,王丽卿,,19733.3568,,,,,,,False,F52零售业,证监会行业分类
300973,立高食品,300973.SZ,SZSE,创业板,广东,食品,20210415,S,彭裕辉,,16934.0636,,,,,,,False,C14食品制造业,证监会行业分类
300975,商络电子,300975.SZ,SZSE,创业板,江苏,元器件,20210421,S,沙宏志,,68700.5604,,,,,,,False,F51批发业,证监会行业分类
300976,达瑞电子,300976.SZ,SZSE,创业板,广东,元器件,20210419,S,李清平,,18713.1945,,,,,,,False,C39计算机、通信和其他电子设备制造业,证监会行业分类
300977,深圳瑞捷,300977.SZ,SZSE,创业板,深圳,建筑工程,20210420,N,黄新华,,15222.6727,,,,,,,False,M74专业技术服务业,证监会行业分类
300978,东箭科技,300978.SZ,SZSE,创业板,广东,汽车配件,20210426,S,罗军,,42270.2739,,,,,,,False,C36汽车制造业,证监会行业分类
300979,华利集团,300979.SZ,SZSE,创业板,广东,服饰,20210426,S,张聪渊,,116700.0,,,,,,,False,C19皮革、毛皮、羽毛及其制品和制鞋业,证监会行业分类
300980,祥源新材,300980.SZ,SZSE,创业板,湖北,塑料,20210421,N,魏志祥,,13806.5198,,,,,,,False,C29橡胶和塑料制品业,证监会行业分类
300981,中红医疗,300981.SZ,SZSE,创业板,河北,医疗保健,20210427,S,桑树军,,42886.4959,,,,,,,False,C29橡胶和塑料制品业,证监会行业分类
300982,苏文电能,300982.SZ,SZSE,创业板,江苏,建筑工程,20210427,N,施小波,,20696.5146,,,,,,,False,E48土木工程建筑业,证监会行业分类
300983,尤安设计,300983.SZ,SZSE,创业板,上海,建筑工程,20210420,N,陈磊,,17280.0,,,,,,,False,M74专业技术服务业,证监会行业分类
300984,金沃股份,300984.SZ,SZSE,创业板,浙江,机械基件,20210618,S,杨伟,,13746.6196,,,,,,,False,C34通用设备制造业,证监会行业分类
300985,致远新能,300985.SZ,SZSE,创业板,吉林,汽车配件,20210429,N,张远,,18651.248,,,,,,,False,C33金属制品业,证监会行业分类
300986,志特新材,300986.SZ,SZSE,创业板,江西,建筑工程,20210430,S,高渭泉,,41197.3975,,,,,,,False,C33金属制品业,证监会行业分类
300987,川网传媒,300987.SZ,SZSE,创业板,四川,互联网,20210511,N,杨杪,,17336.8,,,,,,,False,I64互联网和相关服务,证监会行业分类
300988,津荣天宇,300988.SZ,SZSE,创业板,天津,机械基件,20210512,N,孙兴文,,19641.6299,,,,,,,False,C33金属制品业,证监会行业分类
300989,蕾奥规划,300989.SZ,SZSE,创业板,深圳,建筑工程,20210507,N,王富海,,21095.9534,,,,,,,False,M74专业技术服务业,证监会行业分类
300990,同飞股份,300990.SZ,SZSE,创业板,河北,专用机械,20210512,S,张浩雷,,17057.915,,,,,,,False,C34通用设备制造业,证监会行业分类
300991,创益通,300991.SZ,SZSE,创业板,深圳,元器件,20210520,S,张建明,,14400.0,,,,,,,False,C39计算机、通信和其他电子设备制造业,证监会行业分类
300992,泰福泵业,300992.SZ,SZSE,创业板,浙江,机械基件,20210525,N,陈宜文,,9534.6951,,,,,,,False,C34通用设备制造业,证监会行业分类
300993,玉马科技,300993.SZ,SZSE,创业板,山东,家居用品,20210524,N,孙承志,,30813.12,,,,,,,False,C17纺织业,证监会行业分类
300994,久祺股份,300994.SZ,SZSE,创业板,浙江,文教休闲,20210812,N,李政,,23308.8,,,,,,,False,C37铁路、船舶、航空航天和其他运输设备制造业,证监会行业分类
300995,奇德新材,300995.SZ,SZSE,创业板,广东,塑料,20210526,N,饶德生,,8414.686,,,,,,,False,C29橡胶和塑料制品业,证监会行业分类
300996,普联软件,300996.SZ,SZSE,创业板,山东,软件服务,20210603,N,蔺国强,,39578.9122,,,,,,,False,I65软件和信息技术服务业,证监会行业分类
300997,欢乐家,300997.SZ,SZSE,创业板,广东,软饮料,20210602,S,李兴,,43747.3475,,,,,,,False,C15酒、饮料和精制茶制造业,证监会行业分类
300998,宁波方正,300998.SZ,SZSE,创业板,浙江,专用机械,20210602,N,方永杰,,13716.923,,,,,,,False,C35专用设备制造业,证监会行业分类
300999,金龙鱼,300999.SZ,SZSE,创业板,上海,食品,20201015,S,Kuok Khoon Hong,,542159.1536,,,,,,,False,C13农副食品加工业,证监会行业分类
301000,肇民科技,301000.SZ,SZSE,创业板,上海,汽车配件,20210528,S,邵雄辉,,24287.7322,,,,,,,False,C29橡胶和塑料制品业,证监会行业分类
301001,凯淳股份,301001.SZ,SZSE,创业板,上海,互联网,20210528,N,王莉,,8000.0,,,,,,,False,F52零售业,证监会行业分类
301002,崧盛股份,301002.SZ,SZSE,创业板,深圳,电气设备,20210607,N,王宗友,,13493.6678,,,,,,,False,C39计算机、通信和其他电子设备制造业,证监会行业分类
301003,江苏博云,301003.SZ,SZSE,创业板,江苏,塑料,20210601,N,吕锋,,9713.3323,,,,,,,False,C29橡胶和塑料制品业,证监会行业分类
301004,嘉益股份,301004.SZ,SZSE,创业板,浙江,家居用品,20210625,S,戚兴华,,14580.6238,,,,,,,False,C33金属制品业,证监会行业分类
301005,超捷股份,301005.SZ,SZSE,创业板,上海,汽车配件,20210601,S,宋广东,,13426.1011,,,,,,,False,C36汽车制造业,证监会行业分类
301006,迈拓股份,301006.SZ,SZSE,创业板,江苏,电器仪表,20210607,N,孙卫国,,13928.0,,,,,,,False,C40仪器仪表制造业,证监会行业分类
301007,德迈仕,301007.SZ,SZSE,创业板,辽宁,汽车配件,20210616,S,潘异,,15334.0,,,,,,,False,C36汽车制造业,证监会行业分类
301008,宏昌科技,301008.SZ,SZSE,创业板,浙江,家用电器,20210611,N,陆宝宏,,13096.3234,,,,,,,False,C38电气机械和器材制造业,证监会行业分类
301009,可靠股份,301009.SZ,SZSE,创业板,浙江,造纸,20210617,N,金利伟,,27186.0,,,,,,,False,C22造纸和纸制品业,证监会行业分类
301010,晶雪节能,301010.SZ,SZSE,创业板,江苏,其他建材,20210618,N,贾富忠,,10800.0,,,,,,,False,C30非金属矿物制品业,证监会行业分类
301011,华立科技,301011.SZ,SZSE,创业板,广东,文教休闲,20210617,N,苏本立,,15435.2959,,,,,,,False,C24文教、工美、体育和娱乐用品制造业,证监会行业分类
301012,扬电科技,301012.SZ,SZSE,创业板,江苏,电气设备,20210622,N,汤雪梅,,19696.0162,,,,,,,False,C38电气机械和器材制造业,证监会行业分类
301013,利和兴,301013.SZ,SZSE,创业板,深圳,专用机械,20210629,S,林宜潘,,23374.3056,,,,,,,False,C35专用设备制造业,证监会行业分类
301015,百洋医药,301015.SZ,SZSE,创业板,山东,医药商业,20210630,S,付钢,,52562.4077,,,,,,,False,F51批发业,证监会行业分类
301016,雷尔伟,301016.SZ,SZSE,创业板,江苏,运输设备,20210630,N,王冲,,30576.0,,,,,,,False,C37铁路、船舶、航空航天和其他运输设备制造业,证监会行业分类
301017,漱玉平民,301017.SZ,SZSE,创业板,山东,医药商业,20210705,S,秦光霞,,40560.6457,,,,,,,False,F52零售业,证监会行业分类
301018,申菱环境,301018.SZ,SZSE,创业板,广东,专用机械,20210707,S,崔颖琦,,26734.3814,,,,,,,False,C35专用设备制造业,证监会行业分类
301019,宁波色母,301019.SZ,SZSE,创业板,浙江,塑料,20210628,N,任卫庆,,16496.3391,,,,,,,False,C29橡胶和塑料制品业,证监会行业分类
301020,密封科技,301020.SZ,SZSE,创业板,山东,汽车配件,20210706,N,公维军,,14640.0,,,,,,,False,C34通用设备制造业,证监会行业分类
301021,英诺激光,301021.SZ,SZSE,创业板,深圳,专用机械,20210706,S,ZHAO XIAOJIE,,15286.9941,,,,,,,False,C39计算机、通信和其他电子设备制造业,证监会行业分类
301022,海泰科,301022.SZ,SZSE,创业板,山东,专用机械,20210702,N,孙文强,,9948.4126,,,,,,,False,C35专用设备制造业,证监会行业分类
301023,奕帆传动,301023.SZ,SZSE,创业板,江苏,电气设备,20210707,N,刘松艳,,7816.665,,,,,,,False,C34通用设备制造业,证监会行业分类
301024,霍普股份,301024.SZ,SZSE,创业板,上海,建筑工程,20210728,N,龚俊,,6358.5,,,,,,,False,M74专业技术服务业,证监会行业分类
301025,读客文化,301025.SZ,SZSE,创业板,上海,出版业,20210719,N,华楠,,40030.94,,,,,,,False,R86新闻和出版业,证监会行业分类
301026,浩通科技,301026.SZ,SZSE,创业板,江苏,小金属,20210716,N,夏军,,22158.3581,,,,,,,False,C42废弃资源综合利用业,证监会行业分类
301027,华蓝集团,301027.SZ,SZSE,创业板,广西,建筑工程,20210715,N,林伟,,14700.0,,,,,,,False,M74专业技术服务业,证监会行业分类
301028,鼎熔岩,301028.SZ,SZSE,创业板,福建,专用机械,20210720,S,韩萤焕,,38404.9688,,,,,,,False,C34通用设备制造业,证监会行业分类
301029,怡合达,301029.SZ,SZSE,创业板,广东,专用机械,20210723,S,金立国,,63420.2712,,,,,,,False,C34通用设备制造业,证监会行业分类
301030,*ST仕净,301030.SZ,SZSE,创业板,江苏,环境保护,20210722,N,刘太玉,,20238.333,,,,,,,True,C35专用设备制造业,证监会行业分类
301031,中熔电气,301031.SZ,SZSE,创业板,陕西,电气设备,20210715,S,方广文,,9883.7785,,,,,,,False,C38电气机械和器材制造业,证监会行业分类
301032,新柴股份,301032.SZ,SZSE,创业板,浙江,工程机械,20210722,N,白洪法,,24113.34,,,,,,,False,C34通用设备制造业,证监会行业分类
301033,迈普医学,301033.SZ,SZSE,创业板,广东,医疗保健,20210726,N,袁玉宇,,6704.962,,,,,,,False,C35专用设备制造业,证监会行业分类
301035,润丰股份,301035.SZ,SZSE,创业板,山东,农药化肥,20210728,S,王文才,,28077.0974,,,,,,,False,C26化学原料和化学制品制造业,证监会行业分类
301036,双乐股份,301036.SZ,SZSE,创业板,江苏,染料涂料,20210729,N,杨汉洲,,10000.0,,,,,,,False,C26化学原料和化学制品制造业,证监会行业分类
301037,保立佳,301037.SZ,SZSE,创业板,上海,染料涂料,20210730,N,杨文瑜,,13903.1686,,,,,,,False,C26化学原料和化学制品制造业,证监会行业分类
301038,深水规院,301038.SZ,SZSE,创业板,深圳,建筑工程,20210804,S,朱闻博,,22308.0,,,,,,,False,M74专业技术服务业,证监会行业分类
301039,中集车辆,301039.SZ,SZSE,创业板,深圳,汽车整车,20210708,S,李贵平,,187412.442,,,,,,,False,C36汽车制造业,证监会行业分类
301040,中环海陆,301040.SZ,SZSE,创业板,江苏,机械基件,20210803,N,吴剑,,10000.1046,,,,,,,False,C33金属制品业,证监会行业分类
301041,金百泽,301041.SZ,SZSE,创业板,深圳,元器件,20210811,N,武守坤,,10668.0,,,,,,,False,C39计算机、通信和其他电子设备制造业,证监会行业分类
301042,安联锐视,301042.SZ,SZSE,创业板,广东,IT设备,20210805,N,徐进,,6972.3577,,,,,,,False,C39计算机、通信和其他电子设备制造业,证监会行业分类
301043,绿岛风,301043.SZ,SZSE,创业板,广东,机械基件,20210811,N,李清泉,,6800.0,,,,,,,False,C34通用设备制造业,证监会行业分类
301045,天禄科技,301045.SZ,SZSE,创业板,江苏,元器件,20210813,N,梅坦,,11031.8358,,,,,,,False,C39计算机、通信和其他电子设备制造业,证监会行业分类
301046,能辉科技,301046.SZ,SZSE,创业板,上海,建筑工程,20210817,N,罗传奎,,16891.753,,,,,,,False,E48土木工程建筑业,证监会行业分类
301047,义翘神州,301047.SZ,SZSE,创业板,北京,生物制药,20210816,S,张杰,,12163.6742,,,,,,,False,M73研究和试验发展,证监会行业分类
301048,金鹰重工,301048.SZ,SZSE,创业板,湖北,运输设备,20210818,S,张伟,,53333.34,,,,,,,False,C37铁路、船舶、航空航天和其他运输设备制造业,证监会行业分类
301049,超越科技,301049.SZ,SZSE,创业板,安徽,环境保护,20210824,N,李光荣,,9425.3334,,,,,,,False,N77生态保护和环境治理业,证监会行业分类
301050,雷电微力,301050.SZ,SZSE,创业板,四川,航空,20210824,S,桂峻,,24721.2171,,,,,,,False,C39计算机、通信和其他电子设备制造业,证监会行业分类
301051,信濠光电,301051.SZ,SZSE,创业板,深圳,元器件,20210827,S,姚浩,,28426.0838,,,,,,,False,C39计算机、通信和其他电子设备制造业,证监会行业分类
301052,果麦文化,301052.SZ,SZSE,创业板,浙江,出版业,20210830,S,路金波,,9895.9339,,,,,,,False,R86新闻和出版业,证监会行业分类
301053,远信工业,301053.SZ,SZSE,创业板,浙江,专用机械,20210901,N,陈少军,,13188.5317,,,,,,,False,C35专用设备制造业,证监会行业分类
301055,张小泉,301055.SZ,SZSE,创业板,浙江,家居用品,20210906,N,张新程,,15600.0,,,,,,,False,C33金属制品业,证监会行业分类
301056,森赫股份,301056.SZ,SZSE,创业板,浙江,运输设备,20210907,N,李东流,,26678.6667,,,,,,,False,C34通用设备制造业,证监会行业分类
301057,汇隆新材,301057.SZ,SZSE,创业板,浙江,化纤,20210909,N,沈顺华,,11696.9438,,,,,,,False,C28化学纤维制造业,证监会行业分类
301058,中粮科工,301058.SZ,SZSE,创业板,江苏,建筑工程,20210909,S,叶雄,,51227.4245,,,,,,,False,M74专业技术服务业,证监会行业分类
301059,金三江,301059.SZ,SZSE,创业板,广东,化工原料,20210913,N,赵国法,,23115.4,,,,,,,False,C26化学原料和化学制品制造业,证监会行业分类
301060,兰卫医学,301060.SZ,SZSE,创业板,上海,医疗保健,20210913,N,曾伟雄,,40051.7,,,,,,,False,F51批发业,证监会行业分类
301061,匠心家居,301061.SZ,SZSE,创业板,江苏,家居用品,20210913,S,徐梅钧,,28439.7621,,,,,,,False,C21家具制造业,证监会行业分类
301062,上海艾录,301062.SZ,SZSE,创业板,上海,广告包装,20210914,N,陈雪骐,,43329.2145,,,,,,,False,C22造纸和纸制品业,证监会行业分类
301063,海锅股份,301063.SZ,SZSE,创业板,江苏,电气设备,20210924,N,盛天宇,,10436.0724,,,,,,,False,C33金属制品业,证监会行业分类
301065,本立科技,301065.SZ,SZSE,创业板,浙江,化学制药,20210914,N,吴政杰,,10602.0,,,,,,,False,C26化学原料和化学制品制造业,证监会行业分类
301066,万事利,301066.SZ,SZSE,创业板,浙江,纺织,20210922,N,李建华,,23492.3111,,,,,,,False,C18纺织服装、服饰业,证监会行业分类
301067,显盈科技,301067.SZ,SZSE,创业板,深圳,元器件,20210922,N,林涓,,9723.6,,,,,,,False,C39计算机、通信和其他电子设备制造业,证监会行业分类
301068,大地海洋,301068.SZ,SZSE,创业板,浙江,环境保护,20210928,N,唐伟忠,,14131.5742,,,,,,,False,C42废弃资源综合利用业,证监会行业分类
301069,凯盛新材,301069.SZ,SZSE,创业板,山东,化工原料,20210927,S,王加荣,,45317.4229,,,,,,,False,C26化学原料和化学制品制造业,证监会行业分类
301070,开勒股份,301070.SZ,SZSE,创业板,上海,机械基件,20210923,N,卢小波,,9022.984,,,,,,,False,C34通用设备制造业,证监会行业分类
301071,力量钻石,301071.SZ,SZSE,创业板,河南,矿物制品,20210924,S,邵增明,,26027.2313,,,,,,,False,C30非金属矿物制品业,证监会行业分类
301072,中捷精工,301072.SZ,SZSE,创业板,江苏,汽车配件,20210929,N,魏忠,,10504.5985,,,,,,,False,C36汽车制造业,证监会行业分类
301073,君亭酒店,301073.SZ,SZSE,创业板,浙江,酒店餐饮,20210930,N,朱晓东,,19445.1046,,,,,,,False,H61住宿业,证监会行业分类
301075,多瑞医药,301075.SZ,SZSE,创业板,西藏,化学制药,20210929,N,王庆太,,8000.0,,,,,,,False,C27医药制造业,证监会行业分类
301076,新瀚新材,301076.SZ,SZSE,创业板,江苏,化工原料,20211011,S,严留新,,22734.556,,,,,,,False,C26化学原料和化学制品制造业,证监会行业分类
301077,星华新材,301077.SZ,SZSE,创业板,浙江,化工原料,20210930,N,王世杰,,17007.8941,,,,,,,False,C26化学原料和化学制品制造业,证监会行业分类
301078,孩子王,301078.SZ,SZSE,创业板,江苏,其他商业,20211014,S,徐卫红,,126464.4576,,,,,,,False,F52零售业,证监会行业分类
301079,邵阳液压,301079.SZ,SZSE,创业板,湖南,机械基件,20211019,N,粟武洪,,10893.2234,,,,,,,False,C34通用设备制造业,证监会行业分类
301080,百普赛斯,301080.SZ,SZSE,创业板,北京,生物制药,20211018,S,陈宜顶,,16717.7695,,,,,,,False,M73研究和试验发展,证监会行业分类
301081,严牌股份,301081.SZ,SZSE,创业板,浙江,环境保护,20211020,N,孙尚泽,,22774.5094,,,,,,,False,C35专用设备制造业,证监会行业分类
301082,久盛电气,301082.SZ,SZSE,创业板,浙江,电气设备,20211027,N,张建华,,29420.1926,,,,,,,False,C38电气机械和器材制造业,证监会行业分类
301083,百胜智能,301083.SZ,SZSE,创业板,江西,专用机械,20211021,N,刘润根,,17786.6667,,,,,,,False,C35专用设备制造业,证监会行业分类
301085,亚康股份,301085.SZ,SZSE,创业板,北京,软件服务,20211018,S,王丰,,8677.5675,,,,,,,False,I65软件和信息技术服务业,证监会行业分类
301086,鸿富瀚,301086.SZ,SZSE,创业板,深圳,元器件,20211020,S,张定武,,12586.42,,,,,,,False,C39计算机、通信和其他电子设备制造业,证监会行业分类
301087,可孚医疗,301087.SZ,SZSE,创业板,湖南,医疗保健,20211025,S,张敏,,23589.7,,,,,,,False,C35专用设备制造业,证监会行业分类
301088,戎美股份,301088.SZ,SZSE,创业板,江苏,服饰,20211028,N,郭健,,22790.0,,,,,,,False,F52零售业,证监会行业分类
301089,拓新药业,301089.SZ,SZSE,创业板,河南,化学制药,20211027,N,杨西宁,,12654.45,,,,,,,False,C27医药制造业,证监会行业分类
301090,华润材料,301090.SZ,SZSE,创业板,江苏,化工原料,20211026,S,许洪波,,147246.1426,,,,,,,False,C26化学原料和化学制品制造业,证监会行业分类
301091,深城交,301091.SZ,SZSE,创业板,深圳,建筑工程,20211029,S,林涛,,52728.0,,,,,,,False,M74专业技术服务业,证监会行业分类
301092,争光股份,301092.SZ,SZSE,创业板,浙江,化工原料,20211102,N,沈建华,,13453.5284,,,,,,,False,C26化学原料和化学制品制造业,证监会行业分类
301093,华兰股份,301093.SZ,SZSE,创业板,江苏,医疗保健,20211101,S,华一敏,,16420.1624,,,,,,,False,C27医药制造业,证监会行业分类
301095,广立微,301095.SZ,SZSE,创业板,浙江,半导体,20220805,S,郑勇军,,20028.1088,,,,,,,False,I65软件和信息技术服务业,证监会行业分类
301096,百诚医药,301096.SZ,SZSE,创业板,浙江,医疗保健,20211220,S,楼金芳,,10922.8284,,,,,,,False,M73研究和试验发展,证监会行业分类
301097,天益医疗,301097.SZ,SZSE,创业板,浙江,医疗保健,20220407,N,吴志敏,,5894.7368,,,,,,,False,C35专用设备制造业,证监会行业分类
301098,金埔园林,301098.SZ,SZSE,创业板,江苏,建筑工程,20211112,N,窦逗,,18393.5579,,,,,,,False,E48土木工程建筑业,证监会行业分类
301099,雅创电子,301099.SZ,SZSE,创业板,上海,元器件,20211122,S,谢力书,,14666.5777,,,,,,,False,F51批发业,证监会行业分类
301100,风光股份,301100.SZ,SZSE,创业板,辽宁,化工原料,20211217,N,王磊,,20000.0,,,,,,,False,C26化学原料和化学制品制造业,证监会行业分类
301101,明月镜片,301101.SZ,SZSE,创业板,江苏,文教休闲,20211216,S,谢公晚,,20151.21,,,,,,,False,C35专用设备制造业,证监会行业分类
301102,兆讯传媒,301102.SZ,SZSE,创业板,天津,广告包装,20220328,N,苏壮强,,40600.0,,,,,,,False,L72商务服务业,证监会行业分类
301103,何氏眼科,301103.SZ,SZSE,创业板,辽宁,医疗保健,20220322,N,何伟,,15802.6471,,,,,,,False,Q84卫生,证监会行业分类
301105,鸿铭股份,301105.SZ,SZSE,创业板,广东,专用机械,20221230,N,金玺,,5000.0,,,,,,,False,C34通用设备制造业,证监会行业分类
301106,骏成科技,301106.SZ,SZSE,创业板,江苏,元器件,20220128,N,应发祥,,10211.4835,,,,,,,False,C39计算机、通信和其他电子设备制造业,证监会行业分类
301107,瑜欣电子,301107.SZ,SZSE,创业板,重庆,机械基件,20220524,N,胡云平,,14218.8788,,,,,,,False,C34通用设备制造业,证监会行业分类
301108,洁雅股份,301108.SZ,SZSE,创业板,安徽,日用化工,20211203,N,蔡英传,,11255.6252,,,,,,,False,C26化学原料和化学制品制造业,证监会行业分类
301109,军信股份,301109.SZ,SZSE,创业板,湖南,环境保护,20220413,S,戴道国,,78910.0842,,,,,,,False,N77生态保护和环境治理业,证监会行业分类
301110,青木科技,301110.SZ,SZSE,创业板,广东,互联网,20220311,S,吕斌,,12954.9466,,,,,,,False,I64互联网和相关服务,证监会行业分类
301111,粤万年青,301111.SZ,SZSE,创业板,广东,中成药,20211207,N,欧先涛,,16000.0,,,,,,,False,C27医药制造业,证监会行业分类
301112,信邦智能,301112.SZ,SZSE,创业板,广东,专用机械,20220629,N,李罡,,11026.66,,,,,,,False,C35专用设备制造业,证监会行业分类
301113,雅艺科技,301113.SZ,SZSE,创业板,浙江,家居用品,20211222,N,叶跃庭,,11830.0,,,,,,,False,C21家具制造业,证监会行业分类
301115,联检科技,301115.SZ,SZSE,创业板,江苏,建筑工程,20220831,N,周剑峰,,18352.485,,,,,,,False,M74专业技术服务业,证监会行业分类
301116,益客食品,301116.SZ,SZSE,创业板,江苏,食品,20220118,S,田立余,,44897.9593,,,,,,,False,C13农副食品加工业,证监会行业分类
301117,佳缘科技,301117.SZ,SZSE,创业板,四川,软件服务,20220117,N,朱伟民,,18083.6068,,,,,,,False,I65软件和信息技术服务业,证监会行业分类
301118,恒光股份,301118.SZ,SZSE,创业板,湖南,化工原料,20211118,N,曹立祥,,11019.64,,,,,,,False,C26化学原料和化学制品制造业,证监会行业分类
301119,正强股份,301119.SZ,SZSE,创业板,浙江,汽车配件,20211122,N,许正庆,,10400.0,,,,,,,False,C36汽车制造业,证监会行业分类
301120,新特电气,301120.SZ,SZSE,创业板,北京,电气设备,20220419,S,谭勇,,37144.1055,,,,,,,False,C38电气机械和器材制造业,证监会行业分类
301121,紫建电子,301121.SZ,SZSE,创业板,重庆,电气设备,20220808,N,朱传钦,,9882.6057,,,,,,,False,C38电气机械和器材制造业,证监会行业分类
301122,采纳股份,301122.SZ,SZSE,创业板,江苏,医疗保健,20220126,N,陆军,,12224.5658,,,,,,,False,C35专用设备制造业,证监会行业分类
301123,奕东电子,301123.SZ,SZSE,创业板,广东,元器件,20220125,S,邓玉泉,,23464.0,,,,,,,False,C39计算机、通信和其他电子设备制造业,证监会行业分类
301125,腾亚精工,301125.SZ,SZSE,创业板,江苏,机械基件,20220608,N,徐家林,,19831.5008,,,,,,,False,C34通用设备制造业,证监会行业分类
301126,达嘉维康,301126.SZ,SZSE,创业板,湖南,医药商业,20211207,N,王毅清,,20540.32,,,,,,,False,F52零售业,证监会行业分类
301127,武汉天源,301127.SZ,SZSE,创业板,湖北,环境保护,20211230,S,黄昭玮,,67407.4717,,,,,,,False,D46水的生产和供应业,证监会行业分类
301128,强瑞技术,301128.SZ,SZSE,创业板,深圳,专用机械,20211110,S,尹高斌,,14481.7778,,,,,,,False,C35专用设备制造业,证监会行业分类
301129,瑞纳智能,301129.SZ,SZSE,创业板,安徽,电器仪表,20211102,N,于大永,,13589.74,,,,,,,False,C40仪器仪表制造业,证监会行业分类
301130,西点药业,301130.SZ,SZSE,创业板,吉林,化学制药,20220223,N,张俊,,7649.4685,,,,,,,False,C27医药制造业,证监会行业分类
301131,聚赛龙,301131.SZ,SZSE,创业板,广东,塑料,20220314,N,郝源增,,5466.2433,,,,,,,False,C29橡胶和塑料制品业,证监会行业分类
301132,满坤科技,301132.SZ,SZSE,创业板,江西,元器件,20220810,S,洪俊城,,14808.6249,,,,,,,False,C39计算机、通信和其他电子设备制造业,证监会行业分类
301133,金钟股份,301133.SZ,SZSE,创业板,广东,汽车配件,20211126,N,辛洪萍,,12146.6624,,,,,,,False,C36汽车制造业,证监会行业分类
301135,瑞德智能,301135.SZ,SZSE,创业板,广东,元器件,20220412,N,汪军,,12978.8866,,,,,,,False,C39计算机、通信和其他电子设备制造业,证监会行业分类
301136,招标股份,301136.SZ,SZSE,创业板,福建,建筑工程,20220111,N,张亲议,,27520.482,,,,,,,False,M74专业技术服务业,证监会行业分类
301137,哈焊华通,301137.SZ,SZSE,创业板,江苏,机械基件,20220322,S,雷振,,18181.34,,,,,,,False,C33金属制品业,证监会行业分类
301138,华研精机,301138.SZ,SZSE,创业板,广东,专用机械,20211215,N,包贺林,,12000.0,,,,,,,False,C35专用设备制造业,证监会行业分类
301139,*ST元道,301139.SZ,SZSE,创业板,新疆,通信设备,20220708,N,李晋,,12158.08,,,,,,,True,I65软件和信息技术服务业,证监会行业分类
301141,中科磁业,301141.SZ,SZSE,创业板,浙江,矿物制品,20230403,S,吴中平,,12403.2605,,,,,,,False,C39计算机、通信和其他电子设备制造业,证监会行业分类
301148,嘉戎技术,301148.SZ,SZSE,创业板,福建,环境保护,20220421,N,蒋林煜,,11649.708,,,,,,,False,N77生态保护和环境治理业,证监会行业分类
301149,隆华新材,301149.SZ,SZSE,创业板,山东,化工原料,20211110,N,张萍,,43000.0018,,,,,,,False,C26化学原料和化学制品制造业,证监会行业分类
301150,中一科技,301150.SZ,SZSE,创业板,湖北,电气设备,20220421,S,无法定代表人,,23323.3467,,,,,,,False,C39计算机、通信和其他电子设备制造业,证监会行业分类
301151,冠龙节能,301151.SZ,SZSE,创业板,上海,机械基件,20220411,N,李政宏,,16900.41,,,,,,,False,C34通用设备制造业,证监会行业分类
301152,天力锂能,301152.SZ,SZSE,创业板,河南,小金属,20220829,N,王瑞庆,,11874.0007,,,,,,,False,C39计算机、通信和其他电子设备制造业,证监会行业分类
301153,中科江南,301153.SZ,SZSE,创业板,北京,软件服务,20220518,S,罗攀峰,,35566.452,,,,,,,False,I65软件和信息技术服务业,证监会行业分类
301155,海力风电,301155.SZ,SZSE,创业板,江苏,电气设备,20211124,S,许世俊,,21739.1478,,,,,,,False,C38电气机械和器材制造业,证监会行业分类
301156,美农生物,301156.SZ,SZSE,创业板,上海,饲料,20220617,N,洪伟,,18302.0077,,,,,,,False,C14食品制造业,证监会行业分类
301157,华塑科技,301157.SZ,SZSE,创业板,浙江,电气设备,20230309,N,杨冬强,,6000.0,,,,,,,False,C39计算机、通信和其他电子设备制造业,证监会行业分类
301158,德石股份,301158.SZ,SZSE,创业板,山东,专用机械,20220117,N,程贵华,,19501.5163,,,,,,,False,C35专用设备制造业,证监会行业分类
301159,三维天地,301159.SZ,SZSE,创业板,北京,软件服务,20220107,N,金震,,7735.0,,,,,,,False,I65软件和信息技术服务业,证监会行业分类
301160,翔楼新材,301160.SZ,SZSE,创业板,江苏,机械基件,20220606,S,钱和生,,11355.5818,,,,,,,False,C33金属制品业,证监会行业分类
301161,唯万密封,301161.SZ,SZSE,创业板,上海,工程机械,20220914,N,董静,,12000.0,,,,,,,False,C29橡胶和塑料制品业,证监会行业分类
301162,国能日新,301162.SZ,SZSE,创业板,北京,软件服务,20220429,S,雍正,,18561.7213,,,,,,,False,I65软件和信息技术服务业,证监会行业分类
301163,宏德股份,301163.SZ,SZSE,创业板,江苏,电气设备,20220419,N,杨金德,,8160.0,,,,,,,False,C33金属制品业,证监会行业分类
301165,锐捷网络,301165.SZ,SZSE,创业板,福建,通信设备,20221121,S,阮加勇,,111363.6363,,,,,,,False,C39计算机、通信和其他电子设备制造业,证监会行业分类
301166,优宁维,301166.SZ,SZSE,创业板,上海,医药商业,20211228,N,冷兆武,,8616.8468,,,,,,,False,F51批发业,证监会行业分类
301167,建研设计,301167.SZ,SZSE,创业板,安徽,建筑工程,20211206,N,韦法华,,11200.0,,,,,,,False,M74专业技术服务业,证监会行业分类
301168,通灵股份,301168.SZ,SZSE,创业板,江苏,电气设备,20211210,N,严荣飞,,12000.0,,,,,,,False,C38电气机械和器材制造业,证监会行业分类
301169,零点有数,301169.SZ,SZSE,创业板,北京,文教休闲,20211103,N,袁岳,,7204.0536,,,,,,,False,L72商务服务业,证监会行业分类
301170,锡南科技,301170.SZ,SZSE,创业板,江苏,汽车配件,20230627,N,李忠良,,10000.0,,,,,,,False,C36汽车制造业,证监会行业分类
301171,易点天下,301171.SZ,SZSE,创业板,陕西,互联网,20220819,S,邹小武,,61852.0992,,,,,,,False,I64互联网和相关服务,证监会行业分类
301172,君逸数码,301172.SZ,SZSE,创业板,四川,软件服务,20230726,N,曾立军,,17248.0,,,,,,,False,I65软件和信息技术服务业,证监会行业分类
301173,毓恬冠佳,301173.SZ,SZSE,创业板,上海,汽车配件,20250303,S,吴军,,8783.4772,,,,,,,False,C36汽车制造业,证监会行业分类
301175,中科环保,301175.SZ,SZSE,创业板,北京,环境保护,20220708,S,栗博,,147188.0,,,,,,,False,N78公共设施管理业,证监会行业分类
301176,逸豪新材,301176.SZ,SZSE,创业板,江西,元器件,20220928,N,张剑萌,,16906.6667,,,,,,,False,C39计算机、通信和其他电子设备制造业,证监会行业分类
301177,迪阿股份,301177.SZ,SZSE,创业板,深圳,服饰,20211215,S,张国涛,,40027.455,,,,,,,False,F52零售业,证监会行业分类
301178,天亿马,301178.SZ,SZSE,创业板,广东,软件服务,20211112,N,林明玲,,6685.28,,,,,,,False,I65软件和信息技术服务业,证监会行业分类
301179,泽宇智能,301179.SZ,SZSE,创业板,江苏,软件服务,20211208,S,张剑,,40440.7569,,,,,,,False,I65软件和信息技术服务业,证监会行业分类
301180,万祥科技,301180.SZ,SZSE,创业板,江苏,元器件,20211116,S,黄军,,40001.0,,,,,,,False,C39计算机、通信和其他电子设备制造业,证监会行业分类
301181,标榜股份,301181.SZ,SZSE,创业板,江苏,汽车配件,20220221,N,沈皓,,15020.3264,,,,,,,False,C36汽车制造业,证监会行业分类
301182,凯旺科技,301182.SZ,SZSE,创业板,河南,元器件,20211223,N,陈海刚,,9582.17,,,,,,,False,C39计算机、通信和其他电子设备制造业,证监会行业分类
301183,东田微,301183.SZ,SZSE,创业板,湖北,元器件,20220524,S,高登华,,8007.635,,,,,,,False,C39计算机、通信和其他电子设备制造业,证监会行业分类
301185,鸥玛软件,301185.SZ,SZSE,创业板,山东,软件服务,20211119,N,张立毅,,15341.76,,,,,,,False,I65软件和信息技术服务业,证监会行业分类
301186,超达装备,301186.SZ,SZSE,创业板,江苏,专用机械,20211223,N,陈存友,,8195.9453,,,,,,,False,C35专用设备制造业,证监会行业分类
301187,欧圣电气,301187.SZ,SZSE,创业板,江苏,家用电器,20220422,S,WEIDONG LU,,25493.3525,,,,,,,False,C38电气机械和器材制造业,证监会行业分类
301188,力诺药包,301188.SZ,SZSE,创业板,山东,玻璃,20211111,N,宋来,,26753.6615,,,,,,,False,C30非金属矿物制品业,证监会行业分类
301189,奥尼电子,301189.SZ,SZSE,创业板,深圳,IT设备,20211228,N,吴世杰,,11639.6465,,,,,,,False,C39计算机、通信和其他电子设备制造业,证监会行业分类
301190,善水科技,301190.SZ,SZSE,创业板,江西,染料涂料,20211224,S,吴新艳,,21463.65,,,,,,,False,C26化学原料和化学制品制造业,证监会行业分类
301191,菲菱科思,301191.SZ,SZSE,创业板,深圳,通信设备,20220526,S,陈龙发,,6934.2,,,,,,,False,C39计算机、通信和其他电子设备制造业,证监会行业分类
301192,泰祥股份,301192.SZ,SZSE,创业板,湖北,汽车配件,20220811,N,王世斌,,9990.0,,,,,,,False,C36汽车制造业,证监会行业分类
301193,家联科技,301193.SZ,SZSE,创业板,浙江,家居用品,20211209,N,王熊,,23189.4213,,,,,,,False,C29橡胶和塑料制品业,证监会行业分类
301195,北路智控,301195.SZ,SZSE,创业板,江苏,软件服务,20220801,N,于胜利,,13206.984,,,,,,,False,I65软件和信息技术服务业,证监会行业分类
301196,唯科科技,301196.SZ,SZSE,创业板,福建,专用机械,20220111,S,庄辉阳,,12531.3737,,,,,,,False,C29橡胶和塑料制品业,证监会行业分类
301197,工大科雅,301197.SZ,SZSE,创业板,河北,软件服务,20220808,N,齐承英,,12054.0,,,,,,,False,I65软件和信息技术服务业,证监会行业分类
301198,喜悦智行,301198.SZ,SZSE,创业板,浙江,塑料,20211202,N,罗志强,,16900.0,,,,,,,False,C29橡胶和塑料制品业,证监会行业分类
301199,迈赫股份,301199.SZ,SZSE,创业板,山东,专用机械,20211207,N,张开旭,,18667.6,,,,,,,False,C35专用设备制造业,证监会行业分类
301200,大族数控,301200.SZ,SZSE,创业板,深圳,专用机械,20220228,S,杨朝辉,,48900.7741,,,,,,,False,C35专用设备制造业,证监会行业分类
301201,诚达药业,301201.SZ,SZSE,创业板,浙江,生物制药,20220120,N,葛建利,,15471.3824,,,,,,,False,C27医药制造业,证监会行业分类
301202,朗威股份,301202.SZ,SZSE,创业板,江苏,机械基件,20230705,S,高利擎,,13640.0,,,,,,,False,C33金属制品业,证监会行业分类
301203,国泰环保,301203.SZ,SZSE,创业板,浙江,环境保护,20230404,N,陈柏校,,8000.0,,,,,,,False,N77生态保护和环境治理业,证监会行业分类
301205,联特科技,301205.SZ,SZSE,创业板,湖北,通信设备,20220913,S,张健,,12974.4,,,,,,,False,C39计算机、通信和其他电子设备制造业,证监会行业分类
301206,三元生物,301206.SZ,SZSE,创业板,山东,食品,20220210,S,聂在建,,20232.57,,,,,,,False,C14食品制造业,证监会行业分类
301207,华兰疫苗,301207.SZ,SZSE,创业板,河南,生物制药,20220218,S,安文珏,,60102.75,,,,,,,False,C27医药制造业,证监会行业分类
301208,中亦科技,301208.SZ,SZSE,创业板,北京,软件服务,20220707,S,李东平,,12000.006,,,,,,,False,I65软件和信息技术服务业,证监会行业分类
301209,联合化学,301209.SZ,SZSE,创业板,山东,染料涂料,20220825,S,李秀梅,,11200.0,,,,,,,False,C26化学原料和化学制品制造业,证监会行业分类
301210,金杨精密,301210.SZ,SZSE,创业板,江苏,电气设备,20230630,S,杨建林,,11461.4334,,,,,,,False,C38电气机械和器材制造业,证监会行业分类
301211,亨迪药业,301211.SZ,SZSE,创业板,湖北,化学制药,20211222,S,程志刚,,41760.0,,,,,,,False,C27医药制造业,证监会行业分类
301212,联盛化学,301212.SZ,SZSE,创业板,浙江,化工原料,20220419,N,牟建宇,,10800.0,,,,,,,False,C26化学原料和化学制品制造业,证监会行业分类
301213,观想科技,301213.SZ,SZSE,创业板,四川,软件服务,20211206,N,魏强,,7999.9999,,,,,,,False,I65软件和信息技术服务业,证监会行业分类
301215,中汽股份,301215.SZ,SZSE,创业板,江苏,汽车服务,20220308,S,张晓龙,,132390.0,,,,,,,False,M74专业技术服务业,证监会行业分类
301216,万凯新材,301216.SZ,SZSE,创业板,浙江,化工原料,20220329,S,沈志刚,,58019.764,,,,,,,False,C26化学原料和化学制品制造业,证监会行业分类
301217,铜冠铜箔,301217.SZ,SZSE,创业板,安徽,元器件,20220127,S,甘国庆,,82901.5544,,,,,,,False,C39计算机、通信和其他电子设备制造业,证监会行业分类
301218,华是科技,301218.SZ,SZSE,创业板,浙江,软件服务,20220307,N,郑剑波,,11404.0,,,,,,,False,I65软件和信息技术服务业,证监会行业分类
301219,腾远钴业,301219.SZ,SZSE,创业板,江西,小金属,20220317,S,罗洁,,29471.7182,,,,,,,False,C32有色金属冶炼和压延加工业,证监会行业分类
301220,亚香股份,301220.SZ,SZSE,创业板,江苏,化工原料,20220622,S,汤建刚,,11277.084,,,,,,,False,C26化学原料和化学制品制造业,证监会行业分类
301221,光庭信息,301221.SZ,SZSE,创业板,湖北,软件服务,20211222,N,朱敦尧,,12967.122,,,,,,,False,I65软件和信息技术服务业,证监会行业分类
301222,浙江恒威,301222.SZ,SZSE,创业板,浙江,电气设备,20220309,N,汪剑平,,14033.824,,,,,,,False,C38电气机械和器材制造业,证监会行业分类
301223,中荣股份,301223.SZ,SZSE,创业板,广东,广告包装,20221026,N,黄焕然,,19312.756,,,,,,,False,C23印刷和记录媒介复制业,证监会行业分类
301225,恒勃股份,301225.SZ,SZSE,创业板,浙江,汽车配件,20230616,S,周书忠,,10338.0,,,,,,,False,C36汽车制造业,证监会行业分类
301226,祥明智能,301226.SZ,SZSE,创业板,江苏,电气设备,20220325,N,张敏,,10880.0,,,,,,,False,C38电气机械和器材制造业,证监会行业分类
301227,森鹰窗业,301227.SZ,SZSE,创业板,黑龙江,家居用品,20220926,N,边可仁,,9523.05,,,,,,,False,C20木材加工和木、竹、藤、棕、草制品业,证监会行业分类
301228,实朴检测,301228.SZ,SZSE,创业板,上海,电器仪表,20220128,N,杨进,,12000.0,,,,,,,False,M74专业技术服务业,证监会行业分类
301229,纽泰格,301229.SZ,SZSE,创业板,江苏,汽车配件,20220222,N,张义,,18178.0501,,,,,,,False,C36汽车制造业,证监会行业分类
301230,泓博医药,301230.SZ,SZSE,创业板,上海,生物制药,20221101,N,PING CHEN,,13958.6605,,,,,,,False,M73研究和试验发展,证监会行业分类
301231,荣信文化,301231.SZ,SZSE,创业板,陕西,出版业,20220908,N,王艺桦,,8440.0,,,,,,,False,R86新闻和出版业,证监会行业分类
301232,飞沃科技,301232.SZ,SZSE,创业板,湖南,机械基件,20230615,N,张友君,,10513.0325,,,,,,,False,C34通用设备制造业,证监会行业分类
301233,盛帮股份,301233.SZ,SZSE,创业板,四川,汽车配件,20220706,N,赖凯,,5147.0,,,,,,,False,C29橡胶和塑料制品业,证监会行业分类
301234,五洲医疗,301234.SZ,SZSE,创业板,安徽,医疗保健,20220705,N,张洪瑜,,6800.0,,,,,,,False,C35专用设备制造业,证监会行业分类
301235,华康洁净,301235.SZ,SZSE,创业板,湖北,医疗保健,20220128,N,谭平涛,,10777.6866,,,,,,,False,E49建筑安装业,证监会行业分类
301236,软通动力,301236.SZ,SZSE,创业板,北京,软件服务,20220315,S,刘天文,,103518.928,,,,,,,False,I65软件和信息技术服务业,证监会行业分类
301237,和顺科技,301237.SZ,SZSE,创业板,浙江,塑料,20220323,N,范和强,,8000.0,,,,,,,False,C29橡胶和塑料制品业,证监会行业分类
301238,瑞泰新材,301238.SZ,SZSE,创业板,江苏,化工原料,20220617,S,张子燕,,73333.33,,,,,,,False,C26化学原料和化学制品制造业,证监会行业分类
301239,普瑞眼科,301239.SZ,SZSE,创业板,四川,医疗保健,20220705,S,徐旭阳,,14961.9048,,,,,,,False,Q84卫生,证监会行业分类
301246,宏源药业,301246.SZ,SZSE,创业板,湖北,化学制药,20230320,S,尹聃,,40000.68,,,,,,,False,C27医药制造业,证监会行业分类
301248,杰创智能,301248.SZ,SZSE,创业板,广东,软件服务,20220420,N,孙鹏,,15370.5,,,,,,,False,I65软件和信息技术服务业,证监会行业分类
301251,威尔高,301251.SZ,SZSE,创业板,江西,元器件,20230906,S,邓艳群,,13468.8633,,,,,,,False,C39计算机、通信和其他电子设备制造业,证监会行业分类
301252,同星科技,301252.SZ,SZSE,创业板,浙江,机械基件,20230525,N,张良灿,,16922.544,,,,,,,False,C34通用设备制造业,证监会行业分类
301255,通力科技,301255.SZ,SZSE,创业板,浙江,机械基件,20221227,N,项献忠,,15232.0,,,,,,,False,C34通用设备制造业,证监会行业分类
301256,华融化学,301256.SZ,SZSE,创业板,四川,化工原料,20220322,S,邵军,,48000.0,,,,,,,False,C26化学原料和化学制品制造业,证监会行业分类
301257,普蕊斯,301257.SZ,SZSE,创业板,上海,医疗保健,20220517,N,赖春宝,,7900.477,,,,,,,False,M73研究和试验发展,证监会行业分类
301258,富士莱,301258.SZ,SZSE,创业板,江苏,化学制药,20220329,N,钱祥云,,9167.0,,,,,,,False,C27医药制造业,证监会行业分类
301259,艾布鲁,301259.SZ,SZSE,创业板,湖南,环境保护,20220426,S,钟儒波,,15600.0,,,,,,,False,N77生态保护和环境治理业,证监会行业分类
301260,格力博,301260.SZ,SZSE,创业板,江苏,专用机械,20230208,S,陈寅,,48335.5474,,,,,,,False,C35专用设备制造业,证监会行业分类
301261,恒工精密,301261.SZ,SZSE,创业板,河北,机械基件,20230710,S,魏志勇,,8789.0196,,,,,,,False,C34通用设备制造业,证监会行业分类
301262,海看股份,301262.SZ,SZSE,创业板,山东,影视音像,20230620,S,张先,,41700.0,,,,,,,False,I63电信、广播电视和卫星传输服务,证监会行业分类
301263,泰恩康,301263.SZ,SZSE,创业板,广东,医药商业,20220329,S,郑汉杰,,42549.75,,,,,,,False,F51批发业,证监会行业分类
301265,华新科技,301265.SZ,SZSE,创业板,北京,环境保护,20221216,N,张军,,30297.3182,,,,,,,False,C42废弃资源综合利用业,证监会行业分类
301266,宇邦新材,301266.SZ,SZSE,创业板,江苏,电气设备,20220608,N,肖锋,,14297.4465,,,,,,,False,C38电气机械和器材制造业,证监会行业分类
301267,华厦眼科,301267.SZ,SZSE,创业板,福建,医疗保健,20221107,S,苏庆灿,,84000.0,,,,,,,False,Q84卫生,证监会行业分类
301268,铭利达,301268.SZ,SZSE,创业板,深圳,机械基件,20220407,S,陶诚,,40039.6932,,,,,,,False,C33金属制品业,证监会行业分类
301269,华大九天,301269.SZ,SZSE,创业板,北京,半导体,20220729,S,刘伟平,,54543.7608,,,,,,,False,I65软件和信息技术服务业,证监会行业分类
301270,汉仪股份,301270.SZ,SZSE,创业板,北京,软件服务,20220831,N,谢立群,,10000.0,,,,,,,False,I65软件和信息技术服务业,证监会行业分类
301272,英华特,301272.SZ,SZSE,创业板,江苏,专用机械,20230713,N,陈毅敏,,5850.23,,,,,,,False,C34通用设备制造业,证监会行业分类
301273,瑞晨环保,301273.SZ,SZSE,创业板,上海,机械基件,20221025,N,陈万东,,7164.1792,,,,,,,False,C34通用设备制造业,证监会行业分类
301275,汉朔科技,301275.SZ,SZSE,创业板,浙江,元器件,20250311,S,侯世国,,42240.0,,,,,,,False,C39计算机、通信和其他电子设备制造业,证监会行业分类
301276,嘉曼服饰,301276.SZ,SZSE,创业板,北京,服饰,20220909,N,曹胜奎,,12960.0,,,,,,,False,C18纺织服装、服饰业,证监会行业分类
301277,新天地,301277.SZ,SZSE,创业板,河南,化学制药,20221116,S,谢建中,,39207.84,,,,,,,False,C27医药制造业,证监会行业分类
301278,快可电子,301278.SZ,SZSE,创业板,江苏,电气设备,20220804,N,段正刚,,8970.8143,,,,,,,False,C38电气机械和器材制造业,证监会行业分类
301279,金道科技,301279.SZ,SZSE,创业板,浙江,工程机械,20220413,N,金言荣,,16852.4738,,,,,,,False,C34通用设备制造业,证监会行业分类
301280,珠城科技,301280.SZ,SZSE,创业板,浙江,元器件,20221226,S,张建春,,19149.2196,,,,,,,False,C39计算机、通信和其他电子设备制造业,证监会行业分类
301281,科源制药,301281.SZ,SZSE,创业板,山东,化学制药,20230404,N,韦治国,,10829.0,,,,,,,False,C27医药制造业,证监会行业分类
301282,金禄电子,301282.SZ,SZSE,创业板,广东,元器件,20220826,N,李继林,,21093.3875,,,,,,,False,C39计算机、通信和其他电子设备制造业,证监会行业分类
301283,聚胶股份,301283.SZ,SZSE,创业板,广东,日用化工,20220902,N,陈曙光,,11622.2756,,,,,,,False,C26化学原料和化学制品制造业,证监会行业分类
301285,鸿日达,301285.SZ,SZSE,创业板,江苏,元器件,20220928,S,王玉田,,20667.0,,,,,,,False,C39计算机、通信和其他电子设备制造业,证监会行业分类
301286,侨源股份,301286.SZ,SZSE,创业板,四川,化工原料,20220614,S,乔志涌,,40010.0,,,,,,,False,C26化学原料和化学制品制造业,证监会行业分类
301287,康力源,301287.SZ,SZSE,创业板,江苏,文教休闲,20230614,N,衡墩建,,6667.0,,,,,,,False,C24文教、工美、体育和娱乐用品制造业,证监会行业分类
301288,清研环境,301288.SZ,SZSE,创业板,深圳,环境保护,20220422,N,刘淑杰,,10801.0,,,,,,,False,C35专用设备制造业,证监会行业分类
301289,国缆检测,301289.SZ,SZSE,创业板,上海,电器仪表,20220622,N,黄国飞,,7800.0,,,,,,,False,M74专业技术服务业,证监会行业分类
301290,东星医疗,301290.SZ,SZSE,创业板,江苏,医疗保健,20221130,N,万世平,,10017.3334,,,,,,,False,C35专用设备制造业,证监会行业分类
301291,明阳电气,301291.SZ,SZSE,创业板,广东,电气设备,20230630,S,张传卫,,31349.9352,,,,,,,False,C38电气机械和器材制造业,证监会行业分类
301292,海科新源,301292.SZ,SZSE,创业板,山东,化工原料,20230707,S,马立军,,22279.5778,,,,,,,False,C26化学原料和化学制品制造业,证监会行业分类
301293,三博脑科,301293.SZ,SZSE,创业板,北京,医疗保健,20230505,S,张阳,,20598.6987,,,,,,,False,Q84卫生,证监会行业分类
301295,美硕科技,301295.SZ,SZSE,创业板,浙江,电气设备,20230628,N,黄晓湖,,10080.0,,,,,,,False,C38电气机械和器材制造业,证监会行业分类
301296,新巨丰,301296.SZ,SZSE,创业板,山东,广告包装,20220902,N,袁训军,,42712.1514,,,,,,,False,C22造纸和纸制品业,证监会行业分类
301297,富乐德,301297.SZ,SZSE,创业板,安徽,半导体,20221230,S,贺贤汉,,74318.7598,,,,,,,False,M74专业技术服务业,证监会行业分类
301298,东利机械,301298.SZ,SZSE,创业板,河北,汽车配件,20220606,N,王征,,14680.0,,,,,,,False,C36汽车制造业,证监会行业分类
301299,卓创资讯,301299.SZ,SZSE,创业板,山东,互联网,20221019,N,叶秋菊,,6066.262,,,,,,,False,I64互联网和相关服务,证监会行业分类
301300,远翔新材,301300.SZ,SZSE,创业板,福建,化工原料,20220819,N,王承辉,,6492.1,,,,,,,False,C26化学原料和化学制品制造业,证监会行业分类
301301,川宁生物,301301.SZ,SZSE,创业板,新疆,化学制药,20221227,S,邓旭衡,,223008.5,,,,,,,False,C27医药制造业,证监会行业分类
301302,华如科技,301302.SZ,SZSE,创业板,北京,软件服务,20220623,N,韩超,,15586.5,,,,,,,False,I65软件和信息技术服务业,证监会行业分类
301303,真兰仪表,301303.SZ,SZSE,创业板,上海,电器仪表,20230220,S,李诗华,,40880.0,,,,,,,False,C40仪器仪表制造业,证监会行业分类
301305,朗坤科技,301305.SZ,SZSE,创业板,深圳,环境保护,20230523,S,陈建湘,,24196.0804,,,,,,,False,N77生态保护和环境治理业,证监会行业分类
301306,西测测试,301306.SZ,SZSE,创业板,陕西,航空,20220726,N,李泽新,,8440.0,,,,,,,False,M74专业技术服务业,证监会行业分类
301307,美利信,301307.SZ,SZSE,创业板,重庆,通信设备,20230424,S,余亚军,,21060.0,,,,,,,False,C33金属制品业,证监会行业分类
301308,江波龙,301308.SZ,SZSE,创业板,深圳,半导体,20220805,S,蔡华波,,42306.1007,,,,,,,False,C39计算机、通信和其他电子设备制造业,证监会行业分类
301309,万得凯,301309.SZ,SZSE,创业板,浙江,机械基件,20220919,N,钟兴富,,10053.44,,,,,,,False,C34通用设备制造业,证监会行业分类
301310,鑫宏业,301310.SZ,SZSE,创业板,江苏,汽车配件,20230602,S,卜晓华,,19095.8816,,,,,,,False,C36汽车制造业,证监会行业分类
301311,昆船智能,301311.SZ,SZSE,创业板,云南,机械基件,20221130,S,杨进松,,24000.0,,,,,,,False,C34通用设备制造业,证监会行业分类
301312,智立方,301312.SZ,SZSE,创业板,深圳,专用机械,20220711,S,邱鹏,,12118.0612,,,,,,,False,C35专用设备制造业,证监会行业分类
301313,凡拓数创,301313.SZ,SZSE,创业板,广东,文教休闲,20220930,N,伍穗颖,,10345.34,,,,,,,False,I65软件和信息技术服务业,证监会行业分类
301314,科瑞思,301314.SZ,SZSE,创业板,广东,元器件,20230328,N,于志江,,5525.0,,,,,,,False,C39计算机、通信和其他电子设备制造业,证监会行业分类
301315,威士顿,301315.SZ,SZSE,创业板,上海,软件服务,20230621,N,殷军普,,8800.0,,,,,,,False,I65软件和信息技术服务业,证监会行业分类
301316,慧博云通,301316.SZ,SZSE,创业板,浙江,软件服务,20221013,S,余浩,,40400.0,,,,,,,False,I65软件和信息技术服务业,证监会行业分类
301317,鑫磊股份,301317.SZ,SZSE,创业板,浙江,机械基件,20230119,S,钟仁志,,15719.0,,,,,,,False,C34通用设备制造业,证监会行业分类
301318,维海德,301318.SZ,SZSE,创业板,深圳,IT设备,20220810,N,陈涛,,13529.8885,,,,,,,False,C39计算机、通信和其他电子设备制造业,证监会行业分类
301319,唯特偶,301319.SZ,SZSE,创业板,深圳,元器件,20220929,N,廖高兵,,18055.5378,,,,,,,False,C39计算机、通信和其他电子设备制造业,证监会行业分类
301320,豪江智能,301320.SZ,SZSE,创业板,山东,电气设备,20230609,N,宫志强,,18201.0,,,,,,,False,C38电气机械和器材制造业,证监会行业分类
301321,翰博高新,301321.SZ,SZSE,创业板,安徽,元器件,20220818,N,王照忠,,18643.5,,,,,,,False,C39计算机、通信和其他电子设备制造业,证监会行业分类
301322,绿通科技,301322.SZ,SZSE,创业板,广东,摩托车,20230306,N,张志江,,14265.5878,,,,,,,False,C37铁路、船舶、航空航天和其他运输设备制造业,证监会行业分类
301323,新莱福,301323.SZ,SZSE,创业板,广东,橡胶,20230606,S,汪小明,,10558.869,,,,,,,False,C29橡胶和塑料制品业,证监会行业分类
301325,曼恩斯特,301325.SZ,SZSE,创业板,深圳,专用机械,20230512,S,唐雪姣,,14389.266,,,,,,,False,C35专用设备制造业,证监会行业分类
301326,捷邦科技,301326.SZ,SZSE,创业板,广东,元器件,20220921,S,杨巍,,7270.9728,,,,,,,False,C39计算机、通信和其他电子设备制造业,证监会行业分类
301327,华宝新能,301327.SZ,SZSE,创业板,深圳,电气设备,20220919,S,孙中伟,,17438.1356,,,,,,,False,C38电气机械和器材制造业,证监会行业分类
301328,维峰电子,301328.SZ,SZSE,创业板,广东,元器件,20220908,S,李文化,,15934.5711,,,,,,,False,C39计算机、通信和其他电子设备制造业,证监会行业分类
301329,信音电子,301329.SZ,SZSE,创业板,江苏,元器件,20230717,N,林茂贤,,17020.0,,,,,,,False,C39计算机、通信和其他电子设备制造业,证监会行业分类
301330,熵基科技,301330.SZ,SZSE,创业板,广东,IT设备,20220817,S,金海荣,,23535.155,,,,,,,False,C39计算机、通信和其他电子设备制造业,证监会行业分类
301331,恩威医药,301331.SZ,SZSE,创业板,西藏,中成药,20220921,N,薛永江,,10289.1887,,,,,,,False,C27医药制造业,证监会行业分类
301332,德尔玛,301332.SZ,SZSE,创业板,广东,家用电器,20230518,S,蔡铁强,,46156.25,,,,,,,False,C38电气机械和器材制造业,证监会行业分类
301333,诺思格,301333.SZ,SZSE,创业板,北京,医疗保健,20220802,S,WU JIE,,9658.1256,,,,,,,False,M73研究和试验发展,证监会行业分类
301335,天元宠物,301335.SZ,SZSE,创业板,浙江,文教休闲,20221118,N,薛元潮,,12690.28,,,,,,,False,C41其他制造业,证监会行业分类
301336,趣睡科技,301336.SZ,SZSE,创业板,四川,家居用品,20220812,N,李勇,,5190.454,,,,,,,False,C21家具制造业,证监会行业分类
301337,亚华电子,301337.SZ,SZSE,创业板,山东,软件服务,20230526,N,耿斌,,10420.0,,,,,,,False,I65软件和信息技术服务业,证监会行业分类
301338,凯格精机,301338.SZ,SZSE,创业板,广东,专用机械,20220816,S,邱国良,,10640.0,,,,,,,False,C35专用设备制造业,证监会行业分类
301339,通行宝,301339.SZ,SZSE,创业板,江苏,IT设备,20220909,S,王明文,,58033.332,,,,,,,False,I65软件和信息技术服务业,证监会行业分类
301345,涛涛车业,301345.SZ,SZSE,创业板,浙江,摩托车,20230321,S,曹马涛,,10904.9071,,,,,,,False,C37铁路、船舶、航空航天和其他运输设备制造业,证监会行业分类
301348,蓝箭电子,301348.SZ,SZSE,创业板,广东,半导体,20230810,S,张顺,,24000.0,,,,,,,False,C39计算机、通信和其他电子设备制造业,证监会行业分类
301349,信德新材,301349.SZ,SZSE,创业板,辽宁,化工原料,20220909,N,尹洪涛,,14249.848,,,,,,,False,C26化学原料和化学制品制造业,证监会行业分类
301353,普莱得,301353.SZ,SZSE,创业板,浙江,专用机械,20230530,N,杨伟明,,9818.1249,,,,,,,False,C34通用设备制造业,证监会行业分类
301355,南王科技,301355.SZ,SZSE,创业板,福建,广告包装,20230612,N,陈凯声,,19509.7928,,,,,,,False,C22造纸和纸制品业,证监会行业分类
301356,天振股份,301356.SZ,SZSE,创业板,浙江,家居用品,20221114,N,方庆华,,21600.0,,,,,,,False,C29橡胶和塑料制品业,证监会行业分类
301357,北方长龙,301357.SZ,SZSE,创业板,陕西,专用机械,20230418,S,陈跃,,9520.0,,,,,,,False,C41其他制造业,证监会行业分类
301358,湖南裕能,301358.SZ,SZSE,创业板,湖南,电气设备,20230209,S,谭新乔,,84334.0214,,,,,,,False,C39计算机、通信和其他电子设备制造业,证监会行业分类
301359,东南电子,301359.SZ,SZSE,创业板,浙江,元器件,20221109,N,仇文奎,,12017.6,,,,,,,False,C38电气机械和器材制造业,证监会行业分类
301360,荣旗科技,301360.SZ,SZSE,创业板,江苏,专用机械,20230425,N,钱曙光,,6934.2,,,,,,,False,C35专用设备制造业,证监会行业分类
301361,众智科技,301361.SZ,SZSE,创业板,河南,电气设备,20221116,N,杨新征,,11633.6,,,,,,,False,C38电气机械和器材制造业,证监会行业分类
301362,民爆光电,301362.SZ,SZSE,创业板,深圳,电气设备,20230804,N,谢祖华,,14594.4676,,,,,,,False,C38电气机械和器材制造业,证监会行业分类
301363,美好医疗,301363.SZ,SZSE,创业板,深圳,医疗保健,20221012,S,熊小川,,56887.118,,,,,,,False,C35专用设备制造业,证监会行业分类
301365,矩阵股份,301365.SZ,SZSE,创业板,深圳,建筑工程,20221122,N,王冠,,18000.0,,,,,,,False,M74专业技术服务业,证监会行业分类
301366,一博科技,301366.SZ,SZSE,创业板,深圳,元器件,20220926,S,汤昌茂,,20953.6201,,,,,,,False,C39计算机、通信和其他电子设备制造业,证监会行业分类
301367,瑞迈特,301367.SZ,SZSE,创业板,北京,医疗保健,20221101,S,庄志,,12528.4355,,,,,,,False,C35专用设备制造业,证监会行业分类
301368,丰立智能,301368.SZ,SZSE,创业板,浙江,机械基件,20221215,S,王友利,,12010.0,,,,,,,False,C34通用设备制造业,证监会行业分类
301369,联动科技,301369.SZ,SZSE,创业板,广东,半导体,20220922,S,张赤梅,,10230.7779,,,,,,,False,C35专用设备制造业,证监会行业分类
301370,国科恒泰,301370.SZ,SZSE,创业板,北京,医药商业,20230712,S,刘冰,,47060.0,,,,,,,False,F51批发业,证监会行业分类
301371,敷尔佳,301371.SZ,SZSE,创业板,黑龙江,日用化工,20230801,S,张立国,,52010.4,,,,,,,False,C26化学原料和化学制品制造业,证监会行业分类
301372,科净源,301372.SZ,SZSE,创业板,北京,环境保护,20230811,N,葛敬,,6857.143,,,,,,,False,N77生态保护和环境治理业,证监会行业分类
301373,凌玮科技,301373.SZ,SZSE,创业板,广东,化工原料,20230208,N,胡颖妮,,10847.2091,,,,,,,False,C26化学原料和化学制品制造业,证监会行业分类
301376,致欧科技,301376.SZ,SZSE,创业板,河南,家居用品,20230621,S,宋川,,40246.8975,,,,,,,False,F52零售业,证监会行业分类
301377,鼎泰高科,301377.SZ,SZSE,创业板,广东,机械基件,20221122,S,王馨,,41141.2934,,,,,,,False,C33金属制品业,证监会行业分类
301378,通达海,301378.SZ,SZSE,创业板,江苏,软件服务,20230320,N,郑建国,,9660.0,,,,,,,False,I65软件和信息技术服务业,证监会行业分类
301379,天山电子,301379.SZ,SZSE,创业板,广西,元器件,20221101,S,王嗣纬,,19824.3944,,,,,,,False,C39计算机、通信和其他电子设备制造业,证监会行业分类
301380,挖金客,301380.SZ,SZSE,创业板,北京,软件服务,20221025,N,李征,,10139.2433,,,,,,,False,I65软件和信息技术服务业,证监会行业分类
301381,赛维时代,301381.SZ,SZSE,创业板,深圳,互联网,20230712,S,陈文平,,40345.82,,,,,,,False,F52零售业,证监会行业分类
301382,蜂助手,301382.SZ,SZSE,创业板,广东,互联网,20230517,S,罗洪鹏,,28559.3903,,,,,,,False,I64互联网和相关服务,证监会行业分类
301383,天键股份,301383.SZ,SZSE,创业板,江西,元器件,20230609,S,冯砚儒,,16336.32,,,,,,,False,C39计算机、通信和其他电子设备制造业,证监会行业分类
301386,未来电器,301386.SZ,SZSE,创业板,江苏,电气设备,20230329,N,楼洋,,14000.0,,,,,,,False,C38电气机械和器材制造业,证监会行业分类
301387,光大同创,301387.SZ,SZSE,创业板,深圳,元器件,20230418,N,马增龙,,10674.7204,,,,,,,False,C39计算机、通信和其他电子设备制造业,证监会行业分类
301388,欣灵电气,301388.SZ,SZSE,创业板,浙江,电气设备,20221109,N,胡志兴,,10244.76,,,,,,,False,C38电气机械和器材制造业,证监会行业分类
301389,隆扬电子,301389.SZ,SZSE,创业板,江苏,元器件,20221031,S,张东琴,,28350.0,,,,,,,False,C39计算机、通信和其他电子设备制造业,证监会行业分类
301390,经纬股份,301390.SZ,SZSE,创业板,浙江,建筑工程,20230508,N,叶肖华,,6000.0,,,,,,,False,M74专业技术服务业,证监会行业分类
301391,卡莱特,301391.SZ,SZSE,创业板,深圳,IT设备,20221201,S,周锦志,,9501.4811,,,,,,,False,C39计算机、通信和其他电子设备制造业,证监会行业分类
301392,汇成真空,301392.SZ,SZSE,创业板,广东,专用机械,20240605,S,李志荣,,10000.0,,,,,,,False,C34通用设备制造业,证监会行业分类
301393,昊帆生物,301393.SZ,SZSE,创业板,江苏,化工原料,20230712,S,朱勇,,10800.0,,,,,,,False,C26化学原料和化学制品制造业,证监会行业分类
301395,仁信新材,301395.SZ,SZSE,创业板,广东,化工原料,20230703,N,邱汉周,,24285.0438,,,,,,,False,C26化学原料和化学制品制造业,证监会行业分类
301396,宏景科技,301396.SZ,SZSE,创业板,广东,软件服务,20221111,S,欧阳华,,21492.4565,,,,,,,False,I65软件和信息技术服务业,证监会行业分类
301397,溯联股份,301397.SZ,SZSE,创业板,重庆,汽车配件,20230628,S,韩宗俊,,15566.2898,,,,,,,False,C36汽车制造业,证监会行业分类
301398,星源卓镁,301398.SZ,SZSE,创业板,浙江,汽车配件,20221215,S,邱卓雄,,11200.0,,,,,,,False,C33金属制品业,证监会行业分类
301399,英特科技,301399.SZ,SZSE,创业板,浙江,机械基件,20230523,N,方真健,,18502.0,,,,,,,False,C34通用设备制造业,证监会行业分类
301408,华人健康,301408.SZ,SZSE,创业板,安徽,医药商业,20230301,S,何家乐,,40001.0,,,,,,,False,F52零售业,证监会行业分类
301413,安培龙,301413.SZ,SZSE,创业板,深圳,电器仪表,20231218,S,邬若军,,12792.258,,,,,,,False,C39计算机、通信和其他电子设备制造业,证监会行业分类
301418,协昌科技,301418.SZ,SZSE,创业板,江苏,电气设备,20230821,N,顾挺,,7333.3334,,,,,,,False,C38电气机械和器材制造业,证监会行业分类
301419,阿莱德,301419.SZ,SZSE,创业板,上海,通信设备,20230209,N,张耀华,,15000.0,,,,,,,False,C39计算机、通信和其他电子设备制造业,证监会行业分类
301421,波长光电,301421.SZ,SZSE,创业板,江苏,元器件,20230823,S,唐志平,,11571.8,,,,,,,False,C40仪器仪表制造业,证监会行业分类
301428,世纪恒通,301428.SZ,SZSE,创业板,贵州,互联网,20230519,N,杨兴海,,9866.6667,,,,,,,False,I64互联网和相关服务,证监会行业分类
301429,森泰股份,301429.SZ,SZSE,创业板,安徽,其他建材,20230417,N,唐圣卫,,11822.0,,,,,,,False,C26化学原料和化学制品制造业,证监会行业分类
301439,泓淋电力,301439.SZ,SZSE,创业板,山东,电气设备,20230317,S,迟少林,,38910.1809,,,,,,,False,C38电气机械和器材制造业,证监会行业分类
301446,福事特,301446.SZ,SZSE,创业板,江西,机械基件,20230725,N,彭香安,,10400.0,,,,,,,False,C34通用设备制造业,证监会行业分类
301448,开创电气,301448.SZ,SZSE,创业板,浙江,机械基件,20230619,N,吴宁,,10460.0,,,,,,,False,C34通用设备制造业,证监会行业分类
301449,天溯计量,301449.SZ,SZSE,创业板,深圳,电器仪表,20251223,S,龚天保,,6521.7392,,,,,,,False,M74专业技术服务业,证监会行业分类
301456,盘古智能,301456.SZ,SZSE,创业板,山东,电气设备,20230714,N,邵安仓,,15044.7805,,,,,,,False,C35专用设备制造业,证监会行业分类
301458,钧崴电子,301458.SZ,SZSE,创业板,广东,元器件,20250110,S,颜睿志,,26666.67,,,,,,,False,C39计算机、通信和其他电子设备制造业,证监会行业分类
301459,丰茂股份,301459.SZ,SZSE,创业板,浙江,汽车配件,20231213,N,蒋春雷,,10412.182,,,,,,,False,C29橡胶和塑料制品业,证监会行业分类
301468,博盈特焊,301468.SZ,SZSE,创业板,广东,专用机械,20230724,N,李海生,,16914.804,,,,,,,False,C35专用设备制造业,证监会行业分类
301469,恒达新材,301469.SZ,SZSE,创业板,浙江,造纸,20230822,N,潘昌,,8948.0,,,,,,,False,C22造纸和纸制品业,证监会行业分类
301479,弘景光电,301479.SZ,SZSE,创业板,广东,元器件,20250318,S,赵治平,,12455.1466,,,,,,,False,C39计算机、通信和其他电子设备制造业,证监会行业分类
301486,致尚科技,301486.SZ,SZSE,创业板,深圳,元器件,20230707,S,陈潮先,,12868.0995,,,,,,,False,C39计算机、通信和其他电子设备制造业,证监会行业分类
301487,盟固利,301487.SZ,SZSE,创业板,天津,化工原料,20230809,S,朱武,,45961.6438,,,,,,,False,C26化学原料和化学制品制造业,证监会行业分类
301488,豪恩汽电,301488.SZ,SZSE,创业板,深圳,汽车配件,20230704,S,罗小平,,9200.0,,,,,,,False,C39计算机、通信和其他电子设备制造业,证监会行业分类
301489,思泉新材,301489.SZ,SZSE,创业板,广东,元器件,20231024,S,任泽明,,11305.5413,,,,,,,False,C39计算机、通信和其他电子设备制造业,证监会行业分类
301491,汉桑科技,301491.SZ,SZSE,创业板,江苏,IT设备,20250806,S,王斌,,12900.0,,,,,,,False,C39计算机、通信和其他电子设备制造业,证监会行业分类
301498,乖宝宠物,301498.SZ,SZSE,创业板,山东,饲料,20230816,S,秦华,,40047.284,,,,,,,False,C13农副食品加工业,证监会行业分类
301499,维科精密,301499.SZ,SZSE,创业板,上海,汽车配件,20230721,N,TAN YAN LAI,,13825.4866,,,,,,,False,C36汽车制造业,证监会行业分类
301500,飞南资源,301500.SZ,SZSE,创业板,广东,环境保护,20230921,S,孙雁军,,56195.2003,,,,,,,False,C42废弃资源综合利用业,证监会行业分类
301501,恒鑫生活,301501.SZ,SZSE,创业板,安徽,造纸,20250319,S,严德平,,14790.0,,,,,,,False,C22造纸和纸制品业,证监会行业分类
301502,华阳智能,301502.SZ,SZSE,创业板,江苏,电气设备,20240202,N,许云初,,5708.35,,,,,,,False,C38电气机械和器材制造业,证监会行业分类
301503,智迪科技,301503.SZ,SZSE,创业板,广东,IT设备,20230717,N,谢伟明,,8000.0,,,,,,,False,C39计算机、通信和其他电子设备制造业,证监会行业分类
301505,苏州规划,301505.SZ,SZSE,创业板,江苏,建筑工程,20230719,N,李锋,,11439.9991,,,,,,,False,M74专业技术服务业,证监会行业分类
301507,民生健康,301507.SZ,SZSE,创业板,浙江,化学制药,20230905,S,张海军,,35655.433,,,,,,,False,C27医药制造业,证监会行业分类
301508,中机认检,301508.SZ,SZSE,创业板,北京,电器仪表,20231201,S,付志坚,,22608.52,,,,,,,False,M74专业技术服务业,证监会行业分类
301509,金凯生科,301509.SZ,SZSE,创业板,辽宁,化学制药,20230803,N,Fumin Wang,,12044.6669,,,,,,,False,C27医药制造业,证监会行业分类
301510,固高科技,301510.SZ,SZSE,创业板,深圳,电器仪表,20230815,S,李泽湘,,40001.0,,,,,,,False,C40仪器仪表制造业,证监会行业分类
301511,德福科技,301511.SZ,SZSE,创业板,江西,电气设备,20230817,S,马科,,63032.2,,,,,,,False,C39计算机、通信和其他电子设备制造业,证监会行业分类
301512,智信精密,301512.SZ,SZSE,创业板,深圳,专用机械,20230720,N,李晓华,,5333.34,,,,,,,False,C35专用设备制造业,证监会行业分类
301513,尚水智能,301513.SZ,SZSE,创业板,深圳,专用机械,20260417,N,金旭东,,10000.0,,,,,,,False,C35专用设备制造业,证监会行业分类
301515,港通医疗,301515.SZ,SZSE,创业板,四川,医疗保健,20230725,N,陈永,,10000.0,,,,,,,False,C35专用设备制造业,证监会行业分类
301516,中远通,301516.SZ,SZSE,创业板,深圳,电气设备,20231208,S,吉学龙,,28070.1755,,,,,,,False,C39计算机、通信和其他电子设备制造业,证监会行业分类
301517,陕西华达,301517.SZ,SZSE,创业板,陕西,元器件,20231017,S,范军卫,,15123.738,,,,,,,False,C39计算机、通信和其他电子设备制造业,证监会行业分类
301518,长华化学,301518.SZ,SZSE,创业板,江苏,化工原料,20230803,N,顾仁发,,14546.9515,,,,,,,False,C26化学原料和化学制品制造业,证监会行业分类
301519,舜禹股份,301519.SZ,SZSE,创业板,安徽,专用机械,20230727,N,李广宏,,16164.2879,,,,,,,False,N77生态保护和环境治理业,证监会行业分类
301520,万邦医药,301520.SZ,SZSE,创业板,安徽,生物制药,20230925,N,陶春蕾,,6666.6667,,,,,,,False,M73研究和试验发展,证监会行业分类
301522,上大股份,301522.SZ,SZSE,创业板,河北,小金属,20241016,S,栾东海,,37186.6667,,,,,,,False,C33金属制品业,证监会行业分类
301525,儒竞科技,301525.SZ,SZSE,创业板,上海,家用电器,20230830,S,雷淮刚,,9431.1768,,,,,,,False,C38电气机械和器材制造业,证监会行业分类
301526,国际复材,301526.SZ,SZSE,创业板,重庆,玻璃,20231226,S,莫秋实,,377087.8048,,,,,,,False,C30非金属矿物制品业,证监会行业分类
301528,多浦乐,301528.SZ,SZSE,创业板,广东,电器仪表,20230828,N,蔡庆生,,6190.0,,,,,,,False,C40仪器仪表制造业,证监会行业分类
301529,福赛科技,301529.SZ,SZSE,创业板,安徽,汽车配件,20230911,S,陆文波,,11842.3784,,,,,,,False,C36汽车制造业,证监会行业分类
301531,春光集团,301531.SZ,SZSE,创业板,山东,矿物制品,20260511,N,韩卫东,,21973.334,,,,,,,False,C39计算机、通信和其他电子设备制造业,证监会行业分类
301533,威马农机,301533.SZ,SZSE,创业板,重庆,农用机械,20230818,N,严华,,9830.67,,,,,,,False,C35专用设备制造业,证监会行业分类
301535,浙江华远,301535.SZ,SZSE,创业板,浙江,汽车配件,20250327,S,姜肖斐,,42529.4118,,,,,,,False,C36汽车制造业,证监会行业分类
301536,星宸科技,301536.SZ,SZSE,创业板,福建,半导体,20240328,S,林永育,,42171.5232,,,,,,,False,C39计算机、通信和其他电子设备制造业,证监会行业分类
301538,骏鼎达,301538.SZ,SZSE,创业板,深圳,塑料,20240320,S,杨凤凯,,7840.0,,,,,,,False,C29橡胶和塑料制品业,证监会行业分类
301539,宏鑫科技,301539.SZ,SZSE,创业板,浙江,汽车配件,20240415,N,王文志,,14800.0,,,,,,,False,C36汽车制造业,证监会行业分类
301548,崇德科技,301548.SZ,SZSE,创业板,湖南,机械基件,20230920,N,周少华,,8700.0,,,,,,,False,C34通用设备制造业,证监会行业分类
301550,斯菱智驱,301550.SZ,SZSE,创业板,浙江,汽车配件,20230915,S,姜岭,,33534.875,,,,,,,False,C36汽车制造业,证监会行业分类
301551,无线传媒,301551.SZ,SZSE,创业板,河北,影视音像,20240926,S,周江松,,40001.0,,,,,,,False,I63电信、广播电视和卫星传输服务,证监会行业分类
301552,科力装备,301552.SZ,SZSE,创业板,河北,汽车配件,20240722,N,张万武,,12376.0,,,,,,,False,C36汽车制造业,证监会行业分类
301555,惠柏新材,301555.SZ,SZSE,创业板,上海,化工原料,20231031,N,杨裕镜,,9226.67,,,,,,,False,C26化学原料和化学制品制造业,证监会行业分类
301556,托普云农,301556.SZ,SZSE,创业板,浙江,软件服务,20241017,S,陈渝阳,,8528.0,,,,,,,False,I65软件和信息技术服务业,证监会行业分类
301557,常友科技,301557.SZ,SZSE,创业板,江苏,电气设备,20250304,N,刘文叶,,6203.1019,,,,,,,False,C30非金属矿物制品业,证监会行业分类
301558,三态股份,301558.SZ,SZSE,创业板,深圳,互联网,20230928,S,ZHONGBIN SUN,,78885.1223,,,,,,,False,F52零售业,证监会行业分类
301559,中集环科,301559.SZ,SZSE,创业板,江苏,专用机械,20231011,S,季国祥,,60000.0,,,,,,,False,C34通用设备制造业,证监会行业分类
301560,众捷汽车,301560.SZ,SZSE,创业板,江苏,汽车配件,20250425,N,孙文伟,,12160.0,,,,,,,False,C36汽车制造业,证监会行业分类
301563,云汉芯城,301563.SZ,SZSE,创业板,上海,元器件,20250930,S,曾烨,,8465.0928,,,,,,,False,F51批发业,证监会行业分类
301565,中仑新材,301565.SZ,SZSE,创业板,福建,塑料,20240620,S,杨清金,,40001.0,,,,,,,False,C29橡胶和塑料制品业,证监会行业分类
301566,达利凯普,301566.SZ,SZSE,创业板,辽宁,元器件,20231229,S,王大玮,,40001.0,,,,,,,False,C39计算机、通信和其他电子设备制造业,证监会行业分类
301567,贝隆精密,301567.SZ,SZSE,创业板,浙江,元器件,20240116,N,杨炯,,7200.0,,,,,,,False,C39计算机、通信和其他电子设备制造业,证监会行业分类
301568,思泰克,301568.SZ,SZSE,创业板,福建,专用机械,20231128,N,陈志忠,,10325.84,,,,,,,False,C35专用设备制造业,证监会行业分类
301571,国科天成,301571.SZ,SZSE,创业板,北京,元器件,20240821,S,罗珏典,,17942.5908,,,,,,,False,C39计算机、通信和其他电子设备制造业,证监会行业分类
301575,艾芬达,301575.SZ,SZSE,创业板,江西,家居用品,20250910,S,吴剑斌,,8667.0,,,,,,,False,C33金属制品业,证监会行业分类
301577,美信科技,301577.SZ,SZSE,创业板,广东,元器件,20240124,N,张定珍,,4502.95,,,,,,,False,C39计算机、通信和其他电子设备制造业,证监会行业分类
301578,辰奕智能,301578.SZ,SZSE,创业板,广东,IT设备,20231228,N,胡卫清,,8148.5391,,,,,,,False,C39计算机、通信和其他电子设备制造业,证监会行业分类
301580,爱迪特,301580.SZ,SZSE,创业板,河北,医疗保健,20240626,S,李洪文,,10656.4537,,,,,,,False,C35专用设备制造业,证监会行业分类
301581,黄山谷捷,301581.SZ,SZSE,创业板,安徽,半导体,20250103,N,程朝胜,,8000.0,,,,,,,False,C36汽车制造业,证监会行业分类
301584,建发致新,301584.SZ,SZSE,创业板,上海,医药商业,20250925,S,余峰,,42128.8509,,,,,,,False,F51批发业,证监会行业分类
301585,蓝宇股份,301585.SZ,SZSE,创业板,浙江,染料涂料,20241220,N,郭振荣,,10400.0,,,,,,,False,C26化学原料和化学制品制造业,证监会行业分类
301586,佳力奇,301586.SZ,SZSE,创业板,安徽,航空,20240828,N,路强,,8297.5503,,,,,,,False,C37铁路、船舶、航空航天和其他运输设备制造业,证监会行业分类
301587,中瑞股份,301587.SZ,SZSE,创业板,江苏,电气设备,20240408,N,杨学新,,14732.804,,,,,,,False,C33金属制品业,证监会行业分类
301588,美新科技,301588.SZ,SZSE,创业板,广东,家居用品,20240313,N,林东融,,11886.7754,,,,,,,False,C29橡胶和塑料制品业,证监会行业分类
301589,诺瓦星云,301589.SZ,SZSE,创业板,陕西,IT设备,20240208,S,袁胜春,,9244.8,,,,,,,False,C39计算机、通信和其他电子设备制造业,证监会行业分类
301590,优优绿能,301590.SZ,SZSE,创业板,深圳,电气设备,20250605,S,柏建国,,4205.3128,,,,,,,False,C38电气机械和器材制造业,证监会行业分类
301591,肯特股份,301591.SZ,SZSE,创业板,江苏,塑料,20240228,N,杨文光,,10935.6,,,,,,,False,C29橡胶和塑料制品业,证监会行业分类
301592,六九一二,301592.SZ,SZSE,创业板,四川,软件服务,20241024,S,蒋家德,,7000.0,,,,,,,False,I65软件和信息技术服务业,证监会行业分类
301595,太力科技,301595.SZ,SZSE,创业板,广东,橡胶,20250519,N,石正兵,,10828.0,,,,,,,False,C29橡胶和塑料制品业,证监会行业分类
301596,瑞迪智驱,301596.SZ,SZSE,创业板,四川,机械基件,20240513,S,卢晓蓉,,7716.53,,,,,,,False,C34通用设备制造业,证监会行业分类
301598,博科测试,301598.SZ,SZSE,创业板,北京,专用机械,20241220,N,张延伸,,5889.7223,,,,,,,False,C35专用设备制造业,证监会行业分类
301599,理奇智能,301599.SZ,SZSE,创业板,江苏,专用机械,20260430,N,陆浩东,,43160.0,,,,,,,False,C35专用设备制造业,证监会行业分类
301600,慧翰股份,301600.SZ,SZSE,创业板,福建,通信设备,20240911,S,隋榕华,,10452.35,,,,,,,False,C39计算机、通信和其他电子设备制造业,证监会行业分类
301601,惠通科技,301601.SZ,SZSE,创业板,江苏,专用机械,20250115,N,张建纲,,14048.0,,,,,,,False,M74专业技术服务业,证监会行业分类
301602,超研股份,301602.SZ,SZSE,创业板,广东,医疗保健,20250122,S,李德来,,42832.9638,,,,,,,False,C35专用设备制造业,证监会行业分类
301603,乔锋智能,301603.SZ,SZSE,创业板,广东,机床制造,20240710,S,蒋修华,,12076.0,,,,,,,False,C34通用设备制造业,证监会行业分类
301606,绿联科技,301606.SZ,SZSE,创业板,深圳,元器件,20240726,S,何梦新,,41490.9806,,,,,,,False,C39计算机、通信和其他电子设备制造业,证监会行业分类
301607,富特科技,301607.SZ,SZSE,创业板,浙江,汽车配件,20240904,S,李宁川,,16723.4807,,,,,,,False,C36汽车制造业,证监会行业分类
301608,博实结,301608.SZ,SZSE,创业板,深圳,通信设备,20240801,S,周小强,,13259.51,,,,,,,False,C39计算机、通信和其他电子设备制造业,证监会行业分类
301609,山大电力,301609.SZ,SZSE,创业板,山东,电气设备,20250723,S,刘英亮,,16288.0,,,,,,,False,C38电气机械和器材制造业,证监会行业分类
301611,珂玛科技,301611.SZ,SZSE,创业板,江苏,半导体,20240816,S,刘先兵,,43600.0,,,,,,,False,C39计算机、通信和其他电子设备制造业,证监会行业分类
301613,新铝时代,301613.SZ,SZSE,创业板,重庆,汽车配件,20241025,S,何峰,,14384.1247,,,,,,,False,C36汽车制造业,证监会行业分类
301616,浙江华业,301616.SZ,SZSE,创业板,浙江,机械基件,20250327,N,夏增富,,8000.0,,,,,,,False,C34通用设备制造业,证监会行业分类
301617,博苑新材,301617.SZ,SZSE,创业板,山东,化工原料,20241211,S,于国清,,17373.2,,,,,,,False,C26化学原料和化学制品制造业,证监会行业分类
301618,长联科技,301618.SZ,SZSE,创业板,广东,染料涂料,20240930,S,卢开平,,12630.2204,,,,,,,False,C26化学原料和化学制品制造业,证监会行业分类
301622,英思特,301622.SZ,SZSE,创业板,内蒙,矿物制品,20241204,S,周保平,,11593.188,,,,,,,False,C39计算机、通信和其他电子设备制造业,证监会行业分类
301626,苏州天脉,301626.SZ,SZSE,创业板,江苏,元器件,20241024,S,谢毅,,11568.0,,,,,,,False,C39计算机、通信和其他电子设备制造业,证监会行业分类
301628,强达电路,301628.SZ,SZSE,创业板,深圳,元器件,20241031,S,祝小华,,7537.58,,,,,,,False,C39计算机、通信和其他电子设备制造业,证监会行业分类
301629,矽电股份,301629.SZ,SZSE,创业板,深圳,半导体,20250324,S,何沁修,,4172.7274,,,,,,,False,C35专用设备制造业,证监会行业分类
301630,同宇新材,301630.SZ,SZSE,创业板,广东,化工原料,20250710,S,张驰,,4000.0,,,,,,,False,C39计算机、通信和其他电子设备制造业,证监会行业分类
301631,壹连科技,301631.SZ,SZSE,创业板,深圳,元器件,20241122,S,田奔,,9141.458,,,,,,,False,C39计算机、通信和其他电子设备制造业,证监会行业分类
301632,广东建科,301632.SZ,SZSE,创业板,广东,建筑工程,20250812,S,陈少祥,,41856.0,,,,,,,False,M74专业技术服务业,证监会行业分类
301633,港迪技术,301633.SZ,SZSE,创业板,湖北,专用机械,20241107,S,向爱国,,5568.0,,,,,,,False,I65软件和信息技术服务业,证监会行业分类
301636,泽润新能,301636.SZ,SZSE,创业板,江苏,电气设备,20250516,N,陈泽鹏,,6469.4123,,,,,,,False,C38电气机械和器材制造业,证监会行业分类
301638,南网数字,301638.SZ,SZSE,创业板,广东,软件服务,20251118,S,刘育权,,317965.023,,,,,,,False,I65软件和信息技术服务业,证监会行业分类
301656,联合动力,301656.SZ,SZSE,创业板,江苏,汽车配件,20250925,S,李俊田,,240479.091,,,,,,,False,C36汽车制造业,证监会行业分类
301658,首航新能,301658.SZ,SZSE,创业板,深圳,电气设备,20250402,S,许韬,,41237.1135,,,,,,,False,C38电气机械和器材制造业,证监会行业分类
301662,宏工科技,301662.SZ,SZSE,创业板,广东,专用机械,20250417,S,罗才华,,8000.0,,,,,,,False,C35专用设备制造业,证监会行业分类
301665,泰禾股份,301665.SZ,SZSE,创业板,江苏,农药化肥,20250411,S,田晓宏,,45000.0,,,,,,,False,C26化学原料和化学制品制造业,证监会行业分类
301666,大普微-UW,301666.SZ,SZSE,创业板,深圳,IT设备,20260416,N,杨亚飞,,43621.636,,,,,,,False,C39计算机、通信和其他电子设备制造业,证监会行业分类
301667,纳百川,301667.SZ,SZSE,创业板,浙江,汽车配件,20251223,S,陈荣贤,,11166.96,,,,,,,False,C36汽车制造业,证监会行业分类
301668,昊创瑞通,301668.SZ,SZSE,创业板,北京,电气设备,20250926,S,段友涛,,11000.0,,,,,,,False,C38电气机械和器材制造业,证监会行业分类
301678,新恒汇,301678.SZ,SZSE,创业板,山东,半导体,20250620,S,任志军,,23955.5467,,,,,,,False,C39计算机、通信和其他电子设备制造业,证监会行业分类
301680,固德电材,301680.SZ,SZSE,创业板,江苏,汽车配件,20260306,S,朱国来,,8280.0,,,,,,,False,C36汽车制造业,证监会行业分类
301682,宏明电子,301682.SZ,SZSE,创业板,四川,元器件,20260325,N,梁涛,,12154.9358,,,,,,,False,C39计算机、通信和其他电子设备制造业,证监会行业分类
301683,慧谷新材,301683.SZ,SZSE,创业板,广东,染料涂料,20260401,N,唐靖,,6311.64,,,,,,,False,C26化学原料和化学制品制造业,证监会行业分类
301687,新广益,301687.SZ,SZSE,创业板,江苏,化工原料,20251231,S,夏超华,,14686.4,,,,,,,False,C39计算机、通信和其他电子设备制造业,证监会行业分类
301696,三瑞智能,301696.SZ,SZSE,创业板,江西,电气设备,20260410,N,吴敏,,40001.0,,,,,,,False,C38电气机械和器材制造业,证监会行业分类
302132,中航成飞,302132.SZ,SZSE,创业板,陕西,航空,20100827,S,隋少春,,267209.1376,,,,,,,False,C39计算机、通信和其他电子设备制造业,证监会行业分类
600000,浦发银行,600000.SH,SSE,主板,上海,银行,19991110,H,张为忠,谢伟,3330583.83,19921019.0,上海,上海市,62198.0,www.spdb.com.cn,"主营业务:吸收公众存款;发放短期,中期和长期贷款;办理结算;办理票据贴现;发行金融债券;代理发行,代理兑付,承销政府债券;买卖政府债券;同业拆借;提供信用证服务及担保;代理收付款项及代理保险业务;提供保管箱服务.外汇存款;外汇贷款;外汇汇款;外币兑换;国际结算;同业外汇拆借;,外汇票据的承兑和贴现;外汇借款;外汇担保;结汇,售汇;买卖和代理买卖股票以外的外币有价证券;自营外汇买卖;代客外汇买卖;资信调查,咨询,见证业务;离岸银行业务.经中国人民银行批准的其他业务.",False,J66货币金融服务,证监会行业分类
600004,白云机场,600004.SH,SSE,主板,广东,机场,20030428,H,王晓勇,王晓勇,257724.4598,20000919.0,广东,广州市,9901.0,www.baiyunport.com,"主要业务:以航空器,旅客和货物,邮件为对象,提供飞机起降与停场,旅客综合服务,安全检查以及航空地面保障等航空服务业务,和货邮代理服务,航站楼内商业场地租赁服务,特许经营服务,地面运输服务和广告服务等航空性延伸服务业务.",False,G56航空运输业,证监会行业分类
600006,东风股份,600006.SH,SSE,主板,湖北,汽车整车,19990727,H,张小帆,段仁民,200000.0,19990721.0,湖北,襄阳市,4425.0,www.dfac.com,"主要产品:东风系列轻型商用车,东风康明斯B,C系列柴油发动机和东风梅花铸件.主营业务:全系列轻型商用车整车和动力总成的设计,制造和销售.",False,C36汽车制造业,证监会行业分类
600007,中国国贸,600007.SH,SSE,主板,北京,园区开发,19990312,H,赵汝泉,支陆逊,100728.2534,19971015.0,北京,北京市,1754.0,www.cwtc.com,"主要业务:高档甲级写字楼,高档涉外公寓,商场等设施的出租及管理,大型展览及配套服务,停车设施服务.",False,K70房地产业,证监会行业分类
600008,首创环保,600008.SH,SSE,主板,北京,水务,20000427,H,李伏京,李伏京,734059.0677,19990831.0,北京,北京市,16058.0,www.capitaleco-pro.com,"供水,污水处理等城镇水务业务,以及固废处理,海绵城市,黑臭水体治理,村镇水环境治理等综合环境治理业务",False,D46水的生产和供应业,证监会行业分类
600009,上海机场,600009.SH,SSE,主板,上海,机场,19980218,H,冯昕,李政佳,248831.304,19980211.0,上海,上海市,13150.0,www.avinex.com,"主营业务:航空性业务和非航空性业务,航空性业务指与飞机,旅客及货物服务直接关联的基础性业务;其余类似延伸的商业,办公室租赁,值机柜台出租等都属于非航空性业务.",False,G56航空运输业,证监会行业分类
600010,包钢股份,600010.SH,SSE,主板,内蒙,普钢,20010309,H,张昭,梁志刚,4528861.9348,19990629.0,内蒙古,包头市,25259.0,www.baoganggf.com,"主要产品:矿产资源开发产品和钢铁产品.主要业务:矿产资源开发利用,钢铁产品的生产与销售.",False,C31黑色金属冶炼和压延加工业,证监会行业分类
600011,华能国际,600011.SH,SSE,主板,北京,火力发电,20011206,H,王葵,刘安仓,1569809.3359,19940630.0,河北,保定市,56104.0,www.hpi.com.cn,主要产品:电力.,False,D44电力、热力生产和供应业,证监会行业分类
600012,皖通高速,600012.SH,SSE,主板,安徽,路桥,20030107,H,汪小文,余泳,170859.1889,19960815.0,安徽,合肥市,2085.0,www.anhui-expressway.net,从事收费公路之经营和管理及其相关业务,False,G54道路运输业,证监会行业分类
600015,华夏银行,600015.SH,SSE,主板,北京,银行,20030912,H,杨书剑,瞿纲,1591492.8468,19921014.0,北京,北京市,36752.0,www.hxb.com.cn,"主要业务:贷款,拆借,存放等同业业务,债券投资.",False,J66货币金融服务,证监会行业分类
600016,民生银行,600016.SH,SSE,主板,北京,银行,20001219,H,高迎欣,王晓永,4378241.8502,19960207.0,北京,北京市,61658.0,www.cmbc.com.cn,"主要业务:贷款(含贴现),拆出,存放同业,转贴现,存放央行,逆回购,债券投资,存款,可转换债券,拆入,同业存放,再贴现,转贴现,央行借款,正回购.",False,J66货币金融服务,证监会行业分类
600017,日照港,600017.SH,SSE,主板,山东,港口,20061017,H,牟伟,高健,307565.3888,20020715.0,山东,日照市,5855.0,www.rzpcl.com,"主营业务:煤炭,矿石,水泥等散杂货的装卸,堆存中转服务.",False,G55水上运输业,证监会行业分类
600018,上港集团,600018.SH,SSE,主板,上海,港口,20061026,H,于福林,宋晓东,2327996.0504,19881021.0,上海,上海市,13046.0,www.portshanghai.com.cn,"主营业务为集装箱业务,散杂货业务,港口服务和港口物流业务.",False,G55水上运输业,证监会行业分类
600019,宝钢股份,600019.SH,SSE,主板,上海,普钢,20001212,H,邹继新,刘宝军,2178208.4749,20000203.0,上海,上海市,46048.0,www.baosteel.com,"主要产品:冷轧产品,热轧板卷,无缝钢管,高速线材和钢坯.",False,C31黑色金属冶炼和压延加工业,证监会行业分类
600020,中原高速,600020.SH,SSE,主板,河南,路桥,20030808,H,刘静,王铁军,224737.1832,20001228.0,河南,郑州市,3059.0,www.zygs.com,主营业务:经营管理郑州至漯河高速公路和郑州黄河公路大桥.,False,G54道路运输业,证监会行业分类
600021,上海电力,600021.SH,SSE,主板,上海,火力发电,20031029,H,黄晨,潘龙兴,282123.4945,19980604.0,上海,上海市,7266.0,www.shanghaipower.com,"主营业务:发电,供热,电力服务等.",False,D44电力、热力生产和供应业,证监会行业分类
600022,山东钢铁,600022.SH,SSE,主板,山东,普钢,20040629,H,郭小龙,李洪建,1069884.9554,20001229.0,山东,济南市,16031.0,www.sdsteel.cc,"主要产品:型钢,棒材,钢筋,热轧卷板,冷轧薄板,宽厚板等.",False,C31黑色金属冶炼和压延加工业,证监会行业分类
600023,浙能电力,600023.SH,SSE,主板,浙江,火力发电,20131219,H,刘为民,徐水良,1340873.2749,19920314.0,浙江,杭州市,13277.0,www.zzepc.com.cn,"主要产品:电力.主要业务:火力发电业务,辅以提供热力产品,以及对核电投资.",False,D44电力、热力生产和供应业,证监会行业分类
600025,华能水电,600025.SH,SSE,主板,云南,水力发电,20171215,H,孙卫,尹述红,1863109.4257,20010208.0,云南,昆明市,5161.0,www.hnlcj.cn,"主要业务:为水力发电项目的开发,投资,建设,运营与管理,主要收入来自于水力发电的销售收入.主要产品:电力.",False,D44电力、热力生产和供应业,证监会行业分类
600026,中远海能,600026.SH,SSE,主板,上海,水运,20020523,H,任永强,朱迈进,546522.0839,19960726.0,上海,上海市,7979.0,energy.coscoshipping.com,"主要业务:石油运输,煤炭运输.",False,G55水上运输业,证监会行业分类
600027,华电国际,600027.SH,SSE,主板,山东,火力发电,20050203,H,刘雷,李泉城,1161177.4184,19940628.0,山东,济南市,30595.0,www.hdpi.com.cn,"利用现代化设备和技术,在全国范围内从事发电厂的开发,建设和运营,通过电厂所在电网电力公司和当地热力公司向用户提供可靠的电力和热力.",False,D44电力、热力生产和供应业,证监会行业分类
600028,中国石化,600028.SH,SSE,主板,北京,石油加工,20010808,H,侯启军,万涛,12092551.4222,20000225.0,北京,北京市,351104.0,www.sinopec.com,"主要产品:原油,天然气,汽油,柴油,煤油,合纤单体及聚合物,合成树脂,合成纤维,合成橡胶,化肥.主营业务:主要从事石油与天然气勘探开采,管道运输,销售;石油炼制,石油化工,化纤,化肥及其它化工生产与产品销售,储运;石油,天然气,石油产品,石油化工及其它化工产品和其它商品,技术的进出口,代理进出口业务;技术,信息的研究,开发,应用.",False,B07石油和天然气开采业,证监会行业分类
600029,南方航空,600029.SH,SSE,主板,广东,空运,20030725,H,马须伦,韩文胜,1812096.6118,19950325.0,广东,广州市,108176.0,www.csair.com,"主要业务:(1)提供国内,地区和国际定期及不定期航空客,货,邮,行李运输服务;(2)提供通用航空服务;(3)提供航空器维修服务;(4)经营国内外航空公司的代理业务;(5)提供航空配餐服务(仅限分支机构经营);(6)进行其他航空业务及相关业务,包括为该等业务进行广告宣传;(7)进行其他航空业务及相关业务(限保险兼业代理业务:人身意外伤害险);航空地面延伸业务;民用航空器机型培训(限分支机构凭许可证经营);资产租赁;工程管理与技术咨询;航材销售;旅游代理服务;商品零售批发.",False,G56航空运输业,证监会行业分类
600030,中信证券,600030.SH,SSE,主板,深圳,证券,20030106,H,张佑君,邹迎光,1482054.6829,19951025.0,广东,深圳市,26823.0,www.citics.com,"1,投资银行:股权融资业务,债券及结构化融资业务,财务顾问业务.2,经纪业务.3,交易4,资产管理5,投资6,研究业务",False,J67资本市场服务,证监会行业分类
600031,三一重工,600031.SH,SSE,主板,北京,工程机械,20030703,H,向文波,俞宏福,919500.4437,19941122.0,北京,北京市,28469.0,www.sany.com.cn,"主要业务:拖式混凝土输送泵,混凝土泵车等混凝土施工机械,全液压振动压路机,摊铺机等高等级路面施工机械的制造及销售.",False,C35专用设备制造业,证监会行业分类
600032,浙江新能,600032.SH,SSE,主板,浙江,新型电力,20210525,H,张坚群,陆林海,240467.5324,20020801.0,浙江,杭州市,991.0,,"水力发电,光伏发电,风力发电等可再生能源项目的投资,开发,建设和运营管理.",False,D44电力、热力生产和供应业,证监会行业分类
600033,福建高速,600033.SH,SSE,主板,福建,路桥,20010209,H,方晓东,钟永元,274440.0,19990628.0,福建,福州市,1205.0,www.fjgs.com.cn,"主要业务:从事收费公路和道路的投资,建设和经营管理.",False,G54道路运输业,证监会行业分类
600035,楚天高速,600035.SH,SSE,主板,湖北,路桥,20040310,H,张门哲,阮一恒,161011.5901,20001122.0,湖北,武汉市,1825.0,www.hbctgs.com,"主要业务:武汉至荆州段高速公路车辆通行收费,智能制造业务",False,G54道路运输业,证监会行业分类
600036,招商银行,600036.SH,SSE,主板,深圳,银行,20020409,H,缪建民,王良,2521984.5601,19870331.0,广东,深圳市,121585.0,www.cmbchina.com,"主要业务:贷款拆借,存放同业业务债券投资.",False,J66货币金融服务,证监会行业分类
600037,歌华有线,600037.SH,SSE,主板,北京,影视音像,20010208,H,郭章鹏,韩霁凯,139177.7884,19990929.0,北京,北京市,3218.0,www.bgctv.com.cn,主要业务:有线电视传输.,False,I63电信、广播电视和卫星传输服务,证监会行业分类
600038,中直股份,600038.SH,SSE,主板,黑龙江,航空,20001218,H,闫灵喜,徐滨,81989.3213,19990730.0,黑龙江,哈尔滨市,13823.0,avicopter.avic.com,"主要业务:直九直升机,Y12轻型多用途飞机,EC120直升机等航空产品研制和生产.",False,C37铁路、船舶、航空航天和其他运输设备制造业,证监会行业分类
600039,四川路桥,600039.SH,SSE,主板,四川,建筑工程,20030325,H,孙立成,羊勇,869559.0645,19991228.0,四川,成都市,18474.0,www.scrbc.com.cn,"主要业务:桥梁施工,道路施工,通行费收入,电力销售.",False,E48土木工程建筑业,证监会行业分类
600048,保利发展,600048.SH,SSE,主板,广东,全国地产,20060731,H,刘平,潘志华,1197044.3418,19920914.0,广东,广州市,49790.0,www.polycn.com,"主营业务:房地产开发,销售,租赁及其物业管理.",False,K70房地产业,证监会行业分类
600050,中国联通,600050.SH,SSE,主板,北京,电信运营,20021009,H,董昕,简勤,3126442.5327,20011231.0,北京,北京市,237251.0,www.chinaunicom-a.com,主要业务:电信业的投资.,False,I63电信、广播电视和卫星传输服务,证监会行业分类
600051,宁波联合,600051.SH,SSE,主板,浙江,综合类,19970410,N,李水荣,王维和,31088.0,19940331.0,浙江,宁波市,454.0,www.nug.com.cn,"主要业务:电力,热力生产和供应业务,房地产业务,批发业务及居民服务业务",False,F51批发业,证监会行业分类
600052,东望时代,600052.SH,SSE,主板,浙江,供气供热,19970415,N,吴凯军,张舒,84419.4741,19930713.0,浙江,金华市,452.0,www.dwsd.cn,"主要业务:房地产销售,旅游服务,销售材料,其他.",False,L72商务服务业,证监会行业分类
600053,*ST九鼎,600053.SH,SSE,主板,江西,多元金融,19970418,N,王欣,王欣,43354.08,19970414.0,江西,南昌市,187.0,www.jdcapital.com,主营业务为房地产开发与经营.,True,J67资本市场服务,证监会行业分类
600054,黄山旅游,600054.SH,SSE,主板,安徽,旅游景点,19970506,H,章德辉,孙峻,72937.944,19961118.0,安徽,黄山市,3833.0,www.hstd.com,"主营业务:客运索道,园林门票,酒店食宿及旅游服务.",False,N78公共设施管理业,证监会行业分类
600055,万东医疗,600055.SH,SSE,主板,北京,医疗保健,19970519,H,宋金松,宋金松,70306.1058,19970512.0,北京,北京市,1215.0,www.wandong.com.cn,"主要产品为医用X射线诊疗设备,磁共振成像设备等.",False,C35专用设备制造业,证监会行业分类
600056,中国医药,600056.SH,SSE,主板,北京,医药商业,19970515,H,杨光,杨光,149587.9748,19970508.0,北京,北京市,8368.0,www.meheco.com,"主要业务:代理进口,易货进口,自营进口,自营出口,代理出口,易货出口,工程施工.",False,F51批发业,证监会行业分类
600057,厦门象屿,600057.SH,SSE,主板,福建,仓储物流,19970604,H,吴捷,齐卫东,284058.9339,19970523.0,福建,厦门市,7929.0,www.xiangyu.cn,"主营业务:大宗商品贸易,采购供应管理与综合物流服务等",False,L72商务服务业,证监会行业分类
600058,五矿发展,600058.SH,SSE,主板,北京,商贸代理,19970528,H,李智聪,李智聪,107191.0711,19970521.0,北京,北京市,2582.0,www.minlist.com.cn,"主要业务:国内外贸易;主要产品:不锈钢,冷轧卷板,热轧卷板,钢坯.",False,F51批发业,证监会行业分类
600059,古越龙山,600059.SH,SSE,主板,浙江,红黄酒,19970516,H,孙爱保,马川,91154.2413,19970508.0,浙江,绍兴市,2229.0,www.shaoxingwine.com.cn,"主要产品:绍兴加饭酒,绍兴元红酒,绍兴香雪酒,绍兴善酿酒和绍兴花雕酒等.",False,C15酒、饮料和精制茶制造业,证监会行业分类
600060,海信视像,600060.SH,SSE,主板,山东,家用电器,19970422,H,于芝涛,李炜,130497.2254,19970417.0,山东,青岛市,15041.0,visual.hisense.com,"主要产品:电视产品.主营业务:电视产品的研发,生产和销售.",False,C39计算机、通信和其他电子设备制造业,证监会行业分类
600061,国投资本,600061.SH,SSE,主板,上海,证券,19970519,H,崔宏琴,崔宏琴,639398.5646,19970513.0,上海,上海市,7038.0,www.sdiccapital.com,"主营业务:证券期货业务,信托业务,公募基金业务",False,J67资本市场服务,证监会行业分类
600062,华润双鹤,600062.SH,SSE,主板,北京,化学制药,19970522,H,赵骞,赵骞,103858.2511,19970516.0,北京,北京市,13184.0,www.dcpc.com,"主要产品:大容量注射剂,小容量注射剂,冻干粉针剂,冲洗剂,口服溶液剂,涂剂,片剂,颗粒剂,硬胶囊剂,原料药,乳剂,凝胶剂,口服混悬剂,医疗用毒性药品,精神药品,软胶囊剂,滴眼剂,气雾剂,中药提取,制药机械设备",False,C27医药制造业,证监会行业分类
600063,皖维高新,600063.SH,SSE,主板,安徽,化纤,19970528,H,吴福胜,孙先武,206910.6449,19970523.0,安徽,合肥市,4451.0,www.wwgf.com.cn,"主营业务:化工,化纤,建材,新材料产品的生产与销售.主要产品:聚乙烯醇,高强高模PVA纤维,水泥,聚脂切片,陶瓷膜.",False,C26化学原料和化学制品制造业,证监会行业分类
600064,南京高科,600064.SH,SSE,主板,江苏,园区开发,19970506,H,徐益民,陆阳俊,173033.9644,19920708.0,江苏,南京市,648.0,www.600064.com,"主要业务:市政基础设施承建,土地成片开发转让,电力销售,药品销售,商品销售.",False,K70房地产业,证监会行业分类
600066,宇通客车,600066.SH,SSE,主板,河南,汽车整车,19970508,H,李盼盼,李盼盼,221393.9223,19970108.0,河南,郑州市,19575.0,www.yutong.com,"主营业务:客车产品研发,制造与销售.主要产品:客车.",False,C36汽车制造业,证监会行业分类
600067,冠城新材,600067.SH,SSE,主板,福建,电气设备,19970508,N,韩孝煌,韩孝捷,139166.8739,19880403.0,福建,福州市,1177.0,www.gcdt.net,"主要产品:漆包线,钢芯铝绞线,其他线,房地产.",False,C38电气机械和器材制造业,证监会行业分类
600071,凤凰光学,600071.SH,SSE,主板,江西,元器件,19970528,H,陈宗年,,28157.3889,19970523.0,江西,上饶市,2878.0,www.phenixoptics.com.cn,"主要产品:光学镜片,光学镜头,照相器材,望远镜,钢片快门,水晶饰品,电子产品及通信设备,光学原材料,仪器零配件等.主营业务:光学镜片,光学镜头,金属加工,显微镜等产品的生产和销售.",False,C40仪器仪表制造业,证监会行业分类
600072,中船科技,600072.SH,SSE,主板,上海,电气设备,19970603,H,李俊华,郑松,150064.9709,19970528.0,上海,上海市,3696.0,www.cssckj.com,"主要产品:工程设计,勘察,咨询和监理,工程总承包,土地整理服务,船舶配件等.",False,E48土木工程建筑业,证监会行业分类
600073,光明肉业,600073.SH,SSE,主板,上海,食品,19970704,H,李俊龙,王伟,93772.9472,19970627.0,上海,上海市,11519.0,www.brightmeat.com,"主要产品为猪肉,牛肉,羊肉,罐头,蜂蜜,大白兔奶糖,保健酒,味精,烘焙食品,饮用水等,使用的商标品牌以“梅林”,“冠生园”,“大白兔”,“天厨”,“佛手”,“正广和”,“爱森”,“苏食”等为主.",False,C13农副食品加工业,证监会行业分类
600075,新疆天业,600075.SH,SSE,主板,新疆,化工原料,19970617,H,张强,历建林,170779.556,19970609.0,新疆,石河子市,9206.0,www.xj-tianye.com,主营业务:氯碱化工和塑料节水器材,False,C26化学原料和化学制品制造业,证监会行业分类
600076,康欣新材,600076.SH,SSE,主板,山东,广告包装,19970526,N,邵建东,汤晓超,134454.3367,19930901.0,山东,潍坊市,311.0,www.hbkangxin.com.cn,"主要从事集装箱底板等优质,新型木质复合材料的研发,生产和销售,木结构房屋设计,研发,生产和销售以及营林造林和优质种苗培育,销售.主要产品包括杨木复合集装箱底板,COSB复合集装箱底板,环保板等各类优质,新型木质复合材料,木结构房屋,以及速生杨种苗,石楠,雪松,桂花等多种绿化种苗及景观树等林产品.",False,C20木材加工和木、竹、藤、棕、草制品业,证监会行业分类
600078,澄星股份,600078.SH,SSE,主板,江苏,化工原料,19970627,N,刘晓光,江国林,67681.2861,19940628.0,江苏,无锡市,2317.0,www.cxpcchina.com,"主要业务:黄磷,磷酸及磷酸盐类系列产品的生产和销售.",False,C26化学原料和化学制品制造业,证监会行业分类
600079,ST人福,600079.SH,SSE,主板,湖北,化学制药,19970606,N,杜文涛,杜文涛,163222.5965,19930330.0,湖北,武汉市,17153.0,www.humanwell.com.cn,"宜昌人福枸橼酸芬太尼注射液,枸橼酸舒芬太尼注射液,注射用盐酸瑞芬太尼,咪达唑仑注射液,盐酸氢吗啡酮注射液,盐酸纳布啡注射液;葛店人福(复方)米非司酮片,米索前列醇片,左炔诺孕酮胶囊;新疆维药祖卡木颗粒,寒喘祖帕颗粒,复方木尼孜其颗粒,通滞苏润江胶囊,养心达瓦依米西克蜜膏,石榴补血糖浆,护肝布祖热颗粒;杰士邦安全套等.",True,C27医药制造业,证监会行业分类
600080,ST金花,600080.SH,SSE,主板,陕西,中成药,19970612,N,邢雅江,韩卓军,37327.0285,19960214.0,陕西,西安市,588.0,www.ginwa.com.cn,"主要业务:医药工业,医药商业,旅游租赁业(钟鼓楼广场项目).",True,C27医药制造业,证监会行业分类
600081,东风科技,600081.SH,SSE,主板,上海,汽车配件,19970703,H,蔡士龙,高守武,55302.617,19980429.0,上海,上海市,4303.0,www.detc.com.cn,"主要产品:汽车仪表系统,饰件系统,制动系统,汽车电子系统及金属铸件产品.主营业务:研发,开发,采购,制造,销售汽车仪表系统,饰件系统,制动系统(含ABS气压防抱死制动系统),供油系统产品,GPS车载导航系统部件及车身控制系统等汽车电子系统产品;汽车,摩托车及其他领域的传感器及其他部件产品,塑料零件,有色金属压铸件的设计,制造和销售,自营和代理各类商品和技术的进出口.",False,C36汽车制造业,证监会行业分类
600082,ST海泰,600082.SH,SSE,主板,天津,园区开发,19970620,N,刘超,,64611.5826,19930105.0,天津,天津市,62.0,www.hitech-develop.com,"主营业务涉及地产,高新产业投资,股权投资三个业务板块.主营商品批发及房地产销售,",True,F51批发业,证监会行业分类
600084,*ST尼雅,600084.SH,SSE,主板,新疆,红黄酒,19970711,N,王毅,柯超,112372.683,19970707.0,新疆,乌鲁木齐市,356.0,www.citicwine.com,主营业务:葡萄酒生产销售.,True,C15酒、饮料和精制茶制造业,证监会行业分类
600085,同仁堂,600085.SH,SSE,主板,北京,中成药,19970625,H,张朝华,陈加富,137147.0262,19970618.0,北京,北京市,17284.0,gf.tongrentang.com,"主要产品:乌鸡白凤丸系列,六味地黄丸系列.",False,C27医药制造业,证监会行业分类
600088,中视传媒,600088.SH,SSE,主板,上海,影视音像,19970616,H,王钧,胡源广,39770.64,20020531.0,上海,上海市,1384.0,www.ctv-media.com.cn,"主要业务:影视拍摄,电视剧节目制作,销售经营,影视设备租赁,高清晰度影视技术,代理各类广告业务,影视拍摄基地开发,经营等.",False,R87广播、电视、电影和录音制作业,证监会行业分类
600089,特变电工,600089.SH,SSE,主板,新疆,电气设备,19970618,H,张新,种衍民,505279.2571,19930226.0,新疆,昌吉回族自治州,30542.0,www.tbea.com,"主要业务:变压器,电线电缆及其辅助设备的制造与销售.",False,C38电气机械和器材制造业,证监会行业分类
600094,大名城,600094.SH,SSE,主板,上海,区域地产,19970703,H,俞锦,俞锦,232495.0045,19960718.0,上海,上海市,485.0,www.greattown.cn,"主营业务主要为:房地产综合开发,建造,销售商品房,物业管理,物业租赁,公共基础设施开发与建设,建筑装饰安装工程等.",False,K70房地产业,证监会行业分类
600095,湘财股份,600095.SH,SSE,主板,黑龙江,证券,19970708,H,史建明,史建明,285918.7743,19940325.0,黑龙江,哈尔滨市,2354.0,www.600095.com.cn,"主要产品:防水卷材,分离蛋白A,组织蛋白,房屋开发,物业管理.",False,J67资本市场服务,证监会行业分类
600096,云天化,600096.SH,SSE,主板,云南,农药化肥,19970709,H,宋立强,王宗勇,182299.0731,19970702.0,云南,昆明市,12090.0,www.yyth.com.cn,"主要产品:化肥,有机化工,新材料,磷矿采选等",False,C26化学原料和化学制品制造业,证监会行业分类
600097,开创国际,600097.SH,SSE,主板,上海,渔业,19970619,N,王海峰,吴昔磊,24093.6559,19931011.0,上海,上海市,1077.0,www.skmic.sh.cn,"主营业务:海淡水养殖,水产品加工和贸易",False,A04渔业,证监会行业分类
600098,广州发展,600098.SH,SSE,主板,广东,火力发电,19970718,H,蔡瑞雄,吴宏,350586.4981,19921113.0,广东,广州市,6314.0,www.gdg.com.cn,"主要业务:电力产业,能源物流产业,基础设施产业.",False,D44电力、热力生产和供应业,证监会行业分类
600099,林海股份,600099.SH,SSE,主板,江苏,汽车整车,19970704,N,常康忠,陆莹,21912.0,19970628.0,江苏,泰州市,660.0,www.linhai.cn,"主要产品:通用发动机及其配套的特种车辆,汽油机,摩托车及全地形车,林机.",False,C37铁路、船舶、航空航天和其他运输设备制造业,证监会行业分类
600100,同方股份,600100.SH,SSE,主板,北京,IT设备,19970627,H,韩泳江,李成富,335029.7713,19970625.0,北京,北京市,11453.0,www.thtf.com.cn,"主要产品:计算机,电视机,E人E本等商用和消费类电子设备,CNKI知识数据产品,安防安检设备,军用装备,城市节能,工业节能,大数据及云计算软硬件,照明等相关产品.主营业务:商用和消费电子设备,知识内容与服务,云计算和大数据,公共安全,军工与装备,节能产业,照明产业及生命健康八个核心业务.",False,C39计算机、通信和其他电子设备制造业,证监会行业分类
600101,明星电力,600101.SH,SSE,主板,四川,水力发电,19970627,H,陈峰,何浩,54786.2471,19880429.0,四川,遂宁市,1405.0,www.mxdl.com.cn,"主要业务:水力发电,电力销售和自来水生产,销售.",False,D44电力、热力生产和供应业,证监会行业分类
600103,青山纸业,600103.SH,SSE,主板,福建,造纸,19970703,H,林小河,余宗远,224082.6747,19930401.0,福建,福州市,2907.0,www.qingshanpaper.com,"主要产品:纸,卡,浆及副产品,碱,电产品,医药产品,营林业,商业贸易,光电子.",False,C22造纸和纸制品业,证监会行业分类
600104,上汽集团,600104.SH,SSE,主板,上海,汽车整车,19971125,H,王晓秋,贾健旭,1149527.7504,19840416.0,上海,上海市,179797.0,www.saicmotor.com,"主要产品:轻型客车以及轿车,重型车,拖拉机变速器,汽车悬架弹簧,汽车散热器,粉末冶金制品,汽车底盘总成,车灯,转向机,ABS制动系统,轴瓦,安全带,传动轴,空调压缩机等汽车零部件.主营业务:整车(含乘用车,商用车)的研发,生产和销售,零部件(含动力驱动系统,底盘系统,内外饰系统,以及电池,电驱,电力电子等新能源汽车核心零部件和智能产品系统)的研发,生产,销售;物流,汽车电商,出行服务,节能和充电服务等汽车服务贸易业务;汽车相关金融,保险和投资业务;海外经营和国际商贸业务;并在产业大数据和人工智能领域积极布局.",False,C36汽车制造业,证监会行业分类
600105,永鼎股份,600105.SH,SSE,主板,江苏,通信设备,19970929,H,路庆海,路庆海,146199.4802,19940630.0,江苏,苏州市,3382.0,www.yongding.com.cn,"主要产品:光缆,电缆,电力电缆,开关.",False,C38电气机械和器材制造业,证监会行业分类
600106,重庆路桥,600106.SH,SSE,主板,重庆,路桥,19970618,H,董波,董波,132902.5062,19970613.0,重庆,重庆市,122.0,www.cqrb.com.cn,"主要业务:路桥收费,工程建设.",False,G54道路运输业,证监会行业分类
600107,*ST尔雅,600107.SH,SSE,主板,湖北,服饰,19971106,N,郑继平,段雯彦,36000.0,19931231.0,湖北,黄石市,2274.0,www.mailyard.com.cn,"主要产品:“美尔雅”高级西服,晚礼服及职业装.",True,C18纺织服装、服饰业,证监会行业分类
600108,亚盛集团,600108.SH,SSE,主板,甘肃,种植业,19970818,H,连鹏,姜有军,194691.5121,19951206.0,甘肃,兰州市,4530.0,www.yasheng.com.cn,"主要产品:印染,农业,贸易,化工等.",False,A01农业,证监会行业分类
600109,国金证券,600109.SH,SSE,主板,四川,证券,19970807,H,冉云,姜文国,370536.491,19961220.0,四川,成都市,5523.0,www.gjzq.com.cn,"主营业务:证券经纪业务,投资银行业务,证券投资业务,资产管理业务.",False,J67资本市场服务,证监会行业分类
600110,诺德股份,600110.SH,SSE,主板,吉林,电气设备,19971007,H,陈立志,陈郁弼,173518.0932,19890823.0,吉林,长春市,2916.0,www.ndgf.net,"主要产品:高档电解铜箔产品,动力电池材料等.主营业务:新材料,新能源产品的研发,生产与销售;铜箔及铜箔工业设备及锂离子电池材料生产,销售;高新技术产业项目的投资与管理;创新金融投资与经营;国内及进出口贸易.",False,C39计算机、通信和其他电子设备制造业,证监会行业分类
600111,北方稀土,600111.SH,SSE,主板,内蒙,小金属,19970924,H,刘培勋,瞿业栋,361506.5842,19970912.0,内蒙古,包头市,9867.0,www.reht.com,"主要生产经营稀土原料产品(稀土盐类,稀土氧化物及稀土金属),稀土功能材料产品(稀土磁性材料,抛光材料,贮氢材料,发光材料,催化材料)和部分稀土应用产品(镍氢动力电池,稀土永磁磁共振仪,LED灯珠).",False,C32有色金属冶炼和压延加工业,证监会行业分类
600113,浙江东日,600113.SH,SSE,主板,浙江,区域地产,19971021,H,杨澄宇,杨澄宇,42117.666,19971006.0,浙江,温州市,1060.0,www.dongri.com,"主营业务:市场租赁业务,教育设施租赁及后勤服务,房地产.",False,L72商务服务业,证监会行业分类
600114,东睦股份,600114.SH,SSE,主板,浙江,机械基件,20040511,H,朱志荣,朱志荣,63138.3477,19940711.0,浙江,宁波市,5886.0,www.pm-china.com,"摩托车,空调压缩机,冰箱压缩机,电动工具和轿车粉末冶金零件.",False,C33金属制品业,证监会行业分类
600115,中国东航,600115.SH,SSE,主板,上海,空运,19971105,H,王志清,高飞,2208773.667,19950414.0,上海,上海市,89277.0,www.ceair.com,"主要业务:国内和经批准的国际,地区航空客,货,邮,行李运输业务及延伸服务.",False,G56航空运输业,证监会行业分类
600116,三峡水利,600116.SH,SSE,主板,重庆,水力发电,19970804,H,林峰,江建峰,191214.2904,19940428.0,重庆,重庆市,3370.0,www.cqsxsl.com,"主要业务:发电,供电.",False,D44电力、热力生产和供应业,证监会行业分类
600117,西宁特钢,600117.SH,SSE,主板,青海,特种钢,19971015,H,杨乃辉,杨乃辉,325511.4857,19971008.0,青海,西宁市,4094.0,www.xntg.com,"主要产品:碳结钢,碳工钢,合结钢,合工钢,轴承钢,模具钢,不锈钢,弹簧钢八大类.主营业务:从事特殊钢的冶炼和金属压延加工业务.",False,C31黑色金属冶炼和压延加工业,证监会行业分类
600118,中国卫星,600118.SH,SSE,主板,北京,航空,19970908,H,李大明,朱楠,118248.9135,19970821.0,北京,北京市,3105.0,www.spacesat.com.cn,"主要产品:小卫星制造,微小卫星制造,部组件制造,卫星应用系统集成与产品制造,卫星综合应用与服务,智慧城市.主营业务:宇航制造和卫星应用.",False,C39计算机、通信和其他电子设备制造业,证监会行业分类
600119,*ST长投,600119.SH,SSE,主板,上海,仓储物流,19980115,N,李乐,徐卿,36527.037,19971128.0,上海,上海市,213.0,www.cjtz.cn,"主要业务:房地产开发经营,商贸经营,宾馆餐饮,劳务服务,加工制造.",True,G54道路运输业,证监会行业分类
600120,浙江东方,600120.SH,SSE,主板,浙江,多元金融,19971201,H,王正甲,王正甲,341538.1492,19941026.0,浙江,杭州市,1337.0,www.zjorient.com,"主要业务:商品流通,服装加工业务,房地产销售,货物运输代理及其他.",False,J69其他金融业,证监会行业分类
600121,郑州煤电,600121.SH,SSE,主板,河南,煤炭开采,19980107,H,余乐峰,郭金陵,121841.2038,19971113.0,河南,郑州市,12563.0,www.zzce.com.cn,"主要产品:煤炭,电力.",False,B06煤炭开采和洗选业,证监会行业分类
600123,兰花科创,600123.SH,SSE,主板,山西,煤炭开采,19981217,H,赵晨光,毕琨,147324.0021,19981208.0,山西,晋城市,18886.0,www.chinalanhua.com,"主要产品:煤炭,化肥.",False,B06煤炭开采和洗选业,证监会行业分类
600125,铁龙物流,600125.SH,SSE,主板,辽宁,铁路,19980511,H,李丰岩,李丰岩,130552.1874,19930216.0,辽宁,大连市,2198.0,www.chinacrt.com,"主要业务:铁路客运业务,铁路货运及延伸服务业务,混凝土生产,房地产业务.",False,G53铁路运输业,证监会行业分类
600126,杭钢股份,600126.SH,SSE,主板,浙江,普钢,19980311,H,吴东明,牟晨晖,337718.9083,19980225.0,浙江,杭州市,3539.0,www.hzsteel.com,"主要产品:棒材,线材,带钢,型材,轻轨等.主营业务:为钢铁及其压延产品的生产和销售以及钢材的贸易.",False,C31黑色金属冶炼和压延加工业,证监会行业分类
600127,金健米业,600127.SH,SSE,主板,湖南,农业综合,19980506,H,帅富成,郝建国,64178.3218,19980427.0,湖南,常德市,1498.0,www.jjmy.cn,"主要产品:大米,面粉,面条,食用油.",False,C13农副食品加工业,证监会行业分类
600128,苏豪弘业,600128.SH,SSE,主板,江苏,商贸代理,19970901,N,马宏伟,蒋海英,25169.87,19940630.0,江苏,南京市,753.0,www.artall.com.cn,"主要产品:服装,玩具,帽类产品,手套,柳编制品,箱包,木雕.",False,F51批发业,证监会行业分类
600129,太极集团,600129.SH,SSE,主板,重庆,中成药,19971118,H,俞敏,于宗斌,55141.8185,19791126.0,重庆,重庆市,10864.0,www.taiji.com,"主要产品:曲美,急支糖浆,补肾益寿胶囊,儿康宁,藿香正气口服液,通天口服液,蕃茄胶囊,盐酸格拉斯琼,紫杉醇,风湿马钱片等.",False,C27医药制造业,证监会行业分类
600130,波导股份,600130.SH,SSE,主板,浙江,元器件,20000706,N,徐立华,方孝生,75000.0,19950727.0,浙江,宁波市,440.0,www.chinabird.com,"主要产品:手机主板及整机,与其相配套的软件和技术服务.主营业务:手机主板及整机的研发,生产和销售,以及与其相配套的软件和技术服务.",False,C39计算机、通信和其他电子设备制造业,证监会行业分类
600131,国网信通,600131.SH,SSE,主板,四川,通信设备,19980402,H,王奔,,119835.5044,19970105.0,四川,阿坝藏族羌族自治州,1264.0,www.sgitc.com,"主要业务:水利发电,配套发展与水电有关的输供电业务.",False,I65软件和信息技术服务业,证监会行业分类
600132,重庆啤酒,600132.SH,SSE,主板,重庆,啤酒,19971030,H,Jo？o Abecasis,Lee Chee Kong,48397.1198,19931220.0,重庆,重庆市,6649.0,www.carlsbergchina.com.cn,主要产品:啤酒.,False,C15酒、饮料和精制茶制造业,证监会行业分类
600133,东湖高新,600133.SH,SSE,主板,湖北,环境保护,19980212,H,刘洋,史文明,106623.9875,19930319.0,湖北,武汉市,1461.0,www.elht.com,"主要业务:科技园区,发电,火电厂烟气脱硫服务等.",False,N77生态保护和环境治理业,证监会行业分类
600135,乐凯胶片,600135.SH,SSE,主板,河北,塑料,19980122,N,王洪泽,张伦,55330.7099,19980116.0,河北,保定市,2576.0,lkjp.luckyfilm.com,"主要产品:彩纸,彩卷.",False,C26化学原料和化学制品制造业,证监会行业分类
600136,ST明诚,600136.SH,SSE,主板,湖北,房产服务,19980303,N,王雷,王雷,204082.5931,19921031.0,湖北,武汉市,760.0,www.ddmcgroup.cn,"主要业务:影视产品制作销售及发行,艺人经纪,节目制作,影院投资及管理,娱乐营销,体育营销,体育版权贸易,体育经纪,体育场馆运营,体育培训,赛事运营.",True,R87广播、电视、电影和录音制作业,证监会行业分类
600137,浪莎股份,600137.SH,SSE,主板,四川,服饰,19980416,N,翁荣弟,翁荣弟,9721.7588,19961226.0,四川,宜宾市,350.0,www.langshastock.com,主要产品:内衣制造.,False,C18纺织服装、服饰业,证监会行业分类
600138,中青旅,600138.SH,SSE,主板,北京,旅游景点,19971203,H,倪阳平,赵朋,72384.0,19971125.0,北京,北京市,6095.0,www.cyts.com,"主要业务:旅游服务业,科技产品销售及技术服务.",False,L72商务服务业,证监会行业分类
600141,兴发集团,600141.SH,SSE,主板,湖北,农药化肥,19990616,H,李国璋,程亚利,120173.9857,19940817.0,湖北,宜昌市,14580.0,www.xingfagroup.com,主要业务:三聚磷酸钠和六偏磷酸钠等磷酸盐产品的生产和销售.,False,C26化学原料和化学制品制造业,证监会行业分类
600143,金发科技,600143.SH,SSE,主板,广东,塑料,20040623,H,陈平绪,吴敌,263482.6028,19930526.0,广东,广州市,13083.0,www.kingfa.com,"改性塑料的研制,生产和销售.",False,C29橡胶和塑料制品业,证监会行业分类
600148,长春一东,600148.SH,SSE,主板,吉林,汽车配件,19980520,N,孟庆洪,赵德良,14151.645,19980507.0,吉林,长春市,686.0,ccyd.norincogroup.com.cn,主要产品:汽车离合器.,False,C36汽车制造业,证监会行业分类
600149,廊坊发展,600149.SH,SSE,主板,河北,综合类,19991014,N,曹玫,曹玫,38016.0,19930817.0,河北,廊坊市,123.0,,"主营业务:贸易业务,租赁业务,拓展清洁供能项目",False,D44电力、热力生产和供应业,证监会行业分类
600150,中国船舶,600150.SH,SSE,主板,上海,船舶,19980520,H,胡贤甫,施卫东,752562.1288,19980512.0,上海,上海市,14986.0,csscholdings.cssc.net.cn,"主要业务:造船业务,修船业务,动力业务,海洋工程,机电设备",False,C37铁路、船舶、航空航天和其他运输设备制造业,证监会行业分类
600151,航天机电,600151.SH,SSE,主板,上海,汽车配件,19980605,H,荆怀靖,李建华,143425.2287,19980528.0,上海,上海市,1665.0,www.ht-saae.com,"主要产品:硅片,电池片,组件制造.主营业务:硅片,电池片,组件环节的技术研发,制造以及销售,电站投资,开发,EPC建设.",False,C38电气机械和器材制造业,证监会行业分类
600152,维科技术,600152.SH,SSE,主板,浙江,电气设备,19980609,N,陈良琴,陈良琴,52907.9375,19930728.0,浙江,宁波市,2280.0,www.veken-tech.com,"主营业务:消费类电池(包括聚合物电池,铝壳电池)和小动力电池(包括两轮车电池,电动工具电池)的研发,生产和销售,钠电的户用储能,工商业储能,储能电站等.",False,C38电气机械和器材制造业,证监会行业分类
600153,建发股份,600153.SH,SSE,主板,福建,仓储物流,19980616,H,林茂,林茂,289953.8551,19980610.0,福建,厦门市,47422.0,www.chinacnd.com,主营业务:以供应链运营和房地产开发为主业的现代服务型企业.,False,L72商务服务业,证监会行业分类
600155,华创云信,600155.SH,SSE,主板,北京,证券,19980918,H,陶永泽,张小艾,221354.2477,19980721.0,北京,北京市,6219.0,www.baoshuogufen.cn,主要业务:证券业务和塑料管型材业务,False,J67资本市场服务,证监会行业分类
600156,华升股份,600156.SH,SSE,主板,湖南,纺织,19980527,N,谢平,梁翠军,40211.0702,19980519.0,湖南,长沙市,629.0,www.hsgf600156.com,"主要产品:麻,棉纱,麻,棉布,苎麻衬衫面料,聚乙烯醇.",False,C17纺织业,证监会行业分类
600157,永泰能源,600157.SH,SSE,主板,山西,火力发电,19980513,H,窦红平,常胜秋,2181776.4145,19920730.0,山西,晋中市,13337.0,www.wtecl.com;www.永泰能源.中国,"主营业务:煤矿及其他矿山投资,煤炭洗选加工,电厂投资,新能源开发与投资等.",False,D44电力、热力生产和供应业,证监会行业分类
600158,中体产业,600158.SH,SSE,主板,天津,文教休闲,19980327,H,单铁,陈世虎,95951.3067,19980313.0,天津,天津市,1455.0,www.csig158.com,"主要业务:承办体育赛事,服务(含健身),机票代理,房地产销售.",False,R89体育,证监会行业分类
600159,大龙地产,600159.SH,SSE,主板,北京,区域地产,19980526,N,刘哲,范学朋,83000.3232,19980508.0,北京,北京市,306.0,www.dldc.com.cn,主营业务为房地产开发和建筑施工.,False,E47房屋建筑业,证监会行业分类
600160,巨化股份,600160.SH,SSE,主板,浙江,化工原料,19980626,H,周黎旸,韩金铭,269974.6081,19980617.0,浙江,衢州市,8409.0,www.jhgf.com.cn,"主要产品:氟产品,氨产品,氯碱产品,酸产品,农药产品,生物化学制品及其它.",False,C26化学原料和化学制品制造业,证监会行业分类
600161,天坛生物,600161.SH,SSE,主板,北京,生物制药,19980616,H,杨汇川,杨汇川,197737.1446,19980608.0,北京,北京市,5205.0,www.TiantanBio.com,"主要产品:疫苗,血制品,诊断试剂等.",False,C27医药制造业,证监会行业分类
600162,香江控股,600162.SH,SSE,主板,深圳,全国地产,19980609,H,翟美卿,翟美卿,326843.8122,19940130.0,广东,深圳市,2615.0,www.hkhc.com.cn,"主要业务:房地产开发,物业管理,物流,会展及仓储服务等.",False,K70房地产业,证监会行业分类
600163,中闽能源,600163.SH,SSE,主板,福建,新型电力,19980602,H,郭政,郭政,190299.6143,19980526.0,福建,福州市,455.0,www.zhongminenergy.com,"主营业务:陆上风力发电的项目开发,建设及运营",False,D44电力、热力生产和供应业,证监会行业分类
600165,ST宁科,600165.SH,SSE,主板,宁夏,化工原料,19980529,N,符杰,符杰,161588.3775,19980514.0,宁夏,石嘴山市,834.0,www.ningkeshengwu.com,"活性炭制品的生产及销售,干细胞制备和储存,贸易等.",True,C26化学原料和化学制品制造业,证监会行业分类
600166,福田汽车,600166.SH,SSE,主板,北京,汽车整车,19980602,H,常瑞,鹿政华,791740.0367,19960828.0,北京,北京市,20119.0,www.foton.com.cn,主要产品:汽车.,False,C36汽车制造业,证监会行业分类
600167,联美控股,600167.SH,SSE,主板,辽宁,供气供热,19990128,H,苏壮强,陆成松,226284.0463,19990125.0,辽宁,沈阳市,3017.0,www.luenmeilz.com,"主要业务:供热,供水,房屋租赁,市政建设,工程施工,物业管理.",False,D44电力、热力生产和供应业,证监会行业分类
600168,武汉控股,600168.SH,SSE,主板,湖北,水务,19980427,N,王静,孙大全,99339.7569,19980417.0,湖北,武汉市,1192.0,www.600168.com.cn,"主要业务:自来水生产与供应,城市污水处理.",False,D46水的生产和供应业,证监会行业分类
600169,ST太重,600169.SH,SSE,主板,山西,工程机械,19980904,N,陶家晋,王省林,334710.317,19980706.0,山西,太原市,5100.0,www.tyhi.com.cn,"主要产品:起重机,挖掘机,轧锻设备,汽车变速箱,油膜轴承.",True,C35专用设备制造业,证监会行业分类
600170,上海建工,600170.SH,SSE,主板,上海,建筑工程,19980623,H,杭迎伟,叶卫东,888593.9744,19980615.0,上海,上海市,48821.0,www.scg.com.cn,"主营业务:一般民用建筑,30-50层建筑,50层以上建筑,工业建筑,市政建筑,公共设施建筑,建筑装饰工程,总承包工程,石料销售,公路运营.",False,E48土木工程建筑业,证监会行业分类
600171,上海贝岭,600171.SH,SSE,主板,上海,半导体,19980924,H,杨琨,闫世锋,70892.3303,19880910.0,上海,上海市,877.0,www.belling.com.cn,"主要业务:模拟和数模混合集成电路及系统解决方案.主要产品:计量及SoC,电源管理,通用模拟,非挥发存储器,高速高精度ADC",False,C39计算机、通信和其他电子设备制造业,证监会行业分类
600172,黄河旋风,600172.SH,SSE,主板,河南,矿物制品,19981126,H,庞文龙,庞文龙,144218.4476,19981103.0,河南,许昌市,2043.0,www.hhxf.com,"主要产品:人造金刚石,建筑机械,金刚石制品.",False,C30非金属矿物制品业,证监会行业分类
600173,卧龙新能,600173.SH,SSE,主板,浙江,全国地产,19990415,H,王希全,莫宇峰,70050.6244,19930717.0,浙江,绍兴市,681.0,www.wolong-neg.com,主营业务:房地产开发经营和物业管理.,False,K70房地产业,证监会行业分类
600176,中国巨石,600176.SH,SSE,主板,浙江,玻璃,19990422,H,杨国明,杨国明,400313.6728,19990416.0,浙江,嘉兴市,14341.0,www.jushi.com,"主要业务:玻璃纤维的研发,生产与销售,商业房地产的开发与经营,家居产品的连锁经营与物流配送.",False,C30非金属矿物制品业,证监会行业分类
600177,雅戈尔,600177.SH,SSE,主板,浙江,服饰,19981119,H,李如成,李寒穷,462344.1902,19930625.0,浙江,宁波市,18291.0,www.youngor.com,"主要产品:西服,衬衫.",False,C18纺织服装、服饰业,证监会行业分类
600178,东安动力,600178.SH,SSE,主板,黑龙江,汽车配件,19981014,H,陈笠宝,靳松,46647.6161,19981008.0,黑龙江,哈尔滨市,3118.0,www.daae.com.cn,"主要产品:462系列(含变速器),465系列(含变速器).",False,C36汽车制造业,证监会行业分类
600179,安通控股,600179.SH,SSE,主板,福建,水运,19981104,H,楼建强,楼建强,423152.6979,19981030.0,福建,泉州市,1096.0,www.antong56.com,"主要业务:集装箱物流服务为主业,集实业投资,船舶服务等产业并举发展的多式联运综合物流服务.",False,G58多式联运和运输代理业,证监会行业分类
600180,*ST瑞茂,600180.SH,SSE,主板,山东,仓储物流,19980703,N,万永兴,万永兴,108662.7464,19980625.0,山东,烟台市,508.0,www.ccsoln.com,主营业务:资产管理,True,F51批发业,证监会行业分类
600182,S佳通,600182.SH,SSE,主板,黑龙江,汽车配件,19990507,N,李怀靖,方成,34000.0,19930608.0,黑龙江,牡丹江市,3686.0,www.giti-corp.com,主营业务一直为生产销售轮胎产品.主要产品:轮胎.,False,C29橡胶和塑料制品业,证监会行业分类
600183,生益科技,600183.SH,SSE,主板,广东,元器件,19981028,H,陈仁喜,曾红慧,242911.923,19850627.0,广东,东莞市,11819.0,www.syst.com.cn,"主要产品:覆铜板和粘结片,印制线路板.主营业务:设计,生产和销售覆铜板和粘结片,印制线路板.",False,C39计算机、通信和其他电子设备制造业,证监会行业分类
600184,光电股份,600184.SH,SSE,主板,湖北,专用机械,20031106,H,孙峰,陈良,58272.7468,20000831.0,湖北,襄阳市,2415.0,www.northeo.com,"主要产品:光学玻璃,防务产品.",False,C35专用设备制造业,证监会行业分类
600185,珠免集团,600185.SH,SSE,主板,广东,旅游服务,19990611,H,李向东,李向东,188500.5795,19990609.0,广东,珠海市,1800.0,zhzmgroup.com,主营业务:房地产开发经营,False,L72商务服务业,证监会行业分类
600186,莲花控股,600186.SH,SSE,主板,河南,食品,19980825,H,李厚文,李斌,179276.4641,19980702.0,河南,周口市,1226.0,www.mylotushealth.com,"主要产品:味精,面粉,小麦淀粉及副产品,热力,电力.",False,C14食品制造业,证监会行业分类
600187,*ST国中,600187.SH,SSE,主板,黑龙江,水务,19981111,N,丁宏伟,丁宏伟,161378.1103,19981103.0,黑龙江,哈尔滨市,369.0,www.interchinawater.com,主营业务:城市市政供排水,True,D46水的生产和供应业,证监会行业分类
600188,兖矿能源,600188.SH,SSE,主板,山东,煤炭开采,19980701,H,李伟,王九红,1003748.0544,19970925.0,山东,济宁市,90921.0,www.yanzhoucoal.com.cn;www.ykenergy.com,"主营业务:煤炭开采,洗选加工,销售,主要生产半硬焦煤,半软焦煤,喷吹煤和动力煤,煤化工,目前主要是甲醇的生产与销售,电力.",False,B06煤炭开采和洗选业,证监会行业分类
600189,泉阳泉,600189.SH,SSE,主板,吉林,软饮料,19981007,H,王怀波,王怀波,71519.7812,19980929.0,吉林,长春市,1961.0,www.jlsg.com.cn,"主要业务:木材产品业务,进口木材贸易及定制家居业务,长白山天然饮用矿泉水的生产,销售以及园林景观规划设计,园林工程施工,园林养护和苗木种植销售",False,C15酒、饮料和精制茶制造业,证监会行业分类
600191,华资实业,600191.SH,SSE,主板,内蒙,食品,19981210,N,张志军,刘福安,48493.2,19981130.0,内蒙古,包头市,552.0,www.huazi.com,"主要产品:糖及其副产品,电子信息产品.",False,C13农副食品加工业,证监会行业分类
600192,长城电工,600192.SH,SSE,主板,甘肃,电气设备,19981224,N,刘万祥,周济海,44174.8,19981210.0,甘肃,兰州市,3637.0,www.chinagwe.com,"主要产品:中高压开关设备,大中型电机及发电设备,工业控制及配电电器元件.",False,C38电气机械和器材制造业,证监会行业分类
600193,*ST创兴,600193.SH,SSE,主板,上海,装修装饰,19990527,N,蔡欧美,蔡欧美,42537.3,19960825.0,上海,上海市,68.0,,"主要业务:主题乐园场馆,高端酒店及住宅的工程施工总承包,室内装修总承包,工程项目相关的BIM建模咨询服务和商品销售",True,E50建筑装饰、装修和其他建筑业,证监会行业分类
600195,中牧股份,600195.SH,SSE,主板,北京,农业综合,19990107,H,吴冬荀,李寅,102114.826,19981225.0,北京,北京市,4299.0,www.cahic.com,"主要产品:生物制品,饲料.",False,C27医药制造业,证监会行业分类
600196,复星医药,600196.SH,SSE,主板,上海,化学制药,19980807,H,陈玉卿,刘毅,267042.9325,19950531.0,上海,上海市,40603.0,www.fosunpharma.com,"主要产品:诊断产品,阿托莫兰,花红片,复方芦荟胶囊,青蒿琥酯,药品零售,药品批发,齿科治疗设备.",False,C27医药制造业,证监会行业分类
600197,伊力特,600197.SH,SSE,主板,新疆,白酒,19990916,H,李强,李强,47317.4717,19990527.0,新疆,可克达拉市,2160.0,www.xjyilite.com,"主要产品:白酒,纸箱,运输,酒店,水,电,汽.",False,C15酒、饮料和精制茶制造业,证监会行业分类
600198,大唐电信,600198.SH,SSE,主板,北京,通信设备,19981021,H,刘欣,冉会娟,130360.3541,19980921.0,北京,北京市,895.0,www.datang.com,"主要产品:交换及接入类,移动通信类,传输类,无线类,集成电路及软件类.主营业务:可信识别芯片,汽车电子芯片,融合通信芯片等方向.",False,C39计算机、通信和其他电子设备制造业,证监会行业分类
600199,金种子酒,600199.SH,SSE,主板,安徽,白酒,19980812,H,谢金明,谢金明,65779.6824,19980723.0,安徽,阜阳市,2016.0,www.jzz.cn,主营业务:白酒生产与销售,False,C15酒、饮料和精制茶制造业,证监会行业分类
600201,生物股份,600201.SH,SSE,主板,内蒙,农业综合,19990115,H,张翀宇,张竞,111174.7826,19930313.0,内蒙古,呼和浩特市,1740.0,www.jinyu.com.cn,主要产品为生物药品.,False,C27医药制造业,证监会行业分类
600202,哈空调,600202.SH,SSE,主板,黑龙江,专用机械,19990603,N,丁盛,展学峰,38334.0672,19930625.0,黑龙江,哈尔滨市,635.0,www.hac.com.cn,"主要产品:石化空冷器,电站空冷器,核电站空气处理机组.",False,C34通用设备制造业,证监会行业分类
600203,福日电子,600203.SH,SSE,主板,福建,元器件,19990514,H,杨韬,陈仁强,59298.8082,19990507.0,福建,福州市,5419.0,www.furielec.com,"主营业务:LED及工业节能,节能家电及通讯产品,内外贸及其他.",False,C39计算机、通信和其他电子设备制造业,证监会行业分类
600206,有研新材,600206.SH,SSE,主板,北京,半导体,19990319,H,艾磊,吕保国,84655.3332,19990312.0,北京,北京市,2091.0,www.griam.cn,"主要产品:半导体材料,稀土材料,光电材料和高纯金属材料等新材料,主营业务:超高纯金属及稀贵金属材料,微电子光电子用薄膜材料,高端稀土功能材料,红外光学及光纤材料,生物医用材料等新材料的研发与生产.",False,C32有色金属冶炼和压延加工业,证监会行业分类
600207,安彩高科,600207.SH,SSE,主板,河南,电气设备,19990714,H,徐东伟,杨建新,108931.2554,19980921.0,河南,安阳市,2070.0,www.acht.com.cn,"主要产品:天然气,管道运输,光伏玻璃,浮法玻璃.",False,C30非金属矿物制品业,证监会行业分类
600208,衢州发展,600208.SH,SSE,主板,浙江,全国地产,19990623,H,林俊波,林俊波,850894.08,19930223.0,浙江,衢州市,761.0,www.600208.net,主要业务:地产开发,False,K70房地产业,证监会行业分类
600210,紫江企业,600210.SH,SSE,主板,上海,广告包装,19990824,H,沈雯,程岩,151673.6158,19881123.0,上海,上海市,6791.0,www.zijiangqy.com,"主要产品:PET瓶及瓶坯,皇冠盖,标签,塑料防盗盖,纸包装印刷.",False,C29橡胶和塑料制品业,证监会行业分类
600211,XD西藏药,600211.SH,SSE,主板,西藏,生物制药,19990721,H,陈达彬,郭远东,32231.9196,19990714.0,西藏,拉萨市,671.0,www.xzyy.cn,"主要产品:诺迪康胶囊,诺迪康颗粒,诺迪康口服液,小儿双清颗粒,藏药产品.",False,C27医药制造业,证监会行业分类
600212,绿能慧充,600212.SH,SSE,主板,山东,电气设备,19990817,H,尹雷伟,李兴民,70415.0213,19921214.0,山东,临沂市,774.0,www.gresgying.com,"主营业务:发电业务,铁路专用线运输业务",False,C38电气机械和器材制造业,证监会行业分类
600215,派斯林,600215.SH,SSE,主板,吉林,专用机械,19990909,N,吴锦华,倪伟勇,45688.288,19930626.0,吉林,长春市,658.0,www.paslin.cn,"主要业务:基础设施承建,租赁,建筑安装,土地成片开发转让.",False,C34通用设备制造业,证监会行业分类
600216,浙江医药,600216.SH,SSE,主板,浙江,化学制药,19991021,H,李男行,王红卫,96163.775,19970516.0,浙江,绍兴市,5815.0,www.zmc.top,"主要产品:合成VE油及胶丸剂,50%VE粉系列,来立信系列,天然VE原料及制剂.",False,C27医药制造业,证监会行业分类
600217,中再资环,600217.SH,SSE,主板,陕西,环境保护,19991216,H,王云立,吕洁冰,165765.3673,19961106.0,陕西,铜川市,3113.0,www.zhongzaizihuan.com,主要业务:废弃电器电子产品的回收与拆解处理.,False,C42废弃资源综合利用业,证监会行业分类
600218,全柴动力,600218.SH,SSE,主板,安徽,汽车配件,19981203,N,徐玉良,刘吉文,43559.9919,19981124.0,安徽,滁州市,2675.0,www.quanchai.com.cn,"主要产品:柴油机,新型化学建材.",False,C34通用设备制造业,证监会行业分类
600219,南山铝业,600219.SH,SSE,主板,山东,铝,19991223,H,吕正风,吕正风,1148370.1559,19930318.0,山东,烟台市,16180.0,www.600219.com.cn,"主要产品:上游产品电力,蒸汽,氧化铝,铝合金锭,下游产品铝板带箔,挤压型材,压延材及大型机械深加工结构件.主营业务:铝土矿冶炼,电解铝生产,铝挤压材和铝压延材研发,加工与销售等.",False,C32有色金属冶炼和压延加工业,证监会行业分类
600221,海航控股,600221.SH,SSE,主板,海南,空运,19991125,H,祝涛,余超杰,4321563.2535,19951229.0,海南,海口市,34906.0,www.hnair.com,"主营业务:国际,国内(含港澳)航空客货邮运输业务;与航空运输相关的服务业务;航空旅游;机上供应品,航空器材,航空地面设备及零配件的生产;候机楼服务和经营;保险兼业代理服务(限人身意外险).其中,定期,不定期航空客,货运输是公司的主营业务.",False,G56航空运输业,证监会行业分类
600222,太龙药业,600222.SH,SSE,主板,河南,中成药,19991105,N,王荣涛,李景亮,57388.6283,19980831.0,河南,郑州市,2214.0,www.taloph.com,"主要产品:口服液,输液.",False,C27医药制造业,证监会行业分类
600223,福瑞达,600223.SH,SSE,主板,山东,日用化工,20000113,H,贾庆文,高春明,101656.8775,19930421.0,山东,淄博市,3514.0,www.lshfreda.com,主营业务:房地产开发与经营管理,False,C26化学原料和化学制品制造业,证监会行业分类
600226,亨通股份,600226.SH,SSE,主板,浙江,供气供热,19991116,H,崔巍,李海江,297438.1224,19990511.0,浙江,湖州市,817.0,www.zjhtkg.com,"主营业务:农药原料药及其制品,兽药和饲料添加剂产品的生产与销售以及锆系列产品生产与销售,网络游戏研发,代理发行及IP与源代码合作业务",False,D44电力、热力生产和供应业,证监会行业分类
600227,赤天化,600227.SH,SSE,主板,贵州,农药化肥,20000221,N,丁林洪,丁林洪,168872.7685,19980828.0,贵州,贵阳市,1944.0,www.gzcth.net,"主营业务是尿素和甲醇的生产,销售;药品,医疗器械和保健品的生产与销售.",False,C26化学原料和化学制品制造业,证监会行业分类
600228,*ST返利,600228.SH,SSE,主板,江西,互联网,19990119,N,葛永昌,葛永昌,41667.2427,19990115.0,江西,赣州市,140.0,corp.fanli.com,"主要产品:尿素,丙烯酰胺,粗甲醇,塑料管材.",True,I64互联网和相关服务,证监会行业分类
600229,城市传媒,600229.SH,SSE,主板,山东,出版业,20000309,H,贾庆鹏,马琪,66070.7784,19940614.0,山东,青岛市,1712.0,www.citymedia.cn,"主要业务:从事图书,期刊,电子音像等出版物的出版发行业务以及新兴媒体的开发运营业务.",False,R86新闻和出版业,证监会行业分类
600230,沧州大化,600230.SH,SSE,主板,河北,化工原料,20000406,H,刘增,刘增,41396.1015,19980924.0,河北,沧州市,1306.0,www.czdh.chemchina.com,"主要产品:尿素,TDI.",False,C26化学原料和化学制品制造业,证监会行业分类
600231,凌钢股份,600231.SH,SSE,主板,辽宁,普钢,20000511,H,张鹏,张立新,286977.8245,19940504.0,辽宁,朝阳市,5241.0,www.lggf.com.cn,"主要产品:热轧中宽带钢,螺纹钢,圆钢,焊接钢管.主营业务:冶金产品(含副产品)生产,经营,开发.",False,C31黑色金属冶炼和压延加工业,证监会行业分类
600232,金鹰股份,600232.SH,SSE,主板,浙江,纺织机械,20000602,N,傅国定,密和康,36471.8544,19940923.0,浙江,舟山市,2012.0,www.cn-goldeneagle.com,"主要产品:纺机及配件,塑机及配件,绢纺织品,亚麻纺织品,服装.",False,C17纺织业,证监会行业分类
600233,圆通速递,600233.SH,SSE,主板,辽宁,仓储物流,20000608,H,喻会蛟,潘水苗,342270.7238,19921222.0,辽宁,大连市,19497.0,www.yto.net.cn,主要业务:快递服务业.,False,G60邮政业,证监会行业分类
600234,科新发展,600234.SH,SSE,主板,山西,装修装饰,20000615,N,连宗盛,连远锐,26252.0973,19930331.0,山西,太原市,176.0,www.600234.net,主营业务:自有房屋租赁业务以及高端红酒贸易业务.,False,E50建筑装饰、装修和其他建筑业,证监会行业分类
600235,民丰特纸,600235.SH,SSE,主板,浙江,造纸,20000615,N,曹继华,韩继友,35130.0,19981112.0,浙江,嘉兴市,920.0,www.mfspchina.com,"主要产品:卷烟纸系列,工业配套用纸,描图纸,电容器纸.",False,C22造纸和纸制品业,证监会行业分类
600236,桂冠电力,600236.SH,SSE,主板,广西,水力发电,20000323,H,周克文,施健升,788237.7802,19920904.0,广西,南宁市,3390.0,ggep.china-cdt.com,主要业务:水力发电.,False,D44电力、热力生产和供应业,证监会行业分类
600237,铜峰电子,600237.SH,SSE,主板,安徽,元器件,20000609,N,黄明强,鲍俊华,63070.4155,19960808.0,安徽,铜陵市,1967.0,www.tong-feng.com,"主要产品:光膜,镀膜,电容器,再生粒子.主营业务:薄膜电容器及其薄膜材料的研发,生产和销售.",False,C39计算机、通信和其他电子设备制造业,证监会行业分类
600238,*ST椰岛,600238.SH,SSE,主板,海南,红黄酒,20000120,N,段守奇,段守奇,44820.0,19920303.0,海南,海口市,388.0,www.yedao.com,"主要业务:酒类,贸易,淀粉,油类,特色食品饮料,房地产开发,其他.",True,C15酒、饮料和精制茶制造业,证监会行业分类
600239,ST云城,600239.SH,SSE,主板,云南,区域地产,19991202,N,崔铠,李扬,160568.6909,19970421.0,云南,昆明市,1304.0,www.ynctzy.com,主要产品:房地产,True,K70房地产业,证监会行业分类
600241,时代万恒,600241.SH,SSE,主板,辽宁,电气设备,20001128,N,孙玉昌,孙玉昌,29430.2115,19990329.0,辽宁,大连市,760.0,www.shidaiwanheng.com,"主营业务:林业资源开发,新能源电池制造",False,C38电气机械和器材制造业,证监会行业分类
600243,*ST海华,600243.SH,SSE,主板,青海,运输设备,20001120,N,王封,朱龙,43885.0,19980818.0,青海,西宁市,656.0,www.qhhdsy.com,"主要产品:重型机床,加工中心,数控铣床,食品机械,电梯配件,齿轮箱等产品.",True,C34通用设备制造业,证监会行业分类
600246,万通发展,600246.SH,SSE,主板,北京,区域地产,20000922,H,王忆会,钱劲舟,194298.7476,19981230.0,北京,北京市,167.0,www.vantone.com,主营业务:房地产开发;销售商品房;停车场建设及经营管理;信息咨询(不含中介);技术咨询;劳务派遣;股权投资及管理;资产管理.,False,K70房地产业,证监会行业分类
600248,陕建股份,600248.SH,SSE,主板,陕西,建筑工程,20000622,H,杨海生,韩军锋,373973.5286,19981130.0,陕西,西安市,32283.0,www.sxjgkg.com,主营业务:石油化工安装.,False,E48土木工程建筑业,证监会行业分类
600249,两面针,600249.SH,SSE,主板,广西,日用化工,20040130,N,周云祥,龚慧泉,55000.0,19961205.0,广西,柳州市,1651.0,www.lmz.com.cn,"主要产品:牙膏,香皂,洗衣粉,洗发露及其他,卫生巾等.",False,C26化学原料和化学制品制造业,证监会行业分类
600250,南京商旅,600250.SH,SSE,主板,江苏,商贸代理,20010306,N,沈颖,沈颖,31279.1404,19920630.0,江苏,南京市,549.0,www.nantex.com.cn,"主要产品:纺织面料及辅料,服装,纺织原料.",False,N78公共设施管理业,证监会行业分类
600251,冠农股份,600251.SH,SSE,主板,新疆,农业综合,20030609,H,刘中海,刘中海,77699.3583,19991230.0,新疆,铁门关市,1042.0,www.gngf.cn,"主要产品及提供的劳务:果蔬制品,皮棉,白砂糖.主营业务:白砂糖,酒精,番茄浓缩酱,棉花,干果产品的加工和销售以及仓储业务.",False,C13农副食品加工业,证监会行业分类
600252,中恒集团,600252.SH,SSE,主板,广西,中成药,20001130,H,杨金海,,318416.307,19930728.0,广西,梧州市,2843.0,www.wz-zhongheng.com,"主营业务;医药制造,食品生产,房地产开发",False,C27医药制造业,证监会行业分类
600255,鑫科材料,600255.SH,SSE,主板,安徽,小金属,20001122,H,宋志刚,王生,180614.6955,19980928.0,安徽,芜湖市,1315.0,www.ahxinke.com,"主要产品:铜加工板块的主要产品有高精度铜带材,铜合金线材,光亮铜杆,电线电缆等.影视板块的主要产品有电影,电视剧等.主营业务:铜及铜合金带材,线材,辐照交联电缆,特种电缆等产品的研发,生产与销售以及影视制作和发行,版权开发与转让,影视投资,衍生品销售及再授权业务等.",False,C32有色金属冶炼和压延加工业,证监会行业分类
600256,广汇能源,600256.SH,SSE,主板,新疆,石油开采,20000526,H,韩士发,戚庆丰,639200.2964,19990410.0,新疆,乌鲁木齐市,6683.0,www.xjguanghui.com,"主营业务:许可经营项目:煤炭销售.一般经营项目:液化天然气,石油,天然气,煤炭,煤化工,清洁燃料汽车应用,加注站建设的项目投资与技术服务等;煤炭批发经营;一般货物与技术的进出口经营;国内商业购销.",False,B07石油和天然气开采业,证监会行业分类
600257,大湖股份,600257.SH,SSE,主板,湖南,渔业,20000612,N,罗订坤,罗订坤,48123.7188,19990118.0,湖南,常德市,1647.0,www.dhszgf.com,"主要业务:水产品养殖加工销售和中成药生产,医药贸易,白酒类产品营销.",False,A04渔业,证监会行业分类
600258,首旅酒店,600258.SH,SSE,主板,北京,酒店餐饮,20000601,H,李云,孙坚,111660.3126,19990212.0,北京,北京市,12433.0,www.bthhotels.com,"主营业务:经济连锁型及中高端酒店的投资与运营管理,并兼有景区经营业务.",False,H61住宿业,证监会行业分类
600259,中稀有色,600259.SH,SSE,主板,海南,小金属,20000525,H,杨杰,陈志新,33643.591,19930618.0,海南,海口市,938.0,www.gsysgf.com,"主营业务:稀土,钨的采选,冶炼,加工及销售",False,B09有色金属矿采选业,证监会行业分类
600261,阳光照明,600261.SH,SSE,主板,浙江,家用电器,20000720,N,陈卫,吴国明,133505.2966,19970716.0,浙江,绍兴市,4041.0,www.yankon.com,"主要产品:一体化电子节能灯,T5大功率节能荧光灯及配套灯具,特种光源及灯具.",False,C38电气机械和器材制造业,证监会行业分类
600262,北方股份,600262.SH,SSE,主板,内蒙,专用机械,20000630,N,王占山,郭海全,17000.0,19880426.0,内蒙古,包头市,876.0,chinanhl.norincogroup.com.cn,主要产品:特雷克斯牌非公路自卸汽车和备件.,False,C35专用设备制造业,证监会行业分类
600265,*ST景谷,600265.SH,SSE,主板,云南,林业,20000825,N,吴昱,吴昱,12980.0,19990309.0,云南,普洱市,590.0,www.jgly.cn,"主要产品:林化产品,林木产品,林板产品等.",True,C20木材加工和木、竹、藤、棕、草制品业,证监会行业分类
600266,城建发展,600266.SH,SSE,主板,北京,区域地产,19990203,H,齐占峰,邹哲,207574.3507,19981230.0,北京,北京市,875.0,www.bucid.com,"主营业务::房地产开发,销售商品房;投资及投资管理;销售金属材料,木材,建筑材料,机械电器设备等.",False,K70房地产业,证监会行业分类
600267,海正药业,600267.SH,SSE,主板,浙江,化学制药,20000725,H,肖卫红,肖卫红,119876.1196,19980211.0,浙江,台州市,8751.0,www.hisunpharm.com,"主要产品:抗寄生虫药,抗肿瘤药,心血管药,抗感染药.",False,C27医药制造业,证监会行业分类
600268,国电南自,600268.SH,SSE,主板,江苏,电气设备,19991118,H,经海林,刘颖,101587.0778,19990922.0,江苏,南京市,3846.0,www.sac-china.com,"主要产品:电网保护及自动化类产品,电厂保护及自动化类产品.",False,C38电气机械和器材制造业,证监会行业分类
600269,赣粤高速,600269.SH,SSE,主板,江西,路桥,20000518,H,韩峰,徐志华,233540.7014,19980331.0,江西,南昌市,2663.0,www.600269.cn,"主营业务:主要从事高速公路的管理,养护,收费和投资",False,G54道路运输业,证监会行业分类
600271,航天信息,600271.SH,SSE,主板,北京,软件服务,20030711,H,陈荣兴,陈荣兴,185288.4638,20001101.0,北京,北京市,13088.0,www.aisino.com,"主要产品:专网通信产品,通信光纤,光缆,通信硅管,量子保密通信等.主营业务:专网通信产品,通信光纤,光缆,通信硅管,量子保密通信等产品的研发,生产与销售.",False,I65软件和信息技术服务业,证监会行业分类
600272,开开实业,600272.SH,SSE,主板,上海,医药商业,20010228,N,庄虔贇,刘光靓,26265.1945,19970804.0,上海,上海市,438.0,www.chinesekk.com,主要业务:服装生产销售和中医药流通,False,F51批发业,证监会行业分类
600273,嘉化能源,600273.SH,SSE,主板,浙江,化工原料,20030627,H,沈高庆,沈高庆,131130.9122,19980403.0,浙江,嘉兴市,1252.0,www.jhec.com.cn,"主要产品:向浙江省嘉兴市乍浦经济开发区及周边企业提供蒸汽供热,生产并销售邻对位,氯碱,脂肪醇(酸)等系列产品",False,C26化学原料和化学制品制造业,证监会行业分类
600276,恒瑞医药,600276.SH,SSE,主板,江苏,化学制药,20001018,H,孙飘扬,冯佶,663719.9874,19970428.0,江苏,连云港市,20602.0,www.hengrui.com,"主要产品:抗肿瘤药,抗感染药.",False,C27医药制造业,证监会行业分类
600278,东方创业,600278.SH,SSE,主板,上海,商贸代理,20000712,H,谭明,党晔,87191.5557,19981118.0,上海,上海市,9067.0,www.oie.com.cn,"主要业务:自营业务出口,加工补偿贸易,内销,货运及代理.",False,F51批发业,证监会行业分类
600279,重庆港,600279.SH,SSE,主板,重庆,港口,20000731,H,屈宏,屈宏,118686.6283,19990108.0,重庆,重庆市,2513.0,www.cqg.com.cn,"主要业务:货物装卸,货运代理服务等.",False,G55水上运输业,证监会行业分类
600280,中央商场,600280.SH,SSE,主板,江苏,百货,20000926,N,祝珺,祝珺,112833.4788,19910622.0,江苏,南京市,1789.0,www.njzsgroup.com,"主要业务:百货,食品,针织服装,五金交电化工等商品的零售,批发等.",False,F52零售业,证监会行业分类
600281,华阳新材,600281.SH,SSE,主板,山西,小金属,20001109,N,梁昌春,景红升,51440.2025,19990226.0,山西,太原市,277.0,www.hyxc600281.com,"主要产品:氯碱系列,聚氯乙烯系列,焦炭及深加工,铂网.",False,C32有色金属冶炼和压延加工业,证监会行业分类
600282,南钢股份,600282.SH,SSE,主板,江苏,普钢,20000919,H,黄一新,祝瑞荣,616509.1011,19990318.0,江苏,南京市,13917.0,www.600282.net,"主要产品:宽中厚板(卷),棒材,线材,带钢,型钢等.主要业务:精品中厚板,优特钢长材的生产,销售及加工配送,同时从事能源环保,信息科技,电子商务,物流等业务.",False,C31黑色金属冶炼和压延加工业,证监会行业分类
600283,钱江水利,600283.SH,SSE,主板,浙江,水务,20001018,H,王东全,王天强,56082.4898,19981230.0,浙江,杭州市,1824.0,www.qjwater.com,"主要业务:水的生产,供应及水力发电.",False,D46水的生产和供应业,证监会行业分类
600284,XD浦东建,600284.SH,SSE,主板,上海,建筑工程,20040316,H,赵炜诚,黄微,97025.6,19980109.0,上海,上海市,1284.0,www.pdjs.com.cn,"主要业务:市政基础工程,沥青路面摊铺,沥青砼销售,其他建筑材料销售.",False,E48土木工程建筑业,证监会行业分类
600285,羚锐制药,600285.SH,SSE,主板,河南,中成药,20001018,H,熊伟,熊伟,56711.5486,19990418.0,河南,信阳市,2435.0,www.lingrui.com,"主要业务:中药橡胶膏剂,颗粒剂,酊剂,片剂,胶囊剂的生产和销售.",False,C27医药制造业,证监会行业分类
600287,苏豪时尚,600287.SH,SSE,主板,江苏,商贸代理,20000901,N,李炎洲,李炎洲,43679.6074,19811021.0,江苏,南京市,2107.0,www.saintycorp.com,"主营业务为商品流通,服装加工,化工仓储及现代金融服务业投资.",False,F51批发业,证监会行业分类
600288,大恒科技,600288.SH,SSE,主板,北京,元器件,20001129,H,谢燕,谢燕,43680.0,19981214.0,北京,北京市,1294.0,www.dhxjy.com.cn,"主营业务:光机电一体化产品,信息技术及办公自动化产品,数字电视网络编辑及播放系统,半导体元器件.",False,C39计算机、通信和其他电子设备制造业,证监会行业分类
600289,ST信通,600289.SH,SSE,主板,黑龙江,软件服务,20000720,N,袁义祥,杨殿中,63105.2069,19950118.0,黑龙江,哈尔滨市,532.0,www.bocoict.com,"主要业务:各类通信网络业务支撑系统,网络信息安全应用软件研发,生产,销售以及信息安全整体解决方案的实施,通信增值业务平台应用及服务.",True,I65软件和信息技术服务业,证监会行业分类
600292,电投水电,600292.SH,SSE,主板,重庆,水力发电,20001101,H,姚小彦,李铁,438020.6201,19940630.0,重庆,重庆市,2003.0,www.zdydep.com,环保业务,False,N77生态保护和环境治理业,证监会行业分类
600293,三峡新材,600293.SH,SSE,主板,湖北,玻璃,20000919,N,谢普乐,刘正斌,116014.5046,19930326.0,湖北,宜昌市,1494.0,www.sxxc.com.cn,主要产品:浮法玻璃.移动互联网终端业务,False,C30非金属矿物制品业,证监会行业分类
600295,鄂尔多斯,600295.SH,SSE,主板,内蒙,特种钢,20010426,H,王臻,张磊,279877.6254,19951015.0,内蒙古,鄂尔多斯市,20737.0,www.chinaerdos.com,"主要产品:四季服装,纱线,面料,电力冶金化工产品.主营业务分为服装产业和能源冶金化工产业两部分.",False,C31黑色金属冶炼和压延加工业,证监会行业分类
600298,安琪酵母,600298.SH,SSE,主板,湖北,食品,20000818,H,熊涛,肖明华,86792.8671,19980325.0,湖北,宜昌市,12724.0,www.angelyeast.com,"主要产品:公司主要产品包括:酵母及深加工产品,保健食品,特殊营养食品,烘焙原料,食品添加剂,乳制品,调味品等.",False,C14食品制造业,证监会行业分类
600299,安迪苏,600299.SH,SSE,主板,北京,饲料,20000420,H,郝志刚,郝志刚,307977.9257,19990531.0,北京,北京市,3295.0,www.adisseo.com,"主要产品:有机硅,双酚A,环氧树脂类,PBT树脂系列,苯酚丙酮.",False,C14食品制造业,证监会行业分类
600300,维维股份,600300.SH,SSE,主板,江苏,软饮料,20000630,H,任冬,赵惠卿,161714.218,19940512.0,江苏,徐州市,2985.0,www.vvgroup.com,"主要产品:豆奶粉,炼乳",False,C15酒、饮料和精制茶制造业,证监会行业分类
600301,华锡有色,600301.SH,SSE,主板,广西,小金属,20000712,H,张小宁,李新宇,63256.7479,19980615.0,广西,南宁市,4863.0,www.china-tin.com,主营业务:商品贸易,False,B09有色金属矿采选业,证监会行业分类
600302,ST标准,600302.SH,SSE,主板,陕西,纺织机械,20001213,N,王坤元,陈锦山,34600.9804,19990528.0,陕西,西安市,1271.0,www.chinatypical.com,"主营业务:全系列工业缝纫机和自动缝制单元业务.缝制设备,精密机械零部件,设备与模具,自动化控制技术构成公司产业架构.",True,C35专用设备制造业,证监会行业分类
600303,曙光股份,600303.SH,SSE,主板,辽宁,汽车整车,20001226,N,权维,李全栋,68360.4211,19951211.0,辽宁,丹东市,3607.0,www.sgautomotive.com,"主要业务:车桥,黄海客车,曙光专用车,汽车零部件,差速器壳,经销其他汽车.",False,C36汽车制造业,证监会行业分类
600305,恒顺醋业,600305.SH,SSE,主板,江苏,食品,20010206,H,郜益农,,110647.1528,19930205.0,江苏,镇江市,2020.0,www.zjhengshun.com,"主要产品:醋,酱油,酱菜,光电产品,汽车,房地产.",False,C14食品制造业,证监会行业分类
600307,酒钢宏兴,600307.SH,SSE,主板,甘肃,普钢,20001220,H,杜昕,侯名强,626335.7424,19990421.0,甘肃,嘉峪关市,16221.0,www.jisco.cn,"主要产品:碳钢及不锈钢两大类,包括线材,棒材,中厚板,热轧板,冷轧薄板,镀锌板,不锈钢热轧及冷轧等.",False,C31黑色金属冶炼和压延加工业,证监会行业分类
600308,华泰股份,600308.SH,SSE,主板,山东,造纸,20000928,H,李晓亮,魏立军,151687.0176,19930606.0,山东,东营市,5578.0,www.huataipaper.com,"中高档新闻纸,文化纸及相关化工产品",False,C22造纸和纸制品业,证监会行业分类
600309,万华化学,600309.SH,SSE,主板,山东,化工原料,20010105,H,廖增太,寇光武,313047.1626,19981216.0,山东,烟台市,33303.0,www.whchem.com,"主要产品:纯MDI,聚合MDI.",False,C26化学原料和化学制品制造业,证监会行业分类
600310,广西能源,600310.SH,SSE,主板,广西,水力发电,20010228,H,梁晓斌,黄维俭,146571.0722,19981204.0,广西,贺州市,1969.0,www.gdep.com.cn,主要产品:电能.,False,D44电力、热力生产和供应业,证监会行业分类
600312,平高电气,600312.SH,SSE,主板,河南,电气设备,20010221,H,孙继强,张国跃,135692.1309,19990712.0,河南,平顶山市,4640.0,www.pinggao.com,"主营业务:研发,制造,销售高压,超高压,特高压等高端开关设备,控制设备及其配件;技术服务;技术咨询以及公司自产产品及相关技术的进出口业务.主要产品:敞开式SF6断路器,隔离开关及接地开关,全封闭组合电器,备品备件及其他.",False,C38电气机械和器材制造业,证监会行业分类
600313,农发种业,600313.SH,SSE,主板,北京,种植业,20010119,H,何才文,何才文,116137.3969,19990813.0,北京,北京市,1195.0,znfzy.cnadc.com.cn,主营业务为种业及农资贸易.,False,F51批发业,证监会行业分类
600315,上海家化,600315.SH,SSE,主板,上海,日用化工,20010315,H,林小海,林小海,67222.598,19951201.0,上海,上海市,3173.0,www.jahwa.com.cn,"主要产品:化妆品,中药饮片,四技.",False,C26化学原料和化学制品制造业,证监会行业分类
600316,洪都航空,600316.SH,SSE,主板,江西,航空,20001215,H,王卫华,周继强,71711.4512,19991216.0,江西,南昌市,1829.0,www.hongdu.com.cn,"主要业务:航空飞行器的研发,制造,销售和服务等业务.",False,C37铁路、船舶、航空航天和其他运输设备制造业,证监会行业分类
600318,新力金融,600318.SH,SSE,主板,安徽,多元金融,20001208,H,孟庆立,孟庆立,51272.7632,20070627.0,安徽,合肥市,208.0,www.xinlijinrong.cn,"主要产品:水泥产品,商品熟料.",False,J66货币金融服务,证监会行业分类
600319,亚星化学,600319.SH,SSE,主板,山东,化工原料,20010326,N,韩海滨,陆卫东,38770.9384,19940811.0,山东,潍坊市,878.0,www.chinayaxing.com,"主要产品:氯化聚乙烯,聚氯乙烯,烧碱,液氯.",False,C26化学原料和化学制品制造业,证监会行业分类
600320,振华重工,600320.SH,SSE,主板,上海,专用机械,20001221,H,由瑞凯,朱晓怀,526835.3501,19920214.0,上海,上海市,7935.0,www.zpmc.com,"主要产品:集装箱起重机,散货机械及其他.",False,C34通用设备制造业,证监会行业分类
600322,津投城开,600322.SH,SSE,主板,天津,区域地产,20010910,N,齐颖,刘德宇,110570.0,19930225.0,天津,天津市,424.0,www.tjjtck.com,"主要业务:房地产开发经营,出租.",False,K70房地产业,证监会行业分类
600323,瀚蓝环境,600323.SH,SSE,主板,广东,环境保护,20001225,H,金铎,金铎,81534.7146,19921217.0,广东,佛山市,18610.0,www.grandblue.cn,主要业务:自来水生产和供应.,False,N77生态保护和环境治理业,证监会行业分类
600325,华发股份,600325.SH,SSE,主板,广东,区域地产,20040225,H,郭凌勇,向宇,275215.2116,19920818.0,广东,珠海市,15280.0,www.cnhuafas.com,"主要产品:本公司主要产品是住宅,车库及商铺等.",False,K70房地产业,证监会行业分类
600326,西藏天路,600326.SH,SSE,主板,西藏,水泥,20010116,H,顿珠朗加,孟刚,136246.4423,19990329.0,西藏,拉萨市,1836.0,www.xztianlu.com,主营业务:公路工程施工的基础设施建设.,False,C30非金属矿物制品业,证监会行业分类
600327,大东方,600327.SH,SSE,主板,江苏,医疗保健,20020625,N,林乃机,席国良,88477.9518,19980120.0,江苏,无锡市,2425.0,www.eastall.com,"主要业务:百货零售,汽车零售,超市,餐饮服务.",False,Q84卫生,证监会行业分类
600328,中盐化工,600328.SH,SSE,主板,内蒙,化工原料,20001222,H,周杰,王广斌,146630.9533,19981231.0,内蒙古,阿拉善盟,9087.0,www.chinasaltchemical.com,"主要产品:盐,金属钠,液氯,ADC发泡剂.",False,C26化学原料和化学制品制造业,证监会行业分类
600329,达仁堂,600329.SH,SSE,主板,天津,中成药,20010606,H,王磊,,77009.4356,19811229.0,天津,天津市,3890.0,www.jydrt.com.cn,"主要产品:速效救心丸,牛黄降压丸,藿香正气软胶囊,更年安,银翘解毒片,金芪降糖片,紫龙金片,痹祺胶囊,血府逐瘀胶囊,安福隆干扰素,格列齐特,法洛西,特子社复等.",False,C27医药制造业,证监会行业分类
600330,天通股份,600330.SH,SSE,主板,浙江,专用机械,20010118,H,潘正强,潘正强,123343.4416,19990210.0,浙江,嘉兴市,4696.0,www.tdgcore.com,"主要产品:从事的的产品为:磁性材料,电子表面贴装产品,ONU,EOC等.主营业务:从事的的业务为:磁性材料,磁电子器件,通信设备终端等的生产和销售,电子制造服务(EMS).",False,C39计算机、通信和其他电子设备制造业,证监会行业分类
600331,宏达股份,600331.SH,SSE,主板,四川,农药化肥,20011220,H,乔胜俊,黄建军,264160.0,19940630.0,四川,德阳市,2437.0,www.sichuanhongda.com,"主要产品:锌锭,锌合金,锌精矿,铅精矿以及磷酸盐系列产品,复合肥等.主营业务:有色金属锌的采,选,冶炼,加工和销售,以及磷化工产品的生产和销售.",False,C26化学原料和化学制品制造业,证监会行业分类
600332,白云山,600332.SH,SSE,主板,广东,中成药,20010206,H,李小军,黎洪,162579.0949,19970901.0,广东,广州市,27057.0,www.gybys.com.cn,"主要产品为消渴丸,夏桑菊,乌鸡白凤丸,华佗再造丸,蜜炼川贝枇杷膏,清开灵口服液,小柴胡冲剂等,西药制造企业主要产品为头孢硫脒,阿莫西林等化学制剂药,头孢曲松钠等化学原料药,预包装食品制造企业主要产品为王老吉凉茶等.",False,C27医药制造业,证监会行业分类
600333,长春燃气,600333.SH,SSE,主板,吉林,供气供热,20001211,N,董志宇,佟韶光,60903.0684,19930608.0,吉林,长春市,2212.0,www.ccrq.com.cn,"天然气,混合燃气,焦炉煤气,冶金焦炭,煤焦油的生产,销售,天然液化石油气供应,燃气工程安装.",False,D45燃气生产和供应业,证监会行业分类
600335,国机汽车,600335.SH,SSE,主板,天津,汽车服务,20010305,H,戴旻,贾屹,149578.8692,19990326.0,天津,天津市,6287.0,www.sinomach-auto.com,主营业务为汽车贸易综合服务,False,F51批发业,证监会行业分类
600336,澳柯玛,600336.SH,SSE,主板,山东,家用电器,20001229,H,张斌,王英峰,79801.4769,19981228.0,山东,青岛市,6609.0,www.aucma.com.cn,"主要产品:冰柜,冰箱,展示柜,空调器,自动售货机,锂离子电池,共轭亚油酸等产品的生产与经营.",False,C38电气机械和器材制造业,证监会行业分类
600337,ST美克,600337.SH,SSE,主板,江西,家居用品,20001127,N,寇卫平,牟莉,143699.8137,19950816.0,江西,赣州市,8888.0,www.markorfurniture.com,"主要产品:餐桌,餐椅,茶几,橱柜.",True,F52零售业,证监会行业分类
600338,西藏珠峰,600338.SH,SSE,主板,西藏,铅锌,20001227,H,黄建荣,茅元恺,91421.0168,19981130.0,西藏,拉萨市,2790.0,www.xizangzhufeng.com,"主要产品:摩托车整车,摩托车配件.",False,B09有色金属矿采选业,证监会行业分类
600339,中油工程,600339.SH,SSE,主板,新疆,石油开采,20001225,H,白雪峰,王新革,558314.7471,19990428.0,新疆,克拉玛依市,38417.0,www.cpec.com.cn,"主要产品:塑料类,沥青类,甲乙酮类,添加剂类,润滑油类,垫片类,化工产品类,润滑油类.",False,B11开采专业及辅助性活动,证监会行业分类
600340,*ST华幸,600340.SH,SSE,主板,河北,园区开发,20031230,N,王文学,"赵威,陈怀洲",391372.0342,19930528.0,河北,廊坊市,10191.0,www.cfldcn.com,"主要业务板块包括产业园区开发和房地产开发两大业务板块,产业园区开发核心产品包括产业新城和产业小镇.",True,K70房地产业,证监会行业分类
600343,航天动力,600343.SH,SSE,主板,陕西,机械基件,20030408,H,孙彦堂,薛晓军,63820.6348,19991224.0,陕西,西安市,1217.0,www.china-htdl.com,"主营业务:智能燃气表,泵及泵系统,液力传动产品,电机,建筑安装,化工装备,合同能源管理等.",False,C34通用设备制造业,证监会行业分类
600345,长江通信,600345.SH,SSE,主板,湖北,通信设备,20001222,H,邱祥平,雷霆,32961.2132,19960102.0,湖北,武汉市,826.0,www.ycig.com,"主要产品:智能化终端(北斗定位终端,视频监控终端,移动通信终端),管理平台和信息化应用软件,信息电子配件和材料等.主营业务:提供智能化应用产品和解决方案的销售,系统集成和运营服务.",False,C39计算机、通信和其他电子设备制造业,证监会行业分类
600346,恒力石化,600346.SH,SSE,主板,辽宁,石油加工,20010820,H,范红卫,李晓明,703909.9786,19990309.0,辽宁,大连市,38300.0,www.hengli.com,"主要从事PTA,聚酯切片,民用涤纶长丝,工业涤纶长丝,聚酯薄膜,工程塑料的生产,研发和销售,同时对外提供电力,蒸汽等产品",False,C26化学原料和化学制品制造业,证监会行业分类
600348,华阳股份,600348.SH,SSE,主板,山西,煤炭开采,20030821,H,王玉明,王玉明,360750.0,19991230.0,山西,阳泉市,38338.0,yqmy.ymjt.com.cn,"主要产品:洗块煤,洗粉煤,洗末煤,煤泥,供热.",False,B06煤炭开采和洗选业,证监会行业分类
600350,山东高速,600350.SH,SSE,主板,山东,路桥,20020318,H,傅柏先,王昊,483457.0825,19991116.0,山东,济南市,10562.0,www.sdecl.com.cn,"主要业务:经营和管理山东境内的济南至青岛高速公路,泰安至曲阜一级公路,济南黄河大桥,滨州黄河大桥,平阴黄河大桥,济南黄河二桥.",False,G54道路运输业,证监会行业分类
600351,亚宝药业,600351.SH,SSE,主板,山西,中成药,20020926,H,任武贤,任伟,69200.0046,19990126.0,山西,运城市,3611.0,www.yabao.com.cn,"主要产品:丁桂儿脐贴,曲克芦丁片.",False,C27医药制造业,证监会行业分类
600352,浙江龙盛,600352.SH,SSE,主板,浙江,染料涂料,20030801,H,阮伟祥,阮伟祥,325333.186,19980323.0,浙江,绍兴市,5327.0,www.longsheng.com,"主要业务:分散染料,活性染料,酸性染料,化工中间体及染料助剂的开发,制造,销售.",False,C26化学原料和化学制品制造业,证监会行业分类
600353,旭光电子,600353.SH,SSE,主板,四川,元器件,20021120,H,刘卫东,张纯,82997.6239,19940228.0,四川,成都市,2101.0,www.xuguang.com.cn,"主要产品:电子管,开关管(真空灭弧室)和固封极柱,高低压配电成套装置及电器元件(开关柜和断路器),光电器件.主营业务:金属陶瓷电真空器件,高低压配电成套装置,光电器件等产品研发,生产,销售.",False,C39计算机、通信和其他电子设备制造业,证监会行业分类
600354,敦煌种业,600354.SH,SSE,主板,甘肃,种植业,20040115,N,周彪,王栋,52780.208,19981228.0,甘肃,酒泉市,596.0,www.dhseed.com,"主要业务:玉米,棉花,西瓜,甜瓜,蔬菜等农作物良种的繁育,生产,加工,检测,包装和销售,以及相关下游农产品棉花的收购,加工,包装和销售业务.",False,A05农、林、牧、渔专业及辅助性活动,证监会行业分类
600356,恒丰纸业,600356.SH,SSE,主板,黑龙江,造纸,20010419,N,李迎春,周再利,32953.6504,19940306.0,黑龙江,牡丹江市,2156.0,www.hengfengpaper.com,"主要产品:卷烟纸,滤嘴棒纸,铝箔衬纸.",False,C22造纸和纸制品业,证监会行业分类
600358,国旅联合,600358.SH,SSE,主板,江西,广告包装,20000922,N,何新跃,李颖,50493.666,19981229.0,江西,南昌市,171.0,www.cutc.com.cn,"主要业务:运输业,旅游业,房地产业,彩票业.",False,L72商务服务业,证监会行业分类
600359,新农开发,600359.SH,SSE,主板,新疆,种植业,19990429,N,唐建国,李军华,38151.282,19990423.0,新疆,阿拉尔市,324.0,www.xnkf.com,主要产品:棉花.,False,A01农业,证监会行业分类
600360,华微电子,600360.SH,SSE,主板,吉林,半导体,20010316,N,于胜东,于胜东,96029.5304,19991021.0,吉林,吉林市,2637.0,www.hwdz.com.cn,"主要产品:功率半导体器件产品.主营业务:功率半导体器件的设计研发,芯片制造,封装测试,销售等业务.",False,C39计算机、通信和其他电子设备制造业,证监会行业分类
600361,创新新材,600361.SH,SSE,主板,北京,铝,20011129,H,王伟,王伟,373266.2913,19960607.0,北京,北京市,11458.0,www.innovationmetal.com,主要业务:经营大型综合超市和百货店.,False,C32有色金属冶炼和压延加工业,证监会行业分类
600362,江西铜业,600362.SH,SSE,主板,江西,铜,20020111,H,郑高清,周少兵,346272.9405,19970124.0,江西,鹰潭市,26740.0,www.jxcc.com,"主要产品:阴极铜,黄金,白银,硫酸,铜杆,铜管,铜箔,硒,碲,铼,铋等.主营业务:铜的采选,冶炼和加工,贵金属和稀散金属的提取与加工,硫化工,以及金融,贸易等.",False,C32有色金属冶炼和压延加工业,证监会行业分类
600363,联创光电,600363.SH,SSE,主板,江西,元器件,20010329,H,伍锐,伍锐,45088.845,19990630.0,江西,南昌市,4602.0,www.lianovation.com.cn,"主要产品:LED芯片,显示及照明用LED器件及组件,背光源及组件,智能控制器及模块.主营业务:光电子器件及应用产品,电线电缆产品的研发,生产和销售.",False,C39计算机、通信和其他电子设备制造业,证监会行业分类
600365,ST通葡,600365.SH,SSE,主板,吉林,互联网,20010115,N,吴玉华,陈晓琦,45403.0,19990127.0,吉林,通化市,507.0,www.tonhwa.com,"主要产品:葡萄酒,果露酒.",True,F52零售业,证监会行业分类
600366,宁波韵升,600366.SH,SSE,主板,浙江,矿物制品,20001030,H,竺晓东,竺晓东,109904.1051,19940630.0,浙江,宁波市,3547.0,www.yunsheng.com,"主要产品:稀土永磁材料.主营业务:稀土永磁材料的研发,制造和销售.",False,C30非金属矿物制品业,证监会行业分类
600367,红星发展,600367.SH,SSE,主板,贵州,化工原料,20010320,H,万洋,刘正涛,34113.0902,19990502.0,贵州,安顺市,2759.0,www.hxfz.com.cn,"主要产品有碳酸钡,碳酸锶,不溶性硫磺,硫脲,电解二氧化锰,金属锰,硝酸锶,氯化锶,金属锶等.",False,C26化学原料和化学制品制造业,证监会行业分类
600368,五洲交通,600368.SH,SSE,主板,广西,路桥,20001221,H,吴忠杰,许国平,160965.3858,19921231.0,广西,南宁市,805.0,www.gxwzjt.com,"主要业务:广西壮族自治区内公路,桥梁的建设和经营管理.",False,G54道路运输业,证监会行业分类
600369,西南证券,600369.SH,SSE,主板,重庆,证券,20010109,H,姜栋林,杨雨松,664510.9124,19900607.0,重庆,重庆市,2543.0,www.swsc.com.cn,"主营业务:证券经纪;证券承销与保荐;证券自营;证券资产管理;证券投资咨询;与证券交易,证券投资活动有关的财务顾问;证券投资基金代销等证券业务;融资融券,集合资产管理,代办系统主办券商等创新业务,并通过设立子公司开展直接股权投资业务;转融通,中小企业私募债券承销,债券质押式报价回购,约定购回式证券交易,参与利率互换交易等多项创新业务;代销金融产品业务资格,保险资金受托管理业务资格,股票质押式回购业务资格以及为期货公司提供中间介绍业务资格等.",False,J67资本市场服务,证监会行业分类
600370,*ST三房,600370.SH,SSE,主板,江苏,化工原料,20030306,N,卞惠良,卞永刚,401823.2074,19940613.0,江苏,无锡市,2144.0,www.jssfx.com,"主要产品:印染布,纱,PBT树脂,电,蒸汽.",True,C26化学原料和化学制品制造业,证监会行业分类
600371,万向德农,600371.SH,SSE,主板,黑龙江,种植业,20020916,N,崔立国,陈羿元,29257.8,19950913.0,黑龙江,哈尔滨市,194.0,www.wxdoneed.com,"主要产品:玉米,牧草,油葵等农作物种子,高麦芽糖浆,啤酒专用糖浆,麦芽糊精等淀粉糖产品,玉米淀粉及胚芽,纤维,蛋白粉等副产品,生物驱油剂产品.",False,A05农、林、牧、渔专业及辅助性活动,证监会行业分类
600372,中航机载,600372.SH,SSE,主板,北京,航空,20010706,H,胡林平,王树刚,483889.663,19991126.0,北京,北京市,32798.0,www.avicairborne.com,"主营业务:1.航空,防务及安全领域电子产品(系统,设备,器件,软件).2.民用电子产品及相关设备.3.智能装备(分系统和关键部件为主).4.创新项目孵化.",False,C37铁路、船舶、航空航天和其他运输设备制造业,证监会行业分类
600373,中文传媒,600373.SH,SSE,主板,江西,出版业,20020304,H,吴卫东,吴涤,134735.8719,19981130.0,江西,上饶市,7958.0,www.600373.com.cn,"主营业务:书刊和音像电子出版物编辑出版,印刷发行,物资供应等传统出版业务;国内外贸易,现代物流和物联网技术应用等产业链延伸业务;新媒体,在线教育,互联网游戏,数字出版,影视剧生产,艺术品经营,文化综合体和投融资等新业态业务.",False,R86新闻和出版业,证监会行业分类
600375,汉马科技,600375.SH,SSE,主板,安徽,汽车整车,20030401,H,范现军,郑志强,160307.1367,19991212.0,安徽,马鞍山市,1785.0,www.camc.cc,"主要产品:混凝土搅拌车,散装水泥车,混凝土泵车.主营业务:重卡,专用汽车及汽车零部件的生产,研发与销售.",False,C36汽车制造业,证监会行业分类
600376,首开股份,600376.SH,SSE,主板,北京,区域地产,20010312,H,李岩,李捷,257956.5242,19931229.0,北京,北京市,2197.0,www.shoukaigufen.com,"主要业务:商品房,经济适用房,普通办公楼,商业设施以及土地的开发与销售.",False,K70房地产业,证监会行业分类
600377,宁沪高速,600377.SH,SSE,主板,江苏,路桥,20010116,H,汪锋,,503774.75,19920801.0,江苏,南京市,4463.0,www.jsexpressway.com,"主要业务:沪宁高速公路江苏段,宁沪二级公路江苏段,宁连公路南京段,广靖锡澄高速公路,配套服务.",False,G54道路运输业,证监会行业分类
600378,昊华科技,600378.SH,SSE,主板,四川,化工原料,20010111,H,王军,王军,128999.962,19990805.0,四川,成都市,11708.0,haohua.weihu.sinochem.com,"主要产品或提供的劳务包括:催化剂,变压吸附气体分离技术及装置,特种气体,有机化工产品,特种阀门,吸附剂等的研制,生产,销售,化工产品开发设计与技术咨询.经营自产产品及技术的出口业务;经营生产所需的原辅材料,仪器仪表,机械设备,零配件及技术的进出口业务.",False,C26化学原料和化学制品制造业,证监会行业分类
600379,宝光股份,600379.SH,SSE,主板,陕西,电气设备,20020116,N,王海波,刘壮,33020.1564,19971231.0,陕西,宝鸡市,974.0,www.baoguang.com.cn,主要产品:真空开关设备及元器件.,False,C38电气机械和器材制造业,证监会行业分类
600380,健康元,600380.SH,SSE,主板,深圳,化学制药,20010608,H,朱保国,林楠棋,182945.3386,19921218.0,广东,深圳市,13575.0,www.joincare.com,"主要产品:太太口服液,静心口服液.",False,C27医药制造业,证监会行业分类
600381,*ST春天,600381.SH,SSE,主板,青海,医疗保健,20010508,N,张雪峰,张雪峰,58706.0741,19980828.0,青海,西宁市,159.0,www.verygrass.com,"主营业务;青海地区冬虫夏草产品的研发,生产与销售",True,C14食品制造业,证监会行业分类
600382,广东明珠,600382.SH,SSE,主板,广东,普钢,20010118,N,黄丙娣,黄丙娣,69440.8089,19940421.0,广东,梅州市,283.0,www.gdmzh.com,"主要业务:参与PPP模式项目合作,致力于土地一级开发;参与共同合作投资房地产开发项目;经营贸易业务;参与实业投资,如参股,控股实业;对公司现有物业对外出租等.",False,B08黑色金属矿采选业,证监会行业分类
600383,金地集团,600383.SH,SSE,主板,深圳,全国地产,20010412,H,徐家俊,李荣辉,451458.3572,19880120.0,广东,深圳市,36633.0,www.gemdale.com,"主要业务:房地产开发与经营,物业租赁和物业管理.",False,K70房地产业,证监会行业分类
600386,北巴传媒,600386.SH,SSE,主板,北京,汽车服务,20010216,N,吴名,吴名,80640.0,19990618.0,北京,北京市,1295.0,www.bbcm.com.cn,"主营业务为公交广告业务,汽车服务业务和投资业务.",False,F52零售业,证监会行业分类
600388,龙净环保,600388.SH,SSE,主板,福建,环境保护,20001229,H,黄炜,黄炜,127004.6293,19980223.0,福建,龙岩市,6808.0,www.longking.com.cn,"主要业务:电除尘器成套项目,脱硫项目,水电项目.",False,C35专用设备制造业,证监会行业分类
600389,江山股份,600389.SH,SSE,主板,江苏,农药化肥,20010110,H,王利,孟长春,43065.0,19901018.0,江苏,南通市,2721.0,www.jsac.com.cn,"主营业务为农药化工产品的生产销售.主要产品包括:草甘膦,敌敌畏,敌百虫,丁乙草胺等农药产品及烧碱,树脂,三氯化磷,双甘膦,氯甲烷等化工产品以及热电联产蒸汽.",False,C26化学原料和化学制品制造业,证监会行业分类
600390,五矿资本,600390.SH,SSE,主板,湖南,多元金融,20010115,H,赵立功,陈辉,449806.5459,19990831.0,湖南,长沙市,2604.0,www.minmetals-finance.com,"主要产品:超硬材料,电子基础材料.主营业务为锰及锰系产品和电池正极材料,证券,期货,信托,金融租赁等多项金融牌照业务",False,J69其他金融业,证监会行业分类
600391,航发科技,600391.SH,SSE,主板,四川,航空,20011212,H,丛春义,张生,33012.9367,19991228.0,四川,成都市,3803.0,ast.aecc.cn,"主要产品包括航空发动机零部件,燃气轮机零部件,空调壳体件,石油机械零部件,纺织机械的生产,制造和销售等.",False,C37铁路、船舶、航空航天和其他运输设备制造业,证监会行业分类
600392,盛和资源,600392.SH,SSE,主板,四川,小金属,20030529,H,谢兵,黄平,175282.657,19980701.0,四川,成都市,2514.0,www.shengheholding.com,"主营业务:稀土矿山开采,稀土产品生产及销售;催化材料生产及销售;各类实业投资;稀有稀土金属冶炼与销售,稀土金属合金,废料回收;综合应用及深加工,技术咨询;稀土新材料加工与销售.主要产品:稀土氧化物,稀有稀土金属,稀土高效催化剂及分子筛,锆英砂,钛精矿,金红石,独居石等.",False,C32有色金属冶炼和压延加工业,证监会行业分类
600395,盘江股份,600395.SH,SSE,主板,贵州,煤炭开采,20010531,H,纪绍思,纪绍思,214662.4894,19991029.0,贵州,六盘水市,26635.0,www.pjgf.cn,"主要产品:精煤,混煤.",False,B06煤炭开采和洗选业,证监会行业分类
600396,华电辽能,600396.SH,SSE,主板,辽宁,火力发电,20010328,N,姜青松,田立,147270.6817,19980604.0,辽宁,沈阳市,1518.0,www.chd.com.cn,"主营业务:电力,热力的生产和供应",False,D44电力、热力生产和供应业,证监会行业分类
600397,江钨装备,600397.SH,SSE,主板,江西,专用机械,20020702,H,熊旭晴,阳颖霖,98995.9882,19991230.0,江西,萍乡市,6910.0,www.jxcgc.com,"主营业务为煤炭开采,煤炭精选加工,煤炭经营等",False,C35专用设备制造业,证监会行业分类
600398,海澜之家,600398.SH,SSE,主板,江苏,服饰,20001228,H,周立宸,周立宸,480277.0296,19970108.0,江苏,无锡市,29375.0,"www.hla.com,www.hla.com.cn","主营业务;品牌服饰的经营,包括品牌管理,供应链管理和营销网络管理等业务",False,C18纺织服装、服饰业,证监会行业分类
600399,抚顺特钢,600399.SH,SSE,主板,辽宁,特种钢,20001229,H,孙立国,穆立峰,197210.0,19990607.0,辽宁,抚顺市,6521.0,www.fs-ss.com,"主要产品:合金结构钢,工模具钢,不锈钢和高温合金.主要业务:特殊钢和合金材料的研发制造.",False,C31黑色金属冶炼和压延加工业,证监会行业分类
600400,红豆股份,600400.SH,SSE,主板,江苏,服饰,20010108,H,周宏江,王昌辉,229137.1852,19950616.0,江苏,无锡市,3681.0,www.hongdou.com.cn,"主营业务为服装,毛线纱线及印染.",False,C18纺织服装、服饰业,证监会行业分类
600403,大有能源,600403.SH,SSE,主板,河南,煤炭开采,20031009,H,任春星,赵光明,239081.2402,19980115.0,河南,三门峡市,23243.0,dyny.hnecgc.com.cn,主营业务:煤炭生产与经营,False,B06煤炭开采和洗选业,证监会行业分类
600405,动力源,600405.SH,SSE,主板,北京,电气设备,20040401,N,何昕,何昕,61282.9588,19950121.0,北京,北京市,1491.0,www.dpc.com.cn,"主要产品:通信电源,高压直流电源,工业电源,应急电源(EPS),不间断电源(UPS),光伏逆变器,功率优化器,高压变频器,合同能源管理服务,非车载充电产品,车载动力系统总成核心零部件,车载电源.主营业务:电力电子技术领域相关产品的研发,制造,销售以及相关技术服务并为客户提供系统集成解决方案.",False,C39计算机、通信和其他电子设备制造业,证监会行业分类
600406,国电南瑞,600406.SH,SSE,主板,江苏,电气设备,20031016,H,郑宗强,罗汉武,803175.6156,20010228.0,江苏,南京市,11832.0,www.naritech.cn,"主营业务:电网调度自动化,变电站自动化,农村电网自动化,火电厂及工业控制自动化,轨道交通电气,保护自动化,电力市场商业化运营系统,配电系统自动化等产品的软硬件开发,生产,销售及与之相关的系统集成服务.",False,I65软件和信息技术服务业,证监会行业分类
600408,安泰集团,600408.SH,SSE,主板,山西,焦炭加工,20030212,N,李猛,郭全虎,100680.0,19930729.0,山西,晋中市,2147.0,www.antaigroup.com,"煤炭洗选,焦炭,生铁,水泥及其制品,电力的生产与销售.主要业务:焦炭及其副产品,型钢,电力,矿渣细粉的生产与销售.",False,C31黑色金属冶炼和压延加工业,证监会行业分类
600409,三友化工,600409.SH,SSE,主板,河北,化纤,20030618,H,王春生,张作功,206434.9448,19991228.0,河北,唐山市,17553.0,www.sanyou-chem.com.cn,主营业务:纯碱和氯化钙产品的生产与销售.,False,C26化学原料和化学制品制造业,证监会行业分类
600410,华胜天成,600410.SH,SSE,主板,北京,软件服务,20040427,H,王维航,王维航,109649.4683,19981130.0,北京,北京市,2585.0,www.teamsun.com.cn,"公司的主营业务主要由系统产品及系统集成服务,软件及软件开发业务及专业服务业务组成.",False,I65软件和信息技术服务业,证监会行业分类
600415,小商品城,600415.SH,SSE,主板,浙江,商品城,20020509,H,陈德占,包华,548355.9226,19931228.0,浙江,金华市,3306.0,www.cccgroup.com.cn,"主营业务:市场网点经营,酒店服务,商品销售,房地产开发销售等.",False,L72商务服务业,证监会行业分类
600416,湘电股份,600416.SH,SSE,主板,湖南,电气设备,20020718,H,张越雷,王大志,147578.2384,19991226.0,湖南,湘潭市,4479.0,www.xemc.com.cn,"主要产品:交流电机,直流电机,车辆,水泵.",False,C38电气机械和器材制造业,证监会行业分类
600418,江淮汽车,600418.SH,SSE,主板,安徽,汽车整车,20010824,H,项兴初,李明,225417.8195,19990930.0,安徽,合肥市,22179.0,www.jac.com.cn,"主要产品:商用车,乘用车及汽车底盘等.",False,C36汽车制造业,证监会行业分类
600419,天润乳业,600419.SH,SSE,主板,新疆,乳制品,20010628,N,刘让,胡刚,31551.2123,19991230.0,新疆,乌鲁木齐市,3097.0,www.xjtrry.com,"主要产品:乳和乳制品,初乳素系列生物保健品,预包装食品,乳制品,乳饮料,儿童食品,营养食品,食品,饮料加工设备,乳制品及乳品原料等.",False,C14食品制造业,证监会行业分类
600420,国药现代,600420.SH,SSE,主板,上海,化学制药,20040616,H,许继辉,刘勇,134117.2692,19961127.0,上海,上海市,9697.0,www.shyndec.com,"抗生素,保肝类,降压类,社会品种批发,生化品种.",False,C27医药制造业,证监会行业分类
600421,*ST华嵘,600421.SH,SSE,主板,湖北,专用机械,20040607,N,周梁辉,帅曲,19560.0,19971120.0,湖北,武汉市,102.0,,"墓地销售代理,殡葬服务",True,C34通用设备制造业,证监会行业分类
600422,昆药集团,600422.SH,SSE,主板,云南,中成药,20001206,H,钟江,钟江,75697.5757,19951214.0,云南,昆明市,5072.0,www.kpc.com.cn,"主要产品有蒿甲醚系列,三七系列,天麻素系列等.主营业务为中西药生产,销售等",False,C27医药制造业,证监会行业分类
600423,*ST柳化,600423.SH,SSE,主板,广西,农药化肥,20030717,N,陆胜云,陆胜云,79869.5026,20010306.0,广西,柳州市,91.0,www.lzhg.cn,"主要产品有:硝酸铵,尿素,浓硝酸,甲醛,精甲醇,纯碱,氯化铵及碳酸氢铵.",True,C26化学原料和化学制品制造业,证监会行业分类
600425,青松建化,600425.SH,SSE,主板,新疆,水泥,20030724,H,郑术建,王建清,160470.3707,20001117.0,新疆,阿拉尔市,3013.0,www.xjqscc.com,"主要产品:建材产品,化工产品.水泥及水泥制品的生产和销售.",False,C30非金属矿物制品业,证监会行业分类
600426,华鲁恒升,600426.SH,SSE,主板,山东,农药化肥,20020620,H,常怀春,祁少卿,212318.6662,20000426.0,山东,德州市,6174.0,www.hl-hengsheng.com,"主营业务:尿素,DMF,三甲胺及甲醛的生产和销售.",False,C26化学原料和化学制品制造业,证监会行业分类
600428,中远海特,600428.SH,SSE,主板,广东,水运,20020418,H,张炜,张炜,274392.0395,19991208.0,广东,广州市,5548.0,spe.coscoshipping.com,主营业务;航运.,False,G55水上运输业,证监会行业分类
600429,三元股份,600429.SH,SSE,主板,北京,乳制品,20030915,H,袁浩宗,陈海峰,150208.9065,19970313.0,北京,北京市,5913.0,www.sanyuan.com.cn,"主营业务为乳制品生产,加工,销售.",False,C14食品制造业,证监会行业分类
600433,冠豪高新,600433.SH,SSE,主板,广东,造纸,20030619,H,李飞,,175027.9233,19930715.0,广东,湛江市,3621.0,www.guanhao.com,主要产品:无碳纸.,False,C22造纸和纸制品业,证监会行业分类
600435,北方导航,600435.SH,SSE,主板,北京,专用机械,20030704,H,李海涛,胡小军,151235.7749,20000911.0,北京,北京市,2170.0,bfdh.norincogroup.com.cn,"主要产品:导航控制,弹药信息化系统,短波电台和卫星通信系统,军用电连接器等领域的整机,核心部件;改装专用车,可移动货柜为支柱产品.主营业务:制导控制,导航控制,探测控制,环境控制,稳定控制,电台及卫星通信,电连接器等产品和技术;专用车等高新技术产品研发及生产.",False,C39计算机、通信和其他电子设备制造业,证监会行业分类
600436,片仔癀,600436.SH,SSE,主板,福建,中成药,20030616,H,林志辉,黄进明,60331.721,19991228.0,福建,漳州市,2839.0,www.zzpzh.com,主要产品为片仔癀及其系列产品.,False,C27医药制造业,证监会行业分类
600438,通威股份,600438.SH,SSE,主板,四川,电气设备,20040302,H,刘舒琪,刘舒琪,450199.0405,19951208.0,四川,成都市,55724.0,www.tongwei.com.cn,"水产饲料,畜禽饲料等的研究,生产和销售,多晶硅,太阳能电池的研发,生产,销售",False,C38电气机械和器材制造业,证监会行业分类
600439,瑞贝卡,600439.SH,SSE,主板,河南,服饰,20030710,N,郑文青,郑文青,113198.544,19991024.0,河南,许昌市,8142.0,www.rebecca.com.cn,"主要产品有工艺发条,化纤发,女装假发,教习头,男装头套等各种假发饰品.",False,C19皮革、毛皮、羽毛及其制品和制鞋业,证监会行业分类
600444,国机通用,600444.SH,SSE,主板,安徽,专用机械,20040219,N,吴顺勇,吴顺勇,14642.1932,19931230.0,安徽,合肥市,272.0,www.guotone.com,"主要产品:UPVC双壁波纹管,PE双壁波纹管.",False,C35专用设备制造业,证监会行业分类
600446,金证股份,600446.SH,SSE,主板,深圳,软件服务,20031224,H,李结义,王清若,94126.7479,19980821.0,广东,深圳市,6837.0,www.szkingdom.com,"主要产品:系统集成,软件,硬件,系统维护.主营业务一直为金融IT领域",False,I65软件和信息技术服务业,证监会行业分类
600448,华纺股份,600448.SH,SSE,主板,山东,纺织,20010903,N,盛守祥,闫英山,62981.9662,19990903.0,山东,滨州市,3116.0,www.hfgf.cn,"主要产品:印染布,棉布,棉纱,毛条,毛纱,呢绒面料.",False,C17纺织业,证监会行业分类
600449,宁夏建材,600449.SH,SSE,主板,宁夏,水泥,20030829,H,蒋明刚,蒋明刚,47818.1042,19981204.0,宁夏,银川市,2439.0,www.4008874005.com,"主要产品:水泥,熟料,塑料管材.主要从事水泥及水泥制品的生产与销售.",False,C30非金属矿物制品业,证监会行业分类
600452,涪陵电力,600452.SH,SSE,主板,重庆,水力发电,20040303,H,马文海,蔡彬,153654.1654,19991229.0,重庆,重庆市,608.0,www.flpower.com.cn,"主营电力供应与销售,供电区域主要集中于重庆市涪陵区行政区域,以110KV输电线路为骨干网架,以35KV,10KV线路为配电网络.",False,D44电力、热力生产和供应业,证监会行业分类
600455,博通股份,600455.SH,SSE,主板,陕西,文教休闲,20040329,N,王萍,王萍,6245.8,19940831.0,陕西,西安市,685.0,www.butone.com,"主要产品:定制软件,销售自制软件,系统集成,计算机设备销售.",False,P83教育,证监会行业分类
600456,宝钛股份,600456.SH,SSE,主板,陕西,小金属,20020412,H,王俭,张海龙,47777.7539,19990721.0,陕西,宝鸡市,4934.0,www.baoti.com,"主要产品:各种规格的钛及钛合金板,带,箔,管,棒,线,锻件,铸件等加工材和各种金属复合材产品.主营业务:钛及钛合金的生产,加工和销售.",False,C32有色金属冶炼和压延加工业,证监会行业分类
600458,时代新材,600458.SH,SSE,主板,湖南,塑料,20021219,H,彭华文,杨治国,93075.352,19940524.0,湖南,株洲市,6339.0,www.crrcgc.cc,"主营业务为:高分子减振降噪弹性元件,高分子复合改性材料和特种涂料及新型绝缘材料的研制,生产和销售.桥梁支座,伸缩缝的研制,生产和销售,风力发电机组零配件的研制,生产和销售,建筑工程隔震减震产品的研制,生产和销售;桥梁工程维护,水处理设备及配件研发,制造,销售以及代理各类商品和技术的进出口业务..",False,C29橡胶和塑料制品业,证监会行业分类
600459,贵研铂业,600459.SH,SSE,主板,云南,小金属,20030516,H,杨小江,郭俊梅,75980.7126,20000925.0,云南,昆明市,1996.0,www.sino-platinum.com.cn,"主要业务:贵金属特种功能材料,环保及催化功能材料,信息功能材料,再生资源材料等.主营业务:贵金属研究,开发和生产经营.",False,C32有色金属冶炼和压延加工业,证监会行业分类
600460,士兰微,600460.SH,SSE,主板,浙江,半导体,20030311,H,陈向东,郑少波,166407.1845,19970925.0,浙江,杭州市,10223.0,www.silan.com.cn,"主要产品:集成电路,半导体分立器件,LED(发光二极管)产品等三大类.主营业务:电子元器件,电子零部件及其他电子产品设计,制造,销售;机电产品进出口.",False,C39计算机、通信和其他电子设备制造业,证监会行业分类
600461,洪城环境,600461.SH,SSE,主板,江西,水务,20040601,H,邵涛,蔡翘,128415.5586,20010122.0,江西,南昌市,6837.0,www.jxhcsy.com,"主营业务:自来水的生产和销售,城市污水处理,燃气能源,工程及其他业务",False,D46水的生产和供应业,证监会行业分类
600463,空港股份,600463.SH,SSE,主板,北京,园区开发,20040318,N,夏自景,,30000.0,20000328.0,北京,北京市,501.0,www.600463.com.cn,"主要业务:园区开发建设,工业地产开发,建筑施工,物业经营与管理.",False,E48土木工程建筑业,证监会行业分类
600467,好当家,600467.SH,SSE,主板,山东,渔业,20040405,N,唐传勤,唐传勤,146099.4304,19930107.0,山东,威海市,2871.0,www.sdhaodangjia.com,"主要产品有海参,牙鲆鱼,鲍鱼,海蛰等各种鲜活海产品和冷冻食品.",False,A04渔业,证监会行业分类
600468,百利电气,600468.SH,SSE,主板,天津,电气设备,20010615,H,左小鹏,朱文斌,108773.5321,19990923.0,天津,天津市,1798.0,www.benefo.tj.cn,"主营业务为输配电及控制设备,泵,钨钼制品.",False,C38电气机械和器材制造业,证监会行业分类
600469,风神股份,600469.SH,SSE,主板,河南,汽车配件,20031021,N,王建军,王建军,89003.4812,19981201.0,河南,焦作市,5924.0,www.aeolustyre.com,"主要产品:斜交胎,全钢载重子午胎.",False,C29橡胶和塑料制品业,证监会行业分类
600470,六国化工,600470.SH,SSE,主板,安徽,农药化肥,20040305,N,马健,马健,52160.0,20001228.0,安徽,铜陵市,2937.0,www.liuguo.com,主要产品:磷酸二铵.,False,C26化学原料和化学制品制造业,证监会行业分类
600475,华光环能,600475.SH,SSE,主板,江苏,电气设备,20030721,H,蒋志坚,缪强,95596.5729,20001226.0,江苏,无锡市,4019.0,www.hghngroup.com,"主营业务与主要产品:节能高效发电设备,环保新能源发电设备,环境工程与服务,电站工程与服务,地方能源供应.",False,N77生态保护和环境治理业,证监会行业分类
600476,*ST湘邮,600476.SH,SSE,主板,湖南,软件服务,20031210,N,董志宏,褚艳,16107.0,20001017.0,湖南,长沙市,610.0,www.copote.com,"主要产品:系统集成,产品销售,房地产,软件,设计.主营业务:邮政及其他行业软件开发,系统集成,设备制造及产品代理销售等.",True,I65软件和信息技术服务业,证监会行业分类
600477,杭萧钢构,600477.SH,SSE,主板,浙江,钢加工,20031110,H,单际华,单际华,235896.8436,20001228.0,浙江,杭州市,7564.0,www.hxss.com.cn,"主要产品:轻型钢结构,多高层钢结构,商品销售.",False,C33金属制品业,证监会行业分类
600478,科力远,600478.SH,SSE,主板,湖南,电气设备,20030918,H,张聚东,潘立贤,166554.0916,19980124.0,湖南,郴州市,2839.0,www.corun.com,主要产品:泡沫镍.,False,C38电气机械和器材制造业,证监会行业分类
600479,千金药业,600479.SH,SSE,主板,湖南,中成药,20040312,N,蹇顺,陈智勇,49221.0016,19930813.0,湖南,株洲市,5270.0,www.qjyy.com,"主要产品:妇科千金片(72片),妇科千金片(108片).",False,C27医药制造业,证监会行业分类
600480,凌云股份,600480.SH,SSE,主板,河北,汽车配件,20030815,H,罗开全,郑英军,122228.4427,19950410.0,河北,保定市,10806.0,www.lingyun.com.cn,"主要产品是汽车金属及塑料零部件,塑料管道系统及其他产品.",False,C36汽车制造业,证监会行业分类
600481,双良节能,600481.SH,SSE,主板,江苏,电气设备,20030422,H,刘正宇,刘正宇,206418.1562,19951005.0,江苏,无锡市,4854.0,www.shuangliang.com,"主要产品:溴化锂制冷机(热泵),高效换热器,空冷器等换热设备和苯乙烯,聚苯乙烯产品.",False,C34通用设备制造业,证监会行业分类
600482,中国动力,600482.SH,SSE,主板,河北,船舶,20040714,H,邵煜,付向昭,226824.6368,20000613.0,河北,保定市,24499.0,www.china-csicpower.com.cn,"主要产品:铅酸蓄电池,蓄电池壳体,隔板,非蓄电池塑料制品.",False,C37铁路、船舶、航空航天和其他运输设备制造业,证监会行业分类
600483,福能股份,600483.SH,SSE,主板,福建,新型电力,20040531,H,桂思玉,罗睿,278013.78,19940111.0,福建,南平市,3251.0,www.fjec.com.cn,电力和纺织业,False,D44电力、热力生产和供应业,证监会行业分类
600486,扬农化工,600486.SH,SSE,主板,江苏,农药化肥,20020425,H,吴孝举,吴孝举,40532.5293,19991210.0,江苏,扬州市,3823.0,www.yangnongchem.com,"主要产品:卫生用菊酯,农用菊酯.",False,C26化学原料和化学制品制造业,证监会行业分类
600487,亨通光电,600487.SH,SSE,主板,江苏,通信设备,20030822,H,张建峰,张建峰,246639.2257,19930605.0,江苏,苏州市,16203.0,www.htgd.com.cn,"主营业务:通信网络业务,能源互联业务",False,C38电气机械和器材制造业,证监会行业分类
600488,津药药业,600488.SH,SSE,主板,天津,化学制药,20010618,H,李书箱,李书箱,109188.668,19991201.0,天津,天津市,2884.0,www.kingyork.biz,"主要产品:皮质激素,类原料药,心血管类,原料药,水针剂,商品贸易,原料.主营业务为原料药和制剂的生产和销售,出口.",False,C27医药制造业,证监会行业分类
600489,中金黄金,600489.SH,SSE,主板,北京,黄金,20030814,H,贺小庆,贺小庆,484731.2564,20070924.0,北京,北京市,22801.0,zjgold.chinagoldgroup.com,主要产品:黄金.,False,B09有色金属矿采选业,证监会行业分类
600490,鹏欣资源,600490.SH,SSE,主板,上海,铜,20030626,H,王健,,221288.7079,20000929.0,上海,上海市,2448.0,www.pengxinzy.com.cn,"主营业务:有色金属及贵金属的采选业务,冶炼及销售,以及贸易,新能源及金融等.",False,C32有色金属冶炼和压延加工业,证监会行业分类
600491,ST龙元,600491.SH,SSE,主板,浙江,建筑工程,20040524,N,赖朝辉,赖朝辉,152975.7955,19950711.0,浙江,宁波市,2550.0,www.lycg.com.cn,"主营业务:土建施工,装饰与钢结构,建筑设计及其他.",True,E48土木工程建筑业,证监会行业分类
600493,凤竹纺织,600493.SH,SSE,主板,福建,纺织,20040421,N,陈强,陈澄清,27200.0,19910411.0,福建,泉州市,1306.0,www.fynex.com.cn,"主要产品:织造,染纱,染整加工,污水处理.",False,C17纺织业,证监会行业分类
600495,晋西车轴,600495.SH,SSE,主板,山西,运输设备,20040526,H,吴振国,刘铁,120819.0886,20001227.0,山西,太原市,1281.0,www.jinxiaxle.com,主要产品:车轴.,False,C37铁路、船舶、航空航天和其他运输设备制造业,证监会行业分类
600496,精工钢构,600496.SH,SSE,主板,安徽,钢加工,20020605,H,方朝阳,方朝阳,199012.5173,19990628.0,安徽,六安市,8452.0,www.600496.com,"主营业务:钢结构行业,农业机械行业.",False,C33金属制品业,证监会行业分类
600497,驰宏锌锗,600497.SH,SSE,主板,云南,铅锌,20040420,H,杨美彦,罗进,504038.0483,20000718.0,云南,曲靖市,6794.0,chxz.chinalco.com.cn,"主要产品:锌产品,铅产品,银产品,锗产品.",False,C32有色金属冶炼和压延加工业,证监会行业分类
600498,烽火通信,600498.SH,SSE,主板,湖北,通信设备,20010823,H,曾军,蓝海,135816.7482,19991225.0,湖北,武汉市,13478.0,www.fiberhome.com,"主要产品:通信设备,光纤,光缆及电缆,数据网络产品.主营业务:立足于光通信,并深入拓展至信息技术与通信技术融合而生的广泛领域.",False,C39计算机、通信和其他电子设备制造业,证监会行业分类
600499,科达制造,600499.SH,SSE,主板,广东,专用机械,20021010,H,边程,杨学先,191785.6391,19961211.0,广东,佛山市,20108.0,www.kedachina.com.cn,"主要产品:机械产品,中药产品,自制配件及其他.",False,C35专用设备制造业,证监会行业分类
600500,中化国际,600500.SH,SSE,主板,上海,塑料,20000301,H,庞小琳,庞小琳,358830.6303,19981214.0,上海,上海市,9649.0,www.sinochemintl.com,"主要产品:储罐,焦炭等冶金产品,农药及其他商品,化工物流,贸易,船务,储运,塑料原料,橡胶及橡胶制品,散化商品.",False,C26化学原料和化学制品制造业,证监会行业分类
600501,航天晨光,600501.SH,SSE,主板,江苏,专用机械,20010615,H,赵康,,42782.42,19990930.0,江苏,南京市,1974.0,www.aerosun.cn,"主要产品:专用车类产品,波纹管类产品,压力容器类产品.",False,C35专用设备制造业,证监会行业分类
600502,安徽建工,600502.SH,SSE,主板,安徽,建筑工程,20030415,H,钱申春,钱申春,171653.3938,19980615.0,安徽,蚌埠市,17032.0,www.aceg.com.cn,"主营业务为以工程总承包为主,业务涵盖房屋建筑,水利水电,市政,公路,桥梁,隧道,港口航道,机电设备安装,装饰,科研,设计,咨询,监理,房地产开发,建机建材,水力发电,劳务输出",False,E48土木工程建筑业,证监会行业分类
600503,华丽家族,600503.SH,SSE,主板,上海,区域地产,20020709,N,王伟林,蔡顺明,160229.0,19961018.0,上海,上海市,129.0,www.deluxe-family.com,主营业务:股权投资,False,K70房地产业,证监会行业分类
600505,西昌电力,600505.SH,SSE,主板,四川,水力发电,20020530,H,张劲,朱国政,36456.75,19940618.0,四川,凉山彝族自治州,964.0,www.scxcdlgfyxgs.cn,主营业务:电力销售.,False,D44电力、热力生产和供应业,证监会行业分类
600506,统一股份,600506.SH,SSE,主板,新疆,石油加工,20011226,N,刘正刚,李嘉,19201.8934,19991118.0,新疆,巴音郭楞蒙古自治州,911.0,www.tongyioil.com,"主要产品:香梨,其他果品及包装物,杏酒.",False,C25石油、煤炭及其他燃料加工业,证监会行业分类
600507,方大特钢,600507.SH,SSE,主板,江西,特种钢,20030930,H,梁建国,曾飞骏,231318.789,19990916.0,江西,南昌市,6394.0,www.fangda-specialsteels.com,"主要产品:螺纹钢,汽车板簧,弹簧扁钢,铁精粉等.主营业务:冶金原燃材料的加工,黑色金属冶炼及其压延加工产品及其副产品的制造,销售.",False,C31黑色金属冶炼和压延加工业,证监会行业分类
600508,上海能源,600508.SH,SSE,主板,上海,煤炭开采,20010829,H,张付涛,李跃文,72271.8,19991229.0,上海,上海市,11853.0,www.sdtny.com,"主要产品:原煤,选煤,铁路运输.",False,B06煤炭开采和洗选业,证监会行业分类
600509,天富能源,600509.SH,SSE,主板,新疆,火力发电,20020228,H,尹俊涛,张廷君,137439.7407,19990328.0,新疆,石河子市,3161.0,www.tfny.com,"主要产品:电,热.",False,D44电力、热力生产和供应业,证监会行业分类
600510,黑牡丹,600510.SH,SSE,主板,江苏,全国地产,20020618,H,冯小玉,史荣飞,103202.5457,19930528.0,江苏,常州市,1840.0,www.blackpeony.com,"主要产品:牛仔布,服装.",False,K70房地产业,证监会行业分类
600511,国药股份,600511.SH,SSE,主板,北京,医药商业,20021127,H,刘月涛,刘月涛,75450.2998,19991221.0,北京,北京市,3024.0,www.cncm.com.cn,"主要业务:医药商业,医药工业.",False,F51批发业,证监会行业分类
600512,腾达建设,600512.SH,SSE,主板,浙江,建筑工程,20021226,N,杨九如,杨九如,159381.0979,19950821.0,浙江,台州市,3363.0,www.tengdajs.com,"主要业务:市政,公路工程,一级公路运营.",False,E48土木工程建筑业,证监会行业分类
600513,联环药业,600513.SH,SSE,主板,江苏,化学制药,20030319,H,钱振华,牛犇,28545.627,20000222.0,江苏,扬州市,1388.0,www.lhpharma.com,"主要产品:敏迪,爱普列特片,达那唑胶囊,联环尔定.",False,C27医药制造业,证监会行业分类
600515,海南机场,600515.SH,SSE,主板,海南,机场,20020806,H,杨小滨,,1142530.9602,19930512.0,海南,海口市,10611.0,www.hnport.com,"主要业务:商业,酒店业,房地产业.",False,K70房地产业,证监会行业分类
600516,方大炭素,600516.SH,SSE,主板,甘肃,矿物制品,20020830,H,张天军,谢海东,402597.0368,19990118.0,甘肃,兰州市,5013.0,www.fdtsgs.com,"主营业务为石墨及炭素制品的生产加工,批发零售.主要产品:超高功率石墨电极,高功率石墨电极,普通功率石墨电极,炭块.",False,C30非金属矿物制品业,证监会行业分类
600517,国网英大,600517.SH,SSE,主板,上海,多元金融,20031010,H,乔发栋,乔发栋,571843.5744,19971114.0,上海,上海市,3100.0,www.gwydgf.com,"主要业务:低碳节能,中低压电气及新材料一次设备,电网智能运维系统及设备,电力工程及节能服务相关的研发,生产,销售和技术服务等业务",False,J69其他金融业,证监会行业分类
600518,康美药业,600518.SH,SSE,主板,广东,中成药,20010319,H,赖志坚,欧国雄,1382889.669,19970618.0,广东,揭阳市,4233.0,www.kangmei.com.cn,"主要产品:络欣平,诺沙,利乐,中药饮片.",False,C27医药制造业,证监会行业分类
600519,贵州茅台,600519.SH,SSE,主板,贵州,白酒,20010827,H,陈华,王莉,125227.0215,19991120.0,贵州,遵义市,34750.0,www.moutaichina.com,"主要产品:高度茅台酒(含陈年茅台酒),低度茅台酒.",False,C15酒、饮料和精制茶制造业,证监会行业分类
600520,三佳科技,600520.SH,SSE,主板,安徽,半导体,20020108,H,裴晓辉,昌望,15843.0,20000428.0,安徽,铜陵市,777.0,www.chinatrinity.com,"主要产品:半导体集成电路塑封模具与化学建材挤出模具,LED支架.",False,C35专用设备制造业,证监会行业分类
600521,华海药业,600521.SH,SSE,主板,浙江,化学制药,20030304,H,陈保华,陈保华,149725.2136,20010228.0,浙江,台州市,9065.0,www.huahaipharm.com,"主要产品:普利类产品,沙坦类产品,抗忧郁类产品,抗组胺类产品,制剂.",False,C27医药制造业,证监会行业分类
600522,中天科技,600522.SH,SSE,主板,江苏,通信设备,20021024,H,薛驰,陆伟,341294.9652,19960209.0,江苏,南通市,15110.0,www.ztt.cn,主要产品:1.电信产品;2.电力产品;3.新能源产业.,False,C38电气机械和器材制造业,证监会行业分类
600523,贵航股份,600523.SH,SSE,主板,贵州,汽车配件,20011227,H,于险峰,杨建,40431.132,19991229.0,贵州,贵阳市,3450.0,www.gzghgf.com,"主营业务;汽车,摩托车零部件的开发,制造,销售;橡胶,塑料制品的开发,制造,销售及与其产品相关的进出口业务,技术开发研究;航空零部件的开发,制造,销售.",False,C36汽车制造业,证监会行业分类
600525,ST长园,600525.SH,SSE,主板,深圳,电气设备,20021202,N,杨涛,强卫,131878.0152,19860627.0,广东,深圳市,8630.0,www.cyg.com,"主要产品:电动汽车相关材料,智能工厂装备,智能电网设备.主营业务:电动汽车相关材料,智能工厂装备,智能电网设备的研发,制造与服务.",True,C38电气机械和器材制造业,证监会行业分类
600526,菲达环保,600526.SH,SSE,主板,浙江,环境保护,20020722,N,吴刚,汪艺威,88870.284,20000430.0,浙江,绍兴市,2106.0,www.feidaep.com,"主要产品:电除尘器产品,气力输送产品,安装业务,脱硫产品,电气配套件.",False,C35专用设备制造业,证监会行业分类
600527,江南高纤,600527.SH,SSE,主板,江苏,化纤,20031127,N,陶冶,陶冶,173176.0902,19961125.0,江苏,苏州市,339.0,www.jngx.cn,"主要产品:化纤行业,涤纶毛条,涤纶短纤维.",False,C28化学纤维制造业,证监会行业分类
600528,中铁工业,600528.SH,SSE,主板,北京,运输设备,20010528,H,张威,卓普周,222155.1588,19990924.0,北京,北京市,11537.0,www.crhic.cn,"主要业务:铁路工程项目,其他工程项目.",False,C35专用设备制造业,证监会行业分类
600529,山东药玻,600529.SH,SSE,主板,山东,医疗保健,20020603,H,张军,张军,66361.4113,19931108.0,山东,淄博市,6775.0,www.pharmglass.com,"主要产品:模制瓶,安瓿,管瓶,玻璃管,棕色瓶,丁基胶塞,塑料瓶,铝塑盖.",False,C30非金属矿物制品业,证监会行业分类
600530,交大昂立,600530.SH,SSE,主板,上海,医疗保健,20010702,H,嵇敏,嵇霖,77492.0,19971224.0,上海,上海市,912.0,www.onlly.com.cn,"主营业务;食品及保健食品的原料和终端产品的研发,生产,销售.",False,C14食品制造业,证监会行业分类
600531,豫光金铅,600531.SH,SSE,主板,河南,铅锌,20020730,H,赵金刚,李新战,120926.2698,20000106.0,河南,济源市,4550.0,www.yggf.com.cn,"主营业务:有色金属冶炼及经营,化工原料的销售;贵金属冶炼;废旧铅蓄电池收集,贮存,处置;金银制品销售.主要产品:电解铅及铅合金,白银,黄金,阴极铜,硫酸等..",False,C32有色金属冶炼和压延加工业,证监会行业分类
600533,栖霞建设,600533.SH,SSE,主板,江苏,区域地产,20020328,N,江劲松,江劲松,105000.0,19991223.0,江苏,南京市,1899.0,www.chixia.com,"主要业务有东方城,天悦花园,汇林绿洲,云锦美地,天泓山庄.",False,K70房地产业,证监会行业分类
600535,天士力,600535.SH,SSE,主板,天津,中成药,20020823,H,蔡金勇,蔡金勇,149395.0005,19980430.0,天津,天津市,10563.0,www.taslypharma.com,"主要产品:中药,化学药,生物药.",False,C27医药制造业,证监会行业分类
600536,中国软件,600536.SH,SSE,主板,北京,软件服务,20020517,H,谌志华,周在龙,93378.6584,19940301.0,北京,北京市,8346.0,www.css.com.cn,"主要产品:系统软件及支撑软件,应用软件及服务,软件出口加工及服务.",False,I65软件和信息技术服务业,证监会行业分类
600537,*ST亿晶,600537.SH,SSE,主板,浙江,电气设备,20030123,N,陈江明,刘强,118371.5018,19980121.0,浙江,宁波市,1578.0,www.egingpv.com,"主营业务为晶体硅(单/多晶硅)太阳能电池片和电池组件的生产和销售以及光伏发电业务.主要产品包括:硅棒,硅片,太阳能电池片和太阳能电池组件.",True,C38电气机械和器材制造业,证监会行业分类
600538,国发股份,600538.SH,SSE,主板,广西,医药商业,20030114,N,程芳才,张小玮,52419.8348,19930122.0,广西,北海市,453.0,www.gofar.com.cn,"主营业务为括医药制造及医药流通产业,农药产业,还涉及酒店和环保主要产品:农药产品,医药产品",False,F51批发业,证监会行业分类
600539,狮头股份,600539.SH,SSE,主板,山西,互联网,20010824,N,吴家辉,吴靓怡,23000.0,19990228.0,山西,太原市,326.0,www.600539.com.cn,"主营业务:净水龙头及配件的生产与销售,污水处理项目工程,河道治理等水技术,环保技术相关业务",False,F52零售业,证监会行业分类
600540,新赛股份,600540.SH,SSE,主板,新疆,种植业,20040107,N,沈云锋,潘新民,58137.696,19991222.0,新疆,双河市,479.0,www.xinsai.com.cn,"主要产品:棉花,棉种.",False,A01农业,证监会行业分类
600543,*ST莫高,600543.SH,SSE,主板,甘肃,红黄酒,20040324,N,牛济军,张新军,32112.0,19951229.0,甘肃,兰州市,563.0,www.mogao.com,"主要产品为大麦芽,葡萄及葡萄酒,甘草系列产品.",True,C15酒、饮料和精制茶制造业,证监会行业分类
600545,卓郎智能,600545.SH,SSE,主板,新疆,纺织机械,20031203,N,潘雪平,许海林,178791.2222,19930225.0,新疆,乌鲁木齐市,3026.0,www.saurer.com,"主要产品及提供的劳务:智能化纺织成套设备及核心零部件的研发,生产和销售",False,C35专用设备制造业,证监会行业分类
600546,山煤国际,600546.SH,SSE,主板,山西,煤炭开采,20030731,H,付中华,付中华,198245.614,20001120.0,山西,太原市,14236.0,www.smgjny.com,主营业务:煤炭开采与煤炭贸易业务.,False,B06煤炭开采和洗选业,证监会行业分类
600547,山东黄金,600547.SH,SSE,主板,山东,黄金,20030828,H,韩耀东,汤琦,460992.9525,20000131.0,山东,济南市,29282.0,www.sdhjgf.com.cn,"主要业务:黄金开采,黄金珠宝饰品.",False,B09有色金属矿采选业,证监会行业分类
600548,深高速,600548.SH,SSE,主板,深圳,路桥,20011225,H,徐恩利,廖湘文,253785.6127,19961230.0,广东,深圳市,6955.0,www.sz-expressway.com;expressway.aconnect.com.hk,"主营业务:经营梅观高速,机荷高速(东段),机荷高速(西段),盐坝高速(A,B段),水官高速以及长沙环路和湖北隔蒲潭大桥.",False,G54道路运输业,证监会行业分类
600549,厦门钨业,600549.SH,SSE,主板,福建,小金属,20021107,H,黄长庚,吴高潮,158758.5826,19971230.0,福建,厦门市,17899.0,www.cxtc.com,"主营业务:钨精矿,钨钼中间制品,粉末产品,丝材板材,硬质合金,切削刀具,各种稀土氧化物,稀土金属,稀土发光材料,磁性材料,贮氢合金粉,锂电池材料及其他能源新材料的研发,生产和销售,兼营房地产开发与经营.主要产品:钨钼材料,稀土,电池材料产品",False,C32有色金属冶炼和压延加工业,证监会行业分类
600550,保变电气,600550.SH,SSE,主板,河北,电气设备,20010228,H,许涛,刘东升,184152.848,19990928.0,河北,保定市,3628.0,www.twbb.com.cn,"主要产品:变压器,互感器(油浸),互感器(干式),太阳能电池组件,吊装带.",False,C38电气机械和器材制造业,证监会行业分类
600551,时代出版,600551.SH,SSE,主板,安徽,出版业,20020905,H,董磊,郑可,67805.5239,19991212.0,安徽,合肥市,1870.0,www.press-mart.com,"主营业务:图书,期刊,全媒体出版策划经营及印刷复制,传媒科技研发,股权投资等业务.",False,R86新闻和出版业,证监会行业分类
600552,凯盛科技,600552.SH,SSE,主板,安徽,元器件,20021108,H,夏宁,刘宇权,94460.6894,20000930.0,安徽,蚌埠市,6529.0,www.triumphltd.cn,"主要产品:电子信息显示业务主要包含TFT液晶显示模组,触摸屏模组,TFT玻璃减薄,ITO导电膜玻璃,柔性ITO导电膜,2D/2.5D/3D手机盖板玻璃,电容式触摸屏.上述产品均属于电子信息显示产业链,主要应用于消费类电子终端产品;新材料业务主要包含高纯电熔氧化锆,纳米钛酸钡,超细硅酸锆,球形石英粉等产品.主营业务为:电子信息显示和新材料业务.",False,C39计算机、通信和其他电子设备制造业,证监会行业分类
600556,天下秀,600556.SH,SSE,主板,广西,互联网,20010807,H,李檬,李檬,180774.7642,19931128.0,广西,北海市,1465.0,www.inmyshow.com,主营业务:智慧城市相关业务.,False,I64互联网和相关服务,证监会行业分类
600557,康缘药业,600557.SH,SSE,主板,江苏,中成药,20020918,H,高海鑫,杨永春,56615.8806,19960508.0,江苏,连云港市,6132.0,www.kanion.com,"胶囊,口服液,冲剂片,丸剂.",False,C27医药制造业,证监会行业分类
600558,大西洋,600558.SH,SSE,主板,四川,钢加工,20010227,N,张晓柏,何建宇,89760.4831,19990920.0,四川,自贡市,1820.0,www.weldatlantic.com,"主要产品:焊条,焊丝.",False,C33金属制品业,证监会行业分类
600559,老白干酒,600559.SH,SSE,主板,河北,白酒,20021029,H,刘彦龙,赵旭东,91474.7444,19991230.0,河北,衡水市,7475.0,www.hengshuilaobaigan.net,"主要产品:白酒,商品猪,种猪,饲料.",False,C15酒、饮料和精制茶制造业,证监会行业分类
600560,金自天正,600560.SH,SSE,主板,北京,电气设备,20020919,N,杨光浩,张巍,22364.55,19991228.0,北京,北京市,334.0,www.AriTime.com,"主要产品:电气传动装置,工业计算机控制系统,工业专用检测及控制仪表,电力半导体元器件.",False,C35专用设备制造业,证监会行业分类
600561,江西长运,600561.SH,SSE,主板,江西,公共交通,20020716,N,王晓,刘磊,28447.68,19950310.0,江西,南昌市,10104.0,www.jxcy.com.cn,"主要业务:公路旅客运输,旅游服务,车辆租赁.",False,G54道路运输业,证监会行业分类
600562,国睿科技,600562.SH,SSE,主板,江苏,通信设备,20030128,H,郭际航,黄强,124185.784,19940628.0,江苏,南京市,1343.0,www.glaruntech.com,微波与信息技术相关产品的生产和销售,False,C39计算机、通信和其他电子设备制造业,证监会行业分类
600563,法拉电子,600563.SH,SSE,主板,福建,元器件,20021210,H,卢慧雄,陈国彬,22500.0,19981212.0,福建,厦门市,5895.0,www.faratronic.com,"主要产品:薄膜电容器,变压器及金属化膜等.",False,C39计算机、通信和其他电子设备制造业,证监会行业分类
600566,济川药业,600566.SH,SSE,主板,湖北,中成药,20010822,H,曹龙祥,曹飞,92166.226,19970122.0,湖北,荆州市,5026.0,www.jumpcan.com,"主营业务;药品的研发,生产和销售",False,C27医药制造业,证监会行业分类
600567,山鹰国际,600567.SH,SSE,主板,安徽,造纸,20011218,H,吴明武,吴明武,630745.3306,19991020.0,安徽,马鞍山市,13637.0,www.shanyingintl.com,"主要产品:箱纸板,纸箱",False,C22造纸和纸制品业,证监会行业分类
600568,ST中珠,600568.SH,SSE,主板,湖北,医疗保健,20010518,N,陈旭,麻华,199286.9681,19940627.0,湖北,潜江市,1246.0,www.zz600568.com,"主营业务:医疗,医药和房地产",True,Q84卫生,证监会行业分类
600569,安阳钢铁,600569.SH,SSE,主板,河南,普钢,20010820,H,程官江,孙拓,287242.1386,19961223.0,河南,安阳市,12094.0,www.aysteel.com.cn,"主要产品:中厚板,热轧卷板,高速线材,建材,型材等.",False,C31黑色金属冶炼和压延加工业,证监会行业分类
600570,恒生电子,600570.SH,SSE,主板,浙江,软件服务,20031216,H,彭政纲,范径武,189364.7942,20001213.0,浙江,杭州市,10276.0,www.hundsun.com,"主要产品:软件及服务,系统集成,硬件销售.",False,I65软件和信息技术服务业,证监会行业分类
600571,信雅达,600571.SH,SSE,主板,浙江,软件服务,20021101,H,耿俊岭,林路,46631.8309,19960722.0,浙江,杭州市,9474.0,www.sunyard.com,"主要产品:电子影像处理系统,客户服务中心系统,计算机主机通讯安全系统.",False,I65软件和信息技术服务业,证监会行业分类
600572,康恩贝,600572.SH,SSE,主板,浙江,中成药,20040412,H,应徐颉,周璠,253689.5141,19930109.0,浙江,金华市,8258.0,www.conbapharm.com,"主营业务:以现代植物药为核心,特色化学药为重要支持的产品结构.主要产品有天保宁牌银杏叶片,天保康牌葛根素注射液,康恩贝牌咳停片,前列康牌普乐安片,康恩贝牌银杏叶提取物等.",False,C27医药制造业,证监会行业分类
600573,惠泉啤酒,600573.SH,SSE,主板,福建,啤酒,20030226,N,刘翔宇,易文新,25000.0,19970204.0,福建,泉州市,1251.0,www.hqbeer.com,啤酒.,False,C15酒、饮料和精制茶制造业,证监会行业分类
600575,淮河能源,600575.SH,SSE,主板,安徽,火力发电,20030328,H,周涛,,716679.217,20001129.0,安徽,芜湖市,12195.0,www.wjwlg.com,"主要产品:煤炭,内贸,外贸.主营业务:为煤炭,集装箱,外贸大宗散货,件杂货等货种的装卸中转以及配煤业务,通过铁运分公司开展煤炭铁路运输服务,并通过公司全资子公司物流公司从事各种钢材原材料,机电产品等大宗生产资料的销售和服务,以及第三方物流整体外包业务.",False,G55水上运输业,证监会行业分类
600576,祥源文旅,600576.SH,SSE,主板,浙江,旅游景点,20030220,H,王衡,方言,105454.844,19920924.0,浙江,杭州市,1465.0,www.600576.com,"为房地产开发,连锁酒店经营投资等业务.",False,N78公共设施管理业,证监会行业分类
600577,精达股份,600577.SH,SSE,主板,安徽,电气设备,20020911,H,李晓,秦兵,215109.4041,20000712.0,安徽,铜陵市,3918.0,www.jingda.cn,"主营业务为漆包电磁线,裸铜线和电线电缆的制造和销售.主要产品:漆包线,微细线,裸铜线,束绞线,毛细铜管,无氧铜杆,裸铝丝.",False,C38电气机械和器材制造业,证监会行业分类
600578,京能电力,600578.SH,SSE,主板,北京,火力发电,20020510,H,张凤阳,杨松,669462.1015,20000310.0,北京,北京市,5387.0,www.jingnengpower.com,"主要产品:发电量,供热量,脱硫副产品(石膏).",False,D44电力、热力生产和供应业,证监会行业分类
600579,中化装备,600579.SH,SSE,主板,山东,化工机械,20020809,N,张驰,张驰,49360.0759,19990630.0,山东,青岛市,5284.0,www.sinochemeqpt.com,"化工装备的研发,生产和销售.",False,C35专用设备制造业,证监会行业分类
600580,卧龙电驱,600580.SH,SSE,主板,浙江,电气设备,20020606,H,庞欣元,万创奇,156211.7511,19981021.0,浙江,绍兴市,14094.0,www.wolong.com.cn,"主要产品:工业驱动及控制电机,中高压电机,家用电器电机,微电机,电动自行车,蓄电池.",False,C38电气机械和器材制造业,证监会行业分类
600581,*ST八钢,600581.SH,SSE,主板,新疆,普钢,20020816,N,何宇城,张志刚,153289.787,20000727.0,新疆,乌鲁木齐市,6610.0,www.bygt.com.cn,"主要产品:高速线材,螺纹钢,热轧板卷,冷轧薄板,中厚板等建筑及工业用钢等.主要业务:钢铁冶炼,轧制,加工及销售.",True,C31黑色金属冶炼和压延加工业,证监会行业分类
600582,天地科技,600582.SH,SSE,主板,北京,专用机械,20020515,H,胡善亭,张林,413858.8892,20000324.0,北京,北京市,17431.0,www.tdtec.com,"主营业务:矿山自动化,机械化设备,煤炭洗选装备,矿井生产技术服务与经营,地下特殊工程施工.",False,C35专用设备制造业,证监会行业分类
600583,海油工程,600583.SH,SSE,主板,天津,石油开采,20020205,H,王章领,彭雷,442135.48,20000420.0,天津,天津市,9994.0,www.cnoocengineering.com,主营业务;海洋工程,False,B11开采专业及辅助性活动,证监会行业分类
600584,长电科技,600584.SH,SSE,主板,江苏,半导体,20030603,H,郑力,郑力,178941.457,19981106.0,江苏,无锡市,24952.0,www.jcetglobal.com,"主营业务:集成电路封装测试,分立器件制造销售.",False,C39计算机、通信和其他电子设备制造业,证监会行业分类
600585,海螺水泥,600585.SH,SSE,主板,安徽,水泥,20020207,H,杨军,虞水,529930.2579,19970901.0,安徽,芜湖市,48286.0,www.conch.cn,主要产品:水泥.,False,C30非金属矿物制品业,证监会行业分类
600586,金晶科技,600586.SH,SSE,主板,山东,玻璃,20020815,H,王刚,孙成海,141733.77,19991231.0,山东,淄博市,5105.0,www.cnggg.cn,玻璃和纯碱,False,C30非金属矿物制品业,证监会行业分类
600587,新华医疗,600587.SH,SSE,主板,山东,医疗保健,20020927,H,王玉全,巩报贤,60664.4549,19930418.0,山东,淄博市,8135.0,www.shinva.net,"主营业务为消毒灭菌设备,放射诊断及治疗设备和医用消毒灭菌指示产品及耗材,制药设备,环保设备的生产,销售,维修和技术服务;房屋建筑工程,空气净化工程及室内装饰工程设计,施工,装饰装修,建筑智能化施工,医院设备及工业设备的安装",False,C35专用设备制造业,证监会行业分类
600588,用友网络,600588.SH,SSE,主板,北京,软件服务,20010518,H,王文京,王文京,341699.7409,19950118.0,北京,北京市,19105.0,www.yonyou.com,"主要产品:软件销售,技术服务及培训,软件配套用品销售.",False,I65软件和信息技术服务业,证监会行业分类
600589,大位科技,600589.SH,SSE,主板,广东,软件服务,20010612,H,栾元杰,栾元杰,148466.989,19971225.0,广东,揭阳市,148.0,www.daweiidc.com,"主要业务:化工材料和互联网综合服务.主要产品:氨基复合材料,苯酐及增塑剂等化工材料的生产和销售;互联网数据中心(IDC),云计算,CDN等业务.",False,I65软件和信息技术服务业,证监会行业分类
600590,泰豪科技,600590.SH,SSE,主板,江西,通信设备,20020703,H,李自强,李自强,85286.975,19960320.0,江西,南昌市,1538.0,www.tellhow.com,"主营业务为智能电力,装备信息,智能节能,电机产业四大类.",False,C38电气机械和器材制造业,证监会行业分类
600592,龙溪股份,600592.SH,SSE,主板,福建,机械基件,20020805,H,陈晋辉,陈志雄,39955.3571,19971224.0,福建,漳州市,2031.0,www.ls.com.cn,"主要产品:轴承,汽车配件.",False,C34通用设备制造业,证监会行业分类
600593,大连圣亚,600593.SH,SSE,主板,辽宁,旅游景点,20020711,N,杨子平,褚小斌,13044.5,19940118.0,辽宁,大连市,689.0,www.sunasia.com,"主营业务:景观,餐饮,景点场地出租.",False,N78公共设施管理业,证监会行业分类
600594,益佰制药,600594.SH,SSE,主板,贵州,中成药,20040323,N,窦啟玲,窦雅琪,79192.74,19950612.0,贵州,贵阳市,5261.0,www.gzcci.com,"OTC药,处方药.",False,C27医药制造业,证监会行业分类
600595,中孚实业,600595.SH,SSE,主板,河南,铝,20020626,H,马文超,钱宇,400790.5114,19970128.0,河南,郑州市,6933.0,www.zfsy.com.cn,"主要产品:高性能铝合金板材,易拉罐罐体,罐盖,拉环料,高档双零铝箔毛料,高档印刷版基,阳极氧化料等,产品广泛使用于交通运输,食品和医药包装,印刷制版等.主营业务:煤炭,火电,阳极炭块,电解铝,铝棒材,铝线材及铝精深加工产品.",False,C32有色金属冶炼和压延加工业,证监会行业分类
600596,新安股份,600596.SH,SSE,主板,浙江,化工原料,20010906,H,吴严明,周曙光,134959.7049,19930512.0,浙江,杭州市,8499.0,www.wynca.com,主营业务:公司主要从事以草甘膦为主的农药产品和有机硅新材料产品的生产和销售;主要产品:两大主导产品为草甘膦和有机硅.,False,C26化学原料和化学制品制造业,证监会行业分类
600597,光明乳业,600597.SH,SSE,主板,上海,乳制品,20020828,H,黄黎明,贲敏,137847.3763,19961007.0,上海,上海市,10760.0,www.brightdairy.com,"乳制品等,商业.",False,C14食品制造业,证监会行业分类
600598,北大荒,600598.SH,SSE,主板,黑龙江,种植业,20020329,H,马忠峙,张允海,177767.9909,19981127.0,黑龙江,哈尔滨市,27562.0,www.hacl.cn,"主营业务:大米销售,种植业.",False,A01农业,证监会行业分类
600599,*ST熊猫,600599.SH,SSE,主板,湖南,化工原料,20010828,N,王正,王正,16600.0,19991212.0,湖南,长沙市,140.0,www.panda600599.com,主营业务:烟花生产销售以及烟花燃放.,True,F51批发业,证监会行业分类
600600,青岛啤酒,600600.SH,SSE,主板,山东,啤酒,19930827,H,姜宗祥,姜宗祥,136419.5121,19951227.0,山东,青岛市,29257.0,www.tsingtao.com.cn,主要产品:啤酒.,False,C15酒、饮料和精制茶制造业,证监会行业分类
600601,方正科技,600601.SH,SSE,主板,上海,元器件,19901219,H,陈宏良,陈宏良,427374.2887,19931115.0,上海,上海市,6615.0,www.foundertech.com,"主营业务为电子计算机及配件,系统集成,办公设备及消耗材料,PCB产品等的生产与销售.",False,C39计算机、通信和其他电子设备制造业,证监会行业分类
600602,云赛智联,600602.SH,SSE,主板,上海,软件服务,19901219,H,刘山泉,江骁勇,136767.3455,19930528.0,上海,上海市,2263.0,it.inesa.com,"主营业务:消费电子,特殊电子,智能安防三大产业为主营业务.",False,I65软件和信息技术服务业,证监会行业分类
600603,广汇物流,600603.SH,SSE,主板,四川,区域地产,19920113,H,郭舰,刘栋,119332.9151,19880827.0,四川,成都市,668.0,www.chinaghwl.com,"主营业务:物流园区投资,经营及配套服务(主要为美居物流园,租赁商业,商业保理经营业务)以及北站物流基地项目建设,并在此基础上阶段性新增优质住宅,商业地产的开发和销售业务.",False,G53铁路运输业,证监会行业分类
600604,市北高新,600604.SH,SSE,主板,上海,园区开发,19920327,H,孙中峰,马慧民,187330.4804,19931110.0,上海,上海市,620.0,www.shibeiht.com,"主营业务:企业管理,投资管理,房地产开发经营,自有房屋出租,商务信息咨询,企业管理咨询",False,K70房地产业,证监会行业分类
600605,汇通能源,600605.SH,SSE,主板,上海,房产服务,19920327,H,黄颖,Dai Zilong,20628.2429,19910103.0,上海,上海市,112.0,,"主营业务:风力发电,有色金属(铜)批发贸易及房产租赁物业管理",False,K70房地产业,证监会行业分类
600606,绿地控股,600606.SH,SSE,主板,上海,全国地产,19920327,H,张玉良,张玉良,1405421.8314,19920708.0,上海,上海市,46347.0,www.ldjt.com.cn,"住宅流通业务,住宅开发业务,住宅配套服务.",False,E48土木工程建筑业,证监会行业分类
600608,*ST沪科,600608.SH,SSE,主板,上海,商贸代理,19920327,N,王天扬,刘文鑫,32886.1441,19920326.0,上海,上海市,18.0,www.600608.net,"主要产品:有色金属,黑色金属,化工原料及生产生活物资等.",True,F51批发业,证监会行业分类
600609,金杯汽车,600609.SH,SSE,主板,辽宁,汽车配件,19920724,H,冯圣良,丁侃,130455.8558,19840514.0,辽宁,沈阳市,2084.0,www.jinbei.com.cn,主营业务:汽车及零部件制造.,False,C36汽车制造业,证监会行业分类
600610,中毅达,600610.SH,SSE,主板,贵州,化工原料,19920805,H,申苗,全宏冬,107127.4605,19920622.0,贵州,黔南布依族苗族自治州,778.0,www.shanghaizhongyida.com,主营业务:园林设计工程,False,C26化学原料和化学制品制造业,证监会行业分类
600611,大众交通,600611.SH,SSE,主板,上海,公共交通,19920807,H,杨国平,杨国平,236412.2864,19940606.0,上海,上海市,3333.0,WWW.96822.COM,"主营业务:运输业,旅游饮食,服务业,商业,工业.",False,G54道路运输业,证监会行业分类
600612,老凤祥,600612.SH,SSE,主板,上海,服饰,19920814,H,杨奕,黄骅,52311.7764,19921111.0,上海,上海市,2195.0,www.laofengxiang.com,"主要业务:黄金珠宝首饰,工艺美术品,笔类文具制品的生产经营及销售.",False,C24文教、工美、体育和娱乐用品制造业,证监会行业分类
600613,神奇制药,600613.SH,SSE,主板,上海,中成药,19920820,N,ZHANG TAO TAO,冯斌,53407.1628,19920722.0,上海,上海市,1266.0,www.gzsq.com,主营业务:医药领域投资管理,False,C27医药制造业,证监会行业分类
600615,鑫源智造,600615.SH,SSE,主板,重庆,铝,19920910,N,龚大兴,钟秉福,22562.461,19920606.0,重庆,重庆市,592.0,www.shineraytech.com,"主要产品:涂料,制笔.",False,C33金属制品业,证监会行业分类
600616,金枫酒业,600616.SH,SSE,主板,上海,红黄酒,19920929,N,祝勇,,66900.495,19920619.0,上海,上海市,659.0,www.jinfengwine.com,"主营业务范围为食品销售管理(非实物方式),酒,仓储货运,租赁(房屋,场地),市外经贸委批准的出口业务等.",False,C15酒、饮料和精制茶制造业,证监会行业分类
600617,国新能源,600617.SH,SSE,主板,山西,供气供热,19921013,H,聂银杉,聂银杉,192919.1776,19931104.0,山西,太原市,6036.0,,主营业务:天然气长输管道及城市燃气管网的建设和运营,False,D45燃气生产和供应业,证监会行业分类
600618,氯碱化工,600618.SH,SSE,主板,上海,化工原料,19921113,H,黎凡,黎凡,115639.9976,19920704.0,上海,上海市,1249.0,www.scacc.com,"主要产品:聚氯乙烯,烧碱,氯产品,粒料及其他.",False,C26化学原料和化学制品制造业,证监会行业分类
600619,海立股份,600619.SH,SSE,主板,上海,家用电器,19921116,H,李轶龙,李轶龙,107334.4406,19930326.0,上海,上海市,10238.0,www.highly.cc,"主营业务:主营经营业务为研发,生产和销售空调压缩机,热泵及热泵热水器压缩机",False,C34通用设备制造业,证监会行业分类
600620,天宸股份,600620.SH,SSE,主板,上海,综合类,19921117,N,叶茂菁,袁盛,68667.7113,19890713.0,上海,上海市,108.0,www.shstc.com,"主营业务:房地产,物业管理,运输及客运.",False,S91综合,证监会行业分类
600621,华鑫股份,600621.SH,SSE,主板,上海,证券,19921202,H,李军,俞洋,106089.9292,19921105.0,上海,上海市,1895.0,www.shchinafortune.com,"主营业务以证券业务为主,少量持有型物业为辅",False,J67资本市场服务,证监会行业分类
600622,光大嘉宝,600622.SH,SSE,主板,上海,区域地产,19921203,N,苏扬,陈宏飞,149968.5402,19940817.0,上海,上海市,736.0,www.ebjb.com,"主要产品:商品房,电容器.",False,K70房地产业,证监会行业分类
600623,华谊集团,600623.SH,SSE,主板,上海,化工原料,19921204,H,顾立立,钱志刚,212283.128,19920805.0,上海,上海市,10704.0,www.doublecoinholdings.com,主要产品:轮胎.,False,C26化学原料和化学制品制造业,证监会行业分类
600624,ST复华,600624.SH,SSE,主板,上海,化学制药,19930105,N,宋正,宋正,67934.6942,19901117.0,上海,上海市,1414.0,www.forwardgroup.com,"主营业务:制造业,园区房地产,软件开发.",True,C27医药制造业,证监会行业分类
600626,申达股份,600626.SH,SSE,主板,上海,汽车配件,19930107,H,陆志军,李捷,132074.4667,19861211.0,上海,上海市,6396.0,www.sh-shenda.com,"以汽车内饰和纺织新材料业务为主的产业用纺织品业务,以及纺织品为主的外贸进出口和国内贸易业务",False,C17纺织业,证监会行业分类
600628,新世界,600628.SH,SSE,主板,上海,百货,19930119,H,陈湧,沈为民,64687.5384,19961108.0,上海,上海市,1141.0,www.newworld-china.com,主营业务一直为商业.,False,F52零售业,证监会行业分类
600629,华建集团,600629.SH,SSE,主板,上海,建筑工程,19930209,H,顾伟华,沈立东,97033.8659,19920612.0,上海,上海市,9311.0,www.arcplus.com.cn,"主要业务:工程勘察,规划设计,工程设计,市政设计,水利工程设计,风景园林设计,建设装饰设计,历史建筑保护和利用设计,建筑声学设计,全过程项目管理,建设工程承包(EPC),工程监理,建设工程投资控制,科技咨询,项目策划等",False,M74专业技术服务业,证监会行业分类
600630,龙头股份,600630.SH,SSE,主板,上海,服饰,19930209,N,倪国华,陈姣蓉,42486.1597,19911118.0,上海,上海市,1455.0,www.shanghaidragon.com.cn,"主要产品:三枪,苏牌,菊花,鹅牌民光,幸福钟牌414,海螺.",False,C18纺织服装、服饰业,证监会行业分类
600633,浙数文化,600633.SH,SSE,主板,浙江,互联网,19930304,H,何锋,何锋,126807.4472,19920701.0,浙江,杭州市,1711.0,www.600633.cn,"主营业务为设计,制作,代理,发布国内各类广告,实业投资,新媒体技术开发,经营进出口业务,工艺美术品,文化用品,办公用品的销售,企业管理咨询,会展服务.",False,I64互联网和相关服务,证监会行业分类
600635,大众公用,600635.SH,SSE,主板,上海,供气供热,19930304,H,杨国平,梁嘉玮,295243.4675,19920101.0,上海,上海市,2721.0,www.dzug.cn,"主营业务:城市燃气,城市交通,隧桥设施,污水处理等",False,D45燃气生产和供应业,证监会行业分类
600636,*ST国化,600636.SH,SSE,主板,上海,文教休闲,19930316,N,王志学,吴迪,43863.6802,19920909.0,上海,上海市,563.0,www.crhc-culture.com,"含氟聚合物,CFC替代品,氟致冷剂,清洗剂,发泡剂.",True,I65软件和信息技术服务业,证监会行业分类
600637,东方明珠,600637.SH,SSE,主板,上海,影视音像,19930316,H,宋炯明,黄凯,336189.9817,19900616.0,上海,上海市,6321.0,www.opg.cn,"主营业务:网络视听,互联网,游戏等新兴业务.",False,I63电信、广播电视和卫星传输服务,证监会行业分类
600638,新黄浦,600638.SH,SSE,主板,上海,区域地产,19930326,N,吴庆斌,徐俊,67339.6786,19960923.0,上海,上海市,771.0,www.600638.com,"房地产业,工业.",False,K70房地产业,证监会行业分类
600639,浦东金桥,600639.SH,SSE,主板,上海,园区开发,19930326,H,郭嵘,,112241.2893,19931007.0,上海,上海市,242.0,www.shpdjq.com,"房地产销售,房地产租赁.",False,K70房地产业,证监会行业分类
600640,国脉文化,600640.SH,SSE,主板,上海,影视音像,19930407,H,张伟,陈之超,79569.594,19920401.0,上海,上海市,1654.0,www.new-gm.cn,旅预订及酒店经营和输出管理,False,I64互联网和相关服务,证监会行业分类
600641,先导基电,600641.SH,SSE,主板,上海,半导体,19930407,H,余舒婷,朱世会,93062.992,19911028.0,上海,上海市,1492.0,www.600641.com.cn,"商品房,酒店,旅游,高尔夫.",False,K70房地产业,证监会行业分类
600642,申能股份,600642.SH,SSE,主板,上海,火力发电,19930416,H,华士超,陈涛,489407.9376,19930222.0,上海,上海市,2651.0,www.shenergy.net.cn,"电力行业,石油天然气行业.",False,D44电力、热力生产和供应业,证监会行业分类
600643,爱建集团,600643.SH,SSE,主板,上海,多元金融,19930426,H,王均金,高兵华,159317.0778,19831128.0,上海,上海市,654.0,www.aj.com.cn,"工业,商业,旅游饮食服务业.",False,J69其他金融业,证监会行业分类
600644,乐山电力,600644.SH,SSE,主板,四川,水力发电,19930426,H,何明,邱永志,57832.0818,19880517.0,四川,乐山市,3065.0,www.lsdl600644.com,"主营业务:电力设施承装,承修,承试(三级).地方电力开发,经营,本公司电力调度,房地产开发;销售输变电设备,电工器材,交流电动机,载波通信系统设备;公司管辖范围内发供电电能计量装置的检定,校准;电力工程勘察设计;限分公司经营住宿,中餐,卡拉OK歌舞,工艺美术品销售,干洗,糖,烟,酒零售.",False,D44电力、热力生产和供应业,证监会行业分类
600645,中源协和,600645.SH,SSE,主板,天津,医疗保健,19930504,H,王洪琦,王洪琦,46794.889,19950614.0,天津,天津市,2014.0,www.vcanbio.com,"主营业务:工业,商业,房地产业,服务业,生命科技.",False,C27医药制造业,证监会行业分类
600648,外高桥,600648.SH,SSE,主板,上海,园区开发,19930504,H,蔡嵘,邵宇平,135991.2218,19941231.0,上海,上海市,2369.0,www.china-ftz.com,"房地产开发与租赁,贸易及物流,酒店经营管理等.",False,F51批发业,证监会行业分类
600649,城投控股,600649.SH,SSE,主板,上海,区域地产,19930518,H,张辰,任志坚,250450.0768,19920909.0,上海,上海市,525.0,www.sh600649.com,"原水供应,污水处理.",False,K70房地产业,证监会行业分类
600650,锦江在线,600650.SH,SSE,主板,上海,公共交通,19930607,H,许铭,张贤,55161.0107,19930224.0,上海,上海市,3943.0,www.jinjiangonline.com,"主要产品:客房及其他,餐饮,商场,客运,物流.",False,G54道路运输业,证监会行业分类
600651,飞乐音响,600651.SH,SSE,主板,上海,电器仪表,19901219,H,刘爽,熊翼飞,250702.8015,19890609.0,上海,上海市,1285.0,www.facs.com.cn,"灯泡,灯具及光源类产品生产及销售,电子类产品的生产及销售,IC卡及相关软件开发和系统集成,音响类产品的销售及工程服务.",False,C38电气机械和器材制造业,证监会行业分类
600653,申华控股,600653.SH,SSE,主板,辽宁,汽车服务,19901219,N,高新刚,高新刚,194638.0317,19920320.0,辽宁,沈阳市,1239.0,www.shkg.com.cn,"主营业务以汽车消费相关产业为主导产业,以新能源产业,房地产等投资作为补充.",False,F52零售业,证监会行业分类
600654,中安科,600654.SH,SSE,主板,湖北,仓储物流,19901219,H,吴博文,查磊,287759.3887,19911231.0,湖北,武汉市,12059.0,www.600654.com,"主营业务:安防消防系统集成,产品制造,综合运营服务.公司主要产品(或劳务)包括:汽车电子,线束,电子材料,无线电电力用电管理系统,无线通信设备,汽车仪表等.",False,L72商务服务业,证监会行业分类
600655,豫园股份,600655.SH,SSE,主板,上海,百货,19920902,H,黄震,陈毅杭,389245.8273,19871125.0,上海,上海市,11852.0,www.yuyuantm.com.cn,"黄金饰品,百货,饮食,食品,进出口,医药,工艺品,房产.",False,F52零售业,证监会行业分类
600657,信达地产,600657.SH,SSE,主板,北京,全国地产,19930524,H,邓立新,宗卫国,285187.8595,19840720.0,北京,北京市,1181.0,www.cindare.com,"主要经营房地产开发,投资及投资管理,物业管理.",False,K70房地产业,证监会行业分类
600658,电子城,600658.SH,SSE,主板,北京,园区开发,19930524,H,齐战勇,张玉伟,111858.5045,19861224.0,北京,北京市,864.0,www.bez.com.cn,"主要业务:通信设备制造业务,印刷材料制造业务,金融设备制造业务.",False,K70房地产业,证监会行业分类
600660,福耀玻璃,600660.SH,SSE,主板,福建,汽车配件,19930610,H,曹晖,叶舒,260974.3532,19920621.0,福建,福州市,42541.0,www.fuyaogroup.com,主营业务:从事浮法玻璃及汽车用玻璃制品的生产及销售.,False,C30非金属矿物制品业,证监会行业分类
600661,昂立教育,600661.SH,SSE,主板,上海,文教休闲,19930614,N,周传有,周传有,28654.883,19830804.0,上海,上海市,3218.0,www.onlyedu.com,主营业务:教育培训.,False,P83教育,证监会行业分类
600662,外服控股,600662.SH,SSE,主板,上海,文教休闲,19930614,H,陈伟权,朱海元,228345.7375,19920201.0,上海,上海市,3320.0,www.fsg.com.cn,"出租汽车服务及其相关业务,旅游服务.",False,L72商务服务业,证监会行业分类
600663,陆家嘴,600663.SH,SSE,主板,上海,园区开发,19930628,H,徐而进,邓佳悦,503515.3679,19941231.0,上海,上海市,6250.0,www.ljz.com.cn,主营业务:房地产投资开发运营,False,K70房地产业,证监会行业分类
600664,哈药股份,600664.SH,SSE,主板,黑龙江,化学制药,19930629,H,芦传有,芦传有,251850.9876,19911228.0,黑龙江,哈尔滨市,10180.0,www.hayao.com,"主要产品:中药,西药,保健品.",False,C27医药制造业,证监会行业分类
600665,天地源,600665.SH,SSE,主板,陕西,全国地产,19930709,N,赵冀,赵冀,86412.2521,19921221.0,陕西,西安市,781.0,www.tande.cn,"主营业务为房地产开发和经营,自有房屋租赁,物业管理,实业投资,资产管理,国内贸易(除专项规定),与经营相关的咨询业务.",False,K70房地产业,证监会行业分类
600666,奥瑞德,600666.SH,SSE,主板,黑龙江,元器件,19930712,H,朱三高,黄凤英,275144.7394,19921125.0,黑龙江,哈尔滨市,706.0,www.aurora-sapphire.cn,"蓝宝石晶体材料,单晶炉及蓝宝石制品的研发,生产和销售",False,C30非金属矿物制品业,证监会行业分类
600667,太极实业,600667.SH,SSE,主板,江苏,半导体,19930728,H,方涛,王毅勃,209154.2178,19930726.0,江苏,无锡市,9909.0,www.wxtj.com,半导体后工序服务业务,False,E48土木工程建筑业,证监会行业分类
600668,尖峰集团,600668.SH,SSE,主板,浙江,水泥,19930728,N,蒋晓萌,虞建红,41290.0594,19890808.0,浙江,金华市,1865.0,www.jianfeng.com.cn,"公司的主营业务以水泥和医药为主,通信电缆,仓储,贸易为辅.",False,C30非金属矿物制品业,证监会行业分类
600671,天目药业,600671.SH,SSE,主板,浙江,中成药,19930823,N,刘加勇,孙学建,12177.8885,19930812.0,浙江,杭州市,362.0,www.hztmyy.com,"珍珠明目滴眼液,复方鲜竹沥液.",False,C27医药制造业,证监会行业分类
600673,东阳光,600673.SH,SSE,主板,广东,综合类,19930917,H,张红伟,胡来文,300955.5059,19961024.0,广东,韶关市,9297.0,www.hec-al.com,亲水箔的生产和销售.,False,S91综合,证监会行业分类
600674,川投能源,600674.SH,SSE,主板,四川,水力发电,19930924,H,刘胜金,黄强,487460.6828,19880418.0,四川,成都市,1443.0,www.ctny.com.cn,"主要产品:钨系列,高锰,硅锰,铬系列.",False,D44电力、热力生产和供应业,证监会行业分类
600675,中华企业,600675.SH,SSE,主板,上海,区域地产,19930924,H,李钟,段石磊,604613.5331,19931005.0,上海,上海市,1208.0,www.cecl.com.cn,"房地产投资及其高科技开发,智能化物业管理和商品房经营租赁等业务.",False,K70房地产业,证监会行业分类
600676,交运股份,600676.SH,SSE,主板,上海,汽车配件,19930928,H,陈晓龙,夏坚,102849.2944,19930924.0,上海,上海市,2269.0,www.cnsjy.com,"主营业务为运输业与物流服务,汽车零部件制造与汽车后服务及水上旅游服务.",False,G54道路运输业,证监会行业分类
600678,ST金顶,600678.SH,SSE,主板,四川,水泥,19931008,N,牛欧洲,牛欧洲,34899.0,19880907.0,四川,乐山市,286.0,www.scjd.cn,"水泥,混凝土.",True,C30非金属矿物制品业,证监会行业分类
600679,上海凤凰,600679.SH,SSE,主板,上海,文教休闲,19931008,N,胡伟,王朝阳,51529.4257,19931229.0,上海,上海市,1587.0,www.phoenix.com.cn,"主营收入为自行车及零件(含电动车),医疗器械,酒店服务,房屋租赁等",False,C37铁路、船舶、航空航天和其他运输设备制造业,证监会行业分类
600681,百川能源,600681.SH,SSE,主板,湖北,供气供热,19931018,H,王东海,王东海,134085.481,19920318.0,湖北,武汉市,1944.0,www.bestsungas.com,"主营业务是城镇燃气销售业务,燃气接驳业务和燃气具销售业务",False,D45燃气生产和供应业,证监会行业分类
600682,南京新百,600682.SH,SSE,主板,江苏,生物制药,19931018,H,蔡邕,张轩,134513.2221,19910514.0,江苏,南京市,20452.0,www.cenbest.com,主营业务:百货零售.,False,C27医药制造业,证监会行业分类
600683,京投发展,600683.SH,SSE,主板,北京,区域地产,19931025,N,孔令洋,高一轩,74077.7597,19920908.0,浙江,宁波市,397.0,www.600683.com,"主要业务:商业(内贸),外贸进出口.",False,K70房地产业,证监会行业分类
600684,珠江股份,600684.SH,SSE,主板,广东,区域地产,19931028,N,李超佐,周星星,110607.4283,19921223.0,广东,广州市,7240.0,www.gzzjsy.com,"房地产开发,销售及物业出租.",False,K70房地产业,证监会行业分类
600685,中船防务,600685.SH,SSE,主板,广东,船舶,19931028,H,罗兵,翁红兵,141350.6378,19941021.0,广东,广州市,4462.0,comec.cssc.net.cn,"主营业务包括:造船,承包境外机电工程和境内国际招标工程,修船,机电,特种船,压力容器,家具,玻璃钢制品等.",False,C37铁路、船舶、航空航天和其他运输设备制造业,证监会行业分类
600686,金龙汽车,600686.SH,SSE,主板,福建,汽车整车,19931108,H,陈锋,吴文彬,71704.7417,19961018.0,福建,厦门市,12286.0,www.xmklm.com.cn,客车产品.,False,C36汽车制造业,证监会行业分类
600688,上海石化,600688.SH,SSE,主板,上海,石油加工,19931108,H,郭晓军,鹿志勇,1054261.75,19930621.0,上海,上海市,6940.0,www.spc.com.cn,"主要产品:自制产品,合成纤维,树脂及塑料,中间石化产品,石油产品,贸易及其他项目.",False,C25石油、煤炭及其他燃料加工业,证监会行业分类
600689,上海三毛,600689.SH,SSE,主板,上海,综合类,19931108,N,吴重晖,方果,20099.1343,19940111.0,上海,上海市,750.0,www.600689.com,毛纺.,False,F51批发业,证监会行业分类
600690,海尔智家,600690.SH,SSE,主板,山东,家用电器,19931119,H,李华刚,李华刚,937762.965,19940331.0,山东,青岛市,134995.0,smart-home.haier.com,"主要产品:电冰箱,空调器.",False,C38电气机械和器材制造业,证监会行业分类
600691,潞化科技,600691.SH,SSE,主板,山西,农药化肥,19931119,H,马军祥,朱壮瑞,237598.1952,19880101.0,山西,阳泉市,5434.0,www.ymhg.com.cn,"尿素,甲醇,碳酸氢铵,氯化铵,复合肥,二甲醚,纯碱,三聚氰胺,浓硝酸,稀硝酸,硝酸钠,亚硝酸钠,间苯二胺,正丁醛,异丁醛,辛醇,环己酮等化工产品,同时拥有电力生产,供热,贸易服务,化工机械制造和化工研究设计能力.",False,C26化学原料和化学制品制造业,证监会行业分类
600692,亚通股份,600692.SH,SSE,主板,上海,区域地产,19931119,N,施俊,翟云云,35176.4064,19931014.0,上海,上海市,437.0,www.shanghaiyatong.com,"主要业务:内河客滚沿海客滚运输,沿海化工品运输,陆上出租汽车运输.",False,K70房地产业,证监会行业分类
600693,东百集团,600693.SH,SSE,主板,福建,百货,19931122,H,施文义,施文义,86984.6246,19811031.0,福建,福州市,1335.0,www.dongbai.com,"主要业务:商业零售业,进出口贸易,房地产开发.",False,F52零售业,证监会行业分类
600694,大商股份,600694.SH,SSE,主板,辽宁,百货,19931122,H,吕伟顺,刘晶,34435.7828,19921210.0,辽宁,大连市,8160.0,www.dashanggufen.com,主营业务:商品零售.,False,F52零售业,证监会行业分类
600696,*ST岩石,600696.SH,SSE,主板,上海,白酒,19931206,N,朱诺,朱诺,33446.9431,19890311.0,上海,上海市,76.0,www.sh600696.com,"主营业务:房地产综合开发,商品房销售,商场物业出租及相应物业管理.",True,C15酒、饮料和精制茶制造业,证监会行业分类
600697,欧亚集团,600697.SH,SSE,主板,吉林,百货,19931206,N,曹和平,赵首沣,15908.8075,19920820.0,吉林,长春市,8549.0,www.eurasiagroup.com.cn,"主要业务:商业,租赁服务.",False,F52零售业,证监会行业分类
600698,湖南天雁,600698.SH,SSE,主板,湖南,汽车配件,19931206,H,杨宝全,杨宝全,106863.7732,19931125.0,湖南,衡阳市,814.0,www.tyen.com.cn,"涡轮增压器,发动机进排气门及冷却风扇等发动机零部件的生产和销售",False,C36汽车制造业,证监会行业分类
600699,均胜电子,600699.SH,SSE,主板,浙江,汽车配件,19931206,H,王剑峰,陈伟,155077.0563,19920807.0,浙江,宁波市,44142.0,www.joyson.com,主营业务:汽车零部件,False,C39计算机、通信和其他电子设备制造业,证监会行业分类
600702,舍得酒业,600702.SH,SSE,主板,四川,白酒,19960524,H,蒲吉洲,唐珲,33275.8879,19961109.0,四川,遂宁市,8796.0,www.tuopaishede.cn,"沱牌酒系列,沱牌大曲系列.主营业务是白酒的制造和销售",False,C15酒、饮料和精制茶制造业,证监会行业分类
600703,三安光电,600703.SH,SSE,主板,湖北,半导体,19960528,H,林志强,林科闯,498901.8727,19930327.0,湖北,荆州市,15828.0,www.sanan-e.com,"主营业务:LED外延片及芯片的研发,生产和销售.",False,C39计算机、通信和其他电子设备制造业,证监会行业分类
600704,物产中大,600704.SH,SSE,主板,浙江,仓储物流,19960606,H,陈新,陈孝,517117.989,19921231.0,浙江,杭州市,26233.0,www.wzgroup.cn,"外贸,房地产.",False,F51批发业,证监会行业分类
600706,曲江文旅,600706.SH,SSE,主板,陕西,旅游景点,19960516,N,庄莹,董世宏,25505.9785,19921030.0,陕西,西安市,2889.0,www.qjtourism.com,"主营业务:景区运营管理业务,酒店餐饮管理业务,旅行社业务,演出演艺业务,文化旅游商品业务,其他新型旅游业务及园林绿化业务.",False,N78公共设施管理业,证监会行业分类
600707,彩虹股份,600707.SH,SSE,主板,陕西,元器件,19960520,H,李淼,徐剑,358838.9732,19920729.0,陕西,咸阳市,4872.0,www.cecchco.com,"主营业务:液晶基板玻璃的研发,生产与销售.",False,C39计算机、通信和其他电子设备制造业,证监会行业分类
600708,光明地产,600708.SH,SSE,主板,上海,全国地产,19960606,H,王伟,王伟,222863.6743,19930104.0,上海,上海市,1335.0,www.bre600708.com,"主营业务:房地产综合开发经营,物流产业链",False,K70房地产业,证监会行业分类
600710,苏美达,600710.SH,SSE,主板,江苏,商贸代理,19960701,H,杨永清,王健,130674.9434,19960624.0,江苏,南京市,17002.0,www.sumec.com;www.sumec.com.cn,"公司主营业务包括产业链,供应链两大类.产业链主要产品或服务包括:船舶制造与航运,柴油发电机组,户外动力设备(OPE),清洁能源(含光伏产品,工程,服务),生态环保(含垃圾处理,土壤修复,餐厨垃圾处理,可降解塑料工业工程等),纺织服装(服装,家用纺织品,品牌校服)等.",False,F51批发业,证监会行业分类
600711,盛屯矿业,600711.SH,SSE,主板,福建,小金属,19960531,H,熊波,龙双,309061.1551,19970114.0,福建,厦门市,9372.0,www.600711.com,主要业务为有色金属采选及综合贸易业务金属金融服务,False,B09有色金属矿采选业,证监会行业分类
600712,南宁百货,600712.SH,SSE,主板,广西,百货,19960626,N,覃耀杯,,54465.536,19961111.0,广西,南宁市,592.0,www.nnbh.com.cn,主营业务为批发和零售贸易.,False,F52零售业,证监会行业分类
600713,南京医药,600713.SH,SSE,主板,江苏,医药商业,19960701,H,周建军,张靓,130889.2948,19940125.0,江苏,南京市,4830.0,www.njyy.com,"流通业,制造业.",False,F51批发业,证监会行业分类
600714,金瑞矿业,600714.SH,SSE,主板,青海,化工原料,19960606,N,任小坤,郑永龙,28817.6273,19960525.0,青海,西宁市,285.0,,"锶系列产品的研究,生产,开发,加工与销售.煤炭的生产与销售.",False,C26化学原料和化学制品制造业,证监会行业分类
600715,文投控股,600715.SH,SSE,主板,北京,影视音像,19960701,H,徐建,施煜,405985.35,19930416.0,北京,北京市,410.0,,汽车车身零部件.,False,R87广播、电视、电影和录音制作业,证监会行业分类
600716,凤凰股份,600716.SH,SSE,主板,江苏,区域地产,19960702,N,王译萱,李燕,93606.059,19960624.0,江苏,南京市,106.0,www.fhzy.cn,房地产投资及其他实业投资,False,K70房地产业,证监会行业分类
600717,天津港,600717.SH,SSE,主板,天津,港口,19960614,H,刘庆顺,陈涛,289400.1038,19820929.0,天津,天津市,4933.0,www.tianjin-port.com,"主营业务为商品储存,中转联运,汽车运输;装卸搬运;集装箱搬运,拆装箱及相关业务;货运代理;劳务服务;商业及各类物资的批发,零售;经济信息咨询服务(以上范围内国家有专营专项的按规定办理);自有房屋,货场,机械,设备的租赁业务(以上范围内国家有专营专项的按规定办理).",False,G55水上运输业,证监会行业分类
600718,东软集团,600718.SH,SSE,主板,辽宁,软件服务,19960618,H,荣新节,荣新节,119643.8852,19910617.0,辽宁,沈阳市,18021.0,www.neusoft.com,"主营业务:软件及系统集成,数字医疗.",False,I65软件和信息技术服务业,证监会行业分类
600719,大连热电,600719.SH,SSE,主板,辽宁,供气供热,19960716,N,王杰,沈军,40459.96,19930901.0,辽宁,大连市,601.0,www.dlrd.com,"电力,热力.",False,D44电力、热力生产和供应业,证监会行业分类
600720,中交设计,600720.SH,SSE,主板,甘肃,建筑工程,19960716,H,崔玉萍,范振宇,229459.5565,19960717.0,甘肃,兰州市,7943.0,www.ccccdc.com,"主营业务:水泥生产,销售及商砼业务.主要产品:水泥,商品熟料,商品混凝土.",False,M74专业技术服务业,证监会行业分类
600721,百花医药,600721.SH,SSE,主板,新疆,生物制药,19960626,N,郑彩红,黄辉,38454.7635,19960621.0,新疆,五家渠市,672.0,www.xjbhc.net,"能源及煤化工投资.房地产投资.自营和代理各类商品和技术的进出口.开展边境小额贸易业务.机电产品,五金交电化工,金属材料,农副产品,皮棉,棉短绒,长绒棉的销售.计算机软件开发;计算机技术培训咨询;计算机软件及硬件销售,计算机系统集成及相关技术服务,市场开发建设.仓储业务.房屋及柜台租赁.广告业务.",False,M73研究和试验发展,证监会行业分类
600722,金牛化工,600722.SH,SSE,主板,河北,化工原料,19960626,N,董辉,武晨曦,68031.9676,19960617.0,河北,沧州市,176.0,www.hbjnhg.com,"树脂,烧碱,水泥.",False,C26化学原料和化学制品制造业,证监会行业分类
600724,宁波富达,600724.SH,SSE,主板,浙江,综合类,19960716,H,郑铭钧,赵勇,144524.1071,19930322.0,浙江,宁波市,1074.0,www.fuda.com,"吸尘器,小家电,水泥,自来水.",False,C30非金属矿物制品业,证监会行业分类
600725,云维股份,600725.SH,SSE,主板,云南,商贸代理,19960702,N,刘磊,吴余生,123247.0,19960626.0,云南,昆明市,122.0,www.cnyig.com,"聚乙烯醇,醋酸乙烯,电石,焦炭,甲醇,煤焦油及深加工产品,纯碱,氯化铵,水泥等.",False,F51批发业,证监会行业分类
600726,华电能源,600726.SH,SSE,主板,黑龙江,火力发电,19960701,H,郎国民,魏宁,790733.621,19961028.0,黑龙江,哈尔滨市,8674.0,www.hdenergy.com,"主要产品:电力,热力",False,D44电力、热力生产和供应业,证监会行业分类
600727,鲁北化工,600727.SH,SSE,主板,山东,化工原料,19960702,N,陈树常,冯祥义,52858.3135,19960619.0,山东,滨州市,2923.0,www.lubeichem.com,"磷铵,NPK复合肥,水泥,溴素及溴系列,电,氯碱.",False,C26化学原料和化学制品制造业,证监会行业分类
600728,佳都科技,600728.SH,SSE,主板,广东,软件服务,19960716,H,陈娇,刘伟,213259.9261,20010930.0,广东,广州市,3908.0,www.pcitech.com,"主营业务:智能安防,智能交通,通信增值,IT综合服务等.",False,I65软件和信息技术服务业,证监会行业分类
600729,重百集团,600729.SH,SSE,主板,重庆,百货,19960702,H,胡宏伟,胡宏伟,44045.3077,19920811.0,重庆,重庆市,11615.0,www.e-cbest.com,"商品零售,商品批发.",False,F52零售业,证监会行业分类
600730,*ST高科,600730.SH,SSE,主板,北京,文教休闲,19960726,N,曹龙,商小路,58665.6002,19920626.0,北京,北京市,401.0,www.chinahitech.com.cn,"教育,仓储,房地产,投资管理.",True,P83教育,证监会行业分类
600731,湖南海利,600731.SH,SSE,主板,湖南,农药化肥,19960802,N,刘洪波,刘洪波,55874.2416,19940415.0,湖南,长沙市,2013.0,www.hnhlc.com,"农药原药,农药制剂,精细化工产品,泵.",False,C26化学原料和化学制品制造业,证监会行业分类
600732,爱旭股份,600732.SH,SSE,主板,上海,电气设备,19960816,H,陈刚,陈刚,211724.9923,19960812.0,上海,上海市,7566.0,www.aikosolar.com,"商品房销售,商品房出租.",False,C38电气机械和器材制造业,证监会行业分类
600733,北汽蓝谷,600733.SH,SSE,主板,北京,汽车整车,19960816,H,刘观桥,宋军,636715.3962,19921006.0,北京,北京市,4466.0,www.bjev.com.cn,"装配新能源汽车动力模块(具体包括动力模块电机系统装配,动力模块电池系统装配以及动力模块电控系统装配);生产电动乘用车;销售新能源汽车充电设施,汽车,新能源汽车远程监控设备,新能源汽车动力模块系统零部件;软件开发;经济贸易咨询;汽车装饰;货物进出口;技术进出口;代理进出口;筹备新能源汽车整车,混合动力汽车的生产项目;技术开发,技术转让,技术咨询.",False,C36汽车制造业,证监会行业分类
600734,*ST实达,600734.SH,SSE,主板,福建,软件服务,19960808,N,何桂东,何桂东,217830.3106,19880530.0,福建,福州市,117.0,www.start.com.cn,"主要业务:一是移动通讯智能终端业务,包括移动通讯智能终端及相关核心部件的研发,设计,生产和销售;二是物联网周界安防业务,包括防入侵系统,视频监控及物联网安防应用相关软件,硬件产品的研发,生产,销售及相应的技术服务.",True,I65软件和信息技术服务业,证监会行业分类
600735,ST新华锦,600735.SH,SSE,主板,山东,服饰,19960726,N,张航,孟昭洁,42877.8219,19931128.0,山东,青岛市,1417.0,www.hikinginternational.com,"主营业务为""发制品+纺织服装+锡材料加工"".",True,C41其他制造业,证监会行业分类
600736,苏州高新,600736.SH,SSE,主板,江苏,园区开发,19960815,H,王平,沈明,115129.2907,19940628.0,江苏,苏州市,1495.0,www.sndnt.com,房地产.,False,K70房地产业,证监会行业分类
600737,中粮糖业,600737.SH,SSE,主板,新疆,食品,19960731,H,李明华,赵玮,213884.8228,19930918.0,新疆,昌吉回族自治州,5654.0,www.cofcotunhe.com,"主要产品:番茄产品,农副产品,水泥产品.",False,C13农副食品加工业,证监会行业分类
600738,丽尚国潮,600738.SH,SSE,主板,甘肃,百货,19960802,N,吴小波,吴小波,76133.5236,19961202.0,甘肃,兰州市,557.0,www.lsguochao.com,"主营业务:商品零售,餐饮娱乐.",False,F52零售业,证监会行业分类
600739,辽宁成大,600739.SH,SSE,主板,辽宁,生物制药,19960819,H,徐飚,张善伟,152970.9816,19930902.0,辽宁,大连市,3317.0,www.chengda.com.cn,"医药医疗,金融投资,供应链服务(贸易)和能源开发",False,F51批发业,证监会行业分类
600740,山西焦化,600740.SH,SSE,主板,山西,焦炭加工,19960808,H,李峰,杜建宏,256212.1154,19960802.0,山西,临汾市,5528.0,www.sxjh.com.cn,"焦炭,其他化工产品.",False,C25石油、煤炭及其他燃料加工业,证监会行业分类
600741,华域汽车,600741.SH,SSE,主板,上海,汽车配件,19960826,H,王晓秋,徐平,315272.3984,19921028.0,上海,上海市,54621.0,www.hasco-group.com,"独立供应汽车零部件研发,生产及销售.",False,C36汽车制造业,证监会行业分类
600742,富维股份,600742.SH,SSE,主板,吉林,汽车配件,19960826,H,刘洪敏,刘洪敏,74305.788,19930628.0,吉林,长春市,14569.0,www.faway.com,"车轮,内饰件.",False,C36汽车制造业,证监会行业分类
600743,华远控股,600743.SH,SSE,主板,北京,区域地产,19960909,H,祝林,王乐斌,234610.0874,19920208.0,北京,北京市,491.0,www.hy-online.com,房地产开发与经营.,False,K70房地产业,证监会行业分类
600744,华银电力,600744.SH,SSE,主板,湖南,火力发电,19960905,H,刘学东,吴利民,203112.4274,19930322.0,湖南,长沙市,4291.0,www.hypower.com.cn,"火力发电,水力发电.",False,D44电力、热力生产和供应业,证监会行业分类
600745,*ST闻泰,600745.SH,SSE,主板,湖北,半导体,19960828,N,杨沐,沈新佳,124465.2598,19930111.0,湖北,黄石市,29482.0,www.wingtech.com,"主要产品:智能终端,虚拟现实,地产和酒店等",True,C39计算机、通信和其他电子设备制造业,证监会行业分类
600746,江苏索普,600746.SH,SSE,主板,江苏,化工原料,19960918,H,邵守言,陈志林,116784.2884,19960913.0,江苏,镇江市,2039.0,www.sopo.com.cn,"主营业务:化工原料及产品制造,销售,蒸汽,电力生产,主要产品是ADC发泡剂,漂粉精,氯,碱,电,蒸汽等.",False,C26化学原料和化学制品制造业,证监会行业分类
600748,上实发展,600748.SH,SSE,主板,上海,全国地产,19960925,H,王政,徐槟,184456.2892,19960919.0,上海,上海市,9401.0,www.sidlgroup.com,"主要业务:房屋租赁,上海之窗·御景园,郑州家和万世,重庆水天花园,重庆锦绣山庄,成都锦绣花园.",False,K70房地产业,证监会行业分类
600749,西藏旅游,600749.SH,SSE,主板,西藏,旅游景点,19961015,N,胡晓菲,王景启,22696.5517,19960627.0,西藏,拉萨市,472.0,www.600749.com,"主要业务:旅游,酒店,设计制作,媒体代理.",False,N78公共设施管理业,证监会行业分类
600750,华润江中,600750.SH,SSE,主板,江西,中成药,19960923,H,刘为权,徐永前,63561.3289,19960918.0,江西,南昌市,4352.0,www.jzjt.com,"主要产品:中成药,抗生素制剂,原料药.",False,C27医药制造业,证监会行业分类
600751,海航科技,600751.SH,SSE,主板,天津,水运,19960909,H,朱勇,于杰辉,289933.7783,19820306.0,天津,天津市,93.0,www.hnatech.com,"IT产品分销及技术解决方案,移动设备及生命周期服务,电子商务供应链解决方案,海航云集市,海航云科技",False,G55水上运输业,证监会行业分类
600753,*ST海钦,600753.SH,SSE,主板,福建,商贸代理,19960927,N,赵晨晨,雷安华,23030.7175,19961011.0,福建,福州市,39.0,www.hiqenergy.cn,"大宗商品贸易业务主要以煤炭,焦炭等煤化工产品为主",True,F51批发业,证监会行业分类
600754,锦江酒店,600754.SH,SSE,主板,上海,酒店餐饮,19961011,H,张晓强,毛啸,106629.8444,19941213.0,上海,上海市,23666.0,www.jinjianghotels.sh.cn,主要业务:“有限服务型酒店营运及管理业务”和“食品及餐饮业务”.,False,H61住宿业,证监会行业分类
600755,厦门国贸,600755.SH,SSE,主板,福建,仓储物流,19961003,H,高少镛,蔡莹彬,213762.1097,19961224.0,福建,厦门市,6913.0,www.itg.com.cn,"主要业务:供应链管理业务,房地产经营业务,金融服务业务.",False,L72商务服务业,证监会行业分类
600756,浪潮软件,600756.SH,SSE,主板,山东,软件服务,19960923,H,薛军利,纪磊,34962.8753,19941107.0,山东,泰安市,1603.0,www.Inspur.com,"主营业务为通信及计算机软硬件技术开发,生产,销售;通信及计算机网络工程技术技术咨询,技术培训;资格证书许可范围内的进出口业务.主要产品:软件与系统集成,计算机及应用产品.",False,I65软件和信息技术服务业,证监会行业分类
600757,长江传媒,600757.SH,SSE,主板,湖北,出版业,19961003,H,黄国斌,李植,121365.0273,19960926.0,湖北,武汉市,4515.0,www.600757.com.cn,"主营业务:图书,期刊,报纸,音像制品,电子出版物的出版,发行,印制,物资贸易等.",False,R86新闻和出版业,证监会行业分类
600758,辽宁能源,600758.SH,SSE,主板,辽宁,煤炭开采,19961029,H,郭绍坤,田双龙,132201.7394,19931228.0,辽宁,沈阳市,13250.0,,"建筑安装,房地产开发,建筑材料销售.",False,B06煤炭开采和洗选业,证监会行业分类
600759,ST洲际,600759.SH,SSE,主板,海南,石油开采,19961008,N,陈焕龙,戴小平,414900.928,19840820.0,海南,海口市,897.0,www.geojade.com,"石油勘探开发业务,房地产开发,物业租赁以及贸易",True,B07石油和天然气开采业,证监会行业分类
600760,中航沈飞,600760.SH,SSE,主板,山东,航空,19961011,H,纪瑞东,左林玄,283509.4714,19960604.0,山东,威海市,16444.0,www.sac.avic.com,"实业投资;航空产品研发,生产,服务保障.",False,C37铁路、船舶、航空航天和其他运输设备制造业,证监会行业分类
600761,安徽合力,600761.SH,SSE,主板,安徽,工程机械,19961009,H,杨安国,周峻,89069.2761,19930930.0,安徽,合肥市,11419.0,www.helichina.com,叉车产品.,False,C34通用设备制造业,证监会行业分类
600763,通策医疗,600763.SH,SSE,主板,浙江,医疗保健,19961030,H,王毅,王毅,44728.9117,19950830.0,浙江,杭州市,6228.0,www.tcmedical.com.cn,"主营业务:口腔,辅助生殖医疗等服务.",False,Q84卫生,证监会行业分类
600764,中国海防,600764.SH,SSE,主板,北京,船舶,19961104,H,陈远锦,,71062.9386,19931118.0,北京,北京市,3618.0,www.cmie.csic.com.cn,"各类军民用水声信息传输装备,水下武器系统专项设备等军品领域产品,以及压载水电源等民品领域产品.",False,C39计算机、通信和其他电子设备制造业,证监会行业分类
600765,XD中航重,600765.SH,SSE,主板,贵州,航空,19961106,H,冉兴,胡灵红,155249.4153,19961114.0,贵州,贵阳市,8821.0,www.hm.avic.com,主要业务:液压行业.,False,C37铁路、船舶、航空航天和其他运输设备制造业,证监会行业分类
600768,宁波富邦,600768.SH,SSE,主板,浙江,铝,19961111,N,宋凌杰,魏会兵,13374.72,19811220.0,浙江,宁波市,331.0,www.600768.com.cn,"主营业务:工业铝板带材和铝型材生产,加工和销售以及铝铸棒的仓储,贸易服务.主要产品:铝板带材,铝型材.",False,C32有色金属冶炼和压延加工业,证监会行业分类
600769,祥龙电业,600769.SH,SSE,主板,湖北,水务,19961101,N,董耀军,董耀军,37497.72,19930719.0,湖北,武汉市,61.0,www.whghjt.com,"化工产品,供电供汽,运输.",False,D46水的生产和供应业,证监会行业分类
600770,综艺股份,600770.SH,SSE,主板,江苏,综合类,19961120,H,杨朦,杨朦,130000.0,19921023.0,江苏,南通市,514.0,www.600770.com,"主要业务:信息科技,新能源,股权投资",False,D44电力、热力生产和供应业,证监会行业分类
600771,广誉远,600771.SH,SSE,主板,山西,中成药,19961105,H,李晓军,任岩,48949.1141,19961125.0,山西,晋中市,1735.0,www.guangyuyuan.com,"公司主要产品是龟龄集,定坤丹,牛黄清心丸,安宫牛黄丸,盖天力等.",False,C27医药制造业,证监会行业分类
600773,西藏城投,600773.SH,SSE,主板,西藏,区域地产,19961108,H,陈卫东,曾云,95158.6865,19961025.0,西藏,拉萨市,385.0,www.600773sh.com,"主营业务为房地产开发,销售,咨询服务以及对矿业,金融,实业的投资.",False,K70房地产业,证监会行业分类
600774,汉商集团,600774.SH,SSE,主板,湖北,化学制药,19961108,N,阎志,阎志,29503.2402,19900420.0,湖北,武汉市,2235.0,www.whhsg.com,"主要业务:零售业,会展业,地产业及旅业等业务.",False,C27医药制造业,证监会行业分类
600775,南京熊猫,600775.SH,SSE,主板,江苏,通信设备,19961118,H,胡回春,胡回春,91383.8529,19920429.0,江苏,南京市,2291.0,www.panda.cn,"主要产品:移动通信产品,卫星通信产品,机电仪产品,电子信息产品.",False,C39计算机、通信和其他电子设备制造业,证监会行业分类
600776,东方通信,600776.SH,SSE,主板,浙江,通信设备,19961126,H,郭端端,吉树新,125600.0064,19960801.0,浙江,杭州市,2044.0,www.eastcom.com,"主要业务:移动通信业务,传输设备业务,IC卡话机业务,电信及电源设备业务.",False,C39计算机、通信和其他电子设备制造业,证监会行业分类
600777,*ST新潮,600777.SH,SSE,主板,山东,石油开采,19961121,N,张钧昱,张钧昱,680049.5825,19960606.0,山东,烟台市,272.0,www.xinchaoenergy.com,"主营业务为:原油及天然气的勘探,开采和销售",True,B07石油和天然气开采业,证监会行业分类
600778,友好集团,600778.SH,SSE,主板,新疆,百货,19961203,N,李宏胜,姜胜,31149.1352,19930825.0,新疆,乌鲁木齐市,2327.0,www.xjyh.com.cn,"主要业务:商业,公用事业(供暖),酒店服务业,外贸出口,工业,房地产行业,广告业,旅游业.",False,F52零售业,证监会行业分类
600779,水井坊,600779.SH,SSE,主板,四川,白酒,19961206,H,胡庭洲,胡庭洲,48750.3198,19931221.0,四川,成都市,2015.0,www.swellfun.com,"主要产品:高档酒,中低档酒,药业,印刷包装产品.",False,C15酒、饮料和精制茶制造业,证监会行业分类
600780,通宝能源,600780.SH,SSE,主板,山西,火力发电,19961205,H,李鑫,,114650.2523,19920828.0,山西,太原市,4303.0,www.600780.com.cn,"主营业务包括:火力发电,配电业务及燃气业务等.",False,D44电力、热力生产和供应业,证监会行业分类
600782,新钢股份,600782.SH,SSE,主板,江西,普钢,19961225,H,刘建荣,廖鹏,318402.2149,20031010.0,江西,新余市,11596.0,www.xinsteel.com.cn,"主要产品:中厚板,热轧卷板,冷轧卷板,线棒材,钢绞线等钢材产品.",False,C31黑色金属冶炼和压延加工业,证监会行业分类
600783,鲁信创投,600783.SH,SSE,主板,山东,专用机械,19961225,H,王旭冬,葛效宏,74435.9294,19931120.0,山东,淄博市,271.0,www.600783.cn,创业投资业务,False,J67资本市场服务,证监会行业分类
600784,鲁银投资,600784.SH,SSE,主板,山东,综合类,19961225,N,杨耀东,李传明,67565.2277,19930911.0,山东,济南市,2601.0,www.luyin.cn,"主要业务:钢铁,医药,纺织.",False,C14食品制造业,证监会行业分类
600785,新华百货,600785.SH,SSE,主板,宁夏,百货,19970108,N,曲奎,马卫红,22563.128,19970103.0,宁夏,银川市,8329.0,www.xhbh.com.cn,"商业零售业务,乳制品生产销售.",False,F52零售业,证监会行业分类
600787,中储股份,600787.SH,SSE,主板,天津,仓储物流,19970121,H,房永斌,王海滨,217007.9582,19970108.0,天津,天津市,5141.0,www.cmstd.com.cn,"主要业务:期现货交割物流,大宗商品供应链,物流+互联网,消费品物流,工程物流,金融物流.",False,G59装卸搬运和仓储业,证监会行业分类
600789,鲁抗医药,600789.SH,SSE,主板,山东,化学制药,19970226,H,彭欣,董坤,104518.9778,19930215.0,山东,济宁市,6388.0,www.lkpc.com,"普药及半合抗原料药,普药及半合抗制剂,兽用抗生素.",False,C27医药制造业,证监会行业分类
600790,轻纺城,600790.SH,SSE,主板,浙江,商品城,19970228,H,潘建华,王百通,146579.0928,19930426.0,浙江,绍兴市,940.0,www.qfcgroup.com,"纺织品销售及加工,市场租赁,酒类销售,建材销售.",False,L72商务服务业,证监会行业分类
600791,京能置业,600791.SH,SSE,主板,北京,全国地产,19970130,N,昝荣师,曹云俊,45288.0,19970401.0,北京,北京市,331.0,www.beh-zy.com,主营业务为房地产开发与经营.,False,K70房地产业,证监会行业分类
600792,云煤能源,600792.SH,SSE,主板,云南,焦炭加工,19970123,N,李树雄,,110992.36,19970120.0,云南,昆明市,1581.0,www.ymnygf.com,"生产和销售焦炭,煤气,蒸汽,余热发电,煤焦化工副产品.",False,C25石油、煤炭及其他燃料加工业,证监会行业分类
600793,宜宾纸业,600793.SH,SSE,主板,四川,造纸,19970220,N,李剑伟,吕延智,17690.4002,19960822.0,四川,宜宾市,1662.0,www.yb-zy.com,"主要产品为低定量彩印新闻纸,高强度高白彩新闻纸,普通胶印新闻纸,食品包装原纸,文化原纸等.主营业务为生产销售新闻纸,文化纸,食品包装原纸.",False,C22造纸和纸制品业,证监会行业分类
600794,保税科技,600794.SH,SSE,主板,江苏,仓储物流,19970306,H,季忠明,张惠忠,120015.2157,19940628.0,江苏,苏州市,489.0,www.zftc.net,"主要业务:液体化工品,固体干散货仓储业务及代理等物流服务业务,为液体化工产品的生产厂商和贸易商提供货物的码头接卸,仓储等服务,适量参与化工品贸易与资本投资(包括二级市场投资).",False,G59装卸搬运和仓储业,证监会行业分类
600795,国电电力,600795.SH,SSE,主板,辽宁,火力发电,19970318,H,赵世斌,赵世斌,1783561.9082,19921231.0,辽宁,大连市,37148.0,www.600795.com.cn,主要产品:电力.,False,D44电力、热力生产和供应业,证监会行业分类
600796,钱江生化,600796.SH,SSE,主板,浙江,环境保护,19970408,H,沈燕明,,86658.5766,19931028.0,浙江,嘉兴市,2021.0,www.600796.com,"主要产品:杀菌剂类农药,生长调节剂类农药,杀虫剂类农药,兽药.",False,D46水的生产和供应业,证监会行业分类
600797,浙大网新,600797.SH,SSE,主板,浙江,软件服务,19970418,H,史烈,沈越,102752.637,19940108.0,浙江,杭州市,4793.0,www.insigma.com.cn,"网络设备与终端,软件外包与服务",False,I65软件和信息技术服务业,证监会行业分类
600798,宁波海运,600798.SH,SSE,主板,浙江,水运,19970423,N,彭法,周浩杰,120653.4201,19970418.0,浙江,宁波市,833.0,www.nbmc.com.cn,"主要业务:国内沿海,长江中下游,国际船舶普通货物运输以及控股子公司明州高速投资的宁波绕城高速公路西段项目.",False,G55水上运输业,证监会行业分类
600800,渤海化学,600800.SH,SSE,主板,天津,化工原料,19931206,N,郭子敬,朱威,111004.5216,19790530.0,天津,天津市,781.0,www.bhcc.cn,"卡类产品,包装印刷产品,有价证券产品,电脑表格产品的印制及房地产开发业务.",False,C26化学原料和化学制品制造业,证监会行业分类
600801,华新建材,600801.SH,SSE,主板,湖北,水泥,19940103,H,李叶青,李叶青,207899.5649,19931130.0,湖北,黄石市,21889.0,www.huaxincem.com,"主营业务;水泥及其制品生产,销售.",False,C30非金属矿物制品业,证监会行业分类
600802,福建水泥,600802.SH,SSE,主板,福建,水泥,19940103,N,王振兴,华万征,45824.84,19931127.0,福建,福州市,1436.0,www.fjcement.com,"主要产品:水泥,商品熟料",False,C30非金属矿物制品业,证监会行业分类
600803,新奥股份,600803.SH,SSE,主板,河北,供气供热,19940103,H,蒋承宏,张宇迎,309578.5107,19921229.0,河北,石家庄市,37142.0,www.enn-ng.com,"主营业务:液化天然气生产/销售与投资,能源技术工程服务,甲醇等能源化工产品生产,销售与贸易,煤炭的开采,洗选与贸易,以及生物制农兽药原料药及制剂的生产与销售",False,D45燃气生产和供应业,证监会行业分类
600805,悦达投资,600805.SH,SSE,主板,江苏,综合类,19940103,N,张乃文,,85089.4494,19910412.0,江苏,盐城市,2682.0,www.yuedainvest.com,"主要产品:公路经营,物资贸易,生物制药,拖拉机.",False,S91综合,证监会行业分类
600807,济高发展,600807.SH,SSE,主板,山东,医疗保健,19940103,N,孙英才,杨永波,88463.4731,19930116.0,山东,济南市,565.0,www.jngxfz.com,主要业务:房地产+商业.,False,C27医药制造业,证监会行业分类
600808,马钢股份,600808.SH,SSE,主板,安徽,普钢,19940106,H,蒋育翔,,770068.1186,19930901.0,安徽,马鞍山市,16780.0,www.magang.com.cn;www.magang.com.hk,"主营业务:钢铁产品的生产和销售.主要产品:钢材,大致可分为板材,长材和轮轴三大类.",False,C31黑色金属冶炼和压延加工业,证监会行业分类
600809,山西汾酒,600809.SH,SSE,主板,山西,白酒,19940106,H,袁清茂,,121996.4222,19851225.0,山西,吕梁市,13931.0,www.fenjiu.com.cn,"主要产品:白酒,配制酒",False,C15酒、饮料和精制茶制造业,证监会行业分类
600810,神马股份,600810.SH,SSE,主板,河南,化纤,19940106,H,李本斌,王兵,111127.3085,19970910.0,河南,平顶山市,8131.0,www.shenma.com,"主要产品:帘子布,工业丝",False,C28化学纤维制造业,证监会行业分类
600812,华北制药,600812.SH,SSE,主板,河北,化学制药,19940114,H,王立鑫,张民,171573.037,19921220.0,河北,石家庄市,10088.0,www.ncpc.com,"主要产品包括抗感染原料药(中间体)及制剂,维生素等近600余个品规,其中青霉素,硫酸链霉素,阿莫西林,头孢拉定,维生素C,维生素B12等品种的产销量居世界前列.",False,C27医药制造业,证监会行业分类
600814,杭州解百,600814.SH,SSE,主板,浙江,百货,19940114,H,毕铃,虞国荣,73507.8598,19921030.0,浙江,杭州市,963.0,www.jiebai.com,"主要业务:商品销售业务,广告业务.",False,F52零售业,证监会行业分类
600815,厦工股份,600815.SH,SSE,主板,福建,工程机械,19940128,H,金中权,刘焕寿,177409.448,19970226.0,福建,厦门市,589.0,www.xiagong.com;www.xgma.com.cn,"主营业务:装载机,挖掘机和小型工程机械等工程机械产品及其配件的制造,加工和销售.",False,C35专用设备制造业,证监会行业分类
600816,建元信托,600816.SH,SSE,主板,上海,多元金融,19940128,H,秦怿,,984444.8254,19950915.0,上海,上海市,299.0,www.j-yuantrust.com,主要业务:金融信托业务.,False,J69其他金融业,证监会行业分类
600817,宇通重工,600817.SH,SSE,主板,河南,专用机械,19940128,H,晁莉红,陈红伟,53330.4346,19920606.0,河南,郑州市,1960.0,www.yutongzg.com,"集成电路产品,家电产品",False,C35专用设备制造业,证监会行业分类
600818,ST中路,600818.SH,SSE,主板,上海,文教休闲,19940128,N,陈闪,陈闪,32144.791,19950112.0,上海,上海市,488.0,www.zhonglu.com.cn,"自行车,康体设备",True,C37铁路、船舶、航空航天和其他运输设备制造业,证监会行业分类
600819,耀皮玻璃,600819.SH,SSE,主板,上海,玻璃,19940128,H,殷俊,沙海祥,97675.7073,19931123.0,上海,上海市,3876.0,www.sypglass.com,"主要产品:浮法玻璃,加工玻璃",False,C30非金属矿物制品业,证监会行业分类
600820,隧道股份,600820.SH,SSE,主板,上海,建筑工程,19940128,H,葛以衡,刘纯洁,314409.6094,19931126.0,上海,上海市,17492.0,www.stec.net,"投资,设计,施工,运营一体化的城市基础设施建设运营.",False,E48土木工程建筑业,证监会行业分类
600821,金开新能,600821.SH,SSE,主板,天津,新型电力,19940128,H,尤明杨,范晓波,196732.4953,19970327.0,天津,天津市,563.0,www.nyocor.com,主要业务:商业零售.,False,D44电力、热力生产和供应业,证监会行业分类
600822,上海物贸,600822.SH,SSE,主板,上海,汽车服务,19940204,N,宁斌,许伟,49597.2914,19940916.0,上海,上海市,866.0,www.600822sh.com,"主营业务:汽车贸易,化工等生产资料的批发与零售,以及有色金属平台交易.",False,F51批发业,证监会行业分类
600824,益民集团,600824.SH,SSE,主板,上海,百货,19940204,N,张敏,孙骏,105402.7073,19931210.0,上海,上海市,453.0,www.yimingroup.com,主要业务:百货零售业.,False,F52零售业,证监会行业分类
600825,新华传媒,600825.SH,SSE,主板,上海,出版业,19940204,H,胡明华,刘航,104488.785,19921111.0,上海,上海市,1168.0,www.xhmedia.com,"主营业务:主要板块分为图书,音像制品,文教用品,报刊广告和其他.",False,R86新闻和出版业,证监会行业分类
600826,兰生股份,600826.SH,SSE,主板,上海,文教休闲,19940204,H,陈小宏,毕培文,73553.3549,19820807.0,上海,上海市,518.0,www.dlg-expo.com,"主要业务:外贸,工业.主要产品:机电产品,纺织原料及制品,鞋类,塑料及其制品,玩具.",False,L72商务服务业,证监会行业分类
600827,百联股份,600827.SH,SSE,主板,上海,超市连锁,19940204,H,张申羽,曹海伦,178416.8117,19940602.0,上海,上海市,19482.0,www.bailian.sh.cn,"主要业务:连锁超市业务,建材业务,百货业务,房屋出租.",False,F52零售业,证监会行业分类
600828,茂业商业,600828.SH,SSE,主板,四川,百货,19940224,H,高宏彪,黄维正,173198.2546,19931231.0,四川,成都市,1180.0,www.cpds.cn,主要业务:商品零售.,False,F52零售业,证监会行业分类
600829,人民同泰,600829.SH,SSE,主板,黑龙江,医药商业,19940224,H,朱卫东,朱卫东,57988.8597,19940219.0,黑龙江,哈尔滨市,2870.0,www.hyrmtt.com.cn,"主营业务:医药批发,医药零售等医药商业业务.",False,F51批发业,证监会行业分类
600830,XD香溢融,600830.SH,SSE,主板,浙江,多元金融,19940224,N,方国富,胡秋华,45432.2747,19980108.0,浙江,宁波市,207.0,www.sunnyloantop.cn,"主要业务:商品销售,餐饮,保险服务,典当.",False,J69其他金融业,证监会行业分类
600831,广电网络,600831.SH,SSE,主板,陕西,影视音像,19940224,N,韩普,韩普,71094.6992,19961231.0,陕西,西安市,6023.0,www.600831.com,"主要业务:从原来传统的有线电视传输业务,集团/家庭网络接入业务,逐步发展为以视频,数据,智慧三大业务为主业.",False,I63电信、广播电视和卫星传输服务,证监会行业分类
600833,第一医药,600833.SH,SSE,主板,上海,医药商业,19940224,N,张海波,姚军,22308.6347,19920923.0,上海,上海市,818.0,shdyyy.com.cn,医药零售及批发,False,F52零售业,证监会行业分类
600834,申通地铁,600834.SH,SSE,主板,上海,公共交通,19940224,N,施俊明,金卫忠,47738.1905,19920612.0,上海,上海市,1725.0,www.shtmetro.com,主要业务:地铁运营.,False,S91综合,证监会行业分类
600835,上海机电,600835.SH,SSE,主板,上海,运输设备,19940224,H,庄华,庄华,102273.9308,19940224.0,上海,上海市,4397.0,www.chinasec.cn,电梯及自动扶梯产品,False,C34通用设备制造业,证监会行业分类
600838,上海九百,600838.SH,SSE,主板,上海,百货,19940224,N,许骍,戴天,40088.1981,19931221.0,上海,上海市,163.0,www.shjb600838.com,"主要产品:百货零售批发,洗涤化工产品",False,F52零售业,证监会行业分类
600839,四川长虹,600839.SH,SSE,主板,四川,家用电器,19940311,H,柳江,杨金,461624.4222,19930408.0,四川,绵阳市,45376.0,www.changhong.com,"公司主要从事电视机,冰箱,空调,压缩机,视听产品,电池,手机等产品的生产销售,IT产品的销售以及房地产开发等生产经营活动.",False,C39计算机、通信和其他电子设备制造业,证监会行业分类
600841,动力新科,600841.SH,SSE,主板,上海,汽车配件,19940311,H,杨怀景,刘建超,138782.1784,19931227.0,上海,上海市,1628.0,www.snat.com,主营业务:柴油机及其配件的生产及销售.,False,C34通用设备制造业,证监会行业分类
600843,上工申贝,600843.SH,SSE,主板,上海,纺织机械,19940311,H,张敏,张敏,71316.648,19940419.0,上海,上海市,4861.0,www.sgsbgroup.com,"主要产品:缝制设备包括工业缝纫机,家用缝纫机及特种用途工业定制机器等.主要业务:工业缝制设备和家用缝纫机的研发,生产和销售.",False,C35专用设备制造业,证监会行业分类
600844,金煤科技,600844.SH,SSE,主板,内蒙,化工原料,19940311,N,蒋涛,成国俊,101652.424,19940217.0,内蒙古,呼和浩特市,1106.0,www.600844.com,主要从事煤化工产品的生产.,False,C26化学原料和化学制品制造业,证监会行业分类
600845,宝信软件,600845.SH,SSE,主板,上海,软件服务,19940311,H,田国兵,王剑虎,287077.8802,19940815.0,上海,上海市,6060.0,www.baosight.com,"主要从事计算机,自动化,网络通讯系统及软硬件产品的研究,设计,开发,制造,集成,及相应的外包,维修,咨询等服务;主要产品和提供的劳务为软件开发,服务外包,系统集成,工程设计及智能交通,属软件和信息技术服务业.",False,I65软件和信息技术服务业,证监会行业分类
600846,同济科技,600846.SH,SSE,主板,上海,建筑工程,19940311,H,官远发,骆君君,62476.1516,19930611.0,上海,上海市,3334.0,www.tjkjsy.com.cn,"商品房,建筑施工",False,E48土木工程建筑业,证监会行业分类
600847,万里股份,600847.SH,SSE,主板,重庆,电气设备,19940324,N,莫天全,侯跃峰,15328.74,19920718.0,重庆,重庆市,368.0,www.cqwanli.com,"公司主营业务一直为铅蓄电池的研发,生产,销售.",False,C38电气机械和器材制造业,证监会行业分类
600848,上海临港,600848.SH,SSE,主板,上海,园区开发,19940324,H,翁恺宁,刘德宏,252248.7004,19941124.0,上海,上海市,1009.0,www.lingangholding.com,"主要业务:科技产业园区开发建设,运营服务",False,K70房地产业,证监会行业分类
600850,电科数字,600850.SH,SSE,主板,上海,软件服务,19940324,H,吴振锋,张为民,68019.8741,19930913.0,上海,上海市,4046.0,www.shecc.com,"主营业务包括面向IT基础设施的系统集成和专业服务,软件和行业解决方案,IT产品增值销售,智能建筑与机房等.",False,I65软件和信息技术服务业,证监会行业分类
600851,海欣股份,600851.SH,SSE,主板,上海,化学制药,19940404,H,邓海滨,任晓威,120705.6692,19931115.0,上海,上海市,715.0,www.haixin.com,"长毛绒纺织,医药,金融投资等",False,C27医药制造业,证监会行业分类
600853,龙建股份,600853.SH,SSE,主板,黑龙江,建筑工程,19940404,N,宁长远,陈涛,101369.6046,19930118.0,黑龙江,哈尔滨市,6174.0,www.longjianlq.com,主要业务:公路桥梁施工建设.,False,E48土木工程建筑业,证监会行业分类
600854,春兰股份,600854.SH,SSE,主板,江苏,家用电器,19940425,N,徐群,秦晓军,51945.8538,19881203.0,江苏,泰州市,98.0,www.chunlan.com,空调器,False,C38电气机械和器材制造业,证监会行业分类
600855,航天长峰,600855.SH,SSE,主板,北京,专用机械,19940425,H,肖海潮,刘大军,46854.2728,19921224.0,北京,北京市,1298.0,www.ascf.com.cn,"主营业务为安保业务,医疗器械与工程服务业务以及电子信息业务.",False,C35专用设备制造业,证监会行业分类
600857,宁波中百,600857.SH,SSE,主板,浙江,百货,19940425,N,应飞军,应飞军,22431.9919,19940421.0,浙江,宁波市,108.0,www.600857.com.cn,"商业,软件业务.",False,F52零售业,证监会行业分类
600858,银座股份,600858.SH,SSE,主板,山东,百货,19940506,N,徐峰,罗逸贤,52006.6589,19930227.0,山东,济南市,8817.0,www.inzonegroup.cn,"主要业务:商品零售,供电,供汽.",False,F52零售业,证监会行业分类
600859,王府井,600859.SH,SSE,主板,北京,百货,19940506,H,白凡,尚喜平,112393.1424,19930428.0,北京,北京市,11240.0,www.wfj.com.cn,主要业务:百货零售,False,F52零售业,证监会行业分类
600860,京城股份,600860.SH,SSE,主板,北京,专用机械,19940506,H,李忠波,张继恒,54748.5988,19930713.0,北京,北京市,1348.0,www.jingchenggf.com.cn,气体储运装备业务,False,C35专用设备制造业,证监会行业分类
600861,北京人力,600861.SH,SSE,主板,北京,文教休闲,19940520,H,王一谔,郝杰,56611.2718,19921103.0,北京,北京市,3721.0,www.fesco.com.cn,商品零售.,False,L72商务服务业,证监会行业分类
600862,中航高科,600862.SH,SSE,主板,江苏,航空,19940520,H,王健,王健,139304.9107,19881221.0,江苏,南通市,1056.0,www.avicht.cn,"航空新材料,高端智能装备,轨道交通,汽车,医疗器械,装备制造,房地产,创新创业投资等.",False,C37铁路、船舶、航空航天和其他运输设备制造业,证监会行业分类
600863,华能蒙电,600863.SH,SSE,主板,内蒙,火力发电,19940520,H,高原,张岩,783518.956,19940512.0,内蒙古,呼和浩特市,5544.0,www.nmhdwz.com,"电力,热力",False,D44电力、热力生产和供应业,证监会行业分类
600864,哈投股份,600864.SH,SSE,主板,黑龙江,证券,19940809,H,赵洪波,赵洪波,208057.052,19940812.0,黑龙江,哈尔滨市,3985.0,,主营业务:热电业务和证券业务,False,J67资本市场服务,证监会行业分类
600865,百大集团,600865.SH,SSE,主板,浙江,百货,19940809,N,吴南平,曾钱欣,37624.0316,19920930.0,浙江,杭州市,112.0,www.baidagroup.com,"百货,旅游服务",False,F52零售业,证监会行业分类
600866,星湖科技,600866.SH,SSE,主板,广东,饲料,19940818,H,刘立斌,闫晓林,166147.2616,19920418.0,广东,肇庆市,9293.0,www.starlake.com.cn,"肌苷,利巴韦林,脯氨酸,腺苷及其他,呈味核苷酸,味精,鲜上鲜,酱油",False,C14食品制造业,证监会行业分类
600867,通化东宝,600867.SH,SSE,主板,吉林,生物制药,19940824,H,李佳鸿,李佳鸿,195854.2829,19921228.0,吉林,通化市,3410.0,www.thdb.com,"主要产品为重组人胰岛素冻干粉及注射液,大输液制品,镇脑宁胶囊,东宝甘泰片,塑钢窗等.",False,C27医药制造业,证监会行业分类
600868,梅雁吉祥,600868.SH,SSE,主板,广东,水力发电,19940912,H,张能勇,张宇洵,189814.8679,19930101.0,广东,梅州市,1044.0,www.chinameiyan.com,"主营业务是电力生产,生产制造加工业.",False,D44电力、热力生产和供应业,证监会行业分类
600869,远东股份,600869.SH,SSE,主板,青海,电气设备,19950206,H,蒋锡培,蒋华君,221935.2746,19950125.0,青海,西宁市,8008.0,www.600869.com,"主要产品:电力电缆,电气装备用电线电缆,裸导线,碳纤维复合芯软铝导线等",False,C38电气机械和器材制造业,证监会行业分类
600871,石化油服,600871.SH,SSE,主板,北京,石油开采,19950411,H,吴柏志,张建阔,1895704.5833,19941121.0,北京,北京市,57076.0,ssc.sinopec.com,油气勘探开发工程施工与技术服务,False,B11开采专业及辅助性活动,证监会行业分类
600872,中炬高新,600872.SH,SSE,主板,广东,食品,19950124,H,黎汝雄,余向阳,77850.9228,19930116.0,广东,中山市,3910.0,www.jonjee.com,"主要以调味品,汽车配件,房地产及园区服务为主导.",False,C14食品制造业,证监会行业分类
600873,梅花生物,600873.SH,SSE,主板,西藏,食品,19950217,H,王爱军,何君,280424.165,19950209.0,西藏,拉萨市,12858.0,www.meihuagrp.com;www.meihua.group,"味精,氨基酸,有机肥等生物发酵产品的生产及销售.",False,C14食品制造业,证监会行业分类
600874,创业环保,600874.SH,SSE,主板,天津,环境保护,19950630,H,唐福生,张健,157041.8085,19930608.0,天津,天津市,2330.0,www.tjcep.com,"主要业务:污水处理及污水处理厂建设业务,道路及收费站业务.",False,D46水的生产和供应业,证监会行业分类
600875,东方电气,600875.SH,SSE,主板,四川,电气设备,19951010,H,罗乾宜,张彦军,345836.0326,19931228.0,四川,成都市,18753.0,www.dec-ltd.cn,"主要产品为火力发电设备,水力发电设备,风力发电设备,核能发电设备以及燃气发电设备等.",False,C34通用设备制造业,证监会行业分类
600876,凯盛新能,600876.SH,SSE,主板,河南,玻璃,19951031,H,谢军,陈鹏,64567.4963,19960807.0,河南,洛阳市,2336.0,www.zhglb.com,浮法平板玻璃的制造和销售,False,C30非金属矿物制品业,证监会行业分类
600877,电科芯片,600877.SH,SSE,主板,重庆,半导体,19951013,H,李斌,马羽,118405.9492,19871114.0,重庆,重庆市,721.0,www.chiptechinc.com.cn,摩托车,False,C39计算机、通信和其他电子设备制造业,证监会行业分类
600879,航天电子,600879.SH,SSE,主板,湖北,航空,19951115,H,姜梁,胡成刚,329929.9334,19900718.0,湖北,武汉市,12617.0,www.catec-ltd.cn,航天电子设备,False,C37铁路、船舶、航空航天和其他运输设备制造业,证监会行业分类
600880,博瑞传播,600880.SH,SSE,主板,四川,广告包装,19951115,H,母涛,黄敏杰,109333.2092,19661019.0,四川,成都市,565.0,www.b-raymedia.com,"主要业务:印刷业务,广告业务,新闻纸销售业务,发行投递业务.",False,R86新闻和出版业,证监会行业分类
600881,亚泰集团,600881.SH,SSE,主板,吉林,综合类,19951115,H,陈铁志,刘树森,323215.0988,19931109.0,吉林,长春市,13948.0,www.yatai.com,"水泥,商品房",False,C30非金属矿物制品业,证监会行业分类
600882,妙可蓝多,600882.SH,SSE,主板,上海,乳制品,19951206,H,蒯玉龙,蒯玉龙,51005.3647,19881129.0,上海,上海市,3232.0,www.milkground.cn,"主营业务:以奶酪,液态奶为核心的特色乳制品的研发,生产和销售",False,C14食品制造业,证监会行业分类
600883,博闻科技,600883.SH,SSE,主板,云南,种植业,19951208,N,刘志波,施阳,23608.8,19900526.0,云南,保山市,93.0,www.ynbowin.com,"主要业务:水泥粉磨与销售.公司主要产品为:普通硅酸盐水泥52.5,普通硅酸盐水泥42.5,复合硅酸盐水泥42.5R,复合硅酸盐水泥32.5R等.",False,C13农副食品加工业,证监会行业分类
600884,杉杉股份,600884.SH,SSE,主板,浙江,电气设备,19960130,H,周婷,李智华,224941.2863,19921214.0,浙江,宁波市,7184.0,www.ssgf.net,"西服,休闲服,锂离子电池材料,衬衫",False,C39计算机、通信和其他电子设备制造业,证监会行业分类
600885,宏发股份,600885.SH,SSE,主板,湖北,电气设备,19960205,H,郭满金,郭满金,154759.4313,19901221.0,湖北,武汉市,18190.0,www.hongfa.cn,"主要业务:研制,生产和销售继电器,低压电器,接触器,自动化设备及相关的电子元器件和组件,机电产品,机械设备.",False,C38电气机械和器材制造业,证监会行业分类
600886,国投电力,600886.SH,SSE,主板,北京,水力发电,19960118,H,郭绪元,于海淼,800449.4262,19960618.0,北京,北京市,10740.0,www.sdicpower.com,电力的生产和供应.,False,D44电力、热力生产和供应业,证监会行业分类
600887,伊利股份,600887.SH,SSE,主板,内蒙,乳制品,19960312,H,潘刚,潘刚,632536.0667,19930604.0,内蒙古,呼和浩特市,63414.0,www.yili.com,"液体乳系列,冷饮产品系列,奶粉及奶食品系列,混和饲料,方便食品",False,C14食品制造业,证监会行业分类
600888,新疆众和,600888.SH,SSE,主板,新疆,铝,19960215,H,孙健,马斐学,155308.5949,19960213.0,新疆,乌鲁木齐市,3135.0,www.joinworld.com,"主要产品:电子铝箔,精铝,普铝锭,铝杆,化成,腐蚀箔",False,C39计算机、通信和其他电子设备制造业,证监会行业分类
600889,*ST京化,600889.SH,SSE,主板,江苏,机械基件,19960308,N,汪爱清,朱庆荣,55801.7919,19920928.0,江苏,南京市,1120.0,www.viscosefibre.com,粘胶纤维和自来水的生产与经营.,True,C28化学纤维制造业,证监会行业分类
600892,*ST大晟,600892.SH,SSE,主板,深圳,互联网,19960315,N,崔洪山,黄苹,55946.4188,19930901.0,广东,深圳市,366.0,www.600892.com.cn,主要经营贸易业务.,True,I64互联网和相关服务,证监会行业分类
600893,航发动力,600893.SH,SSE,主板,陕西,航空,19960408,H,牟欣,沈鹏,266559.4238,19931223.0,陕西,西安市,30428.0,HFDL.AECC.CN,航空发动机批量制造及修理等,False,C37铁路、船舶、航空航天和其他运输设备制造业,证监会行业分类
600894,广日股份,600894.SH,SSE,主板,广东,运输设备,19960328,H,朱益霞,张晓梅,85167.8362,19881024.0,广东,广州市,4874.0,www.guangrigf.com,"以电梯整机制造,电梯零部件生产及物流服务为主业",False,C34通用设备制造业,证监会行业分类
600895,张江高科,600895.SH,SSE,主板,上海,园区开发,19960422,H,刘樱,何大军,154868.955,19960418.0,上海,上海市,190.0,www.600895.com;www.600895.cn,"主要业务:园区内房地产租赁,园区内房地产销售.",False,K70房地产业,证监会行业分类
600897,厦门空港,600897.SH,SSE,主板,福建,机场,19960531,H,林双枝,林双枝,41693.4,20030906.0,福建,厦门市,3828.0,www.xiamenairport.com.cn,"主要业务:国内外航空运输企业及旅客提供地面保障服务;出租和管理候机楼内航空营业场所,商业场所和办公场所;商务信息咨询;旅客票务代理;其他航空运输辅助活动;装卸搬运;国内货运代理;其他未列明运输代理业务;其他仓储业;物业管理;停车场管理.",False,G56航空运输业,证监会行业分类
600900,长江电力,600900.SH,SSE,主板,北京,水力发电,20031118,H,刘伟平,刘海波,2446821.7716,20021104.0,北京,北京市,7937.0,www.cypc.com.cn,"主营业务:电力生产,经营和投资;电力生产技术咨询;水电工程检修维护",False,D44电力、热力生产和供应业,证监会行业分类
600901,江苏金租,600901.SH,SSE,主板,江苏,多元金融,20180301,H,周柏青,江勇,579186.6431,19880423.0,江苏,南京市,570.0,www.jsleasing.cn,"主营业务为融资租赁业务,主要服务的行业涉及医疗,教育,工业制造,农业机械等.",False,J66货币金融服务,证监会行业分类
600903,贵州燃气,600903.SH,SSE,主板,贵州,供气供热,20171107,H,程跃东,王若宇,115000.9408,20031231.0,贵州,贵阳市,3942.0,www.guizhougas.com,"公司主要从事城市燃气运营业务,属于国家发改委在2012年颁布的《天然气利用政策》中的优先发展类别,具体为贵州省天然气支线管道,城市燃气输配系统,液化天然气接收储备供应站,加气站及相关配套设施的建设,运营,服务管理,以及相应的工程设计,施工,维修.",False,D45燃气生产和供应业,证监会行业分类
600905,三峡能源,600905.SH,SSE,主板,北京,新型电力,20210610,H,朱承军,刘姿,2858765.0142,19850905.0,北京,北京市,6584.0,www.ctgne.com,"主要产品是电力,主营业务为风能,太阳能的开发,投资和运营.",False,D44电力、热力生产和供应业,证监会行业分类
600906,财达证券,600906.SH,SSE,主板,河北,证券,20210507,H,张明,胡恒松,324500.0,20020425.0,河北,石家庄市,2562.0,www.s10000.com;www.95363.com,"证券经纪;证券投资咨询;与证券交易,证券投资活动有关的财务顾问;证券承销与保荐;证券自营;证券资产管理;融资融券;证券投资基金代销;为期货公司提供中间介绍业务;代销金融产品.",False,J67资本市场服务,证监会行业分类
600908,无锡银行,600908.SH,SSE,主板,江苏,银行,20160923,H,陶畅,陈红梅,219468.1695,20050621.0,江苏,无锡市,1797.0,www.wrcb.com.cn,"主营业务:本行的主要业务包括公司金融业务,个人金融业务,资金业务及其他",False,J66货币金融服务,证监会行业分类
600909,华安证券,600909.SH,SSE,主板,安徽,证券,20161206,H,章宏韬,赵万利,502420.9278,20010108.0,安徽,合肥市,3631.0,www.hazq.com,"从事证券经纪,证券投资咨询,与证券交易和证券投资活动有关的财务顾问,证券承销与保荐,证券自营,证券资产管理,融资融券,代销金融产品,证券投资基金代销,为期货公司提供中间介绍业务等业务.",False,J67资本市场服务,证监会行业分类
600916,中国黄金,600916.SH,SSE,主板,北京,服饰,20210205,H,刘科军,王宇飞,168000.0,20101216.0,北京,北京市,1315.0,www.chnau99999.com,"专业从事“中国黄金”品牌黄金珠宝产品研发,设计,生产,销售,中金珠宝主要产品包括黄金产品,K金珠宝类产品等.",False,F52零售业,证监会行业分类
600917,重庆燃气,600917.SH,SSE,主板,重庆,供气供热,20140930,H,黄涌生,顾宏峰,156103.976,19950424.0,重庆,重庆市,3556.0,www.cqgas.cn,主营业务为城市燃气供应以及燃气设施设备的安装服务.,False,D45燃气生产和供应业,证监会行业分类
600918,中泰证券,600918.SH,SSE,主板,山东,证券,20200603,H,王洪,冯艺东,791834.0996,20010515.0,山东,济南市,9477.0,www.zts.com.cn,"主营业务范围主要包括:证券经纪;证券投资咨询;与证券交易,证券投资活动有关的财务顾问;证券承销与保荐;证券自营;融资融券;证券投资基金代销;代销金融产品;股票期权做市等.",False,J67资本市场服务,证监会行业分类
600919,江苏银行,600919.SH,SSE,主板,江苏,银行,20160802,H,葛仁余,袁军,1835132.4463,20070122.0,江苏,南京市,20021.0,www.jsbchina.cn,"本行业务主要包括公司银行业务,个人银行业务及资金业务.主要产品包括:公司贷款,对公客户存款,中间业务产品与服务,客户,市场营销,个人贷款,银行卡,个人存款,中间业务产品与服务,客户,市场营销,存放同业,同业拆借,债券买卖,债券回购等.",False,J66货币金融服务,证监会行业分类
600925,苏能股份,600925.SH,SSE,主板,江苏,煤炭开采,20230329,H,于洋,陈创举,688888.8889,20141203.0,江苏,徐州市,13947.0,www.jiangsuenergy.com,"主要产品和服务包括煤炭,电力.主营业务为煤炭采掘,洗选加工,销售,以及发电等业务.",False,B06煤炭开采和洗选业,证监会行业分类
600926,杭州银行,600926.SH,SSE,主板,浙江,银行,20161027,H,宋剑斌,张精科,724900.2548,19960925.0,浙江,杭州市,14380.0,www.hzbank.com.cn,"主营业务:致力于为城乡中小企业与居民家庭提供专业,便捷,亲和,全面的金融服务.主要服务:公司金融业务,小微金融业务,零售金融业务,金融市场业务",False,J66货币金融服务,证监会行业分类
600927,永安期货,600927.SH,SSE,主板,浙江,多元金融,20211223,H,黄志明,马志伟,145555.5556,19920907.0,浙江,杭州市,1196.0,www.yafco.com,"商品期货经纪,金融期货经纪,期货投资咨询,资产管理,基金销售,风险管理等",False,J67资本市场服务,证监会行业分类
600928,西安银行,600928.SH,SSE,主板,陕西,银行,20190301,H,梁邦海,张成喆,444444.4445,19970606.0,陕西,西安市,3428.0,www.xacbank.com,"本行的主要业务包括公司金融业务,个人金融业务,资金业务和其他.",False,J66货币金融服务,证监会行业分类
600929,雪天盐业,600929.SH,SSE,主板,湖南,食品,20180326,H,马天毅,刘少华,164011.3256,20111216.0,湖南,长沙市,5707.0,www.snowskysalt.com.cn,"发行人的主营业务为盐及盐化工产品的生产,销售.其主要产品为食盐,两碱用盐,小工业盐及芒硝.",False,C14食品制造业,证监会行业分类
600930,华电新能,600930.SH,SSE,主板,福建,新型电力,20250716,N,侯军虎,吴豪,4171428.5714,20090818.0,福建,福州市,8562.0,www.chdne.com.cn,"主营业务是风力发电,太阳能发电为主的新能源项目的开发,投资和运营,主要产品是电力.",False,D44电力、热力生产和供应业,证监会行业分类
600933,爱柯迪,600933.SH,SSE,主板,浙江,汽车配件,20171117,H,张建成,张建成,103013.2682,20031208.0,浙江,宁波市,8962.0,www.ikd-china.com,"公司主要从事汽车铝合金精密压铸件的研发,生产及销售,其主要产品是通过压铸和精密机加工工艺生产的铝制汽车零部件.公司的主要产品包括汽车雨刮系统,汽车传动系统,汽车转向系统,汽车发动机系统,汽车制动系统及其他系统等适应汽车轻量化,节能环保需求的铝合金精密压铸件",False,C36汽车制造业,证监会行业分类
600935,华塑股份,600935.SH,SSE,主板,安徽,化工原料,20211126,H,路明,段舒宝,359473.8056,20090330.0,安徽,滁州市,2734.0,www.hwasu.com,"主要产品包括PVC,烧碱,灰岩,电石渣水泥,石灰等.主要从事以PVC和烧碱为核心的氯碱化工产品生产与销售,业务涵盖原盐及灰岩开采,煤炭发电及电石制备,PVC及烧碱生产和“三废”综合利用等,构建了氯碱化工一体化循环经济体系.",False,C26化学原料和化学制品制造业,证监会行业分类
600936,北投科技,600936.SH,SSE,主板,广西,软件服务,20160815,H,冯坚,熊剑平,167102.6239,20000316.0,广西,南宁市,4274.0,www.96335.com,"公司主要从事广电网络的建设运营,广播电视节目传输,数据专网业务以及数字电视增值业务的开发与经营.公司主营业务包括广播电视基本节目传输,高清互动电视,专业付费节目,数据专网业务以及宽带互联网接入服务等综合信息服务.",False,I63电信、广播电视和卫星传输服务,证监会行业分类
600938,中国海油,600938.SH,SSE,主板,北京,石油开采,20220421,H,张传江,黄永章,4752995.3984,19990820.0,香港特别行政区,香港特别行政区,23084.0,www.cnoocltd.com,"公司主要业务为原油和天然气的勘探,开发,生产及销售,公司主要产品为原油及天然气.",False,B07石油和天然气开采业,证监会行业分类
600939,重庆建工,600939.SH,SSE,主板,重庆,建筑工程,20170221,H,孙立东,曾志凯,190247.4944,19980421.0,重庆,重庆市,11469.0,www.ccegc.cn,"主要从事房屋建筑工程,基础设施建设与投资及其它相关业务.",False,E47房屋建筑业,证监会行业分类
600941,中国移动,600941.SH,SSE,主板,北京,电信运营,20220105,H,陈忠岳,,2165743.9572,19970903.0,香港特别行政区,香港特别行政区,461345.0,www.chinamobileltd.com,"公司持续构建基础网络能力,形成了包括移动通信,有线宽带的通信服务,以及IDC,云计算,物联网,数字应用与内容等一系列的信息服务.公司的通信及信息服务面向个人,家庭,政企和新兴市场,实现全方位,一站式的广泛覆盖.",False,I63电信、广播电视和卫星传输服务,证监会行业分类
600955,维远股份,600955.SH,SSE,主板,山东,化工原料,20210915,H,魏玉东,李秀民,55000.0,20101223.0,山东,东营市,1548.0,www.wyhx.net.cn,"有机化学新材料产品的研发,生产与销售,主要包括苯酚,丙酮,双酚A,聚碳酸酯和异丙醇.",False,C26化学原料和化学制品制造业,证监会行业分类
600956,新天绿能,600956.SH,SSE,主板,河北,供气供热,20200629,H,谭建鑫,谭建鑫,451269.3073,20100209.0,河北,石家庄市,3058.0,www.suntien.com,主要为天然气销售业务及风力发电业务.,False,D45燃气生产和供应业,证监会行业分类
600958,东方证券,600958.SH,SSE,主板,上海,证券,20150323,H,周磊,,849664.5292,19971210.0,上海,上海市,8316.0,www.dfzq.com.cn,"证券经纪;证券投资咨询;与证券交易,证券投资活动有关的财务顾问;证券承销(限国债,政策性银行金融债,短期融资券及中期票据);证券自营;融资融券;证券投资基金代销;为期货公司提供中间介绍业务;代销金融产品;股票期权做市.",False,J67资本市场服务,证监会行业分类
600959,江苏有线,600959.SH,SSE,主板,江苏,影视音像,20150428,H,庄传伟,朱瑞娟,500071.7686,20080710.0,江苏,南京市,16391.0,www.jscnnet.com,"主营业务:主要从事广电网络的建设运营,广播电视节目传输,数据宽带业务以及数字电视增值业务的开发与经营.",False,I63电信、广播电视和卫星传输服务,证监会行业分类
600960,渤海汽车,600960.SH,SSE,主板,山东,汽车配件,20040407,N,宋玮,赵继成,95051.5518,19991231.0,山东,滨州市,4428.0,www.bohai-auto.com,"活塞及组件,专用数控机床,轻量化汽车零部件,汽车轮毂,汽车空调,减震器,排气系统,油箱,启停电池等多个产品的设计,开发,制造及销售",False,C36汽车制造业,证监会行业分类
600961,株冶集团,600961.SH,SSE,主板,湖南,铅锌,20040830,H,彭曙光,谈应飞,107287.2703,19931220.0,湖南,株洲市,4085.0,www.torchcn.com,"主要产品:铅,锌及其合金产品.主营业务:国家法律法规允许的产业投资;冶炼,销售有色金属产品,矿产品及副产品;生产,销售工业硫酸,二氧化硫烟气;研究,开发,生产,销售政策允许的金属新材料.",False,C32有色金属冶炼和压延加工业,证监会行业分类
600962,国投中鲁,600962.SH,SSE,主板,北京,软饮料,20040622,H,王炜,王炜,26221.0,19910918.0,北京,北京市,1146.0,zhonglu.sdic.com.cn,浓缩苹果清汁,False,C15酒、饮料和精制茶制造业,证监会行业分类
600963,岳阳林纸,600963.SH,SSE,主板,湖南,造纸,20040525,H,刘立新,刘立新,175756.7854,20000928.0,湖南,岳阳市,3937.0,www.yypaper.com,"颜料整饰纸,轻涂纸,淋膜原纸和包装纸",False,C22造纸和纸制品业,证监会行业分类
600965,*ST福成,600965.SH,SSE,主板,河北,农业综合,20040713,N,李良,李良,81870.0955,19980318.0,河北,廊坊市,2089.0,www.fucheng.net,"主营业务为畜禽养殖,屠宰加工及食品加工,餐饮服务.",True,C13农副食品加工业,证监会行业分类
600966,博汇纸业,600966.SH,SSE,主板,山东,造纸,20040608,H,林新阳,刘继春,133684.4288,19940429.0,山东,淄博市,5884.0,www.bohui.net,"主要产品有""博汇""牌白卡纸,书写纸,胶印纸,高档纸板等.",False,C22造纸和纸制品业,证监会行业分类
600967,内蒙一机,600967.SH,SSE,主板,内蒙,运输设备,20040518,H,王永乐,,170179.4667,20001229.0,内蒙古,包头市,6705.0,yjjt.norincogroup.com.cn,"铁路车辆,专用汽车,冶金机械",False,C37铁路、船舶、航空航天和其他运输设备制造业,证监会行业分类
600968,海油发展,600968.SH,SSE,主板,北京,石油开采,20190626,H,周天育,周天育,1016510.4199,20050222.0,北京,北京市,14436.0,cenertech.cnooc.com.cn,"主要业务:同时提供能源技术服务,FPSO生产技术服务,能源物流服务,安全环保与节能产品及服务.以海洋石油生产服务为核心.",False,B11开采专业及辅助性活动,证监会行业分类
600969,郴电国际,600969.SH,SSE,主板,湖南,水力发电,20040408,N,周帮洪,雷运明,37005.0484,20001226.0,湖南,郴州市,2566.0,chendianguoji.cn,"主营业务除电力供应外,还包括供水业务以及工业气体,余热发电,水力发电投资业务等.",False,D44电力、热力生产和供应业,证监会行业分类
600970,中材国际,600970.SH,SSE,主板,江苏,建筑工程,20050412,H,印志松,印志松,262181.9524,20011228.0,江苏,南京市,15201.0,www.sinoma.com.cn,"主营业务为大中型新型干法水泥生产线的建设,包括水泥生产线的研发与设计,装备采购与制造和设备安装业务,还包括工程监理及混凝土制品研发及生产,销售.",False,E48土木工程建筑业,证监会行业分类
600971,恒源煤电,600971.SH,SSE,主板,安徽,煤炭开采,20040817,H,杨林,焦殿志,120000.4884,20001229.0,安徽,淮北市,14223.0,www.ahhymd.cn,"煤炭开采,洗选加工和销售",False,B06煤炭开采和洗选业,证监会行业分类
600973,宝胜股份,600973.SH,SSE,主板,江苏,电气设备,20040802,H,生长山,邵文林,137136.6248,20000630.0,江苏,扬州市,6346.0,www.baoshengcable.com,电线电缆,False,C38电气机械和器材制造业,证监会行业分类
600975,新五丰,600975.SH,SSE,主板,湖南,农业综合,20040609,H,万其见,朱永胜,124966.174,20010626.0,湖南,长沙市,5375.0,www.newwf.com,"活大猪,种猪,饲料",False,A03畜牧业,证监会行业分类
600976,健民集团,600976.SH,SSE,主板,湖北,中成药,20040419,H,汪俊,汪俊,15339.86,19930528.0,湖北,武汉市,2257.0,www.whjm.com,"龙牡壮骨颗粒,健胃消食片,小儿宣肺止咳颗粒,健民咽喉片",False,F51批发业,证监会行业分类
600977,中国电影,600977.SH,SSE,主板,北京,影视音像,20160809,H,傅若清,李现曾,186700.0,20101209.0,北京,北京市,2977.0,www.zgdygf.com,"主营业务:影视制片制作,电影发行,电影放映及影视服务业务",False,R87广播、电视、电影和录音制作业,证监会行业分类
600979,广安爱众,600979.SH,SSE,主板,四川,水力发电,20040906,H,蔡松林,何腊元,126165.6994,19990323.0,四川,广安市,2352.0,www.sc-aaa.com,水力发电和电力供应;天然气供应;自来水生产和供应.,False,D44电力、热力生产和供应业,证监会行业分类
600980,北矿科技,600980.SH,SSE,主板,北京,专用机械,20040512,N,卢世杰,卢世杰,18926.3526,20000906.0,北京,北京市,760.0,www.bgrimmtec.com,"烧结铁氧体,粘结铁氧体,烧结磁器件,粘结磁器件",False,C35专用设备制造业,证监会行业分类
600981,苏豪汇鸿,600981.SH,SSE,主板,江苏,商贸代理,20040630,H,杨承明,胡瑞芳,224243.3192,19921013.0,江苏,南京市,3305.0,www.highhope.com,主要业务:纺织品及服装的进出口业务.,False,F51批发业,证监会行业分类
600982,宁波能源,600982.SH,SSE,主板,浙江,供气供热,20040706,H,马奕飞,诸南虎,111762.7485,19950823.0,浙江,宁波市,1510.0,www.nbtp.com.cn,"电力,蒸汽电力电量,热量,灰渣的生产及其咨询服务;热力供应;投资管理;股权投资;融资租赁;大宗商品贸易",False,D44电力、热力生产和供应业,证监会行业分类
600983,惠而浦,600983.SH,SSE,主板,安徽,家用电器,20040727,H,梁惠强,梁惠强,76643.9,20000330.0,安徽,合肥市,2423.0,www.whirlpool.com.cn,"全自动洗衣机,微波炉",False,C38电气机械和器材制造业,证监会行业分类
600984,建设机械,600984.SH,SSE,主板,陕西,工程机械,20040707,N,车万里,黄爱民,125704.3925,20011208.0,陕西,西安市,3546.0,www.scmc-xa.com,"沥青混凝土摊铺机,全液压稳定土拌和机",False,L71租赁业,证监会行业分类
600985,淮北矿业,600985.SH,SSE,主板,安徽,煤炭开采,20040428,H,孙方,邱丹,269325.8709,19990318.0,安徽,淮北市,39570.0,www.hbkykg.com,"主营业务为民用爆破器材的生产和销售,煤炭采掘,洗选加工,销售,煤化工产品的生产,销售等业务",False,B06煤炭开采和洗选业,证监会行业分类
600986,浙文互联,600986.SH,SSE,主板,浙江,互联网,20040426,H,尤匡领,王颖轶,148737.4062,19931217.0,浙江,杭州市,1123.0,www.zwhlgroup.com,主要业务为数字营销.,False,I64互联网和相关服务,证监会行业分类
600987,XD航民股,600987.SH,SSE,主板,浙江,纺织,20040809,H,朱重庆,朱建庆,102081.8873,19980106.0,浙江,杭州市,9322.0,www.hmgf.com,"印染及印染纺织品,染料,电力,蒸汽,织造布,黄金饰品的加工及批发业务.",False,C17纺织业,证监会行业分类
600988,赤峰黄金,600988.SH,SSE,主板,内蒙,黄金,20040414,H,王建华,高波,190041.1178,19980622.0,内蒙古,赤峰市,6738.0,www.cfgold.com,"主要从事黄金采选及资源综合回收利用业务,主要产品为黄金,白银,铋,钯,铑等多种稀贵金属.",False,B09有色金属矿采选业,证监会行业分类
600989,宝丰能源,600989.SH,SSE,主板,宁夏,化工原料,20190516,H,刘元管,刘元管,733336.0,20051102.0,宁夏,银川市,22037.0,www.baofengenergy.com,"现代煤化工产品的生产与销售,主要产品包括烯烃类产品,焦化类产品,精细化工类产品",False,C26化学原料和化学制品制造业,证监会行业分类
600990,四创电子,600990.SH,SSE,主板,安徽,通信设备,20040510,H,任小伟,朱迅,27105.1331,20000818.0,安徽,合肥市,2501.0,www.sun-create.com,"雷达及雷达配套,通信射频组件,通讯工程",False,C39计算机、通信和其他电子设备制造业,证监会行业分类
600992,贵绳股份,600992.SH,SSE,主板,贵州,钢加工,20040514,N,马显红,杨程,24509.0,20001019.0,贵州,遵义市,3442.0,www.gzgsgf.com.cn,"钢丝绳,钢丝",False,C33金属制品业,证监会行业分类
600993,马应龙,600993.SH,SSE,主板,湖北,中成药,20040517,H,陈平,夏有章,43105.3891,19940509.0,湖北,武汉市,2654.0,www.mayinglong.cn,"马应龙麝香痔疮膏,马应龙麝香痔疮栓,复方甘草合剂,斯普林",False,C27医药制造业,证监会行业分类
600995,南网储能,600995.SH,SSE,主板,云南,水力发电,20040615,H,刘国刚,李定林,319600.5805,19971229.0,云南,文山壮族苗族自治州,2461.0,www.es.csg.cn,电力,False,D44电力、热力生产和供应业,证监会行业分类
600996,贵广网络,600996.SH,SSE,主板,贵州,影视音像,20161226,H,代青松,代青松,124679.9854,20080326.0,贵州,贵阳市,5652.0,www.gzgdwl.com,"主要从事广播电视网络的建设运营,主要业务包括广播电视节目收视服务,数字电视增值业务的开发与经营,数据业务,有线电视相关工程及安装,节目传输等,业务区域覆盖贵州省全境.",False,I63电信、广播电视和卫星传输服务,证监会行业分类
600997,开滦股份,600997.SH,SSE,主板,河北,焦炭加工,20040602,H,彭余生,卞立国,158779.9851,20010630.0,河北,唐山市,13895.0,www.kkcc.com.cn,"煤炭及伴生资源开采,原煤洗选加工,煤炭批发,炼焦及其产品的生产销售.",False,C25石油、煤炭及其他燃料加工业,证监会行业分类
600998,九州通,600998.SH,SSE,主板,湖北,医药商业,20101102,H,刘长云,龚翼华,504247.0234,19990309.0,湖北,武汉市,30169.0,www.jztey.com;www.jointown.com,"主营业务为药品,医疗器械等产品的批发,零售连锁及药品生产和研发以及有关增值服务业务.主要产品多潘立酮片(吗丁啉),氯雷他定片(开瑞坦),复方氨基酸螯合钙胶囊(乐力),硝酸咪康唑乳膏(达克宁),硝苯地平缓释片Ⅱ(伲福达)等;健胃消食片,复方丹参滴丸,感冒灵颗粒,排毒养颜胶囊,脑心通胶囊(步长)等,阿胶,丹参,京牛黄,冬虫夏草,红花等,玻璃体温计(口腔型),电子血压计,康祝拔罐器,台式血压计,血糖仪等;左炔诺孕酮片(毓婷),米非司酮片,去氧孕烯炔雌醇片(妈富隆),米索前列醇片,壬苯醇醚栓(连德尔)等,哈药六牌钙加锌口服液,三精牌葡萄糖酸锌口服液,新盖中盖高钙片(低糖),碧生源常润茶,朴雪乳酸亚铁口服液,京都念慈菴蜜炼川贝枇杷膏,丁桂儿脐贴(宝宝一贴灵),桂林西瓜霜(喷剂),珠珀猴枣散,邦廸防水创可贴等;六神花露水,双飞人爽水,蛇脂维肤膏,半月清腋露等.",False,F51批发业,证监会行业分类
600999,招商证券,600999.SH,SSE,主板,深圳,证券,20091117,H,霍达,朱江涛,869652.6806,19930801.0,广东,深圳市,12792.0,www.cmschina.com,"证券经纪业务,投资银行业务,资产管理业务,基金管理业务,证券自营业务,境外证券投资管理业务,直接投资业务等",False,J67资本市场服务,证监会行业分类
601000,唐山港,601000.SH,SSE,主板,河北,港口,20100705,H,陈立新,李海涛,592592.8614,20030103.0,河北,唐山市,3242.0,www.jtport.com,"主要业务:港口综合运输业务,具体包括港口装卸,运输,堆存,保税仓储,港口综合服务等业务类型.",False,G55水上运输业,证监会行业分类
601001,晋控煤业,601001.SH,SSE,主板,山西,煤炭开采,20060623,H,李建光,谷敬煊,167370.0,20010725.0,山西,大同市,9595.0,www.dtmy.com.cn,主要产品:筛分煤,False,B06煤炭开采和洗选业,证监会行业分类
601002,晋亿实业,601002.SH,SSE,主板,浙江,机械基件,20070126,N,蔡永龙,蔡晋彰,95444.072,19951117.0,浙江,嘉兴市,2214.0,www.GEM-YEAR.com,"主营业务:各类紧固件产成品,中间产品的研发,生产和销售.",False,C34通用设备制造业,证监会行业分类
601003,柳钢股份,601003.SH,SSE,主板,广西,普钢,20070227,H,卢春宁,熊小明,263422.1771,20000414.0,广西,柳州市,12637.0,www.liusteel.com,"主要产品:中板材,小型材,中型材,钢坯等.主营业务:烧结,炼铁,炼钢及其副产品的销售,钢材轧制,加工及其副产品的销售;炼焦及其副产品的销售.",False,C31黑色金属冶炼和压延加工业,证监会行业分类
601005,重庆钢铁,601005.SH,SSE,主板,重庆,普钢,20070228,H,王虎祥,赵仕清,885176.3767,19970811.0,重庆,重庆市,5204.0,www.cqgt.cn,"主要产品:中厚钢板,型材,线材,棒材,钢坯,冷轧板以及焦化副产品,炼铁副产品等.主要业务:生产,加工,销售板材,型材,线材,棒材,钢坯,薄板带;生产,销售煤化工制品,生铁及水渣,钢渣,废钢.",False,C31黑色金属冶炼和压延加工业,证监会行业分类
601006,大秦铁路,601006.SH,SSE,主板,山西,铁路,20060801,H,陆勇,张竑毅,2014717.7716,20041028.0,山西,大同市,88072.0,www.daqintielu.com,主营业务:煤炭运输,False,G53铁路运输业,证监会行业分类
601007,金陵饭店,601007.SH,SSE,主板,江苏,酒店餐饮,20070406,N,张胜新,张胜新,39000.0,20021230.0,江苏,南京市,1491.0,www.jinlinghotel.com,"主营业务:酒店经营,主要提供住宿,餐饮,会议等综合性服务.",False,H61住宿业,证监会行业分类
601008,连云港,601008.SH,SSE,主板,江苏,港口,20070426,H,王国超,李兵,124063.8006,20011015.0,江苏,连云港市,2365.0,www.jlpcl.com,"主营业务:港口货物装卸,仓储服务.",False,G55水上运输业,证监会行业分类
601009,南京银行,601009.SH,SSE,主板,江苏,银行,20070719,H,谢宁,朱钢,1236356.7245,19960206.0,江苏,南京市,17735.0,www.njcb.com.cn,"主营业务:商业银行业务是本行的核心业务,主要包括公司银行业务,个人银行业务及资金运营业务.",False,J66货币金融服务,证监会行业分类
601010,ST文峰,601010.SH,SSE,主板,江苏,百货,20110603,N,王钺,何兰红,184800.0,19950927.0,江苏,南通市,2242.0,www.wfdsj.com.cn,"公司的主营业务是百货,超市及电器专业销售店的连锁经营业务.公司的主要运营方式是在大型商场中组合经营百货,超市(包括精品超市或综合超市)和电器专业销售三种业态,同时也以单店运营方式经营综合超市和电器专业销售店.",True,F52零售业,证监会行业分类
601011,宝泰隆,601011.SH,SSE,主板,黑龙江,焦炭加工,20110309,H,焦强,秦怀,191566.4539,20030624.0,黑龙江,七台河市,3570.0,www.btlgf.com,"主营业务为炼焦,焦炉煤气制甲醇,煤焦油加氢3(试生产阶段).主要产品是焦炭及其他焦化产品,甲醇.",False,C25石油、煤炭及其他燃料加工业,证监会行业分类
601012,隆基绿能,601012.SH,SSE,主板,陕西,电气设备,20120411,H,钟宝申,钟宝申,757806.6064,20000214.0,陕西,西安市,37853.0,www.longi.com,"主营业务为单晶硅棒,硅片的研发,生产,销售,主要产品包括6英寸,6.5英寸,8英寸的单晶硅棒,单晶硅片.",False,C38电气机械和器材制造业,证监会行业分类
601015,陕西黑猫,601015.SH,SSE,主板,陕西,焦炭加工,20141105,H,张林兴,张林兴,204249.7639,20031118.0,陕西,渭南市,7840.0,www.heimaocoking.com,"主营业务为焦炭,煤焦油,粗苯,甲醇,合成氨,LNG等产品的生产与销售.主要产品为焦化产品和化工产品,包括焦炭,煤焦油,粗苯,甲醇,合成氨.",False,C25石油、煤炭及其他燃料加工业,证监会行业分类
601016,节能风电,601016.SH,SSE,主板,北京,新型电力,20140929,H,姜利凯,,654442.8734,20060106.0,北京,北京市,1210.0,www.cecwpc.cn,"主营业务:风力发电的项目开发,建设及运营.",False,D44电力、热力生产和供应业,证监会行业分类
601018,宁波港,601018.SH,SSE,主板,浙江,港口,20100928,H,陶成波,,1945438.8399,20080331.0,浙江,宁波市,17901.0,www.nbport.com.cn,"主要业务:集装箱,铁矿石,原油,煤炭,液体化工,粮食及其他货种装卸及相关业务,同时从事综合物流,贸易销售等其他业务.",False,G55水上运输业,证监会行业分类
601019,山东出版,601019.SH,SSE,主板,山东,出版业,20171122,H,刘文强,李涛,208690.0,20111228.0,山东,济南市,8920.0,www.sdcbcm.com,"主要产品:图书,期刊及电子音像出版物;主营业务:教材教辅,一般图书,音像制品等出版物的出版,发行以及与出版,发行相关的印刷加工,物资贸易业务.",False,R86新闻和出版业,证监会行业分类
601020,华钰矿业,601020.SH,SSE,主板,西藏,铅锌,20160316,H,刘良坤,陈旭,81996.4698,20021022.0,西藏,拉萨市,1672.0,www.huayumining.com,"主要从事有色金属采矿,选矿,地质勘查及贸易业务,主要产品包括锌精矿,铅锑精矿(含银),铜精矿等.",False,B09有色金属矿采选业,证监会行业分类
601021,春秋航空,601021.SH,SSE,主板,上海,空运,20150121,H,王煜,王志杰,97833.3423,20041101.0,上海,上海市,8489.0,www.ch.com,"主要业务:国内,国际及港澳台航空客货运输业务及与航空运输业务相关的服务.",False,G56航空运输业,证监会行业分类
601022,宁波远洋,601022.SH,SSE,主板,浙江,水运,20221208,H,陈晓峰,陈胜,130863.3334,19920714.0,浙江,宁波市,856.0,www.nbosco.com,"宁波远洋是一家综合性航运公司,主要从事国际,沿海和长江航线的航运业务,船舶代理业务及干散货货运代理业务.",False,G55水上运输业,证监会行业分类
601026,道生天合,601026.SH,SSE,主板,上海,电气设备,20251017,N,季刚,季刚,65940.0,20150611.0,上海,上海市,626.0,www.techstorm.com,"公司致力于新材料的研发,生产和销售,产品围绕环氧树脂,聚氨酯,丙烯酸酯和有机硅等高性能热固性树脂材料,形成了风电叶片用材料,新型复合材料用树脂和新能源汽车及工业胶粘剂三大系列产品.",False,C26化学原料和化学制品制造业,证监会行业分类
601033,永兴股份,601033.SH,SSE,主板,广东,环境保护,20240118,H,谈强,谈强,90000.0,20090521.0,广东,广州市,2554.0,www.yxgrandtop.com.cn,"公司一直聚焦于垃圾焚烧发电业务,主要产品为电,主要服务包括垃圾焚烧处理服务和生物质处理服务.",False,N77生态保护和环境治理业,证监会行业分类
601038,一拖股份,601038.SH,SSE,主板,河南,农用机械,20120808,H,赵维林,魏涛,112364.5275,19981228.0,河南,洛阳市,7011.0,www.first-tractor.com.cn,"主要产品:本公司主要产品包括大,中,小系列轮式拖拉机,履带式拖拉机,柴油机及拖拉机其他配件,叉车和矿用卡车等.公司的主营业务为制造,销售农业机械和动力机械,主要产品包括大,中,小系列轮式拖拉机,履带式拖拉机,柴油机及拖拉机其他配件,叉车和矿用卡车等.",False,C35专用设备制造业,证监会行业分类
601058,赛轮轮胎,601058.SH,SSE,主板,山东,汽车配件,20110630,H,刘燕华,谢小红,328810.0259,20021118.0,山东,青岛市,21077.0,www.sailungroup.com,"主营业务为全钢载重子午胎,半钢子午胎和工程子午胎的研发,制造和销售;轮胎制造技术的开发,转让和相关服务以及轮胎循环利用相关产品的研发,生产和销售.目前轮胎生产销售业务方面的主要产品为全钢载重子午线轮胎和半钢子午线轮胎等,技术转让业务方面的主要产品为子午线轮胎制造技术,循环利用业务方面主要是翻新胎,胎面胶和胶粉等循环利用产品.",False,C29橡胶和塑料制品业,证监会行业分类
601059,信达证券,601059.SH,SSE,主板,北京,证券,20230201,H,林志忠,张毅,324300.0,20070904.0,北京,北京市,2756.0,www.cindasc.com,"从事的业务包括:证券经纪;证券投资咨询;与证券交易,证券投资活动有关的财务顾问;证券承销与保荐;证券自营;证券资产管理;融资融券;代销金融产品;证券投资基金销售;证券公司为期货公司提供中间介绍业务.",False,J67资本市场服务,证监会行业分类
601061,中信金属,601061.SH,SSE,主板,北京,商贸代理,20230410,H,吴献文,王猛,490000.0,19880123.0,北京,北京市,317.0,www.metal.citic,"主要从事金属及矿产品的贸易业务,经营的贸易品种主要包括铁矿石,钢材等黑色金属产品,铌,铜,铝等有色金属产品以及其他贸易产品.",False,F51批发业,证监会行业分类
601065,江盐集团,601065.SH,SSE,主板,江西,化工原料,20230410,H,万李,万李,64277.6079,20151215.0,江西,南昌市,2208.0,www.jxsalt.com,"专注于盐及盐化工产品研发,生产和销售,主要产品包括食盐,工业盐,元明粉等盐产品以及纯碱,小苏打等盐化工产品.",False,C26化学原料和化学制品制造业,证监会行业分类
601066,中信建投,601066.SH,SSE,主板,北京,证券,20180620,H,刘成,金剑华,775669.4797,20051102.0,北京,北京市,12618.0,www.csc108.com,"主营业务:主要提供包括股权融资,债务融资和财务顾问在内的投资银行服务,包括经纪及财务管理,融资融券和回购业务在内的财富管理服务,及包括股票销售及交易,固定收益销售及交易,投资研究,主经纪商和QFII业务在内的交易及机构客户服务.",False,J67资本市场服务,证监会行业分类
601068,中铝国际,601068.SH,SSE,主板,北京,建筑工程,20180831,H,李宜华,刘敬,298783.6267,20031216.0,北京,北京市,10336.0,zlgj.chinalco.com.cn,"主营业务:主要从事工程设计及咨询,工程及施工承包,装备制造及贸易业务.",False,E48土木工程建筑业,证监会行业分类
601069,西部黄金,601069.SH,SSE,主板,新疆,黄金,20150122,H,朱凌霄,朱凌霄,91099.9123,20020514.0,新疆,乌鲁木齐市,2137.0,wrgold.cn,"主营业务为黄金采选及冶炼,同时从事铁矿采选以及铬矿石的开采.主要产品为黄金,铁精粉及铬矿石",False,B09有色金属矿采选业,证监会行业分类
601077,渝农商行,601077.SH,SSE,主板,重庆,银行,20191029,H,刘小军,隋军,1135700.0,20080627.0,重庆,重庆市,14266.0,www.cqrcb.com,"主营业务:吸收公众存款;发放短期,中期和长期贷款;办理国内结算;办理票据承兑与贴现;代理发行,代理兑付,承销政府债券;买卖政府债券,金融债券;从事同业拆借;从事银行卡业务;代理收付款项业务;提供保管箱服务;经中国银行业监督管理机构批准的其他业务.",False,J66货币金融服务,证监会行业分类
601083,锦江航运,601083.SH,SSE,主板,上海,水运,20231205,H,沈伟,陈燕,129412.0,19830324.0,上海,上海市,1001.0,www.jjshipping.cn,"公司主要从事国际,国内海上集装箱运输业务.",False,G55水上运输业,证监会行业分类
601086,国芳集团,601086.SH,SSE,主板,甘肃,百货,20170929,H,张辉,张辉,66600.0,19960422.0,甘肃,兰州市,949.0,www.guofanggroup.com,"公司从事以百货业为主,超市,电器为辅的连锁零售业务",False,F52零售业,证监会行业分类
601088,中国神华,601088.SH,SSE,主板,北京,煤炭开采,20071009,H,吕志韧,张长岩,2168943.4304,20041108.0,北京,北京市,91392.0,www.shenhuachina.com;www.csec.com,"主营业务:煤炭生产,销售,电力生产,热力生产和供应,相关铁路,港口等运输服务.",False,B06煤炭开采和洗选业,证监会行业分类
601089,福元医药,601089.SH,SSE,主板,北京,化学制药,20220630,H,黄河,黄河,48000.0,19990203.0,北京,北京市,3644.0,www.foyou.com.cn,"主要从事药品制剂及医疗器械的研发,生产和销售,药品制剂目前主要涵盖心血管系统类,慢性肾病类,皮肤病类,消化系统类,糖尿病类,精神神经系统类,妇科类等多个产品细分领域,拥有氯沙坦钾氢氯噻嗪片,奥美沙坦酯片,替米沙坦片,盐酸曲美他嗪片,阿托伐他汀钙片,复方α-酮酸片,哈西奈德溶液,匹维溴铵片,开塞露,瑞格列奈片,格列齐特缓释片,阿卡波糖片,盐酸帕罗西汀片,盐酸文拉法辛缓释胶囊,黄体酮软胶囊等多个主要产品.",False,C27医药制造业,证监会行业分类
601096,宏盛华源,601096.SH,SSE,主板,山东,钢加工,20231222,H,马新征,,267515.5088,19850627.0,山东,济南市,1505.0,www.hshygroup.com,"主要从事输电线路铁塔的研发,生产和销售,主要产品为全系列电压等级的输电线路铁塔,包括角钢塔,钢管塔,钢管杆,变电构支架.",False,C33金属制品业,证监会行业分类
601098,中南传媒,601098.SH,SSE,主板,湖南,出版业,20101028,H,贺砾辉,周亦翔,179600.0,20081225.0,湖南,长沙市,13419.0,www.zncmjt.com,"主要产品为图书,报纸等出版物.主营业务主要包括五大类业务,即出版,发行,印刷物资销售,印刷,报纸和新媒体经营.",False,R86新闻和出版业,证监会行业分类
601099,太平洋,601099.SH,SSE,主板,云南,证券,20071228,H,李长伟,李长伟,681631.637,20040106.0,云南,昆明市,1636.0,www.tpyzq.com,"证券承销和上市推荐,证券自营买卖,证券代理买卖等业务.",False,J67资本市场服务,证监会行业分类
601100,恒立液压,601100.SH,SSE,主板,江苏,工程机械,20111028,H,汪立平,邱永宁,134082.0992,20050602.0,江苏,常州市,7454.0,www.henglihydraulic.com,"主营业务为高压油缸的研发,生产和销售.根据生产管理特点及下游应用领域将油缸分为挖掘机专用油缸和重型装备用非标准油缸.主要产品为挖掘机专用油缸及重型装备用非标准油缸.",False,C34通用设备制造业,证监会行业分类
601101,昊华能源,601101.SH,SSE,主板,北京,煤炭开采,20100331,H,薛令光,薛令光,143999.7926,20021231.0,北京,北京市,5699.0,www.bjhhny.com,"主营业务为煤炭开采和销售,新增加东铜铁路运输业务.",False,B06煤炭开采和洗选业,证监会行业分类
601106,中国一重,601106.SH,SSE,主板,黑龙江,工程机械,20100209,H,张文平,祁文革,685778.2927,20081225.0,黑龙江,齐齐哈尔市,8655.0,www.cfhi.com,"主要产品:轧制,冶炼设备为主的冶金成套设备;以大型热壁加氢反应器为主的石化,煤液化重型压力容器;以各类冶金轧辊为主的工矿配件;为大型水电,火电机组配套的大型铸锻件;以民用核电反应堆压力容器和核岛成套铸锻件为主的核能设备;以各类液压机,热模锻压力机,机械压力机为代表的锻压设备;以重型矿用挖掘机为代表的重型矿山设备等重型机械装备.主营业务:重型机械制造业务,为冶金,电力,能源,交通运输,矿山,石化等行业及国防建设提供重大成套技术装备,高新产品和技术服务,并开展相关的国际贸易.",False,C35专用设备制造业,证监会行业分类
601107,四川成渝,601107.SH,SSE,主板,四川,路桥,20090727,H,罗祖义,游志明,305806.0,19970819.0,四川,成都市,4353.0,www.cygs.com,"主要业务为投资,建设,经营和管理中国四川省境内公路基建项目,同时亦经营其它与收费公路相关的业务.",False,G54道路运输业,证监会行业分类
601108,财通证券,601108.SH,SSE,主板,浙江,证券,20171024,H,章启诚,应朝晖,464376.4137,20030611.0,浙江,杭州市,4798.0,www.ctsec.com,"主要从事证券经纪业务,投资银行业务,资产管理业务,证券自营业务,证券信用业务以及研究业务.此外,公司通过子公司财通证券资管开展证券资产管理业务;通过子公司财通资本开展私募基金管理等相关业务;通过子公司财通创新开展另类投资等相关业务;通过子公司财通香港开展境外证券经纪业务和资产管理业务;通过参股公司永安期货开展商品期货经纪,金融期货经纪,期货投资咨询,资产管理业务;通过参股公司财通基金开展基金管理业务.",False,J67资本市场服务,证监会行业分类
601111,中国国航,601111.SH,SSE,主板,北京,空运,20060818,H,刘铁祥,曲光吉,1744842.1,20060327.0,北京,北京市,107795.0,www.airchina.com.cn,"主要业务:国际,国内定期和不定期航空客,货,邮和行李运输业务;国内,国际公务飞行业务;飞机执管业务;航空器维修;航空公司间业务代理;与主营业务有关的地面服务和航空快递(信件和信件性质的物品除外);机上免税品;机上商品零售业务;航空意外保险销售代理;进出口业务.其中,定期,不定期航空客,货运输是本公司的主营业务.",False,G56航空运输业,证监会行业分类
601112,振石股份,601112.SH,SSE,主板,浙江,玻璃,20260129,N,张健侃,赵峰,174036.6367,20000907.0,浙江,嘉兴市,4091.0,www.zhenshi.com,"公司主要从事清洁能源领域纤维增强材料研发,生产及销售.主要产品为清洁能源功能材料和其他纤维增强材料.",False,C30非金属矿物制品业,证监会行业分类
601113,华鼎股份,601113.SH,SSE,主板,浙江,化纤,20110509,N,郑期中,傅占杰,110415.2226,20020923.0,浙江,金华市,3307.0,www.hdnylon.com,"致力于民用锦纶长丝的研发,生产和销售,主要产品为POY,HOY,FDY,DTY四大类民用锦纶长丝,产品范围覆盖8.8dtex-444dtex所有规格,并自主研发了超低旦,超粗旦,多孔细旦,消光,超亮,中空,扁平,吸湿排汗,抗菌除臭等一系列差别化,功能性民用锦纶长丝产品.",False,F52零售业,证监会行业分类
601116,三江购物,601116.SH,SSE,主板,浙江,超市连锁,20110302,H,陈念慈,庄海燕,54767.84,19950922.0,浙江,宁波市,3302.0,home.sanjiang.com,主营业务是社区平价超市的连锁经营.,False,F52零售业,证监会行业分类
601117,中国化学,601117.SH,SSE,主板,北京,建筑工程,20100107,H,莫鼎革,邓兆敬,610666.6162,20080923.0,北京,北京市,50598.0,www.cncec.com.cn,"主营业务:工程承包;勘察,设计及服务;其他业务.",False,E48土木工程建筑业,证监会行业分类
601118,海南橡胶,601118.SH,SSE,主板,海南,橡胶,20110107,H,杨宇,杨宇,427942.7797,20050329.0,海南,海口市,27489.0,www.hirub.cn,"主营天然橡胶的种植,加工,销售,以及橡胶林木的采伐和销售.",False,A01农业,证监会行业分类
601121,宝地矿业,601121.SH,SSE,主板,新疆,普钢,20230310,H,高伟,赵颀炜,98424.2748,20011114.0,新疆,乌鲁木齐市,817.0,bdky.xjdrc.cn,"主要产品为铁精粉,主营业务为铁矿石的开采,选矿加工和铁精粉销售.",False,B08黑色金属矿采选业,证监会行业分类
601126,四方股份,601126.SH,SSE,主板,北京,电气设备,20101231,H,高秀环,刘志超,83316.95,19940408.0,北京,北京市,4110.0,www.sf-auto.com,"主要从事继电保护,电网自动化及发电厂自动化产品的研发,生产,销售和技术服务.主要产品有如下几大类别:继电保护及变电站自动化系统;电力系统安全稳定监测控制系统;电网继电保护及故障信息系统;发电厂自动化系统等",False,C38电气机械和器材制造业,证监会行业分类
601127,赛力斯,601127.SH,SSE,主板,重庆,汽车整车,20160615,H,张正萍,张正萍,174198.5086,20070511.0,重庆,重庆市,21955.0,www.seres.cn,"主营业务为汽车整车及其发动机,零部件的研发,生产,销售和服务.现在生产,销售的主要产品为微型汽车,包括微型客车,微型货车(含微卡).",False,C36汽车制造业,证监会行业分类
601128,常熟银行,601128.SH,SSE,主板,江苏,银行,20160930,H,薛文,陆鼎昌,331652.1497,20011203.0,江苏,苏州市,7437.0,www.csrcbank.com,"主要从事业务包括公司业务,个人业务以及资金业务.",False,J66货币金融服务,证监会行业分类
601133,柏诚股份,601133.SH,SSE,主板,江苏,建筑工程,20230410,H,过建廷,过建廷,52801.8424,19940120.0,江苏,无锡市,1174.0,www.jsboth.com,"主要专注于为高科技产业的建厂,技改等项目提供专业的洁净室系统集成整体解决方案.",False,E49建筑安装业,证监会行业分类
601136,首创证券,601136.SH,SSE,主板,北京,证券,20221222,H,张涛,蒋青峰,273333.38,20000203.0,北京,北京市,1711.0,www.sczq.com.cn,"公司主营业务范围包括:证券经纪;证券投资咨询;与证券交易,证券投资活动有关的财务顾问;证券承销与保荐;证券自营;证券投资基金销售;证券资产管理;融资融券;代销金融产品;为期货公司提供中间介绍业务.",False,J67资本市场服务,证监会行业分类
601137,博威合金,601137.SH,SSE,主板,浙江,小金属,20110127,H,谢识才,谢识才,91848.745,19940122.0,浙江,宁波市,6626.0,www.bowayalloy.com,"主要产品:高性能合金材料,环保合金材料,节能合金材料和替代合金材料;多晶硅,单晶硅电池及组件.主营业务:高性能,高精度有色合金材料的研发,生产和销售;太阳能电池,组件的研发,生产和销售及光伏电站的建设运营.",False,C32有色金属冶炼和压延加工业,证监会行业分类
601138,工业富联,601138.SH,SSE,主板,深圳,通信设备,20180608,H,郑弘孟,郑弘孟,1984409.2284,20150306.0,广东,深圳市,217084.0,www.fii-foxconn.com,"主要从事各类电子设备产品的设计,研发,制造与销售业务,依托于工业互联网为全球知名客户提供智能制造和科技服务解决方案.公司主要产品涵盖通信网络设备,云服务设备,精密工具和工业机器人.",False,C39计算机、通信和其他电子设备制造业,证监会行业分类
601139,深圳燃气,601139.SH,SSE,主板,深圳,供气供热,20091225,H,王文杰,阳杰,287674.3102,19960430.0,广东,深圳市,9262.0,www.szgas.com.cn,"燃气购销,燃气输配管网,天然气利用工程建设与经营和相关专业技术服务为主业.主要产品为天然气和液化石油气.",False,D45燃气生产和供应业,证监会行业分类
601155,新城控股,601155.SH,SSE,主板,江苏,区域地产,20151204,H,王晓松,王晓松,225562.2856,19960630.0,江苏,常州市,18646.0,www.seazen.com.cn,主营业务:房地产开发与销售,False,K70房地产业,证监会行业分类
601156,东航物流,601156.SH,SSE,主板,上海,仓储物流,20210609,H,郭丽君,王建民,158755.5556,20040823.0,上海,上海市,6606.0,www.eal-ceair.com,"航空速运,地面综合服务和综合物流解决方案.",False,G56航空运输业,证监会行业分类
601158,重庆水务,601158.SH,SSE,主板,重庆,水务,20100329,H,郑如彬,付朝清,480002.5354,20010111.0,重庆,重庆市,6265.0,www.cncqsw.com,"主营业务:自来水销售,污水处理服务.",False,D46水的生产和供应业,证监会行业分类
601162,天风证券,601162.SH,SSE,主板,湖北,证券,20181019,H,庞介民,王琳晶,1007398.5234,20000329.0,湖北,武汉市,3416.0,www.tfzq.com,"主营业务:证券期货相关业务.证券经纪;证券投资咨询;与证券交易,证券投资活动有关的财务顾问;证券投资基金代销;证券承销与保荐;证券自营;证券资产管理;融资融券;代销金融产品;为期货公司提供中间介绍业务.",False,J67资本市场服务,证监会行业分类
601163,三角轮胎,601163.SH,SSE,主板,山东,汽车配件,20160909,H,丁木,林小彬,80000.0,20010222.0,山东,威海市,5854.0,www.triangle.com.cn,"主营业务为各种轮胎的研发,制造和销售.主要产品包括商用车胎,乘用车胎,斜交工程胎,子午工程胎和子午工程巨胎5大类,近4,200个品种.",False,C29橡胶和塑料制品业,证监会行业分类
601166,兴业银行,601166.SH,SSE,主板,福建,银行,20070205,H,吕家进,陈信健,2116285.7293,19880822.0,福建,福州市,68963.0,www.cib.com.cn,主营业务:商业银行业务,False,J66货币金融服务,证监会行业分类
601168,西部矿业,601168.SH,SSE,主板,青海,铜,20070712,H,王海丰,周华荣,238300.0,20001228.0,青海,西宁市,6603.0,www.westmining.com,"主营业务:经营一体化的基本金属开采,冶炼及贸易业务",False,B09有色金属矿采选业,证监会行业分类
601169,北京银行,601169.SH,SSE,主板,北京,银行,20070919,H,霍学文,戴炜,2114298.4272,19960129.0,北京,北京市,19919.0,www.bankofbeijing.com.cn,主营业务:商业银行业务,False,J66货币金融服务,证监会行业分类
601177,杭齿前进,601177.SH,SSE,主板,浙江,机械基件,20101011,H,杨水余,周焕辉,40771.35,19970314.0,浙江,杭州市,2663.0,www.chinaadvance.com,"主营业务为各类齿轮传动装置,粉末冶金制品和大型精密齿轮的设计,制造和销售.主要产品为船用齿轮箱及可调螺旋桨,工程机械变速箱及驱动轿,汽车变速器及特种车辆变速器,工业齿轮箱,风电增速箱,农业机械变速箱,摩擦材料及摩擦片,大型精密齿轮等.",False,C34通用设备制造业,证监会行业分类
601179,中国西电,601179.SH,SSE,主板,陕西,电气设备,20100128,H,赵永志,朱琦琦,512588.2352,20080430.0,陕西,西安市,8755.0,www.xdect.com.cn,"主要产品:公司的主导产品是110kV及以上电压等级的高压开关(GIS,GCB,隔离开关,接地开关),变压器(电力变压器,换流变压器),电抗器(平波电抗器,并联电抗器),电力电容器,互感器(CVT,CT,PT),绝缘子(电站电瓷产品,复合材料绝缘子产品),套管,氧化锌避雷器,直流输电换流阀等.主营业务:本公司的主营业务为输配电及控制设备研发,设计,制造,销售,检测,相关设备成套,技术研究,服务与工程承包,核心业务为高压,超高压及特高压交直流输配电设备制造,研发和检测.",False,C38电气机械和器材制造业,证监会行业分类
601186,中国铁建,601186.SH,SSE,主板,北京,建筑工程,20080310,H,戴和根,裴岷山,1357954.15,20071105.0,北京,北京市,250306.0,www.crcc.cn,"主营业务:工程承包,勘察设计咨询,工业制造,房地产开发,资本运营及物流等;矿产资源开发.",False,E48土木工程建筑业,证监会行业分类
601187,厦门银行,601187.SH,SSE,主板,福建,银行,20201027,H,洪枇杷,吴昕颢,263912.7888,19961126.0,福建,厦门市,3807.0,www.xmbankonline.com,资金运营服务,False,J66货币金融服务,证监会行业分类
601188,龙江交通,601188.SH,SSE,主板,黑龙江,路桥,20100319,N,王海龙,胡浩,130546.9915,20100301.0,黑龙江,哈尔滨市,783.0,www.hljjt.com,"本公司主营业务为投资,开发,建设和经营管理收费公路,主要通过哈大分公司对哈大高速公路及其沿线配套服务设施进行经营管理.",False,G54道路运输业,证监会行业分类
601198,东兴证券,601198.SH,SSE,主板,北京,证券,20150226,H,李娟,王洪亮,323244.552,20080528.0,北京,北京市,2558.0,www.dxzq.net,"主要业务为:证券经纪;证券投资咨询;与证券交易,证券投资活动有关的财务顾问;证券承销与保荐;证券投资基金销售业务;证券自营与证券资产管理业务;为期货公司提供中间介绍业务;融资融券业务;代销金融产品业务.",False,J67资本市场服务,证监会行业分类
601199,江南水务,601199.SH,SSE,主板,江苏,水务,20110317,H,华锋,池永,93521.0292,20030715.0,江苏,无锡市,950.0,www.jsjnsw.com,"主营业务为自来水的制售,自来水排水及相关水处理业务.",False,D46水的生产和供应业,证监会行业分类
601200,上海环境,601200.SH,SSE,主板,上海,环境保护,20170331,H,王瑟澜,王龙华,134623.0251,20040628.0,上海,上海市,2917.0,www.sh601200.com,"固体废弃物处置,城市污水处理等环境市政项目投资,建设与运营",False,N77生态保护和环境治理业,证监会行业分类
601208,东材科技,601208.SH,SSE,主板,四川,化工原料,20110520,H,唐安斌,李刚,101018.2943,19941226.0,四川,绵阳市,3242.0,www.emtco.cn,"主营业务:绝缘材料,功能高分子材料和相关精细化工产品的研发,制造和销售,产品涵盖了JB/T2197—1996《电气绝缘材料产品分类,命名及型号编制方法》八大类产品中的七大类产品,是国内绝缘材料品种配套最为齐全的制造商,主要产品包括电工聚酯薄膜,电工聚丙烯薄膜,电工云母带,电工柔软复合绝缘材料,电工层(模)压制品,绝缘油漆及树脂,无卤阻燃片材,电工非织布和电工塑料等.",False,C26化学原料和化学制品制造业,证监会行业分类
601211,国泰海通,601211.SH,SSE,主板,上海,证券,20150626,H,朱健,李俊杰,1762892.5829,19990818.0,上海,上海市,26228.0,www.gtht.com,"主要业务是机构金融,个人金融,投资管理及国际业务.",False,J67资本市场服务,证监会行业分类
601212,白银有色,601212.SH,SSE,主板,甘肃,铜,20170215,H,王彬,李志磊,740477.4511,20070706.0,甘肃,白银市,14608.0,www.bynmc.com,"主要产品:主要有阴极铜,铅锭,锌锭,铜材,铅材,锌材,贵金属制品等多个品种.主营业务:本公司的主要业务为铜,铅,锌,金,银等多种有色金属的采选,冶炼,加工及贸易,业务覆盖有色金属全产业链,是具有深厚行业积淀并初步形成国际布局的行业领先的大型有色金属企业.",False,C32有色金属冶炼和压延加工业,证监会行业分类
601216,君正集团,601216.SH,SSE,主板,内蒙,化工原料,20110222,H,乔振宇,乔振宇,843801.739,20030216.0,内蒙古,乌海市,8753.0,www.junzhenggroup.com,"主营业务;一直致力于通过一体化经营,以自备电厂为纽带,建设“煤-电-氯碱化工”和“煤-电-特色冶金”一体化的循环经济体系,实现资源,能源的就地转化.主要产品:包括电力,电石,硅铁,聚氯乙烯树脂(简称“PVC”),烧碱等.",False,C26化学原料和化学制品制造业,证监会行业分类
601218,吉鑫科技,601218.SH,SSE,主板,江苏,电气设备,20110506,N,朱陶芸,朱陶芸,96903.3512,20031219.0,江苏,无锡市,1574.0,www.sinojit.com,"公司一直从事风电零部件的研发,生产和销售,主要产品为兆瓦级风电机组轮毂,底座,轴及轴承座,梁等风电铸件产品,其中轮毂和底座为核心产品.",False,C33金属制品业,证监会行业分类
601222,林洋能源,601222.SH,SSE,主板,江苏,新型电力,20110808,H,尹彪,陆丹青,206016.9156,19951106.0,江苏,南通市,4603.0,www.linyang.com.cn,"主要产品:智能电表,用电信息采集终端,智能用电信息管理系统解决方案,电力运维服务,微电网及储能系统解决方案,智能配用电产品解决方案,多表合一采集系统等主营业务:智能,节能,新能源三个板块业务.",False,C38电气机械和器材制造业,证监会行业分类
601225,陕西煤业,601225.SH,SSE,主板,陕西,煤炭开采,20140128,H,赵福堂,赵文革,969500.0,20081223.0,陕西,西安市,44157.0,www.shxcoal.com,"主营业务:煤炭生产,销售和运输等业务,并拥有完整的煤炭生产,销售和运输体系.主要产品为优质动力,化工及冶金用煤,按煤种可主要分为贫瘦煤,长焰煤,弱粘煤,不粘煤,瘦煤,气煤等,具有高发热量和较高稳定性等特点,主要用于电力,化肥和冶金等行业.",False,B06煤炭开采和洗选业,证监会行业分类
601226,华电科工,601226.SH,SSE,主板,北京,建筑工程,20141211,H,彭刚平,皮岩峰,116222.37,20081226.0,北京,北京市,2028.0,www.hhi.com.cn,"本公司为工程整体解决方案提供商,业务集工程系统设计,工程总承包以及核心高端装备研发,设计,制造于一体,主要包括物料输送系统工程,热能工程及高端钢结构工程三大业务板块.产品主要包括长距离曲线带式输送机,管状带式输送机,装卸船机,斗轮堆取料机,圆形堆取料机,翻车机,排土机等.",False,M74专业技术服务业,证监会行业分类
601228,广州港,601228.SH,SSE,主板,广东,港口,20170329,H,黄波,郑灵棠,754453.1351,20101228.0,广东,广州市,9361.0,www.gzport.com,"主要业务:集装箱,煤炭,粮食,钢材,汽车,金属矿石,油品等货物的装卸及物流等业务.",False,G55水上运输业,证监会行业分类
601229,上海银行,601229.SH,SSE,主板,上海,银行,20161116,H,顾建忠,施红敏,1420901.7864,19960130.0,上海,上海市,14712.0,www.bosc.cn,"主要业务分部包括公司金融业务,零售金融业务和资金业务等",False,J66货币金融服务,证监会行业分类
601231,环旭电子,601231.SH,SSE,主板,上海,元器件,20120220,H,陈昌益,魏镇炎,238910.5078,20030102.0,上海,上海市,21726.0,www.usiglobal.com,"公司的主要业务是为国内外的品牌厂商提供各类电子产品的开发设计,物料采购,生产制造,物流,维修等专业服务.公司的主要产品包括通讯类,电脑及存储类,消费电子类,工业类,其他类等五大类.",False,C39计算机、通信和其他电子设备制造业,证监会行业分类
601233,桐昆股份,601233.SH,SSE,主板,浙江,化纤,20110518,H,陈蕾,陈蕾,237900.149,19990927.0,浙江,嘉兴市,32832.0,www.zjtkgf.com,"主营业务:民用涤纶长丝的研发,生产和销售.主要产品为POY,DTY和FDY等,POY,DTY和FDY等又可细分为差别化丝和常规丝(或者称为标准丝,普通丝)",False,C28化学纤维制造业,证监会行业分类
601236,红塔证券,601236.SH,SSE,主板,云南,证券,20190705,H,景峰,沈春晖,471678.7742,20020131.0,云南,昆明市,1159.0,www.hongtastock.com,"经中国证监会批准,公司主要从事的业务包括:证券经纪,证券自营,证券承销与保荐;证券投资咨询;与证券交易,证券投资活动有关的财务顾问;证券资产管理;融资融券;证券投资基金代销;为期货公司提供中间介绍业务;代销金融产品业务.",False,J67资本市场服务,证监会行业分类
601238,广汽集团,601238.SH,SSE,主板,广东,汽车整车,20120329,H,冯兴亚,閤先庆,1019706.59,19970606.0,广东,广州市,82067.0,www.gac.com.cn,"主营业务:汽车及配套产品的研发,制造,销售和相关服务,主要产品及服务包括乘用车,商用车,发动机及其他汽车零部件和汽车相关服务.",False,C36汽车制造业,证监会行业分类
601279,英利汽车,601279.SH,SSE,主板,吉林,汽车配件,20210415,H,林上炜,林上炜,158578.5985,20061221.0,吉林,长春市,3445.0,www.engley.com,"主营业务为车身结构零部件及防撞系统零部件的设计,研发,制造及销售,主要产品包含金属零部件和非金属零部件两大类",False,C36汽车制造业,证监会行业分类
601288,农业银行,601288.SH,SSE,主板,北京,银行,20100715,H,谷澍,王志恒,34998303.3873,19861218.0,北京,北京市,457835.0,www.abchina.com.cn;www.abchina.com,"主营业务为商业银行业务.主要产品为公司类贷款,票据贴现,公司存款,中间业务产品与服务,个人贷款,银行卡业务,个人存款等.",False,J66货币金融服务,证监会行业分类
601298,青岛港,601298.SH,SSE,主板,山东,港口,20190121,H,苏建光,张保华,649110.0,20131115.0,山东,青岛市,9728.0,www.qingdao-port.com,"本公司主营业务为集装箱,金属矿石,煤炭,原油等各类货物的装卸和配套服务,物流及港口增值服务,港口配套服务等多种业务.",False,G55水上运输业,证监会行业分类
601311,骆驼股份,601311.SH,SSE,主板,湖北,电气设备,20110602,H,刘长来,孙权,117314.6118,19940702.0,湖北,襄阳市,7589.0,www.chinacamel.com,"主营业务为蓄电池研究,开发,制造,销售和回收处理,主要产品系应用于汽车起动,电动道路车辆牵引,电动助力车等领域的铅酸蓄电池.",False,C38电气机械和器材制造业,证监会行业分类
601318,中国平安,601318.SH,SSE,主板,深圳,保险,20070301,H,马明哲,谢永林,1810764.1995,19880321.0,广东,深圳市,258806.0,www.pingan.cn,"主营业务:以保险业务为核心,以统一品牌向客户提供包括保险,银行,证券,信托等多元化金融服务",False,J68保险业,证监会行业分类
601319,中国人保,601319.SH,SSE,主板,北京,保险,20181116,H,丁向群,赵鹏,4422399.0583,19960822.0,北京,北京市,179898.0,www.picc.com,"主营业务:本集团拥有人保财险,人保寿险,人保健康,人保再保险,人保香港及人保养老(筹),经营保险业务.其中,人保财险在中国境内主要经营财产险业务,人保寿险和人保健康经营寿险和健康险业务,人保再保险经营专业再保险业务,人保香港在中国香港经营财产险业务,人保养老(筹)开展企业年金,职业年金等业务.同时,本集团拥有人保资产,人保投控及人保资本,经营资产管理业务.",False,J68保险业,证监会行业分类
601326,秦港股份,601326.SH,SSE,主板,河北,港口,20170816,H,张志辉,丁晓平,558741.2,20080331.0,河北,秦皇岛市,8348.0,www.portqhd.com,"主要业务:高度一体化的综合港口服务,包括装卸,堆存,仓储,运输及物流服务.",False,G55水上运输业,证监会行业分类
601328,交通银行,601328.SH,SSE,主板,上海,银行,20070515,H,任德奇,张宝江,8836378.4223,19870330.0,上海,上海市,97932.0,www.bankcomm.com;www.bankcomm.cn,"主营业务:公司及机构业务,零售及个人银行业务,资金业务等目前中国监管法规允许商业银行经营的所有范围.本行的公司及机构业务主要为向企业客户提供各种产品和服务,例如贷款,存款,票据贴现,结算,贸易融资,基金托管和担保.本行的零售及个人银行业务主要为向零售客户提供各类零售及个人银行产品和金融服务,例如存款,按揭贷款,汽车贷款,借记卡,贷记卡,理财及外汇交易业务.本行的资金业务包括银行间货币市场交易,外汇交易,政府债券及金融债券交易和投资",False,J66货币金融服务,证监会行业分类
601330,绿色动力,601330.SH,SSE,主板,深圳,环境保护,20180611,H,成苏宁,成苏宁,143058.4686,20000329.0,广东,深圳市,3302.0,www.dynagreen.com.cn,"主营业务:主要以BOT等特许经营的方式从事生活垃圾焚烧发电厂的投资,建设,运营,维护以及技术顾问业务.",False,N77生态保护和环境治理业,证监会行业分类
601333,广深铁路,601333.SH,SSE,主板,深圳,铁路,20061222,H,蒋辉,陈少宏,708353.7,19960306.0,广东,深圳市,36269.0,www.gsrc.com,"主营业务:坪石至深圳间各铁路车站的客,货运输业务,并与中国香港九广铁路公司合作经营广九直通车(广州—中国香港九龙)旅客运输业务.(本次发行及资产收购完成后)",False,G53铁路运输业,证监会行业分类
601336,新华保险,601336.SH,SSE,主板,北京,保险,20111216,H,杨玉成,龚兴峰,311954.66,19960928.0,北京,北京市,27726.0,www.newchinalife.com,"人民币,外币的人身保险(包括各类人身保险,健康保险,意外伤害保险);为境内外的保险机构代理保险,检验,理赔等业务;保险咨询;依照有关法规从事资金运用业务;经中国保监会批准的其他业务.目前,本公司在中国境内向个人和团体提供人寿保险,意外伤害保险和健康保险等产品与服务.同时,本公司还经营保险资产管理业务,主要通过本公司控股的资产管理公司进行.本公司设立以来,主营业务没有发生重大变化.",False,J68保险业,证监会行业分类
601339,百隆东方,601339.SH,SSE,主板,浙江,纺织,20120612,H,杨卫新,杨燿斌,149956.9,20040429.0,浙江,宁波市,15672.0,www.bros.com.cn,"色纺纱的研发,生产和销售",False,C17纺织业,证监会行业分类
601360,三六零,601360.SH,SSE,主板,天津,互联网,20120116,H,周鸿祎,周鸿祎,699955.7879,19920620.0,天津,天津市,5975.0,www.360.cn,"主营业务是互联网安全技术的研发,互联网安全产品的设计,研发,推广,以及基于互联网安全产品的互联网广告及服务,互联网增值服务,智能硬件业务等商业化服务.",False,I64互联网和相关服务,证监会行业分类
601366,利群股份,601366.SH,SSE,主板,山东,百货,20170412,N,徐瑞泽,王本朋,95974.1113,19980122.0,山东,青岛市,6559.0,www.liquncommercialgroup.com,"公司主营业务为以百货,超市和电器为核心主业的零售连锁业务,和以城市物流中心为辅的品牌代理和商业物流业务.",False,F52零售业,证监会行业分类
601368,绿城水务,601368.SH,SSE,主板,广西,水务,20150612,N,黄东海,蒋俊海,88297.3077,20060914.0,广西,南宁市,1737.0,www.gxlcwater.com,"主营业务为自来水生产供应及污水处理业务,在特许经营区域范围内负责供水或污水处理设施的投资建设(不包括雨水排放设施),运营管理及维护.",False,D46水的生产和供应业,证监会行业分类
601369,陕鼓动力,601369.SH,SSE,主板,陕西,机械基件,20100428,H,任矿,刘海军,172347.4492,19990630.0,陕西,西安市,3506.0,www.shaangu.com,"主营业务:能量转换设备制造,能量转换系统服务,能源基础设施运营.主要产品:轴流压缩机,能量回收透平装置,离心压缩机,离心鼓风机,通风机等,主要应用于冶金,石化,电力,环保,制药等产业领域.",False,C34通用设备制造业,证监会行业分类
601375,中原证券,601375.SH,SSE,主板,河南,证券,20170103,H,张秋云,李昭欣,464288.47,20021108.0,河南,郑州市,2382.0,www.ccnew.com,"主营业务:证券经纪,投资银行,证券投资,融资融券,资产管理,期货经纪和直接投资等在内的多元化业务;",False,J67资本市场服务,证监会行业分类
601377,兴业证券,601377.SH,SSE,主板,福建,证券,20101013,H,苏军良,刘志辉,863598.7294,20000519.0,福建,福州市,8279.0,www.xyzq.com.cn,"主营业务:证券经纪,投资银行,资产管理,基金管理,证券自营等.",False,J67资本市场服务,证监会行业分类
601388,怡球资源,601388.SH,SSE,主板,江苏,铝,20120423,H,刘凯珉,刘凯珉,220122.2616,20010315.0,江苏,苏州市,1590.0,www.yechiu.com,"主营业务是通过回收废铝资源,进行再生铝合金锭的生产和销售.主要产品为各种成分和型号的铝合金锭,产品广泛运用于汽车,电器,机械,建筑,电力,交通,计算机,包装,五金等多个领域,是国民经济建设和居民消费品生产必需的重要基础材料.",False,C42废弃资源综合利用业,证监会行业分类
601390,中国中铁,601390.SH,SSE,主板,北京,建筑工程,20071203,H,陈文健,赵佃龙,2468622.1929,20070912.0,北京,北京市,289250.0,www.crec.cn,"主营业务:基建建设,勘察设计与咨询服务,工程设备和零部件制造及房地产开发等.",False,E48土木工程建筑业,证监会行业分类
601398,工商银行,601398.SH,SSE,主板,北京,银行,20061027,H,廖林,刘珺,35640625.7089,19851122.0,北京,北京市,409758.0,www.icbc.com.cn;www.icbc-ltd.com,"主营业务:公司银行业务,个人银行业务,资金业务以及其他业务.",False,J66货币金融服务,证监会行业分类
601399,国机重装,601399.SH,SSE,主板,四川,工程机械,20200608,H,韩晓军,王晖球,721355.589,20011230.0,四川,德阳市,7565.0,www.sinomach-he.cn,"本公司主营冶金,电力,石化等行业所需重大技术装备与重型铸锻钢产品的设计,生产与销售;主要产品有高端冶金轧制设备(如热带钢轧制设备,中厚板轧制设备)及其备件,发电设备大型铸锻件(如火电,水电,核电,风电增速箱和主轴),重型石油化工容器等.",False,C35专用设备制造业,证监会行业分类
601456,国联民生,601456.SH,SSE,主板,江苏,证券,20200731,H,顾伟,葛小波,568059.2806,19990108.0,江苏,无锡市,5505.0,www.glms.com.cn,"经纪业务,证券投资业务,投资银行业务,资产管理业务,信用交易业务,其他业务",False,J67资本市场服务,证监会行业分类
601500,通用股份,601500.SH,SSE,主板,江苏,汽车配件,20160919,H,贾国荣,顾萃,158931.5735,20020819.0,江苏,无锡市,5606.0,www.ty-tyre.com,"主营业务:全钢子午胎,斜交胎的研发,生产和销售;主要产品:全钢子午胎和斜交胎两大类.",False,C29橡胶和塑料制品业,证监会行业分类
601512,中新集团,601512.SH,SSE,主板,江苏,园区开发,20191220,H,赵志松,赵志松,149889.0,19940813.0,江苏,苏州市,1660.0,www.cssd.com.cn,"主营业务为新型城镇化综合开发运营,集土地一级开发,房地产开发与经营,市政公用及多元化服务于一体,目前的主要客户为当地政府,区域入驻企业和居民.",False,K70房地产业,证监会行业分类
601515,衢州东峰,601515.SH,SSE,主板,浙江,广告包装,20120216,H,苏凯,王培玉,192447.0671,19831230.0,浙江,衢州市,2124.0,www.dfp.com.cn,"公司主营业务为烟标印制及相关包装材料的设计,生产与销售.公司主要产品为烟标,用于“长白山”,“黄果树”,“贵烟”,“黄山”,“都宝”,“真龙”,“云烟”,“玉溪”,“钻石”,“五叶神”,“好日子”,“兰州”,“红塔山”,“利群”,“双喜”,“红梅”,“七匹狼”等知名卷烟品牌的包装.",False,C27医药制造业,证监会行业分类
601518,吉林高速,601518.SH,SSE,主板,吉林,路桥,20100319,H,于江涛,高连天,189055.3169,20100301.0,吉林,长春市,828.0,www.jlgsgl.com,"本公司主营业务为投资,开发,建设和经营管理收费公路,主要通过长平分公司对长平高速公路及其沿线配套服务设施进行经营管理.",False,G54道路运输业,证监会行业分类
601519,大智慧,601519.SH,SSE,主板,上海,软件服务,20110128,H,张志宏,张志宏,198916.0,20001214.0,上海,上海市,1684.0,www.gw.com.cn,"主营业务:以互联网为基础向国内外资本市场的参与各方提供及时,全面的金融信息和数据服务.主要产品为大智慧金融交易终端机构版,大智慧金融交易终端超赢专业版,大智慧金融交易终端主力资金版,大智慧金融交易终端专家版,大智慧金融交易终端专家超赢版,大智慧新一代高速行情Level-2版,大智慧港股通,大智慧经典版,大智慧手机超赢专业版,大智慧手机免费版,大智慧营业部DOS服务系统,大智慧营业部DDE决策服务系统,大智慧Internet服务系统.",False,J69其他金融业,证监会行业分类
601528,瑞丰银行,601528.SH,SSE,主板,浙江,银行,20210625,H,吴智晖,陈钢梁,196216.1395,20050128.0,浙江,绍兴市,2134.0,www.borf.cn,"本行业务主要包括公司业务,个人业务以及资金业务.",False,J66货币金融服务,证监会行业分类
601555,东吴证券,601555.SH,SSE,主板,江苏,证券,20111212,H,范力,薛臻,496870.2837,19930410.0,江苏,苏州市,4963.0,www.dwzq.com.cn,"主营业务证券经纪,投资银行,证券自营,资产管理,基金管理,直接投资等.",False,J67资本市场服务,证监会行业分类
601566,九牧王,601566.SH,SSE,主板,福建,服饰,20110530,H,林聪颖,陈加芽,57463.715,20040311.0,福建,泉州市,7571.0,www.joeone.cn,"公司采用业务纵向一体化的模式,集品牌推广,研发设计,生产,销售为一体,经营九牧王品牌的男裤,茄克及其它服饰类产品.",False,C18纺织服装、服饰业,证监会行业分类
601567,三星电气,601567.SH,SSE,主板,浙江,电气设备,20110615,H,沈国英,程志浩,140520.94,20070201.0,浙江,宁波市,12519.0,www.sanxing.com,"主要产品:智能配用电板块:主营产品覆盖智能计量,智能开关,智能配电系统,电力箱,配网自动化,智能充电桩设备,医疗服务板块:主要业务为医院的建设,运营,投资并购,以及融资租赁等业务.主营业务:智能配用电,医疗服务两个板块业务.",False,C40仪器仪表制造业,证监会行业分类
601568,北元化工,601568.SH,SSE,主板,陕西,化工原料,20201020,H,史彦勇,刘建国,397222.2224,20030506.0,陕西,榆林市,3912.0,www.sxbychem.com,"主要从事聚氯乙烯,烧碱等产品的生产和销售,主营产品包括聚氯乙烯和烧碱等.",False,C26化学原料和化学制品制造业,证监会行业分类
601577,长沙银行,601577.SH,SSE,主板,湖南,银行,20180926,H,张曼,张曼,402155.3754,19970818.0,湖南,长沙市,9779.0,www.bankofchangsha.com,"主营业务包括公司金融业务,零售金融业务和资金业务等.",False,J66货币金融服务,证监会行业分类
601579,会稽山,601579.SH,SSE,主板,浙江,红黄酒,20140825,H,方朝阳,唐桂江,47946.3409,19931018.0,浙江,绍兴市,1838.0,www.kuaijishanwine.com,"公司主营绍兴黄酒,黄酒的生产,销售和研发,货物进出口业务;仓储服务(不含危险品).(依法须经批准的项目,经相关部门批准后方可开展经营活动).",False,C15酒、饮料和精制茶制造业,证监会行业分类
601588,北辰实业,601588.SH,SSE,主板,北京,区域地产,20061016,H,张杰,梁捷,336702.0,19981009.0,北京,北京市,4729.0,www.beijingns.com.cn,"主营业务包括发展物业,投资物业(含酒店)及商业物业.",False,K70房地产业,证监会行业分类
601595,上海电影,601595.SH,SSE,主板,上海,影视音像,20160817,H,王隽,戴运,44820.0,19941007.0,上海,上海市,683.0,www.sh-sfc.com,"主营业务为电影发行及放映业务,具体包括电影发行和版权销售,院线经营以及影院投资,开发和经营业务.",False,R87广播、电视、电影和录音制作业,证监会行业分类
601598,中国外运,601598.SH,SSE,主板,北京,仓储物流,20190118,H,张翼,高翔,717375.1227,20021120.0,北京,北京市,31953.0,www.sinotrans.com,"主营业务包括货运代理,专业物流,仓储与码头服务,物流设备租赁和其他服务",False,G58多式联运和运输代理业,证监会行业分类
601599,浙文影业,601599.SH,SSE,主板,浙江,纺织,20110527,N,傅立文,陈旭,116054.2453,20021213.0,浙江,杭州市,4108.0,www.lugangwool.com,"主要从事各类针织毛纺纱线以及高档精纺呢绒面料生产与销售.发行人主导产品为“鹿港牌”精纺纱线(腈纶仿羊绒系列纱线,全羊绒纱,全毛纱,毛腈纱,混纺纱)及半精纺纱(全羊绒纱,丝羊绒纱,各种纤维混合纱)以及呢绒面料.",False,C17纺织业,证监会行业分类
601600,中国铝业,601600.SH,SSE,主板,北京,铝,20070430,H,何文建,张瑞忠,1715497.1327,20010910.0,北京,北京市,60814.0,www.chalco.com.cn,"主营业务:矿产资源开采,氧化铝,电解铝及合金产品的生产及销售,高新技术开发与推广,国际贸易,物流服务,能源电力等",False,C32有色金属冶炼和压延加工业,证监会行业分类
601601,中国太保,601601.SH,SSE,主板,上海,保险,20071225,H,傅帆,赵永刚,962034.1455,19910513.0,上海,上海市,91639.0,www.cpic.com.cn,"主要通过下属的中国太平洋人寿保险股份有限公司(以下简称“太保寿险”)和中国太平洋财产保险股份有限公司(以下简称“太保产险”)为客户提供全面的人寿及财产保险产品和服务,并通过下属的太平洋资产管理有限责任公司管理和运用保险资金.",False,J68保险业,证监会行业分类
601606,长城军工,601606.SH,SSE,主板,安徽,专用机械,20180806,H,涂荣,张兆忠,72422.84,20001116.0,安徽,合肥市,2850.0,www.ahccjg.com.cn,"主要产品:本公司的子公司主要从事迫击炮弹,光电对抗系列,单兵火箭系列,引信系列,子弹药系列,火工品系列的研究,设计,生产,总装和销售以及锚具,轨道交通零部件,汽车配件的生产和销售.主要业务:为对子公司军品和民品的科研,生产与销售进行管理.",False,C33金属制品业,证监会行业分类
601607,上海医药,601607.SH,SSE,主板,上海,医药商业,19940324,H,杨秋华,沈波,370836.1809,19940118.0,上海,上海市,49608.0,www.sphchina.com,医药.,False,F52零售业,证监会行业分类
601608,中信重工,601608.SH,SSE,主板,河南,专用机械,20120706,H,武汉琦,张志勇,457955.3437,20080126.0,河南,洛阳市,7246.0,www.citichmc.com,"本公司主要从事建材,煤炭,矿山,冶金,电力以及节能环保等行业的大型成套技术设备及大型铸锻件的开发,研制及销售,并提供相关配套服务和整体解决方案.主要产品有:采掘机械,提升机械,破碎粉磨机械,选煤机械,水泥机械,冶金轧钢机械,轻工环保机械,发电设备,大功率减速器,大型铸锻锻件等产品以及产品的设计,安装等技术服务.",False,C35专用设备制造业,证监会行业分类
601609,金田股份,601609.SH,SSE,主板,浙江,铜,20200422,H,楼城,楼城,172863.8193,19920620.0,浙江,宁波市,8172.0,www.jtgroup.com.cn,铜产品和烧结钕铁硼永磁材料,False,C32有色金属冶炼和压延加工业,证监会行业分类
601611,中国核建,601611.SH,SSE,主板,上海,建筑工程,20160606,H,尹卫平,戴雄彪,301383.4212,20101221.0,上海,上海市,45686.0,www.cnecc.com,"主要从事军工工程,核电工程及工业与民用工程的建设业务.",False,E48土木工程建筑业,证监会行业分类
601615,明阳智能,601615.SH,SSE,主板,广东,电气设备,20190123,H,张传卫,张传卫,226149.6706,20060602.0,广东,中山市,13947.0,www.mywind.com.cn,"主营业务:新能源高端装备制造,新能源电站投资运营及智能管理业务,主要包括:1)大型风力发电机组及其核心部件的研发,生产,销售,智能化运维;2)风电场及光伏电站开发,投资,建设和智能运营管理.",False,C34通用设备制造业,证监会行业分类
601616,广电电气,601616.SH,SSE,主板,上海,电气设备,20110201,N,赵淑文,赵淑文,85367.5319,19951212.0,上海,上海市,929.0,www.sgeg.cn,"主营业务为高低压成套设备及元器件产品的生产和销售,集研发,生产,销售,服务于一体,为各行各业用户提供整体配电解决方案,是国内知名的电气设备供应商.目前公司产品分为成套设备和元器件两大类型,共45个型号系列.公司产品主要集中于40.5kV及以下的电压等级,可实现电气开关控制及智能化终端控制等功能.",False,C38电气机械和器材制造业,证监会行业分类
601618,中国中冶,601618.SH,SSE,主板,北京,建筑工程,20090921,H,陈建光,,2072361.917,20081201.0,北京,北京市,89982.0,www.mccchina.com,"工程承包,资源开发,装备制造及房地产开发等业务",False,E48土木工程建筑业,证监会行业分类
601619,嘉泽新能,601619.SH,SSE,主板,宁夏,新型电力,20170720,H,陈波,赵继伟,291277.3884,20100416.0,宁夏,吴忠市,266.0,www.jzne.net.cn,"主要产品:电力;主营业务:新能源电力的开发,投资,建设,经营和管理.",False,D44电力、热力生产和供应业,证监会行业分类
601628,中国人寿,601628.SH,SSE,主板,北京,保险,20070109,H,利明光,利明光,2826470.5,20030630.0,北京,北京市,97505.0,www.e-chinalife.com,"主营业务:在中国境内向个人和团体提供人寿保险,意外伤害保险和健康保险等产品与服务.同时,本公司还经营保险资产管理业务,主要通过本公司控股60%的资产管理公司进行.",False,J68保险业,证监会行业分类
601633,长城汽车,601633.SH,SSE,主板,河北,汽车整车,20110928,H,魏建军,穆峰,855787.2265,20010612.0,河北,保定市,97600.0,www.gwm.com.cn,"主营业务为汽车整车及汽车零部件的研发,生产及销售.主要产品为SUV,轿车,皮卡.",False,C36汽车制造业,证监会行业分类
601636,旗滨集团,601636.SH,SSE,主板,湖南,玻璃,20110812,H,张柏忠,凌根略,295865.3728,20050708.0,湖南,株洲市,14724.0,www.kibing-glass.com,"玻璃及制品生产,销售;建筑材料,原辅材料批零兼营.普通货运(有效期至2018年1月23日),在港区内从事普通货物装卸,仓储,堆码,货运代理服务.企业管理服务.",False,C30非金属矿物制品业,证监会行业分类
601658,邮储银行,601658.SH,SSE,主板,北京,银行,20191210,H,郑国雨,芦苇,12009505.3492,20070306.0,北京,北京市,196779.0,www.psbc.com;www.psbcltd.cn,"以本外币储蓄存款为主体的负债业务;以国内,国际汇兑,转帐业务,银行卡业务,代理保险及证券业务,代收代付,代理承销发行,兑付政府债券,代销开放式基金,提供个人存款证明服务及保管箱服务等多种形式的中间业务;以及以债券投资,大额协议存款,银团贷款,小额信贷等为主渠道的资产业务.",False,J66货币金融服务,证监会行业分类
601665,齐鲁银行,601665.SH,SSE,主板,山东,银行,20210618,H,郑祖刚,张华,615384.2525,19960605.0,山东,济南市,5760.0,www.qlbchina.com,"公司银行业务,个人银行业务及资金业务等",False,J66货币金融服务,证监会行业分类
601666,平煤股份,601666.SH,SSE,主板,河南,煤炭开采,20061123,H,焦振营,张国川,246936.3915,19980317.0,河南,平顶山市,42366.0,www.pmta.com.cn,"主营业务为煤炭开采,煤炭洗选,煤炭销售.",False,B06煤炭开采和洗选业,证监会行业分类
601668,中国建筑,601668.SH,SSE,主板,北京,建筑工程,20090729,H,郑学选,文兵,4132039.0444,20071210.0,北京,北京市,361249.0,www.cscec.com,"房屋建筑工程,房地产开发与投资,国际工程承包,基础设施建设与投资及设计勘察业务",False,E48土木工程建筑业,证监会行业分类
601669,中国电建,601669.SH,SSE,主板,北京,建筑工程,20111018,H,丁焰章,王小军,1722615.9334,20091130.0,北京,北京市,163912.0,www.powerchina.cn,"主营业务包括:建筑工程承包与勘测设计,电力投资与运营业务,房地产开发,设备制造与租赁业务四大板块.",False,E48土木工程建筑业,证监会行业分类
601677,明泰铝业,601677.SH,SSE,主板,河南,铝,20110919,H,刘杰,柴明科,124352.3627,19970418.0,河南,郑州市,6282.0,www.hngymt.com,"主要产品:铝板带箔及铝型材两大门类,广泛应用于新能源电池,轨道车体,汽车制造,印刷制版,电子家电,电力设施,建筑装饰,交通运输,食品和医药包装等领域.主营业务:1-8系铝板带箔的生产和销售.",False,C32有色金属冶炼和压延加工业,证监会行业分类
601678,滨化股份,601678.SH,SSE,主板,山东,化工原料,20100223,H,董红波,董红波,205683.6276,19980521.0,山东,滨州市,3823.0,www.befar.com,"主营业务:有机,无机化工产品的生产,加工与销售.主要产品为离子膜烧碱系列产品,环氧丙烷产品,油田破乳剂等精细化工产品.",False,C26化学原料和化学制品制造业,证监会行业分类
601686,友发集团,601686.SH,SSE,主板,天津,钢加工,20201204,H,李茂津,陈广岭,147154.704,20111226.0,天津,天津市,10403.0,www.yfgg.com,"主营业务为焊接钢管的研发,生产与销售,主营产品包括焊接圆管,镀锌圆管,方矩焊管,方矩镀锌管,钢塑复合管和螺旋焊管等.",False,C33金属制品业,证监会行业分类
601688,华泰证券,601688.SH,SSE,主板,江苏,证券,20100226,H,王会清,周易,902686.3786,19910409.0,江苏,南京市,15511.0,www.htsc.com.cn,"主营业务:证券经纪,投资银行,资产管理,基金管理,证券自营,证券投资管理,直接投资等",False,J67资本市场服务,证监会行业分类
601689,XD拓普集,601689.SH,SSE,主板,浙江,汽车配件,20150319,H,邬建树,王斌,173783.558,20040422.0,浙江,宁波市,26123.0,www.tuopu.com,"本公司主要从事汽车NVH(即减震降噪及舒适性控制)领域橡胶减震产品和隔音产品的研发,生产与销售,致力于消除来自于汽车动力总成,路面及空气的振动与噪声,提升整车的舒适性及平顺性.公司产品包括汽车橡胶减震产品和隔音产品两大类,划分为悬置,扭震,衬套和汽车隔音件等四大系列,共3,000多个品种.",False,C36汽车制造业,证监会行业分类
601696,中银证券,601696.SH,SSE,主板,上海,证券,20200226,H,周权,周冰,277800.0,20020228.0,上海,上海市,2934.0,www.bocichina.com,"投资银行业务,投资者服务业务,证券投资业务,机构销售与研究业务.",False,J67资本市场服务,证监会行业分类
601698,中国卫通,601698.SH,SSE,主板,北京,电信运营,20190628,H,孙京,马海全,422438.5412,20011127.0,北京,北京市,620.0,www.chinasatcom.com,"主营业务为卫星空间段运营及相关应用服务,主要应用于卫星通信广播.",False,I63电信、广播电视和卫星传输服务,证监会行业分类
601699,潞安环能,601699.SH,SSE,主板,山西,煤炭开采,20060922,H,韩玉明,史红邈,299140.92,20010719.0,山西,长治市,34954.0,www.luanhn.com,"主营业务:原煤开采,煤炭洗选,煤焦冶炼;主要产品为混煤,洗精煤,喷吹煤,洗混块等.",False,B06煤炭开采和洗选业,证监会行业分类
601700,风范股份,601700.SH,SSE,主板,江苏,电气设备,20110118,H,王建祥,范立义,113875.73,19930715.0,江苏,苏州市,1801.0,www.cstower.cn,"主营业务为输电线路铁塔的研发,设计,生产和销售以及变电构支架和通讯铁塔的生产和销售.此外,公司还研发了复合材料绝缘杆塔,首批已挂网运行.主要产品有输电线路铁塔,变电构支架.",False,C33金属制品业,证监会行业分类
601702,华峰铝业,601702.SH,SSE,主板,上海,铝,20200907,H,陈国桢,高勇进,99853.06,20080710.0,上海,上海市,2082.0,www.huafonal.com,"公司主要从事铝板带箔的研发,生产和销售.公司的主要产品为铝板带箔,主要分为铝热传输材料和新能源汽车用电池料,属于铝轧制材.",False,C32有色金属冶炼和压延加工业,证监会行业分类
601717,中创智领,601717.SH,SSE,主板,河南,专用机械,20100803,H,焦承尧,贾浩,178539.993,20021106.0,河南,郑州市,16480.0,www.zczl.cn,"公司的主营业务为煤炭综合采掘设备之一——综采液压支架及其零部件的生产,销售和服务.主要产品为煤炭综合采掘设备之一——综采液压支架.",False,C35专用设备制造业,证监会行业分类
601718,ST际华,601718.SH,SSE,主板,北京,服饰,20100816,N,王学柱,霍建春,436106.9503,20060804.0,北京,北京市,13830.0,www.jihuachina.com,"主营业务为职业装,职业鞋靴,防护装具,纺织印染,皮革皮鞋等.旗下拥有职业装,职业鞋靴,防护装具,纺织印染以及皮革皮鞋五大业务板块.",True,C18纺织服装、服饰业,证监会行业分类
601727,上海电气,601727.SH,SSE,主板,上海,电气设备,20081205,H,吴磊,朱兆开,1554012.1636,20040301.0,上海,上海市,43074.0,www.shanghai-electric.com,"本公司主要从事设计,制造及销售电力设备,机电一体化设备,重工设备,交通设备及环保系统产品并提供相关服务.本公司主要业务分为五大核心业务板块,包括:电力设备板块,机电一体化板块,重工设备板块,交通设备板块和环保系统板块;此外,本公司还通过子公司从事核心业务的研发和设计,以及通过下属财务公司从事金融业务.",False,C34通用设备制造业,证监会行业分类
601728,中国电信,601728.SH,SSE,主板,北京,电信运营,20210820,H,柯瑞文,刘桂清,9150713.8699,20020910.0,北京,北京市,277911.0,www.chinatelecom-h.com,"公司是领先的大型全业务综合智能信息服务运营商.公司积极拥抱数字化转型机遇,深耕客户需求及应用场景,全面实施“云改数转”战略,以5G和云为核心打造云网融合的新型信息基础设施,运营支撑体系,科技创新硬核实力,深化体制机制改革,以创新,融合构建差异化优势,致力于为个人(To C),家庭(To H)和政企(To B/G)客户提供灵活多样,融合便捷,品质体验,安全可靠的综合智能信息服务.",False,I63电信、广播电视和卫星传输服务,证监会行业分类
601766,中国中车,601766.SH,SSE,主板,北京,运输设备,20080818,H,孙永才,王锋,2869886.4088,20071228.0,北京,北京市,151602.0,www.crrcgc.cc,"主要从事铁路机车,客车,货车,动车组,城轨地铁车辆及重要零部件的研发,制造,销售,修理和租赁,以及轨道交通装备专有技术延伸产业.",False,C37铁路、船舶、航空航天和其他运输设备制造业,证监会行业分类
601777,千里科技,601777.SH,SSE,主板,重庆,摩托车,20101125,H,印奇,周宗成,452110.0071,19971201.0,重庆,重庆市,6949.0,www.lifan.com,"主要产品:摩托车,摩托车发动机,乘用车,乘用车发动机,通用汽油机及终端产品(发电机组,水泵,草坪机等).主营业务:摩托车,汽车以及通用汽油机的研发,生产及销售.",False,C36汽车制造业,证监会行业分类
601778,晶科科技,601778.SH,SSE,主板,江西,新型电力,20200519,H,李仙德,沙江海,357258.974,20110728.0,江西,上饶市,1643.0,www.jinkopower.com,"主营业务主要分为光伏电站运营和光伏电站EPC两大板块,涉及太阳能光伏电站的开发,投资,建设,运营和管理等环节,以及光伏电站EPC工程总承包,电站运营综合服务解决方案等",False,D44电力、热力生产和供应业,证监会行业分类
601788,光大证券,601788.SH,SSE,主板,上海,证券,20090818,H,刘秋明,刘秋明,461078.7639,19960423.0,上海,上海市,7763.0,www.ebscn.com,"证券经纪业务,投资银行业务,证券投资业务及资产管理业务",False,J67资本市场服务,证监会行业分类
601789,宁波建工,601789.SH,SSE,主板,浙江,建筑工程,20110816,H,卢照辉,张旭东,152439.1877,20041220.0,浙江,宁波市,5207.0,www.jiangong.com.cn,"主营业务为本公司以建筑施工和建筑装饰装潢为核心,形成了涵盖建筑科研,设计,施工,安装,装饰装潢,钢结构,商品混凝土,预制构件等相对完整而紧凑的产业链.主要产品为房屋建筑工程.",False,E48土木工程建筑业,证监会行业分类
601798,蓝科高新,601798.SH,SSE,主板,甘肃,化工机械,20110622,N,王健,,35452.8198,20010430.0,甘肃,兰州市,1013.0,www.lanpec.com,"公司主要从事石油,石化专用设备的研发,设计,生产,安装,技术服务以及石油,石化设备的质量性能检验检测服务等.公司主营产品及服务包括三大系列,即热交换技术设备,石油石化其他专用设备,检验检测服务.",False,C35专用设备制造业,证监会行业分类
601799,星宇股份,601799.SH,SSE,主板,江苏,汽车配件,20110201,H,周晓萍,周晓萍,28567.9419,20000518.0,江苏,常州市,7532.0,www.xyl.cn,"主营业务为汽车(主要是乘用车)灯具的研发,设计,制造和销售.主要产品包括:汽车前照灯,后组合灯,雾灯及其他汽车灯具等.",False,C36汽车制造业,证监会行业分类
601800,中国交建,601800.SH,SSE,主板,北京,建筑工程,20120309,H,宋海良,张炳南,1627464.4225,20061008.0,北京,北京市,133906.0,www.ccccltd.cn,"主营业务涉及基建设计,基建建设,疏浚和装备制造四大板块,本公司在所从事的各业务板块中均处于行业领导者的地位,因此无论从单项业务的市场竞争力还是从综合实力来看,本公司均为全球领先企业.",False,E48土木工程建筑业,证监会行业分类
601801,皖新传媒,601801.SH,SSE,主板,安徽,出版业,20100118,H,张克文,,195793.1237,19900329.0,安徽,合肥市,6163.0,www.wxm.com,"主营业务:图书,报纸,期刊,电子出版物总发行,安徽省内中小学教科书发行及音像制品批发零售等.",False,R86新闻和出版业,证监会行业分类
601808,中海油服,601808.SH,SSE,主板,天津,石油开采,20070928,H,赵顺强,,477159.2,20011225.0,天津,天津市,15533.0,www.cosl.com.cn,"主营业务:涉及石油及天然气勘探,开发及生产的各个阶段,主要分为钻井服务,油田技术服务,船舶服务,物探勘察服务四大板块.",False,B11开采专业及辅助性活动,证监会行业分类
601811,新华文轩,601811.SH,SSE,主板,四川,出版业,20160808,H,周青,李昆,123384.1,20050611.0,四川,成都市,7354.0,www.winshare.com.cn,"主要业务:出版业务,阅读服务业务和教育服务业务,销售的商品包括自有出版物和外采商品.",False,R86新闻和出版业,证监会行业分类
601816,京沪高铁,601816.SH,SSE,主板,北京,铁路,20200116,H,刘洪润,李敬伟,4892567.937,20080109.0,北京,北京市,86.0,www.cr-jh.cn,"主营业务为高铁旅客运输,具体主要包括:(1)为乘坐担当列车的旅客提供高铁运输服务并收取票价款;(2)其他铁路运输企业担当的列车在京沪高速铁路上运行时,向其提供线路使用,接触网使用等服务并收取相应费用等.",False,G53铁路运输业,证监会行业分类
601818,光大银行,601818.SH,SSE,主板,北京,银行,20100818,H,吴利军,郝成,5908555.1061,19920618.0,北京,北京市,48483.0,www.cebbank.com,"主营业务为商业银行业务.主要产品为公司贷款产品,票据贴现,公司存款产品,中间业务产品与服务,借记卡,信用卡,个人存款等.",False,J66货币金融服务,证监会行业分类
601825,沪农商行,601825.SH,SSE,主板,上海,银行,20210819,H,徐力,汪明,964444.4445,20050823.0,上海,上海市,11598.0,www.shrcb.com,"主营业务为银行和相关金融业务,包括公司银行,个人银行,资金业务和其他类别业务.公司银行业务主要包括对公贷款,票据,贸易融资,对公存款和汇款.个人银行业务主要包括零售贷款,零售存款,信用卡和汇款.资金业务主要包括货币市场资金拆借和买入,投资类证券以及根据卖出回购协议售出证券.“其他”业务主要包括不能分类为上述业务分部的其他项目.",False,J66货币金融服务,证监会行业分类
601827,三峰环境,601827.SH,SSE,主板,重庆,环境保护,20200605,H,廖高尚,司景忠,167193.33,20091204.0,重庆,重庆市,3047.0,www.cseg.cn,"公司主营业务包括垃圾焚烧发电项目投资运营,EPC建造以及垃圾焚烧发电核心设备研发制造等.",False,N77生态保护和环境治理业,证监会行业分类
601828,美凯龙,601828.SH,SSE,主板,上海,其他商业,20180117,H,李玉鹏,施姚峰,435473.2673,20070618.0,上海,上海市,9012.0,www.chinaredstar.com,"主营业务是家居装饰及家具商场的经营,管理和专业咨询服务.",False,L72商务服务业,证监会行业分类
601838,成都银行,601838.SH,SSE,主板,四川,银行,20180131,H,黄建军,徐登义,423843.5356,19970508.0,四川,成都市,7747.0,www.bocd.com.cn,"本行的主要业务包括公司银行业务,个人银行业务,资金业务等.",False,J66货币金融服务,证监会行业分类
601857,中国石油,601857.SH,SSE,主板,北京,石油开采,20071105,H,戴厚良,任立新,18302097.7818,19991105.0,北京,北京市,367173.0,www.petrochina.com.cn,"主营业务:原油和天然气的勘探,开发,生产和销售;原油和石油产品的炼制,运输,储存和销售;基本石油化工产品,衍生化工产品及其他化工产品的生产和销售;天然气,原油和成品油的输送及天然气的销售.",False,B07石油和天然气开采业,证监会行业分类
601858,中国科传,601858.SH,SSE,主板,北京,出版业,20170118,H,胡华强,胡华强,79050.0,19990415.0,北京,北京市,1406.0,www.sciencep.com,"主要业务:图书出版业务,期刊业务,出版物进出口业务和知识服务业务等.",False,R86新闻和出版业,证监会行业分类
601860,紫金银行,601860.SH,SSE,主板,江苏,银行,20190103,H,邵辉,阙正和,366100.56,20110325.0,江苏,南京市,2451.0,www.zjrcbank.com,"本行为企业,事业单位和政府机构等客户提供广泛的公司银行产品和服务,主要业务包括公司金融业务,个人金融业务,资金业务及其他",False,J66货币金融服务,证监会行业分类
601865,福莱特,601865.SH,SSE,主板,浙江,玻璃,20190215,H,阮洪良,阮泽云,58572.0082,19980624.0,浙江,嘉兴市,7366.0,www.flatgroup.com.cn,"主营业务为光伏玻璃,浮法玻璃,工程玻璃和家居玻璃的研发,生产和销售,以及玻璃用石英矿的开采和销售和EPC光伏电站工程建设,其中,光伏玻璃是公司最主要的产品.",False,C30非金属矿物制品业,证监会行业分类
601866,中远海发,601866.SH,SSE,主板,上海,水运,20071212,H,张铭文,王坤辉,1319765.582,20040303.0,上海,上海市,16581.0,development.coscoshipping.com,"主要业务:以船舶租赁,集装箱租赁和其他产业租赁等租赁业务为核心,以航运金融为特色的综合性金融服务平台.",False,G55水上运输业,证监会行业分类
601868,中国能建,601868.SH,SSE,主板,北京,建筑工程,20210928,H,倪真,,4424018.3243,20141219.0,北京,北京市,116055.0,www.ceec.net.cn,"主营业务涵盖勘测设计及咨询,工程建设,工业制造,清洁能源及环保水务,投资及其他业务等,具有集规划咨询,评估评审,勘察设计,工程建设及管理,运行维护和投资运营,技术服务,装备制造,建筑材料为一体的完整产业链.",False,E48土木工程建筑业,证监会行业分类
601869,长飞光纤,601869.SH,SSE,主板,湖北,通信设备,20180720,H,马杰,庄丹,82790.5108,19880531.0,湖北,武汉市,10596.0,www.yofc.com,"长飞光纤一直专注于光纤光缆行业,致力于光纤预制棒,光纤和光缆等相关产品的研发创新与生产制造,是全球最大的光纤预制棒,光纤和光缆的供应商.公司主要从事研究,开发,生产和销售光纤预制棒,光纤,光缆,通信线缆,特种线缆及器件,附件,组件和材料,专用设备以及通信产品的制造,以及提供上述产品的工程及技术服务业务.",False,C39计算机、通信和其他电子设备制造业,证监会行业分类
601872,招商轮船,601872.SH,SSE,主板,上海,水运,20061201,H,冯波鸣,王永新,807453.8502,20041231.0,上海,上海市,5513.0,www.cmenergyshipping.com,"主要业务:国际原油运输,国际干散货运输业务,并通过持股50%的CLNG公司投资经营国际LNG运输业务.",False,G55水上运输业,证监会行业分类
601877,正泰电器,601877.SH,SSE,主板,浙江,电气设备,20100121,H,南存辉,陈国良,214896.8976,19970805.0,浙江,温州市,35476.0,www.chint.net,"主营业务:低压电器研发,制造,销售.主要产品有配电电器,终端电器,控制电器,电源电器,电子电器等低压电器.",False,C38电气机械和器材制造业,证监会行业分类
601878,浙商证券,601878.SH,SSE,主板,浙江,证券,20170626,H,钱文海,程景东,457379.6639,20020509.0,浙江,杭州市,5302.0,www.stocke.com.cn,"主要业务包括经纪业务,投资银行业务,资产管理业务,期货业务和融资融券业务等.",False,J67资本市场服务,证监会行业分类
601880,辽港股份,601880.SH,SSE,主板,辽宁,港口,20101206,H,李国锋,魏明晖,2357176.7213,20051116.0,辽宁,大连市,10561.0,www.liaoganggf.cn,"主要业务:油品/液体化工品码头及相关物流业务(油品部分);集装箱码头及相关物流业务(集装箱部分);汽车码头及相关物流,贸易业务(汽车码头部分);矿石码头及相关物流业务(矿石部分);杂货码头及相关物流,贸易业务(杂货部分);散粮码头及相关物流,贸易业务(散粮部分);客运滚装码头及相关物流业务(客运滚装部分)及港口增值与支持业务(增值服务部分).",False,G55水上运输业,证监会行业分类
601881,中国银河,601881.SH,SSE,主板,北京,证券,20170123,H,王晟,薛军,1093440.2256,20070126.0,北京,北京市,14259.0,www.chinastock.com.cn,"本公司是我国证券行业领先的综合性金融服务提供商,专注于为客户提供经纪,销售和交易,投资银行和投资管理等综合性证券服务.本公司向金融机构,非金融机构,政府机构和个人客户提供多种金融产品和服务.",False,J67资本市场服务,证监会行业分类
601882,海天精工,601882.SH,SSE,主板,浙江,机床制造,20161107,H,张剑鸣,周益荣,52200.0,20020410.0,浙江,宁波市,2435.0,www.haitianprecision.com,"主营业务:高端数控机床的研发,生产和销售,主要产品:数控龙门加工中心,数控卧式加工中心,数控卧式车床(车铣中心),数控落地镗铣加工中心,数控立式车床(车铣磨中心).",False,C34通用设备制造业,证监会行业分类
601886,江河集团,601886.SH,SSE,主板,北京,装修装饰,20110818,H,刘载望,许兴利,113300.206,19990204.0,北京,北京市,10262.0,www.jangho.com,"公司主营业务是主要从事建筑幕墙系统的研发设计,生产制造,工程施工和技术服务.主要产品为幕墙系统相关产品,包括建筑幕墙及附属建筑门窗,金属屋面(包括玻璃采光顶),建筑遮阳和幕墙钢结构.",False,E50建筑装饰、装修和其他建筑业,证监会行业分类
601888,中国中免,601888.SH,SSE,主板,北京,旅游服务,20091015,H,范云军,常筑军,207779.6644,20080328.0,北京,北京市,14485.0,www.ctgdutyfree.com.cn,旅行社业务和免税业务.,False,L72商务服务业,证监会行业分类
601890,亚星锚链,601890.SH,SSE,主板,江苏,船舶,20101228,H,陶兴,陶良凤,95940.0,20000316.0,江苏,泰州市,1635.0,www.asac.cn,"主营业务:本公司是世界上最大的锚链和系泊链供应商,在锚链和系泊链制造方面拥有许多的科研成果和自主核心技术,生产的各种规格锚链,系泊链及其附件,为世界各地的船舶和海洋工程设施配套;主营业务包括船用锚链,海洋工程系泊链两个业务板块.主要产品有船用锚链和海洋平台系泊链,船用锚链和系泊链分别是维系船舶和海洋工程设施安全的重要装置,是海上系泊定位系统的关键组成部分.",False,C37铁路、船舶、航空航天和其他运输设备制造业,证监会行业分类
601898,中煤能源,601898.SH,SSE,主板,北京,煤炭开采,20080201,H,王树东,高士岗,1325866.34,20060822.0,北京,北京市,46585.0,www.chinacoalenergy.com,"从事的主营业务包括煤炭的生产销售及贸易,焦炭等煤化工产品的生产销售,煤矿装备制造以及煤矿设计等其他业务.主要产品包括煤炭,焦炭和煤矿装备.一般经营项目:煤炭,铁路,港口,新能源项目的投资与管理;煤化工,煤焦化,煤层气,电力生产,电解铝生产和铝材加工的投资与管理;煤矿机械设备研发,制造与销售;工程设计,勘察,建设施工,招投标代理,咨询服务等;进出口业务;房地产开发经营与物业管理;焦炭制品的销售.",False,B06煤炭开采和洗选业,证监会行业分类
601899,紫金矿业,601899.SH,SSE,主板,福建,铜,20080425,H,邹来昌,林泓富,265907.1462,20000906.0,福建,龙岩市,66708.0,www.zjky.cn;www.zijinmining.com,"以黄金为主导产业的矿产资源的勘探,采矿,选矿,冶炼及矿产品销售.",False,B09有色金属矿采选业,证监会行业分类
601900,南方传媒,601900.SH,SSE,主板,广东,出版业,20160215,H,谭君铁,,88197.0094,20091228.0,广东,广州市,7242.0,www.nfcb.com.cn,"主营业务:图书出版,图书发行,印刷和物资供应,报刊和新媒体;产品和服务主要为图书,报刊,电子出版物,音像制品,数字出版,发行,印务等.",False,R86新闻和出版业,证监会行业分类
601901,方正证券,601901.SH,SSE,主板,湖南,证券,20110810,H,施华,姜志军,823210.1395,19941026.0,湖南,长沙市,7403.0,www.foundersc.com,"主要业务为证券经纪;证券投资咨询;与证券交易,证券投资活动有关的财务顾问;证券自营;证券资产管理;证券投资基金代销;融资融券业务;为方正期货有限公司提供中间介绍业务.",False,J67资本市场服务,证监会行业分类
601908,京运通,601908.SH,SSE,主板,北京,电气设备,20110908,H,冯焕培,冯焕培,241460.2861,20020808.0,北京,北京市,2288.0,www.jingyuntong.com,"主营业务为光伏设备制造业务与晶体硅生长和晶片业务.主要产品包括单晶硅生长炉和多晶硅铸锭炉;晶体硅生长和晶片业务的主要产品包括硅棒,硅锭和硅片.",False,C38电气机械和器材制造业,证监会行业分类
601916,浙商银行,601916.SH,SSE,主板,浙江,银行,20191126,H,陈海强,吕临华,2746463.5963,19930416.0,浙江,杭州市,25016.0,www.czbank.com,"主要业务包括公司银行业务,零售银行业务(小企业银行),投资银行业务和资金业务等.",False,J66货币金融服务,证监会行业分类
601918,新集能源,601918.SH,SSE,主板,安徽,煤炭开采,20071219,H,刘峰,孙凯,259054.18,19971201.0,安徽,淮南市,14709.0,xinji.chinacoal.com,"主要产品为动力煤.主营业务:煤炭采掘,洗选和销售.",False,B06煤炭开采和洗选业,证监会行业分类
601919,中远海控,601919.SH,SSE,主板,天津,水运,20070626,H,万敏,陶卫东,1531268.7586,20070105.0,天津,天津市,32768.0,hold.coscoshipping.com,"主营业务:国际,国内海上集装箱运输服务及相关业务.",False,G55水上运输业,证监会行业分类
601921,浙版传媒,601921.SH,SSE,主板,浙江,出版业,20210723,H,程为民,张建江,222222.2223,20160525.0,浙江,杭州市,6282.0,www.zjcbcm.com,"公司以图书,期刊,音像制品,电子出版物等出版物的出版,发行和印刷为主业",False,R86新闻和出版业,证监会行业分类
601928,凤凰传媒,601928.SH,SSE,主板,江苏,出版业,20111130,H,章朝阳,宋吉述,254490.0,19850205.0,江苏,南京市,6351.0,www.ppm.cn,"主要业务:图书,报刊,电子出版物,音像制品的编辑出版,发行,公司教育出版,一般图书出版,图书发行等主要业务板块.",False,R86新闻和出版业,证监会行业分类
601929,吉视传媒,601929.SH,SSE,主板,吉林,影视音像,20120223,H,由志强,麻卫东,348978.8168,20010509.0,吉林,长春市,5756.0,www.jishimedia.com,"主要业务:主要依托数字电视智能光网的规划建设与运行管理,交互式现代多媒体综合信息服务平台的支撑,从事广播电视节目内容的接收,转发和传输等基本业务;依托IP数据网,VOD交换网和DCN网三大承载网络,开展各类宽带互联网等双向数据增值业务服务.",False,I63电信、广播电视和卫星传输服务,证监会行业分类
601933,永辉超市,601933.SH,SSE,主板,福建,超市连锁,20101215,H,张轩松,王守诚,907503.6993,20010413.0,福建,福州市,79224.0,www.yonghui.com.cn,"主营业务是超市的连锁经营,是以经营生鲜为特色,以大卖场,卖场及社区超市为核心业态,以便利店的特许加盟为补充,以食品加工和现代农业相结合的连锁超市业务.",False,F52零售业,证监会行业分类
601939,建设银行,601939.SH,SSE,主板,北京,银行,20070925,H,张金良,张毅,26160038.1459,20040917.0,北京,北京市,378344.0,www.ccb.com;www.ccb.cn,主营业务:中长期贷款及短期贷款.,False,J66货币金融服务,证监会行业分类
601949,中国出版,601949.SH,SSE,主板,北京,出版业,20170821,H,黄志坚,臧永清,190396.8054,20111219.0,北京,北京市,3661.0,www.cnpubc.com,"主营业务:图书,报纸,期刊等出版物出版为主业.",False,R86新闻和出版业,证监会行业分类
601952,苏垦农发,601952.SH,SSE,主板,江苏,种植业,20170515,H,邓国新,,137800.0,19920506.0,江苏,南京市,8250.0,www.skiad.com.cn,"主营业务为稻麦种植,种子生产,大米加工及其产品销售.苏垦农发的主要产品包括大米,种子,小麦,大麦以及稻谷等农产品,同时还从事部分土地发包业务和农资贸易业务.",False,C13农副食品加工业,证监会行业分类
601956,东贝集团,601956.SH,SSE,主板,湖北,家用电器,20201225,N,姜敏,朱宇杉,62161.659,20020118.0,湖北,黄石市,7578.0,www.donper.com,"研发,生产制冷压缩机,商用制冷器具",False,C34通用设备制造业,证监会行业分类
601958,金钼股份,601958.SH,SSE,主板,陕西,小金属,20080417,H,严平,段志毅,322660.44,20070516.0,陕西,西安市,5062.0,www.jdcmoly.com,"主要从事钼系列产品生产,加工,贸易,科研等业务,拥有钼采矿,选矿,焙烧,钼化工和钼金属加工上下游一体化的完整产业链条,且从事钼炉料,钼化工,钼金属产品的生产和销售,以及非钼业务,探矿业务,后勤服务业务和对外投资业务.",False,B09有色金属矿采选业,证监会行业分类
601963,重庆银行,601963.SH,SSE,主板,重庆,银行,20210205,H,杨秀明,高嵩,362574.985,19960902.0,重庆,重庆市,5454.0,www.cqcbank.com,"主要业务分为以下四大类:1,资产业务主要包括流动资金贷款,固定资产贷款,票据贴现,园区土地按揭贷款,园区厂房按揭贷款,中小型企业“易捷贷”信贷业务,商会联保贷款,有追索权国内保理业务,个人住房按揭贷款,个人二手房按揭贷款,个人直客式住房按揭贷款,个人房屋转(加)按揭贷款,个人商业用房按揭贷款,个人汽车消费贷款,长江卡循环贷款,个人综合消费贷款,个人创业贷款,个体工商户贷款等业务.2,负债业务主要包括公司存款,个人储蓄存款,教育储蓄,个人通知存款等业务.3,中间业务主要包括本行通过为客户办理支付结算和其他委托事项,从中收取手续费的各项业务.4,表外业务主要指本行所从事的不纳入表内核算的或有业务,主要包括银行承兑汇票承兑业务,保函和信用证等业务.",False,J66货币金融服务,证监会行业分类
601965,中国汽研,601965.SH,SSE,主板,重庆,汽车服务,20120611,H,周玉林,刘安民,100305.4887,20010111.0,重庆,重庆市,3415.0,www.caeri.com.cn,"主要产品:包括技术服务业务和产业化制造业务两大部分,其中,技术服务业务包括汽车研发及咨询和汽车测试与评价两部分,产业化制造业务包括专用汽车,轨道交通关键零部件,汽车燃气系统及其关键零部件三部分.",False,M74专业技术服务业,证监会行业分类
601966,玲珑轮胎,601966.SH,SSE,主板,山东,汽车配件,20160706,H,王锋,周令坤,146350.2683,19940606.0,山东,烟台市,17783.0,www.linglong.cn,"公司主营业务:为汽车轮胎设计,开发,制造和销售.主要产品:为全钢子午线轮胎,半钢子午线轮胎及特种轮胎等3,000多个规格品种,广泛应用于乘用车,商用车,工程机械等.",False,C29橡胶和塑料制品业,证监会行业分类
601968,宝钢包装,601968.SH,SSE,主板,上海,广告包装,20150611,H,吴健鹏,朱未来,127577.946,20040326.0,上海,上海市,1331.0,www.baosteelpackaging.com,"主营业务:公司主要致力于高端金属包装产品的研制,生产与销售.主要产品:经过多年的发展,公司形成并发展了金属二片饮料罐,印铁以及易拉盖等业务和产品.",False,C33金属制品业,证监会行业分类
601969,海南矿业,601969.SH,SSE,主板,海南,普钢,20141209,H,滕磊,滕磊,199193.1751,20070822.0,海南,昌江黎族自治县,2624.0,www.hnmining.com,"本公司主营业务为铁矿石采,选和销售,主要产品为铁矿石产品,具体包括:块矿,粉矿和铁精粉.",False,B08黑色金属矿采选业,证监会行业分类
601975,招商南油,601975.SH,SSE,主板,江苏,水运,20190108,H,戴荣辉,戴荣辉,468034.4678,19930908.0,江苏,南京市,3151.0,www.njtc.com.cn,"主营业务:海上原油,成品油,化工品,乙烯和液化气运输.",False,G55水上运输业,证监会行业分类
601985,中国核电,601985.SH,SSE,主板,北京,新型电力,20150610,H,卢铁忠,邹正宇,2056800.2074,20080121.0,北京,北京市,20355.0,www.cnnp.com.cn,"主营业务;核电项目的开发,投资,建设,运营与管理,核电运行安全技术研究及相关技术服务与咨询业务.主要产品:是电力.",False,D44电力、热力生产和供应业,证监会行业分类
601988,中国银行,601988.SH,SSE,主板,北京,银行,20060705,H,葛海蛟,张辉,32221241.1814,19831031.0,北京,北京市,313746.0,www.boc.cn;www.bankofchina.com,"主营业务:商业银行业务,投资银行业务及保险业务",False,J66货币金融服务,证监会行业分类
601990,南京证券,601990.SH,SSE,主板,江苏,证券,20180613,H,夏宏建,夏宏建,439962.7795,19901123.0,江苏,南京市,2284.0,www.njzq.com.cn,"主营业务:证券经纪,证券自营,资产管理,投资银行,信用交易等业务.",False,J67资本市场服务,证监会行业分类
601991,大唐发电,601991.SH,SSE,主板,北京,火力发电,20061220,H,李霄飞,,1850671.0504,19941213.0,北京,北京市,27149.0,www.dtpower.com,主营业务:电力和热力的生产,False,D44电力、热力生产和供应业,证监会行业分类
601992,金隅集团,601992.SH,SSE,主板,北京,水泥,20110301,H,姜英武,顾昱,1067777.1134,20051222.0,北京,北京市,42792.0,www.bbmg.com.cn,"主营业务包括水泥,新型建筑材料,房地产开发和物业投资及管理.",False,C30非金属矿物制品业,证监会行业分类
601995,中金公司,601995.SH,SSE,主板,北京,证券,20201102,H,陈亮,王曙光,482725.6868,19950731.0,北京,北京市,14218.0,www.cicc.com,"主要业务包括投资银行业务,销售交易业务,自营投资业务,财富管理业务,资产管理业务,直接投资业务,研究平台,国际业务等.",False,J67资本市场服务,证监会行业分类
601996,丰林集团,601996.SH,SSE,主板,广西,家居用品,20110929,N,SAMUEL NIAN LIU,王高峰,112091.4416,20000808.0,广西,南宁市,1143.0,www.fenglingroup.com,"主营业务为中(高)密度纤维板,胶合板的生产销售以及营林造林业务.目前的主要产品是中(高)密度纤维板.",False,C20木材加工和木、竹、藤、棕、草制品业,证监会行业分类
601997,贵阳银行,601997.SH,SSE,主板,贵州,银行,20160816,H,张正海,盛军,365619.8076,19970409.0,贵州,贵阳市,6455.0,www.bankgy.cn,"本行的主要业务包括公司金融业务,个人金融业务,资金业务及其他.主要产品有公司类贷款,票据贴现,公司存款,中间业务产品与服务.",False,J66货币金融服务,证监会行业分类
601998,中信银行,601998.SH,SSE,主板,北京,银行,20070427,H,方合英,方合英,5564516.2264,19870420.0,北京,北京市,67674.0,www.citicbank.com,"主营业务:公司银行业务,零售银行业务及资金资本市场业务",False,J66货币金融服务,证监会行业分类
601999,出版传媒,601999.SH,SSE,主板,辽宁,出版业,20071221,N,陈闯,费宏伟,55091.47,20060829.0,辽宁,沈阳市,1883.0,www.nupmg.com,"主要业务:图书,期刊,电子音像出版物的出版,发行,印刷以及印刷物资供应业务.",False,R86新闻和出版业,证监会行业分类
603000,人民网,603000.SH,SSE,主板,北京,互联网,20120427,H,范正伟,范正伟,110569.1056,20050206.0,北京,北京市,3082.0,www.people.cn,"经营“人民网”和“环球网”两个主要网络平台,从事互联网广告业务,信息服务业务,移动增值业务和其他技术服务.公司主要产品包括通过网站出售广告位置,建设形象和产品展示平台;原创信息销售,政府信息服务,舆情研究咨询等;短信,彩信,手机报,手机视频等;提供服务器托管,宽带接入等ISP服务.",False,I64互联网和相关服务,证监会行业分类
603001,奥康国际,603001.SH,SSE,主板,浙江,服饰,20120426,N,王振滔,王振滔,40098.0,20011112.0,浙江,温州市,6221.0,www.aokang.com,"主营业务为主要从事皮鞋及皮具产品的研发,生产,分销及零售业务.产品种类主要有商务正装鞋,休闲鞋等皮鞋以及皮箱和皮夹等皮具.",False,C19皮革、毛皮、羽毛及其制品和制鞋业,证监会行业分类
603002,宏昌电子,603002.SH,SSE,主板,广东,化工原料,20120518,H,林瑞荣,江胜宗,113407.8509,19950928.0,广东,广州市,642.0,www.graceepoxy.com,"公司的主营业务为电子级环氧树脂的生产和销售.主要产品包括高性能,环保型的电子级环氧树脂.主要分为液态型,固态型,溶剂型及阻燃型环氧树脂.",False,C39计算机、通信和其他电子设备制造业,证监会行业分类
603004,鼎龙科技,603004.SH,SSE,主板,浙江,化工原料,20231227,H,史元晓,史元晓,23552.0,20070511.0,浙江,杭州市,763.0,www.dragon-chem.com,"主要产品按下游应用领域可分为染发剂原料,植保材料,特种工程材料单体等.主营业务为精细化工产品的研发,生产和销售.",False,C26化学原料和化学制品制造业,证监会行业分类
603005,晶方科技,603005.SH,SSE,主板,江苏,半导体,20140210,H,王蔚,王蔚,65217.1706,20050610.0,江苏,苏州市,1088.0,www.wlcsp.com,"公司主营业务为集成电路的封装测试业务,主要为影像传感芯片,环境光感应芯片,微机电系统(MEMS),发光电子器件(LED)等提供晶圆级芯片尺寸封装(WLCSP)及测试服务.公司目前封装产品主要有影像传感芯片,环境光感应芯片,医疗电子器件,微机电系统(MEMS),射频识别芯片(RFID)等,该些产品被广泛应用在消费电子(手机,电脑,照相机等),医学电子,电子标签身份识别,安防设备等诸多领域.",False,C39计算机、通信和其他电子设备制造业,证监会行业分类
603006,联明股份,603006.SH,SSE,主板,上海,汽车配件,20140630,N,徐涛明,林晓峰,25425.425,20030130.0,上海,上海市,1484.0,www.shanghailmjx.com,"主营业务为汽车冲压及焊接总成零部件的开发,生产与销售.主要产品为汽车车身零部件.",False,C36汽车制造业,证监会行业分类
603007,顺景科技,603007.SH,SSE,主板,江苏,建筑工程,20160826,N,余雅俊,刘建哲,88464.6101,20030415.0,江苏,镇江市,541.0,www.syngen-tech.com,"主要从事市政园林景观,旅游景观,道路绿化和地产景观等领域的园林绿化工程施工和设计业务,同时少量兼营花卉苗木的种植业务.主要产品:园林绿化工程业务,苗木花卉种植业务.",False,E48土木工程建筑业,证监会行业分类
603008,ST喜临门,603008.SH,SSE,主板,浙江,家居用品,20120717,N,陈阿裕,陈一铖,36829.2435,19961106.0,浙江,绍兴市,10152.0,www.sleemon.cn,"公司主营业务包括民用家具业务和酒店家具业务两大类.民用家具业务主要是销售以床垫,软床为主的中高档卧室家具,酒店家具业务主要是向星级酒店或大型公建项目提供室内家具及装修配套的木制品.公司专注于床垫,软床及其他家具产品的设计研发,生产和销售,旗下有“喜临门”,“法诗曼”和“SLEEMON”三大品牌.",True,C21家具制造业,证监会行业分类
603009,北特科技,603009.SH,SSE,主板,上海,汽车配件,20140718,H,靳坤,靳晓堂,34638.9815,20020621.0,上海,上海市,1234.0,www.beite.net.cn,"公司主营业务是汽车转向器零部件与减震器零部件的研发,生产与销售.转向器是汽车转向系统的重要组成部分,减震器属于汽车行驶系统的悬挂系统,核心产品转向器齿条和减震器活塞杆均为汽车重要的保安杆件.",False,C36汽车制造业,证监会行业分类
603010,万盛股份,603010.SH,SSE,主板,浙江,化工原料,20141010,H,操宇,操宇,58503.0293,20000717.0,浙江,台州市,2074.0,www.ws-chem.com,"主要从事有机磷系阻燃剂以及其他橡塑助剂的研发,生产和销售.有机磷系阻燃剂是公司的主要产品,包括应用于聚氨酯材料领域和工程塑料领域的阻燃剂.另外,公司还生产另一类产品聚合物多元醇,该产品主要应用于聚氨酯软泡的合成.",False,C26化学原料和化学制品制造业,证监会行业分类
603011,合锻智能,603011.SH,SSE,主板,安徽,专用机械,20141107,H,王磊,王磊,49441.4437,19970907.0,安徽,合肥市,2174.0,www.hfpress.com,"主要从事锻压设备的研发,生产和销售.公司主要产品为各类专用,通用液压机和机械压力机,广泛应用于汽车,船舶,航空航天,轨道交通,能源,石油化工,家电,军工,新材料应用等行业和领域.",False,C34通用设备制造业,证监会行业分类
603012,创力集团,603012.SH,SSE,主板,上海,专用机械,20150320,N,石良希,张世洪,64650.0,20030927.0,上海,上海市,1755.0,www.shclkj.com,"主营业务为煤炭综合采掘机械设备,煤矿自动化控制系统及矿用电气设备的设计,研发,制造,销售以及技术服务,并为客户提供煤矿综采,综掘工作面成套设备的选型和方案设计.主要产品包括系列滚筒式采煤机,系列悬臂式掘进机及相关零配件.",False,C35专用设备制造业,证监会行业分类
603013,XD亚普股,603013.SH,SSE,主板,江苏,汽车配件,20180509,H,丁后稳,赵政,50821.9564,19930704.0,江苏,扬州市,4902.0,www.yapp.com,"主要产品:产品主要是乘用车用塑料燃油箱及加油管(注油管).主营业务:本公司是专业从事(主要是乘用车)汽车燃油系统的开发,制造和销售的汽车零部件企业,",False,C36汽车制造业,证监会行业分类
603014,威高血净,603014.SH,SSE,主板,山东,医疗保健,20250519,N,宋修山,张存明,41775.4066,20041227.0,山东,威海市,3734.0,www.wego-healthcare.com,"专注于血液净化医用制品的研发,生产和销售,主要产品包括血液透析器,血液透析管路,血液透析机以及腹膜透析液.",False,C35专用设备制造业,证监会行业分类
603015,弘讯科技,603015.SH,SSE,主板,浙江,电气设备,20150303,H,熊钰麟,熊明慧,40421.9,20010905.0,浙江,宁波市,761.0,www.techmation.com.cn,"公司主营业务为塑料机械自动化产品的研发,生产和销售.产品主要有塑机控制系统,伺服节能系统及相关嵌入式软件和塑机网络管理系统.",False,C40仪器仪表制造业,证监会行业分类
603016,新宏泰,603016.SH,SSE,主板,江苏,电气设备,20160701,N,丁奎,赵敏海,14816.0,20081103.0,江苏,无锡市,1084.0,www.newhongtai.com,"主营业务:断路器关键部件,低压断路器及刀熔开关的研发,生产与销售.主要产品:断路器配套用BMC/SMC模塑绝缘制品,电机及电操,低压断路器,刀熔开关.",False,C38电气机械和器材制造业,证监会行业分类
603017,中衡设计,603017.SH,SSE,主板,江苏,建筑工程,20141231,N,张谨,路江龙,27619.0293,19950414.0,江苏,苏州市,2438.0,www.artsgroup.cn,"主营业务:主要从事建筑专业领域的工程设计,工程总承包,工程监理及项目管理业务",False,M74专业技术服务业,证监会行业分类
603018,华设集团,603018.SH,SSE,主板,江苏,建筑工程,20141013,H,杨卫东,姚宇,68379.6403,20050812.0,江苏,南京市,5428.0,www.cdg.com.cn,"勘察设计,规划研究,试验检测,工程管理等工程咨询服务.核心业务是交通领域建设工程勘察设计咨询业务.",False,M74专业技术服务业,证监会行业分类
603019,中科曙光,603019.SH,SSE,主板,天津,IT设备,20141106,H,历军,历军,146311.5784,20060307.0,天津,天津市,5991.0,www.sugon.com,"主营业务;主要从事研究,开发,生产制造高性能计算机,通用服务器及存储产品,并围绕高端计算机提供软件开发,系统集成与技术服务.",False,C39计算机、通信和其他电子设备制造业,证监会行业分类
603020,爱普股份,603020.SH,SSE,主板,上海,食品,20150325,N,魏中浩,魏中浩,38323.7774,19950628.0,上海,上海市,927.0,www.cnaff.com,"公司主营业务为香料,香精的研发,生产和销售以及食品配料经营.主要产品包括香料(含合成香料和天然香料),香精(含食用香精,日化香精和烟草香精),同时经销国际知名品牌的黄油,奶酪,巧克力,可可等食品配料,向下游客户提供“食用香精+食品配料”的一站式解决方案.",False,C14食品制造业,证监会行业分类
603021,*ST华鹏,603021.SH,SSE,主板,山东,家居用品,20150423,N,刘东广,刘东广,31994.807,20011229.0,山东,威海市,603.0,www.huapengglass.com,"主营业务为研发,生产和销售多个品种系列的玻璃瓶罐和玻璃器皿.公司主要产品分为玻璃瓶罐和玻璃器皿两大类.",True,C30非金属矿物制品业,证监会行业分类
603022,新通联,603022.SH,SSE,主板,上海,广告包装,20150518,N,曹文洁,顾云锋,20000.0,19990727.0,上海,上海市,1182.0,www.xtlpacking.com,"纸包装与竹木包装产品的生产与销售,主要产品与服务包括:纸包装产品与竹木包装产品的研发,生产与销售;客户包装方案设计与优化,包装产品测试,第三方采购,包装产品及物流配送,供应商库存管理及客户现场辅助包装作业等增值服务.",False,C20木材加工和木、竹、藤、棕、草制品业,证监会行业分类
603023,威帝股份,603023.SH,SSE,主板,黑龙江,汽车配件,20150527,N,张何欢,宋宝森,55811.7407,20000728.0,黑龙江,哈尔滨市,246.0,www.viti.net.cn,"公司是国内领先的客车车身电子控制产品提供商,自成立以来一直致力于汽车电子产品的研发,设计,制造与销售,公司主营产品包括CAN总线控制系统,总线控制单元,ECU控制单元,组合仪表,传感器等系列产品.",False,C39计算机、通信和其他电子设备制造业,证监会行业分类
603025,大豪科技,603025.SH,SSE,主板,北京,纺织机械,20150422,H,胡雄光,茹水强,111665.4773,20000925.0,北京,北京市,1720.0,www.dahaobj.com,"主营业务为各类缝制及针织设备电脑控制系统研发,生产和销售.本公司生产的电脑控制系统是缝制及针织设备的核心零部件,主要涉及刺绣机电脑控制系统,特种工业缝纫机电脑控制系统和针织横机电脑控制系统三大领域.",False,C39计算机、通信和其他电子设备制造业,证监会行业分类
603026,XD石大胜,603026.SH,SSE,主板,山东,化工原料,20150529,H,郭天明,于海明,23270.1014,20021231.0,山东,东营市,1992.0,www.sinodmc.com,"主要产品:公司自成立以来,始终专注于对基本有机化工产品的深加工,围绕碳酸酯类产品打造一体化完整的产业链,形成了以碳酸二甲酯系列产品为核心,以MTBE,混合芳烃,液化气为主要产品,燃料油,环氧丙烷等产品为辅的格局.",False,C26化学原料和化学制品制造业,证监会行业分类
603027,千禾味业,603027.SH,SSE,主板,四川,食品,20160307,H,伍超群,伍超群,133312.5412,19960131.0,四川,眉山市,2782.0,www.qianhefood.com,"专业从事酱油,食醋等调味品和焦糖色等食品添加剂的研发,生产和销售.公司形成了以酱油,食醋等为主的调味品产品和以焦糖色为主的食品添加剂产品系列.",False,C14食品制造业,证监会行业分类
603028,赛福天,603028.SH,SSE,主板,江苏,钢加工,20160331,N,林柱英,林柱英,28704.0,20050623.0,江苏,无锡市,1159.0,www.safety-group.cn,"公司主营业务为特种钢丝绳与索具的研发,生产和销售;主要产品为电梯用钢丝绳,起重用钢丝绳,钢丝绳索具和合成纤维吊装带索具.",False,C33金属制品业,证监会行业分类
603029,天鹅股份,603029.SH,SSE,主板,山东,农用机械,20160427,N,王新亭,王新亭,12134.2,20020708.0,山东,济南市,892.0,www.sdmj.com.cn,"主要产品:轧花设备和剥绒设备,其中轧花设备主要包括轧花机,籽棉清理机,皮棉清理机等,剥绒设备主要包括剥绒机.主要业务:棉花加工成套设备及配件的研发,生产和销售.",False,C35专用设备制造业,证监会行业分类
603030,全筑股份,603030.SH,SSE,主板,上海,装修装饰,20150320,N,朱斌,陈文,131693.352,19981014.0,上海,上海市,591.0,www.trendzone.com.cn,"主营业务为住宅全装修的设计,施工,配套部品加工及售后服务.",False,E50建筑装饰、装修和其他建筑业,证监会行业分类
603031,安孚科技,603031.SH,SSE,主板,安徽,电气设备,20160822,H,夏茂青,林隆华,25782.4793,19990507.0,安徽,合肥市,2209.0,www.anfucorp.com,"主营业务:以自营百货零售为主;主要产品:购物中心,超市,家电专业店等.",False,C38电气机械和器材制造业,证监会行业分类
603032,德新科技,603032.SH,SSE,主板,新疆,专用机械,20170105,N,邱岭,邱岭,23322.74,20030528.0,新疆,乌鲁木齐市,824.0,www.dxtl.com.cn,"主营业务:一直致力于道路旅客运输行业的经营,主要包括道路旅客运输业务和客运汽车站业务",False,C35专用设备制造业,证监会行业分类
603033,三维股份,603033.SH,SSE,主板,浙江,橡胶,20161207,H,叶继跃,陈晓宇,103116.3554,19970829.0,浙江,台州市,3381.0,www.three-v.com,"主要产品:本公司生产的输送带产品根据骨架材料的不同可以分为棉帆布输送带,尼龙输送带,聚酯输送带和钢丝绳芯输送带;按照功能特性还可以分为普通输送带,耐高温输送带,耐灼烧输送带,阻燃输送带,耐寒输送带,耐油输送带,耐酸碱输送带等.本公司生产的V带产品按照生产工艺流程的差异,可以分为包布式V带和切边式V带两种;按照功能特性,可以分为普通V带,联组V带,汽车V带,多楔带,同步带等.主营业务:本公司致力于在橡胶胶带领域提供高质量,安全可靠的产品和服务,一直从事橡胶输送带,V带的生产和销售.",False,C29橡胶和塑料制品业,证监会行业分类
603035,常熟汽饰,603035.SH,SSE,主板,江苏,汽车配件,20170105,H,罗小春,罗小春,36634.708,19960725.0,江苏,苏州市,5030.0,www.caip.com.cn,"主营业务:主要从事研发,生产和销售乘用车内饰件业务.产品主要集中于汽车非金属内饰零部件,主要有门内护板,仪表板/副仪表板,天窗遮阳板,衣帽架,门柱,行李厢内饰,储物盒,备胎盖,地毯和隔音垫等内饰产品.",False,C36汽车制造业,证监会行业分类
603036,如通股份,603036.SH,SSE,主板,江苏,专用机械,20161209,N,曾智斌,许波兵,20600.6025,19891012.0,江苏,南通市,620.0,www.rutong.com,"主要产品:提升设备,卡持设备和旋扣设备.主营业务:石油钻采井口装备的研发,生产与销售.",False,C35专用设备制造业,证监会行业分类
603037,凯众股份,603037.SH,SSE,主板,上海,汽车配件,20170120,N,杨建刚,侯振坤,26692.13,20000731.0,上海,上海市,503.0,www.carthane.com,"主营业务为悬架系统内减震元件,踏板总成和胶轮的设计,研发,生产和销售,公司减震元件主要包括缓冲块,弹簧垫,减震支撑以及防尘罩等.主要产品为乘用车悬挂系统内的减震元件和踏板总成.",False,C36汽车制造业,证监会行业分类
603038,华立股份,603038.SH,SSE,主板,广东,家居用品,20170116,N,董建刚,董建刚,26867.7106,19950525.0,广东,东莞市,1356.0,www.dghuafuli.com,"主要产品:家具封边装饰复合材料,异型装饰复合材料及装饰面材等.主要业务:家具及室内装饰复合材料研发,设计,生产和销售.",False,C41其他制造业,证监会行业分类
603039,泛微网络,603039.SH,SSE,主板,上海,软件服务,20170113,H,韦利东,韦利东,25636.5955,20010314.0,上海,上海市,1095.0,www.weaver.com.cn,"主要从事协同管理软件产品的研发,销售及相关技术服务.主要产品为e-office,e-cology和e-weaver.",False,I65软件和信息技术服务业,证监会行业分类
603040,新坐标,603040.SH,SSE,主板,浙江,汽车配件,20170209,H,徐纳,徐纳,13645.5896,20020731.0,浙江,杭州市,786.0,www.xzbco.com,"主营业务为精密冷锻件的研发,生产和销售.主要产品包括气门组精密冷锻件,气门传动组精密冷锻件以及其他精密冷锻件等.",False,C36汽车制造业,证监会行业分类
603041,美思德,603041.SH,SSE,主板,江苏,化工原料,20170330,N,孙宇,孙宇,18314.7692,20001124.0,江苏,南京市,289.0,www.maysta.com,"公司主营业务为聚氨酯泡沫稳定剂的研发,生产和销售,主要产品为聚氨酯泡沫稳定剂.",False,C26化学原料和化学制品制造业,证监会行业分类
603042,华脉科技,603042.SH,SSE,主板,江苏,通信设备,20170602,N,胥爱民,杨勇,16058.984,19981216.0,江苏,南京市,732.0,www.huamai.cn,"主要产品:光通信网络设备和无线通信网络设备;主营业务:通信网络物理连接设备的研发,生产和销售",False,C39计算机、通信和其他电子设备制造业,证监会行业分类
603043,广州酒家,603043.SH,SSE,主板,广东,食品,20170627,H,徐伟兵,赵利平,56877.0805,19920511.0,广东,广州市,5414.0,www.gzr.com.cn,"公司主营业务分两大板块,分别为食品制造业务板块及餐饮业务板块,并以食品制造业务为主.公司主要产品:烘焙食品,速冻食品,腊味食品,餐饮服务.",False,C14食品制造业,证监会行业分类
603045,福达合金,603045.SH,SSE,主板,浙江,小金属,20180517,N,王达武,王达武,13544.5155,19990405.0,浙江,温州市,1459.0,www.fudar.com,"公司的主营业务为电接触材料的研发,生产和销售,是我国电接触材料行业的领先企业.电接触材料被广泛应用于继电器,断路器,接触器,传感器,工业控制等产品.目前公司的主要产品为触头材料,复层触头及触头元件,能够为客户提供电接触材料一体化全面解决方案.",False,C38电气机械和器材制造业,证监会行业分类
603048,浙江黎明,603048.SH,SSE,主板,浙江,汽车配件,20211116,N,俞黎明,俞振寰,14688.0,19970515.0,浙江,舟山市,1311.0,www.zhejiangliming.com,"主要从事汽车零部件的研发,生产,销售.发行人产品种类众多,根据生产工艺的不同,可分为精锻件(包括气门桥,气门弹簧上座,摇臂球头/球窝,火花塞喷油器隔套等),装配件(包括活塞冷却喷嘴等)和冲压件(包括气门锁片,曲轴传感器信号盘,碗形塞,气门弹簧下座等)等.",False,C36汽车制造业,证监会行业分类
603049,中策橡胶,603049.SH,SSE,主板,浙江,汽车配件,20250605,N,沈金荣,沈金荣,87448.5598,19920612.0,浙江,杭州市,17988.0,www.zcrubber.com,"公司主要从事全钢胎,半钢胎,斜交胎和车胎等轮胎产品的研发,生产和销售.公司的主要产品包括全钢胎,半钢胎,斜交胎和车胎等.",False,C29橡胶和塑料制品业,证监会行业分类
603050,科林电气,603050.SH,SSE,主板,河北,电气设备,20170414,H,于芝涛,王永,40331.9193,20000212.0,河北,石家庄市,2949.0,www.kechina.com,"专注于智能电网业务领域,专业从事智能电网配电,变电,用电,高低压开关及成套设备,分布式光伏发电设备等产品的研发,生产,销售和技术服务.",False,C38电气机械和器材制造业,证监会行业分类
603051,鹿山新材,603051.SH,SSE,主板,广东,塑料,20220325,N,汪加胜,汪加胜,16163.2896,19981112.0,广东,广州市,699.0,www.cnlushan.com,"专注于绿色环保高性能的高分子热熔粘接材料的研发,生产和销售,主要产品为热熔粘接材料,主要包括功能性聚烯烃热熔胶粒及热熔胶膜产品.",False,C29橡胶和塑料制品业,证监会行业分类
603052,可川科技,603052.SH,SSE,主板,江苏,元器件,20221011,H,朱春华,朱春华,18789.7282,20120315.0,江苏,苏州市,728.0,www.sz-hiragawa.com,"公司主营业务是消费电子和新能源汽车动力电池功能性器件的设计,研发,生产与销售,公司产品为“高精度,多品种,大批量,工艺复杂”的定制化功能性器件产品.",False,C39计算机、通信和其他电子设备制造业,证监会行业分类
603053,成都燃气,603053.SH,SSE,主板,四川,供气供热,20191217,H,王柄皓,王礼全,88889.0,19860411.0,四川,成都市,2560.0,www.cdgas.com,"公司的主营业务为城市燃气输配,销售,城市燃气工程施工以及燃气表具销售等.本公司产品主要为天然气",False,D45燃气生产和供应业,证监会行业分类
603055,台华新材,603055.SH,SSE,主板,浙江,纺织,20170921,H,施清岛,沈卫锋,89029.3249,20010221.0,浙江,嘉兴市,6385.0,www.textaihua.com,"主要产品:锦纶长丝,锦纶坯布和锦纶成品面料,此外还生产部分少量涤纶产品;主营业务:锦纶织造业务.",False,C17纺织业,证监会行业分类
603057,紫燕食品,603057.SH,SSE,主板,上海,食品,20220926,H,戈吴超,戈吴超,41200.0,20000609.0,上海,上海市,1970.0,www.ziyanfoods.com,"主营业务为卤制食品的研发,生产和销售,主要产品为夫妻肺片,百味鸡,藤椒鸡等以鸡,鸭,牛,猪等禽畜产品以及蔬菜,水产品,豆制品为原材料的卤制食品,应用场景以佐餐消费为主,休闲消费为辅,主要品牌为“紫燕”.",False,C13农副食品加工业,证监会行业分类
603058,永吉股份,603058.SH,SSE,主板,贵州,广告包装,20161223,N,邓代兴,钱国军,41468.7605,19970312.0,贵州,贵阳市,1115.0,www.yongjigf.com,"主要产品:以烟标产品为主,兼顾药包的产品线.主营业务:烟标和其他包装印刷品的设计,生产和销售.",False,C23印刷和记录媒介复制业,证监会行业分类
603059,倍加洁,603059.SH,SSE,主板,江苏,日用化工,20180302,N,张文生,张文生,10044.87,19970108.0,江苏,扬州市,2694.0,www.toothbrush.com.cn,"主要业务:口腔清洁护理用品以及一次性卫生用品的研发,生产和销售.",False,C41其他制造业,证监会行业分类
603060,国检集团,603060.SH,SSE,主板,北京,建筑工程,20161109,H,朱连滨,陈璐,80396.0683,19841018.0,北京,北京市,5475.0,www.ctc.ac.cn,"主要从事建筑材料,建筑装饰装修材料,建设工程质量的检测;并为客户提供产品质量,环保,安全,节能认证,管理体系认证服务;除检测认证服务外,公司利用其在行业的品牌,技术和渠道优势,开展检测用仪器设备的研发,销售和安全生产技术服务等业务;并提供业务培训,标准样品,标准物质研发,销售,职业技能鉴定等延伸服务.",False,M74专业技术服务业,证监会行业分类
603061,金海通,603061.SH,SSE,主板,天津,半导体,20230303,H,崔学峰,崔学峰,8700.0,20121224.0,天津,天津市,451.0,www.jht-design.com,"主要为知名半导体封装测试企业,测试代工厂,IDM企业(半导体设计制造一体化厂商),芯片设计公司等提供自动化测试设备中的测试分选机及相关定制化设备.从事研发,生产并销售半导体芯片测试设备.",False,C35专用设备制造业,证监会行业分类
603062,麦加芯彩,603062.SH,SSE,主板,上海,染料涂料,20231107,H,黄雁夷,黄雁夷,10800.0,20020523.0,上海,上海市,472.0,www.megacoatings.com,"麦加芯彩是一家致力于研发,生产和销售高性能多品类涂料产品的高新技术企业.",False,C26化学原料和化学制品制造业,证监会行业分类
603063,禾望电气,603063.SH,SSE,主板,深圳,电气设备,20170728,H,韩玉,郑大鹏,45880.0992,20070420.0,广东,深圳市,2562.0,www.hopewind.com,"主要业务包括风电变流器,太阳能光伏逆变器,通用型和工程型变频器等电力电子设备的研发,制造,销售和服务.主要产品:风电变流器,光伏逆变器,风电,光伏配套产品,电网监测设备,电气传动类产品.",False,C38电气机械和器材制造业,证监会行业分类
603065,宿迁联盛,603065.SH,SSE,主板,江苏,化工原料,20230321,N,林俊义,梁小龙,41896.7572,20110329.0,江苏,宿迁市,1493.0,www.unitechem.cn,"公司主要业务为高分子材料防老化助剂及其中间体的研发,生产与销售,主要产品包括受阻胺光稳定剂,复配助剂,中间体,阻聚剂等.",False,C26化学原料和化学制品制造业,证监会行业分类
603066,音飞储存,603066.SH,SSE,主板,江苏,仓储物流,20150611,N,祝一鹏,徐秦烨,29418.0074,20020617.0,江苏,南京市,1245.0,www.informrack.com,"主营业务:立体仓库系统及设备,货架,仓储设备,钢结构及五金制品,输送设备的设计,制造;销售自产产品;软件产品的研发与销售公司产品包括一般货架,特种货架,阁楼式货架,立体库高位货架和自动化系统集成.",False,G59装卸搬运和仓储业,证监会行业分类
603067,振华股份,603067.SH,SSE,主板,湖北,化工原料,20160913,H,蔡再华,占园进,71076.0277,20030619.0,湖北,黄石市,2077.0,www.hbzhenhua.com,"主营业务:主要从事铬盐系列产品的研发,制造与销售,并对铬盐副产品及其它固废资源化综合利用.主要产品有重铬酸钠,铬酸酐,氧化铬绿,碱式硫酸铬.",False,C26化学原料和化学制品制造业,证监会行业分类
603068,博通集成,603068.SH,SSE,主板,上海,半导体,20190415,H,PENGFEI ZHANG,PENGFEI ZHANG,15178.7319,20041201.0,上海,上海市,282.0,www.bekencorp.com,"无线通讯集成电路芯片的研发与销售,具体类型分为无线数传芯片和无线音频芯片.公司目前产品应用类别主要包括5.8G产品,WIFI产品,蓝牙数传,通用无线,对讲机,广播收发,蓝牙音频,无线麦克风等.",False,C39计算机、通信和其他电子设备制造业,证监会行业分类
603069,海汽集团,603069.SH,SSE,主板,海南,公共交通,20160712,H,符人恩,符人恩,31600.0,19851128.0,海南,海口市,2740.0,www.0898hq.com,"主营业务:致力于道路旅客运输业务,主要从事汽车客运,汽车客运站经营以及与之相关的汽车销售,维修与检测,汽车器材与燃油料销售等业务,自设立以来公司的主营业务未发生过变化.",False,G54道路运输业,证监会行业分类
603070,万控智造,603070.SH,SSE,主板,浙江,电气设备,20220310,H,木晓东,木晓东,40100.0,20161014.0,浙江,温州市,3082.0,www.wecome.com.cn,"主要从事配电开关控制设备的研发,生产与销售,产品主要包括电气机柜,环网柜设备,IE/IT机柜等三大类.",False,C38电气机械和器材制造业,证监会行业分类
603071,物产环能,603071.SH,SSE,主板,浙江,批发业,20211216,H,陈明晖,黎曦,55795.4442,20000629.0,浙江,杭州市,1503.0,www.zmee.com.cn,"主营业务是环保能源综合利用服务,包括煤炭流通业务和热电联产业务,其中热电联产业务在提供蒸汽,电力(含燃煤发电,生物质发电及污泥发电)及压缩空气的同时,可为客户提供污泥处置等服务.",False,F51批发业,证监会行业分类
603072,天和磁材,603072.SH,SSE,主板,内蒙,矿物制品,20250103,H,袁文杰,陈雅,26428.0,20080522.0,内蒙古,包头市,1211.0,www.thmagnetics.com,"主营产品主要为高性能钕铁硼永磁材料及高性能钐钴永磁材料.主要从事稀土永磁材料的研发,生产和销售.",False,C39计算机、通信和其他电子设备制造业,证监会行业分类
603073,彩蝶实业,603073.SH,SSE,主板,浙江,纺织,20230316,N,施屹,施屹,11600.0,20021205.0,浙江,湖州市,1192.0,www.chinacaidie.com,"主要产品为涤纶面料,无缝成衣和涤纶长丝,专注于涤纶面料,无缝成衣和涤纶长丝的研发,生产和销售及染整受托加工业务.",False,C17纺织业,证监会行业分类
603075,热威股份,603075.SH,SSE,主板,浙江,家用电器,20230911,H,楼冠良,吕越斌,40248.3111,20020416.0,浙江,杭州市,2472.0,www.e-heatwell.com,"主要从事电热元件和组件的研发,生产及销售,主要产品包括民用电器电热元件,商用电器电热元件,工业装备电热元件和新能源汽车电热元件.",False,C38电气机械和器材制造业,证监会行业分类
603076,乐惠国际,603076.SH,SSE,主板,浙江,专用机械,20171113,N,黄粤宁,黄粤宁,12070.1344,19980915.0,浙江,宁波市,1249.0,www.lehui.com,"主要产品:规模啤酒设备,工艺啤酒设备,Grandpak饮料设备,芬纳乳品设备,生物和食品设备.主要业务:啤酒,饮料和乳品装备及无菌灌装设备的设计,制造,安装和服务.",False,C35专用设备制造业,证监会行业分类
603077,和邦生物,603077.SH,SSE,主板,四川,化工原料,20120731,H,曾小平,曾小平,883167.2728,20020801.0,四川,乐山市,5386.0,www.hebang.cn,"公司主营业务为化工制造及盐矿,磷矿的开发.报告期内,公司主要产品包括纯碱和氯化铵,其中纯碱是基础化工原料,主要用于玻璃制造和洗涤剂合成,此外还用于冶金,造纸,印染,食品制造等;氯化铵是一种基础氮肥,也是目前农业部积极推广的复合肥的主要原料.目前,正向生物农药,农业电商,新材料等方向发展",False,C26化学原料和化学制品制造业,证监会行业分类
603078,江化微,603078.SH,SSE,主板,江苏,半导体,20170410,H,殷福华,殷福华,38563.7248,20010817.0,江苏,无锡市,810.0,www.jianghuamem.com,"主营业务为超净高纯试剂,光刻胶及光刻胶配套试剂等湿电子化学品的研发,生产和销售.主要产品有超净高纯试剂,光刻胶及光刻胶配套试剂.",False,C26化学原料和化学制品制造业,证监会行业分类
603079,圣达生物,603079.SH,SSE,主板,浙江,食品,20170823,N,梁超,梁超,18902.9624,19990208.0,浙江,台州市,1035.0,www.sd-pharm.com,"主要从事食品和饲料添加剂的研发,生产及销售,产品主要包括生物素叶酸等维生素类产品和乳酸链球菌素,纳他霉素等生物保鲜剂.",False,C14食品制造业,证监会行业分类
603080,新疆火炬,603080.SH,SSE,主板,新疆,供气供热,20180103,N,陈志龙,陈志龙,14150.0,20030423.0,新疆,喀什地区,1061.0,www.xjhjrq.com,"公司主营业务为城市燃气,主要从事城市天然气输配与销售业务,上游企业主要为中石油下属单位,下游为各类城市天然气用户.",False,D45燃气生产和供应业,证监会行业分类
603081,大丰实业,603081.SH,SSE,主板,浙江,专用机械,20170420,H,丰华,丰华,42249.9149,20020308.0,浙江,宁波市,2655.0,www.chinadafeng.com,"主要业务:智能舞台,建筑声学工程,公共装饰,座椅看台.",False,C35专用设备制造业,证监会行业分类
603082,北自科技,603082.SH,SSE,主板,北京,运输设备,20240130,H,王振林,王勇,16222.7543,20021023.0,北京,北京市,633.0,www.bzkj.cn,"主要从事以自动化立体仓库为核心的智能物流系统的研发,设计,制造与集成业务.主要产品为智能仓储物流系统,智能生产物流系统,智能物流装备,智能物流软件以及运维及其他服务.",False,C34通用设备制造业,证监会行业分类
603083,剑桥科技,603083.SH,SSE,主板,上海,通信设备,20171110,H,Gerald G Wong,Gerald G Wong,35265.0373,20060314.0,上海,上海市,1354.0,www.cigtech.com,"主营业务为基于合作模式(主要为JDM和ODM模式)进行家庭,企业及工业应用类ICT终端领域产品的研发,生产和销售,目前主要产品包括电信宽带终端,无线网络设备,智能家庭网关,工业物联网产品与解决方案四大类.",False,C39计算机、通信和其他电子设备制造业,证监会行业分类
603085,天成自控,603085.SH,SSE,主板,浙江,汽车配件,20150630,N,陈邦锐,陈昀,39710.0,20000121.0,浙江,台州市,3606.0,www.china-tc.com,"主要产品:工程机械座椅,商用车座椅,农用机械座椅和乘用车座椅.主要业务:车辆座椅研发,生产,销售和服务.",False,C36汽车制造业,证监会行业分类
603086,先达股份,603086.SH,SSE,主板,山东,农药化肥,20170511,N,王现全,门亮,43481.3143,20020920.0,山东,滨州市,2027.0,www.cynda.cn,"主要产品:除草剂,杀菌剂,中间体.主营业务:主要从事安全,高效,低毒,环境友好型除草剂的研发,生产及销售,同时兼营杀菌剂,医药及农药中间体.",False,C26化学原料和化学制品制造业,证监会行业分类
603087,甘李药业,603087.SH,SSE,主板,北京,生物制药,20200629,H,陈伟,陈伟,59730.4969,19980617.0,北京,北京市,5245.0,www.ganlee.com.cn,"主要从事重组胰岛素类似物原料药及注射剂的研发,生产和销售.主要产品包括重组甘精胰岛素注射液(商品名“长秀霖”),重组赖脯胰岛素注射液(商品名“速秀霖”),精蛋白锌重组赖脯胰岛素混合注射液(25R).",False,C27医药制造业,证监会行业分类
603088,宁波精达,603088.SH,SSE,主板,浙江,机床制造,20141111,H,郑良才,李永坚,50238.7966,20020815.0,浙江,宁波市,1202.0,www.nbjingda.com.cn,"主要产品:换热器装备和精密压力机.主要业务:换热器装备和精密压力机的研发,生产与销售.",False,C34通用设备制造业,证监会行业分类
603089,正裕工业,603089.SH,SSE,主板,浙江,汽车配件,20170126,N,郑念辉,郑念辉,27571.9231,19980820.0,浙江,台州市,3788.0,www.addchina.com,"专业从事汽车悬架系统减震器的研发,生产与销售,公司主要是为中高档汽车售后市场提供适配的悬架系统减震器系列产品和相关服务,并已具备悬架支柱总成整体解决方案的制造和综合服务能力,以及整车配套能力.",False,C36汽车制造业,证监会行业分类
603090,宏盛股份,603090.SH,SSE,主板,江苏,专用机械,20160831,N,钮法清,王立新,10000.0,20001225.0,江苏,无锡市,965.0,www.hs-exchanger.com,"主营业务:铝制板翅式换热器及相关产品的研发,设计,生产和销售;主要产品:铝制板翅式换热器.",False,C34通用设备制造业,证监会行业分类
603091,众鑫股份,603091.SH,SSE,主板,浙江,家居用品,20240920,H,滕步彬,滕步彬,10223.8793,20160108.0,浙江,金华市,2723.0,www.zhongxinpacking.cn,"公司是一家专业从事自然降解植物纤维模塑产品的研发,生产和销售的高新技术企业.公司主要产品包括堂食聚餐系列餐饮具,外卖打包系列餐饮具,其他辅助用品,精品工业包装系列产品.",False,C22造纸和纸制品业,证监会行业分类
603092,德力佳,603092.SH,SSE,主板,江苏,机械基件,20251107,N,刘建国,刘建国,40000.01,20170112.0,江苏,无锡市,1894.0,www.dljtransmission.com,"公司主要从事高速重载精密齿轮传动产品的研发,生产与销售,下游应用领域目前主要为风力发电机组,核心产品为风电主齿轮箱.",False,C34通用设备制造业,证监会行业分类
603093,南华期货,603093.SH,SSE,主板,浙江,多元金融,20190830,H,罗旭峰,贾晓龙,71772.4893,19960528.0,浙江,杭州市,1045.0,www.nanhua.net,"本公司主营业务包括期货经纪业务,资产管理业务,期货投资咨询业务,风险管理业务,境外金融服务业务,公募基金业务等.",False,J67资本市场服务,证监会行业分类
603095,越剑智能,603095.SH,SSE,主板,浙江,纺织机械,20200415,N,孙剑华,马红光,25826.92,20000407.0,浙江,绍兴市,808.0,www.yuejian.com.cn,"公司的主营业务为纺织机械设备的研发,生产和销售.公司主要产品包括加弹机,空气包覆丝机,经编机及剑杆织机四大类产品.",False,C35专用设备制造业,证监会行业分类
603096,新经典,603096.SH,SSE,主板,天津,出版业,20170425,N,黄宁群,黄宁群,15423.4624,20090813.0,天津,天津市,323.0,www.readinglife.com,"主营业务:图书策划与发行,数字图书,图书零售,以及影视剧策划等.",False,R86新闻和出版业,证监会行业分类
603097,江苏华辰,603097.SH,SSE,主板,江苏,电气设备,20220512,N,张孝金,张孝金,16516.3897,20070904.0,江苏,徐州市,1309.0,www.hcbyq.com,"专业从事输配电及控制设备的研发,生产与销售,主要产品包含干式变压器,油浸式变压器,箱式变电站及电气成套设备等.",False,C38电气机械和器材制造业,证监会行业分类
603098,森特股份,603098.SH,SSE,主板,北京,装修装饰,20161216,H,刘爱森,刘爱森,53969.9978,20011205.0,北京,北京市,1633.0,www.centerint.com,"主营业务:研发,生产,销售绿色,环保,节能新型建材并提供相关工程设计,生产,安装和售后等一体化服务,主要承接金属围护系统工程(屋面系统,墙面系统)和声屏障系统工程,提供从工程咨询,设计,专用材料供应和加工制作到安装施工全过程的工程承包服务;主要产品:金属复合幕墙板,金属屋墙面单层板(铝镁锰合金板,镀制烤漆板)和隔吸声屏障板.",False,E50建筑装饰、装修和其他建筑业,证监会行业分类
603099,长白山,603099.SH,SSE,主板,吉林,旅游景点,20140822,H,王昆,王俊超,27235.586,20101208.0,吉林,延边朝鲜族自治州,1407.0,www.cbmt.com.cn,"主营业务:旅游服务业,包括旅游客运,旅行社及温泉水开发,利用业务.",False,N78公共设施管理业,证监会行业分类
603100,川仪股份,603100.SH,SSE,主板,重庆,电器仪表,20140805,H,李赐犁,吴正国,51317.3176,19991101.0,重庆,重庆市,5359.0,www.cqcy.com,"主要产品:智能执行机构,智能变送器,智能调节阀,智能流量仪表,温度仪表,控制设备及装置和分析仪器等7大类单项产品以及系统集成及总包服务.主营业务:工业自动控制系统装置及工程成套.",False,C40仪器仪表制造业,证监会行业分类
603101,汇嘉时代,603101.SH,SSE,主板,新疆,百货,20160506,N,朱翔,朱翔,47040.0,20080407.0,新疆,乌鲁木齐市,3135.0,www.wuikatimes.com,"主营业务:从事百货零售业务.主要产品:形成以百货业态为主,超市,家电等多种业态协同发展的综合零售业务,拥有6家百货商场及2家购物中心.",False,F52零售业,证监会行业分类
603102,百合股份,603102.SH,SSE,主板,山东,医疗保健,20220125,N,刘新力,刘新力,6400.0,20051116.0,山东,威海市,1146.0,www.baiheshengwu.com,"公司主营营养保健食品的研发,生产和销售,主要产品包括软胶囊,硬胶囊,片剂,粉剂等.",False,C14食品制造业,证监会行业分类
603103,横店影视,603103.SH,SSE,主板,浙江,影视音像,20171012,H,张义兵,李剑平,63420.0,20080904.0,浙江,金华市,4710.0,www.hengdianfilm.com,"主营业务为院线发行,电影放映及相关衍生业务.",False,R87广播、电视、电影和录音制作业,证监会行业分类
603105,芯能科技,603105.SH,SSE,主板,浙江,电气设备,20180709,H,张利忠,张震豪,50001.0904,20080709.0,浙江,嘉兴市,378.0,www.sunorensolar.com,"分布式光伏解决方案提供,分布式光伏电站投资运营以及光伏产品研发,制造.",False,D44电力、热力生产和供应业,证监会行业分类
603106,恒银科技,603106.SH,SSE,主板,天津,IT设备,20170920,H,江浩然,江浩然,52052.0,20040512.0,天津,天津市,1436.0,www.cashwaytech.com,"主营业务:提供以金融自助设备为核心的智慧银行解决方案.主要产品及服务:提供传统银行向智慧银行转型升级过程中所需的现金类,非现金类,支付安全类等全方位的智能产品,技术和服务.",False,C39计算机、通信和其他电子设备制造业,证监会行业分类
603107,上海汽配,603107.SH,SSE,主板,上海,汽车配件,20231101,H,张朝晖,王游沼,33733.5,19920708.0,上海,上海市,1459.0,www.saaa.com.cn,"主要产品包括汽车空调管路和燃油分配管,此外还有新能源汽车电机定,转子和变速箱冷却油管等汽车零部件及配件产品.主营业务为汽车空调管路和燃油分配管等汽车零部件产品的研发,生产与销售.",False,C36汽车制造业,证监会行业分类
603108,润达医疗,603108.SH,SSE,主板,上海,医药商业,20150527,H,张诚栩,刘辉,60370.3341,19990106.0,上海,上海市,3137.0,www.rundamedical.com,主营业务为主要向各类医学实验室提供体外诊断产品及专业技术支持的综合服务.主要提供产品为体外诊断仪器和配套试剂.,False,F51批发业,证监会行业分类
603109,神驰机电,603109.SH,SSE,主板,重庆,电气设备,20191231,H,艾纯,艾纯,20884.836,19930407.0,重庆,重庆市,3386.0,www.senci.cn,"小型发电机,通用汽油机及其终端类产品的研发,制造和销售",False,C38电气机械和器材制造业,证监会行业分类
603110,东方材料,603110.SH,SSE,主板,安徽,染料涂料,20171013,N,庄盛鑫,庄盛鑫,20122.6732,19941218.0,安徽,合肥市,360.0,www.east-inc.com,"主营业务为油墨和胶粘剂的研发,生产和销售,主导产品有三大系列:医药及食品软包装用油墨和塑料软包装复合用聚氨酯胶粘剂,PCB液态感光阻焊高分子屏蔽材料.",False,C26化学原料和化学制品制造业,证监会行业分类
603111,康尼机电,603111.SH,SSE,主板,江苏,运输设备,20140801,H,陈磊,毕光明,86203.0672,20001027.0,江苏,南京市,3349.0,www.kn-nanjing.com,"主营业务:轨道交通门系统的研发,制造和销售及提供轨道交通装备配套产品与技术服务.",False,C37铁路、船舶、航空航天和其他运输设备制造业,证监会行业分类
603112,华翔股份,603112.SH,SSE,主板,山西,机械基件,20200917,H,王春翔,王渊,53996.1401,20081229.0,山西,临汾市,6857.0,www.huaxianggroup.cn,"主要从事各类定制化金属零部件的研发,生产和销售业务.公司主要产品包括白色家电压缩机零部件,工程机械零部件,汽车零部件等,下游涉及白色家电制造,工程机械制造和汽车制造等行业.",False,C33金属制品业,证监会行业分类
603113,金能科技,603113.SH,SSE,主板,山东,化工原料,20170511,H,秦庆平,谷文彬,84849.0616,20041118.0,山东,德州市,2378.0,www.jncoke.com,"公司是一家资源综合利用型,经济循环式化工企业.主要产品包括焦炭,炭黑,白炭黑,山梨酸及山梨酸钾,对甲基苯酚等,下游涉及钢铁,轮胎,食品,塑料,化纤,医药等行业.",False,C26化学原料和化学制品制造业,证监会行业分类
603115,海星股份,603115.SH,SSE,主板,江苏,铝,20190809,N,周小兵,孙新明,24189.04,19980108.0,江苏,南通市,903.0,www.haistar.com.cn,"主营业务为铝电解电容器用电极箔的研发,生产和销售,主要产品为铝电解电容器用全系列低压,中高压电极箔.",False,C39计算机、通信和其他电子设备制造业,证监会行业分类
603116,红蜻蜓,603116.SH,SSE,主板,浙江,服饰,20150629,N,钱金波,钱帆,57620.08,20070919.0,浙江,温州市,4211.0,www.cnhqt.com,"主营业务:公司是一家以红蜻蜓品牌为主,集皮鞋,皮具,儿童用品的设计,开发,生产和销售为一体的时尚鞋服企业.主要产品:为红蜻蜓品牌成人皮鞋.",False,C19皮革、毛皮、羽毛及其制品和制鞋业,证监会行业分类
603117,万林物流,603117.SH,SSE,主板,江苏,仓储物流,20150629,N,樊继波,郝剑斌,59919.7742,20071112.0,江苏,泰州市,467.0,www.china-wanlin.com,"主营业务:包括港口装卸业务,基础物流业务及进口代理业务,公司依托子公司盈利港务作为国内重要木材码头的行业地位,结合自身在木材专业物流以及木材进口代理领域的专业业务能力,为国内众多木材行业企业提供包括进口代理,港口装卸,仓储,货运代理,船舶代理,货物配载,物流配送等业务在内的综合物流服务.",False,G55水上运输业,证监会行业分类
603118,共进股份,603118.SH,SSE,主板,深圳,通信设备,20150225,H,王建祥,胡祖敏,78727.6406,19981124.0,广东,深圳市,6195.0,www.twsz.com,"公司主营业务为宽带通讯终端的研发,生产及销售.主要产品包括DSL(ADSL,VDSL)终端系列,光接入(EPON,GPON)终端系列,无线(WiFi)及移动(3G,LTE)终端系列和其它宽带通讯终端系列(PLC终端和EoC终端等)",False,C39计算机、通信和其他电子设备制造业,证监会行业分类
603119,浙江荣泰,603119.SH,SSE,主板,浙江,汽车配件,20230801,H,曹梅盛,郑敏敏,36374.215,19980422.0,浙江,嘉兴市,2038.0,www.glorymica.com,"主营业务为各类耐高温绝缘云母制品的研发,生产和销售.主要产品为新能源汽车安全件,小家电阻燃绝缘件,电缆阻燃绝缘带,云母纸和玻璃纤维布等产品.",False,C30非金属矿物制品业,证监会行业分类
603120,肯特催化,603120.SH,SSE,主板,浙江,化工原料,20250416,N,项飞勇,项飞勇,9040.0,20090714.0,浙江,台州市,550.0,www.chemptc.com,"公司的主要产品可分为季铵盐,季铵碱,季鏻盐,冠醚四大系列;主营业务为季铵盐,季铵碱,季鏻盐,冠醚等系列产品的研发,生产和销售.",False,C26化学原料和化学制品制造业,证监会行业分类
603121,华培动力,603121.SH,SSE,主板,上海,汽车配件,20190111,H,吴怀磊,吴怀磊,33853.3715,20060622.0,上海,上海市,1249.0,www.sinotec.cn,"公司一直致力于汽车零部件行业,主要从事涡轮增压器关键零部件的研发,生产及销售,主要产品为放气阀组件,涡轮壳和中间壳及其他零部件,其中,放气阀组件主要由盖板,连接板及衬套等组成.",False,C36汽车制造业,证监会行业分类
603122,合富中国,603122.SH,SSE,主板,上海,医药商业,20220216,N,王琼芝,王琼芝,39805.2633,20001024.0,上海,上海市,161.0,ch.cowealth.com,"以终端客户实际个性化需求为导向,有效整合上游供应商资源,构建了完善的一体化服务体系,针对医疗机构等客户开展集约化销售业务并提供增值服务.",False,F51批发业,证监会行业分类
603123,翠微股份,603123.SH,SSE,主板,北京,多元金融,20120503,H,匡振兴,陶清懋,79873.6665,20030123.0,北京,北京市,1760.0,www.cwjt.com,公司主营业务为销售商品及租赁业务.,False,F52零售业,证监会行业分类
603124,江南新材,603124.SH,SSE,主板,江西,铜,20250320,H,徐上金,徐一特,14574.5199,20070726.0,江西,鹰潭市,597.0,www.jiangnancopper.com,"主要从事铜基新材料的研发,生产与销售.公司核心产品包括铜球系列,氧化铜粉系列及高精密铜基散热片系列三大产品类别.",False,C39计算机、通信和其他电子设备制造业,证监会行业分类
603125,常青科技,603125.SH,SSE,主板,江苏,化工原料,20230410,H,孙秋新,孙秋新,40483.6375,20100630.0,江苏,镇江市,422.0,www.cqs-hm.com,"公司是一家主要从事高分子新材料特种单体及专用助剂的研发,生产和销售的高新技术企业,致力于为下游高分子新材料的产品制造,性能改善,功能增强提供支撑.",False,C26化学原料和化学制品制造业,证监会行业分类
603126,中材节能,603126.SH,SSE,主板,天津,环境保护,20140731,N,孟庆林,刘鑫,61050.0,19980601.0,天津,天津市,1813.0,www.sinoma-ec.cn,"主营业务:水泥行业余热发电项目的投资,技术开发,工程设计与咨询,系统集成与设备成套,项目建设管理及工程总承包.",False,M74专业技术服务业,证监会行业分类
603127,昭衍新药,603127.SH,SSE,主板,北京,医疗保健,20170825,H,冯宇霞,高大鹏,74934.822,19980225.0,北京,北京市,2649.0,www.joinnlabs.com,"公司主营业务为以药物非临床安全性评价服务为主的药物临床前研究服务和实验动物及附属产品的销售业务.业务范围包括非临床安全性评价服务,药效学研究服务,动物药代动力学研究服务.",False,M73研究和试验发展,证监会行业分类
603128,华贸物流,603128.SH,SSE,主板,上海,仓储物流,20120529,H,陈宇,陈宇,130904.6494,19841226.0,上海,上海市,4085.0,www.ctsfreight.com,主营业务:跨境现代综合第三方物流.,False,G58多式联运和运输代理业,证监会行业分类
603129,XD春风动,603129.SH,SSE,主板,浙江,摩托车,20170818,H,赖民杰,赖民杰,15348.2763,20031209.0,浙江,杭州市,6911.0,www.cfmoto.com,"主营业务为全地形车,摩托车,游艇及休闲运动装备等后市场用品的研发,生产和销售.公司产品包括400cc至800cc排量段CForce,UForce,Zforce系列四轮全地形车;125cc-250cc小排量,250cc-500cc中等排量,500cc以上大排量摩托车.",False,C37铁路、船舶、航空航天和其他运输设备制造业,证监会行业分类
603130,云中马,603130.SH,SSE,主板,浙江,纺织,20221118,H,叶福忠,叶程洁,13751.42,20100916.0,浙江,丽水市,1511.0,www.yzmgf.com,"公司是国内领先的革基布生产商,专注于人造革合成革基层材料——革基布的研发,生产和销售.公司目前主要产品为针织革基布",False,C17纺织业,证监会行业分类
603131,上海沪工,603131.SH,SSE,主板,上海,专用机械,20160607,H,舒振宇,舒振宇,33690.722,19951206.0,上海,上海市,1169.0,www.hugong.com,"公司主要从事焊接与切割设备的研发,生产及销售,主要产品包括手工弧焊机,气体保护焊机,氩弧焊机,埋弧焊机,等离子切割机等弧焊设备系列产品以及等离子(火焰)数控切割设备,焊接专机,焊接(切割)机器人等自动化焊接(切割)成套设备系列产品.",False,C34通用设备制造业,证监会行业分类
603132,金徽股份,603132.SH,SSE,主板,甘肃,铅锌,20220222,H,张斌,乔志钢,97800.0,20110316.0,甘肃,陇南市,1769.0,www.jinhuiky.com,"主营业务为:有色金属的采选和贸易,主要产品为锌精矿和铅精矿(含银),其中赋存在铅精矿中的金属银单独计价.",False,B09有色金属矿采选业,证监会行业分类
603135,中重科技,603135.SH,SSE,主板,天津,专用机械,20230410,H,马冰冰,王洪新,63425.708,20010626.0,天津,天津市,732.0,www.tjzzjt.com,"主要产品包括机械,电气,液压一体化的热轧型钢,带钢,棒线材,中厚板轧制的自动化生产线,成套设备及其相关的备品备件.主要业务为智能装备及生产线的研发,工艺及装备设计,生产制造,技术服务及销售.",False,C35专用设备制造业,证监会行业分类
603136,天目湖,603136.SH,SSE,主板,江苏,旅游景点,20170927,N,李淑香,史瑶琴,27012.671,19920915.0,江苏,常州市,1236.0,www.tmhtour.com,"主营业务:旅游景区的开发管理和经营,所涉经营项目主要包括景区经营,水世界主题公园,温泉,酒店,旅行社等相关旅游业务.",False,N78公共设施管理业,证监会行业分类
603137,恒尚节能,603137.SH,SSE,主板,江苏,装修装饰,20230419,N,周祖伟,周祖庆,18293.3334,20120229.0,江苏,无锡市,1131.0,www.wuxihs.cn,"主营业务为建筑幕墙与门窗工程的设计,制造与施工,业务覆盖幕墙和门窗的产品研发,工程设计,加工制作,安装施工,售后服务等环节,主要产品为幕墙,门窗.",False,E50建筑装饰、装修和其他建筑业,证监会行业分类
603138,海量数据,603138.SH,SSE,主板,北京,软件服务,20170306,N,闫忠文,肖枫,29387.271,20070730.0,北京,北京市,832.0,www.vastdata.com.cn,"主营业务主要包括系统集成,技术服务,服务销售及产品销售.主要产品:硬件(包括服务器,存储设备,磁带库等),软件(包括操作系统,虚拟化,中间件,数据库,数据集成,备份软件等)等多品牌产品.",False,I65软件和信息技术服务业,证监会行业分类
603139,康惠股份,603139.SH,SSE,主板,陕西,中成药,20170421,N,李红明,WANG JING,9988.0,20091224.0,陕西,咸阳市,906.0,www.sxkh.com,"主要产品:坤复康胶囊(片),复方双花片,消银颗粒,附桂骨痛胶囊,芪药消渴胶囊,复方清带灌注液等,其中坤复康胶囊(片),复方双花片,消银颗粒,附桂骨痛胶囊列入国家医保目录,消银颗粒列入国家基本药物目录.主营业务:中成药品的研究,开发,生产与销售.",False,C27医药制造业,证监会行业分类
603150,万朗磁塑,603150.SH,SSE,主板,安徽,塑料,20220124,N,万和国,陈雨海,8548.3,19991027.0,安徽,合肥市,6059.0,www.higasket.com,"主要产品包括冰箱门封,吸塑,注塑和组件部装等,其中主导产品为冰箱门封.致力于以冰箱门封为核心的各类冰箱塑料部件产品的研发,生产,加工和销售.",False,C38电气机械和器材制造业,证监会行业分类
603151,邦基科技,603151.SH,SSE,主板,山东,饲料,20221019,N,王由成,王由成,17111.26,20070423.0,山东,淄博市,857.0,www.bangjigroup.com,"从事猪饲料的研发,生产和销售业务,主要产品包括猪预混料,猪浓缩料,猪配合料等.",False,C13农副食品加工业,证监会行业分类
603153,上海建科,603153.SH,SSE,主板,上海,建筑工程,20230313,H,王吉杰,夏冰,40986.1106,20020529.0,上海,上海市,10348.0,www.sribs.com,"以专业技术服务为主业,服务涵盖工程项目和城市建设运营管理全过程,形成了工程咨询服务,检测与技术服务,环境低碳技术服务,特种工程与产品销售等多个主营业务板块.",False,M74专业技术服务业,证监会行业分类
603155,新亚强,603155.SH,SSE,主板,江苏,化工原料,20200901,H,初琳,初亚军,31578.68,20091113.0,江苏,宿迁市,391.0,www.newasiaman.com,"专业从事有机硅精细化学品的研发,生产及销售",False,C26化学原料和化学制品制造业,证监会行业分类
603156,养元饮品,603156.SH,SSE,主板,河北,软饮料,20180212,H,姚奎章,范召林,126027.7566,19970924.0,河北,衡水市,1855.0,www.hbyangyuan.com,"主营业务是以核桃为主要原料的植物蛋白饮料食品的研发,生产和销售.公司的主要产品分为两大类:核桃饮料和核桃食品.核桃饮料中,根据其配方中其他原料,配料的添加情况,主要有核桃露,核桃花生露,核桃杏仁露三大品种,共六个系列,其中“养元六个核桃”核桃露为公司主导产品.核桃罐头食品中,主要有核桃八宝粥.",False,C15酒、饮料和精制茶制造业,证监会行业分类
603158,腾龙股份,603158.SH,SSE,主板,江苏,汽车配件,20150320,N,蒋学真,李敏,49077.0148,20050526.0,江苏,常州市,4873.0,www.cztl.com,"主营业务为汽车热交换系统管路产品的研发,生产和销售.主要产品包括汽车空调管路,热交换系统连接硬管及热交换系统附件,用于汽车热交换系统相关组件的连接.",False,C36汽车制造业,证监会行业分类
603159,上海亚虹,603159.SH,SSE,主板,上海,专用机械,20160812,N,孙林,孙力,14000.0,19970407.0,上海,上海市,566.0,www.yahong-mold.com,"主要产品:塑料模具及注塑件产品,SMT表面贴装产品,智能坐便盖产品.主要业务:精密塑料模具的研发,设计,制造,以及注塑产品的成型生产,部件组装服务.",False,C29橡胶和塑料制品业,证监会行业分类
603160,汇顶科技,603160.SH,SSE,主板,深圳,半导体,20161017,H,张帆,叶金春,46577.5431,20020531.0,广东,深圳市,1344.0,www.goodix.com,"主营业务:从事智能人机交互技术的研究与开发,主要向市场提供面向手机,平板电脑等智能终端的电容屏触控芯片.;主要产品为电容触控芯片,固定电话芯片产品.",False,C39计算机、通信和其他电子设备制造业,证监会行业分类
603161,科华控股,603161.SH,SSE,主板,江苏,汽车配件,20180105,N,涂瀚,宗楼,19440.7705,20020613.0,江苏,常州市,2650.0,www.khmm.com.cn,"公司是一家专业从事涡轮增压器关键零部件产品的研发,生产及销售的高新技术企业.主要产品包括涡轮壳及其装配件,中间壳及其装配件和其他机械零部件.",False,C36汽车制造业,证监会行业分类
603162,海通发展,603162.SH,SSE,主板,福建,水运,20230329,H,曾而斌,郑玉芳,92810.2308,20090319.0,福建,福州市,368.0,www.fj-highton.com,主要从事国内沿海以及国际远洋的干散货运输业务.,False,G55水上运输业,证监会行业分类
603163,圣晖集成,603163.SH,SSE,主板,江苏,建筑工程,20221013,N,梁进利,朱启华,10000.0,20030903.0,江苏,苏州市,762.0,www.acter.com.cn,"专注于先进制造业的洁净室系统集成整合工程,结合客户产业特性,量身规划并实施符合客户个性化需求的作业系统与生产环境,协同配合客户升级生产工艺,优化产品制程,保证和提高客户产品的良品率.",False,E49建筑安装业,证监会行业分类
603165,荣晟环保,603165.SH,SSE,主板,浙江,造纸,20170117,N,张云华,冯晟宇,32044.4978,19981109.0,浙江,嘉兴市,1084.0,www.rshbjt.com,"公司主要从事各种中高档包装用再生环保纸的研发,生产和销售.主要产品包括牛皮箱板纸和高强瓦楞原纸,纸箱和蒸汽,其中牛皮箱板纸和高强瓦楞原纸两大类包装纸为核心产品.",False,C22造纸和纸制品业,证监会行业分类
603166,福达股份,603166.SH,SSE,主板,广西,汽车配件,20141127,H,黎福超,王长顺,64565.0651,20001228.0,广西,桂林市,2968.0,www.glfoto.cn,"主要从事发动机曲轴,汽车离合器,螺旋锥齿轮等汽车零部件的研发,生产与销售.本公司是国内主要的汽车零部件专业生产企业,是国内发动机锻钢曲轴,汽车离合器主要生产企业之一,产品主要配套范围包括商用车,乘用车和工程机械.公司汽车零部件产品包括发动机曲轴,汽车离合器,螺旋锥齿轮等三大系列.",False,C36汽车制造业,证监会行业分类
603167,渤海轮渡,603167.SH,SSE,主板,山东,水运,20120906,N,吕大强,于新建,46914.4503,19981015.0,山东,烟台市,1777.0,www.bhferry.com,"主营业务:客滚运输,国际旅游,国际客箱,融资租赁,燃油供应等业务.",False,G55水上运输业,证监会行业分类
603168,莎普爱思,603168.SH,SSE,主板,浙江,化学制药,20140702,N,林弘立,林弘立,37412.6505,20000717.0,浙江,嘉兴市,1328.0,www.zjspas.com,"主营业务为滴眼液与大输液系列产品的研发,生产和销售,主要产品包括预防,治疗白内障的莎普爱思滴眼液等系列眼科药品,葡萄糖注射液,氯化钠注射液,乳酸左氧氟沙星注射液,甲磺酸帕珠沙星注射液等大输液制剂.",False,C27医药制造业,证监会行业分类
603169,兰石重装,603169.SH,SSE,主板,甘肃,专用机械,20141009,H,郭富永,车生文,130629.1798,20011022.0,甘肃,兰州市,4594.0,www.lshec.com,"主要业务:炼油,化工,煤化工,核电,生物医药等能源行业高端压力容器,快速锻压机组,板式换热器等装备的研发,设计,制造及产品检测,维检修服务,以及石油化工工程总承包.",False,C35专用设备制造业,证监会行业分类
603170,宝立食品,603170.SH,SSE,主板,上海,食品,20220715,H,马驹,何宏武,40001.0,20011220.0,上海,上海市,1308.0,www.bolexfoods.com,"主营业务为食品调味料的研发,生产和技术服务,持续以贴近市场的强大研发能力为驱动,致力于为餐饮企业,食品工业企业与家庭消费者提供高品质全方位的风味及产品解决方案,主要产品包括复合调味料,轻烹解决方案和饮品甜点配料等.",False,C14食品制造业,证监会行业分类
603171,税友股份,603171.SH,SSE,主板,浙江,软件服务,20210630,H,张镇潮,张镇潮,40634.5,19991222.0,浙江,杭州市,5625.0,www.servyou.com.cn,"专注于财税信息化领域的技术研究,项目开发,产品销售和服务,是国内专业的财税信息化综合业务提供商.",False,I64互联网和相关服务,证监会行业分类
603172,万丰股份,603172.SH,SSE,主板,浙江,染料涂料,20230510,N,俞杏英,俞杏英,13338.0,20031104.0,浙江,绍兴市,411.0,www.wfdyes.com,"主要从事分散染料及其滤饼的研发,生产及销售,产品以中高端分散染料为主,主要用于涤纶及其混纺织物的染色和印花,经分散染料印染加工的化纤纺织品,色泽艳丽,耐洗牢度优良,用途广泛.",False,C26化学原料和化学制品制造业,证监会行业分类
603173,福斯达,603173.SH,SSE,主板,浙江,机械基件,20230130,H,葛浩俊,葛浩俊,16000.0,20000704.0,浙江,杭州市,873.0,www.fortune-gas.com,"从事各类深冷技术工艺的开发及深冷装备的设计,制造和销售,为客户提供深冷系统整体解决方案.主要产品为空气分离设备,液化天然气装置,绕管式换热器,化工冷箱和液体贮槽等深冷装备.",False,C34通用设备制造业,证监会行业分类
603175,超颖电子,603175.SH,SSE,主板,湖北,元器件,20251024,N,黄铭宏,黄铭宏,43702.9321,20151106.0,湖北,黄石市,6127.0,www.dynamicpcb.com,"主营业务是印制电路板的研发,生产和销售,主要产品为印制电路板.",False,C39计算机、通信和其他电子设备制造业,证监会行业分类
603176,汇通集团,603176.SH,SSE,主板,河北,建筑工程,20211231,N,赵亚尊,赵亚尊,47523.7212,20050408.0,河北,保定市,858.0,www.htlq.com.cn,"公路,市政,房屋建筑工程施工及相关建筑材料销售,勘察设计,试验检测等.",False,E48土木工程建筑业,证监会行业分类
603177,德创环保,603177.SH,SSE,主板,浙江,环境保护,20170207,N,金猛,赵博,20419.2,20050906.0,浙江,绍兴市,777.0,www.zj-tuna.com,"公司是国内少数既能够生产脱硫设备,蜂窝和平板式脱硝催化剂,湿式静电除尘器等关键产品,又能够提供烟气治理工程服务的高新技术企业.公司是国内烟气治理领域的综合服务商.公司依托多年的技术积累及研发制造优势,为电力,冶金,石化等行业提供烟气治理相关产品及服务.",False,N77生态保护和环境治理业,证监会行业分类
603178,圣龙股份,603178.SH,SSE,主板,浙江,汽车配件,20170328,H,罗力成,张文昌,23641.1881,20070417.0,浙江,宁波市,1457.0,slpt.sheng-long.com,"公司主要从事汽车动力总成领域零部件的研发,生产和销售,主要产品为发动机油泵,凸轮轴,变速箱油泵,分动箱油泵等动力总成零部件,产品主要为汽车主机厂提供配套.",False,C36汽车制造业,证监会行业分类
603179,新泉股份,603179.SH,SSE,主板,江苏,汽车配件,20170317,H,唐志华,唐志华,51014.1893,20010428.0,江苏,镇江市,15138.0,www.xinquan.cn,"主营业务为提供汽车饰件整体解决方案.主要产品为汽车饰件产品,包括仪表板总成,顶置文件柜总成,门内护板总成,立柱护板总成,流水槽盖板总成和保险杠总成等.",False,C36汽车制造业,证监会行业分类
603180,金牌家居,603180.SH,SSE,主板,福建,家居用品,20170512,N,潘孝贞,潘孝贞,15425.714,19990126.0,福建,厦门市,5805.0,www.goldenhome.cc,"主要产品:整体橱柜.主营业务:本公司专业提供整体厨柜的研发,设计,生产,销售,安装及售后等整体服务.",False,C21家具制造业,证监会行业分类
603181,皇马科技,603181.SH,SSE,主板,浙江,化工原料,20170824,H,王伟松,王伟松,58870.0,20030530.0,浙江,绍兴市,749.0,www.huangma.com,"主营业务:专注于特种表面活性剂的研发,生产和销售.产品主要为特种表面活性剂.可以广泛应用到有机硅,润滑油及金属加工液,环保涂料,复合新材料,特种纤维,农化助剂等多个下游领域.",False,C26化学原料和化学制品制造业,证监会行业分类
603182,嘉华股份,603182.SH,SSE,主板,山东,食品,20220909,N,李广庆,李广庆,16455.0,20001208.0,山东,聊城市,825.0,www.sinoglorygroup.com,"公司产品主要是大豆分离蛋白,除此之外还包括大豆膳食纤维,大豆胚芽茶,大豆油,低温豆粕等.",False,C13农副食品加工业,证监会行业分类
603183,建研院,603183.SH,SSE,主板,江苏,建筑工程,20170905,N,吴小翔,吴小翔,49715.3251,19900328.0,江苏,苏州市,1846.0,chinajyy.net,"主营业务包括工程技术服务以及新型建筑材料生产销售.主要产品或服务包括:工程质量检测,工程专业施工,工程设计,工程监理等工程技术服务业务以及新型建材产品生产销售.",False,M74专业技术服务业,证监会行业分类
603185,弘元绿能,603185.SH,SSE,主板,江苏,电气设备,20181228,H,杨建良,杨昊,68307.6802,20020928.0,江苏,无锡市,6347.0,hysolar.com,"公司定位于高端智能化装备制造领域,是一家专业从事精密机床的研发,生产和销售的高新技术企业.根据产品类别和应用领域的划分,公司产品分为高硬脆材料专用加工设备和通用磨床设备两大类别.作为国内领先的高硬脆材料专用加工设备供应商,公司产品涵盖了高硬脆材料开方,截断,磨面,滚圆,倒角,切片等核心加工步骤,主要应用于光伏,蓝宝石等领域.此外,公司产品还包括通用磨床设备,广泛应用于汽车,航空,船舶,家电,冶金,模具等行业的机械加工.",False,C38电气机械和器材制造业,证监会行业分类
603186,华正新材,603186.SH,SSE,主板,浙江,元器件,20170103,H,刘涛,郭江程,15679.0518,20030306.0,浙江,杭州市,2682.0,www.wazam.com.cn,"公司主要从事覆铜板,绝缘材料和热塑性蜂窝板等复合材料及制品的设计,研发,生产及销售.主要产品:覆铜板,导热材料等",False,C39计算机、通信和其他电子设备制造业,证监会行业分类
603187,海容冷链,603187.SH,SSE,主板,山东,机械基件,20181129,H,邵伟,邵伟,38641.6107,20060808.0,山东,青岛市,1827.0,www.chinahiron.com,"公司是冷链物流设备行业的高新技术企业,专注于商用冷链设备的研发,生产,销售和服务.公司以商用展示柜为核心产品,为客户在销售终端提供低温储存,商品展示和企业形象展示等需求的定制化解决方案及专业化服务;同时,公司依托产品设计和专业生产能力,为其他制冷产品供应商提供制冷产品ODM服务.",False,C34通用设备制造业,证监会行业分类
603188,亚邦股份,603188.SH,SSE,主板,江苏,染料涂料,20140909,N,卢建平,卢建平,57017.0,20060224.0,江苏,常州市,1034.0,www.yabangdyes.com,"主要产品:蒽醌结构分散染料和还原染料,报告期内超过95%的销售收入来源于蒽醌结构分散染料,还原染料及相关中间体.主营业务:纺织染料和染料中间体的研发,生产,销售和服务.",False,C26化学原料和化学制品制造业,证监会行业分类
603189,*ST网达,603189.SH,SSE,主板,上海,软件服务,20160914,N,冯达,冯达,26954.8349,20091209.0,上海,上海市,1194.0,www.wondertek.com.cn,主营业务主要包括两类:一是移动互联网多媒体软件及服务;二是商业智能(BI)应用软件及服务.主要产品:数据仓库和企业客户统一视图等.,True,I65软件和信息技术服务业,证监会行业分类
603190,亚通精工,603190.SH,SSE,主板,山东,汽车配件,20230217,N,焦召明,付忠璋,12454.0,20020418.0,山东,烟台市,1865.0,www.yatonggroup.com,"主要从事汽车零部件和矿用辅助运输设备的研发,生产,销售和服务.",False,C36汽车制造业,证监会行业分类
603191,望变电气,603191.SH,SSE,主板,重庆,电气设备,20220428,H,杨泽民,杨泽民,32996.4639,19940816.0,重庆,重庆市,2253.0,www.cqwjbyq.com,"主要产品分为输配电及控制设备和取向硅钢两大类.主营业务为输配电及控制设备和取向硅钢的研发,生产与销售.",False,C38电气机械和器材制造业,证监会行业分类
603192,汇得科技,603192.SH,SSE,主板,上海,化工原料,20180828,N,钱建中,钱建中,16736.1481,20070625.0,上海,上海市,907.0,www.huide.com,"公司主营业务为聚氨酯树脂产品的研发,生产,销售与技术服务,主要产品为合成革用聚氨酯(PU),聚氨酯弹性体原液和聚酯多元醇.",False,C26化学原料和化学制品制造业,证监会行业分类
603193,润本股份,603193.SH,SSE,主板,广东,日用化工,20231017,H,赵贵钦,赵贵钦,40459.3314,20131230.0,广东,广州市,921.0,www.runben.com,"主要产品根据成分及用途,可以分为驱蚊类,个人护理类两大类别,目前已形成驱蚊产品,婴童护理产品,精油产品三大核心产品系列.",False,C26化学原料和化学制品制造业,证监会行业分类
603194,中力股份,603194.SH,SSE,主板,浙江,工程机械,20241224,H,何金辉,何金辉,40100.0,20070920.0,浙江,湖州市,4043.0,www.ep-zl.com,"主营业务为电动叉车等机动工业车辆研发,生产和销售,主要产品包括电动叉车和内燃叉车.",False,C34通用设备制造业,证监会行业分类
603195,公牛集团,603195.SH,SSE,主板,浙江,家用电器,20200206,H,阮立平,阮立平,180790.9538,20080118.0,浙江,宁波市,13223.0,www.gongniu.cn,"公司专注于以转换器,墙壁开关插座为核心的民用电工产品的研发,生产和销售,主要包括转换器,墙壁开关插座,LED照明,数码配件等电源连接和用电延伸性产品,广泛应用于家庭,办公等用电场合",False,C38电气机械和器材制造业,证监会行业分类
603196,璞源材料,603196.SH,SSE,主板,上海,服饰,20170531,N,梁丰,吕超,41868.744,20020425.0,上海,上海市,1929.0,www.porigine.com,"主要产品:自主品牌服装(上衣,外套,裤子,裙子等)以及配饰;主营业务:品牌服装的创意设计,工艺技术研发及生产销售.",False,C18纺织服装、服饰业,证监会行业分类
603197,保隆科技,603197.SH,SSE,主板,上海,汽车配件,20170519,H,张祖秋,张祖秋,21365.9869,19970520.0,上海,上海市,7849.0,www.baolong.biz,"公司主要从事汽车零部件产品的研发,生产和销售,主要产品有排气系统管件,气门嘴,汽车轮胎压力监测系统(TPMS),平衡块,传感器,汽车结构件.公司主要产品是在汽车上的应用.",False,C36汽车制造业,证监会行业分类
603198,迎驾贡酒,603198.SH,SSE,主板,安徽,白酒,20150528,H,倪永培,杨照兵,80000.0,20031128.0,安徽,六安市,8010.0,www.yingjia.cn,"公司主要从事白酒的研发,生产和销售,公司生产的迎驾国宾系列酒,生态年份系列酒,迎驾之星系列酒,百年迎驾贡系列酒,迎驾古坊系列酒,迎驾糟坊系列酒等白酒产品主要系浓香型白酒,具有“窖香幽雅,绵甜爽口”的鲜明风格.",False,C15酒、饮料和精制茶制造业,证监会行业分类
603199,九华旅游,603199.SH,SSE,主板,安徽,旅游景点,20150326,N,高政权,徐震,11068.0,20001227.0,安徽,池州市,1613.0,www.jiuhuashan.cc,"主营业务为酒店业务,索道缆车业务,旅游客运业务及旅行社业务.",False,N78公共设施管理业,证监会行业分类
603200,上海洗霸,603200.SH,SSE,主板,上海,环境保护,20170601,H,王炜,王羽旸,17548.0103,19940704.0,上海,上海市,1106.0,www.china-xiba.com,"主要产品:(1)水处理化学品技术与服务;(2)水处理系统运营管理服务;(3)智能控制在线检测与加药保障系统;(4)水处理设备采购与工艺技术服务.主营业务:水处理业务和风管清洗业务,主要是以化学水处理技术为基础,以化学品(行业通常称为药剂)为手段,为客户提供专业的水处理服务和风管清洗服务.",False,N77生态保护和环境治理业,证监会行业分类
603201,常润股份,603201.SH,SSE,主板,江苏,汽车配件,20220729,N,JUN JI,JUN JI,18997.9722,20020805.0,江苏,苏州市,2609.0,www.tongrunjacks.com,"主要从事各类千斤顶及其延伸产品的研发,制造和销售.主要产品包括商用千斤顶,随车配套千斤顶以及专业千斤顶,举升机等汽车维修保养设备和工具,在整车配套市场和汽车后市场的起重类设备中拥有全品类供应能力.",False,C34通用设备制造业,证监会行业分类
603202,天有为,603202.SH,SSE,主板,黑龙江,汽车配件,20250424,N,王文博,吕冬芳,16000.0,20030521.0,黑龙江,绥化市,4928.0,www.hljtyw.cn,"公司主营业务为汽车仪表的研发设计,生产,销售和服务,并逐步向智能座舱领域拓展.公司主要产品包括电子式组合仪表,全液晶组合仪表,双联屏仪表及其他汽车电子产品与服务",False,C36汽车制造业,证监会行业分类
603203,快克智能,603203.SH,SSE,主板,江苏,专用机械,20161108,H,戚国强,戚国强,25366.1118,20060628.0,江苏,常州市,1335.0,www.quick-global.com,"主要产品:锡焊工具和机器人,装联作业的关联性设备以及柔性自动化生产线.主要业务:锡焊技术为核心的电子装联专用设备的研发,生产和销售.,装联作业的关联性设备以及柔性自动化生产线.",False,C35专用设备制造业,证监会行业分类
603205,健尔康,603205.SH,SSE,主板,江苏,医疗保健,20241107,N,陈国平,陈国平,15600.0,19990812.0,江苏,常州市,1638.0,www.chinajek.com,"主要从事医用敷料等一次性医疗器械及消毒卫生用品研发,生产和销售;产品根据使用用途可分为手术耗材类,伤口护理类,消毒清洁类,防护类,高分子及辅助类和非织造布类六大系列.",False,C35专用设备制造业,证监会行业分类
603206,嘉环科技,603206.SH,SSE,主板,江苏,通信设备,20220506,H,宗琰,宗琰,30519.9988,19981119.0,江苏,南京市,8765.0,www.bestlink.com.cn,"主营业务包括网络建设服务,网络运维服务,信息通信系统软件调试服务,政企行业智能化服务,网络优化服务及ICT教育培训业务.",False,I65软件和信息技术服务业,证监会行业分类
603207,小方制药,603207.SH,SSE,主板,上海,化学制药,20240826,H,方之光,方之光,16082.0,19930812.0,上海,上海市,404.0,www.xf-pharma.com,"主营业务为外用药的研发,生产和销售,消化类产品主要包括开塞露,甘油灌肠剂等,皮肤类产品包括炉甘石洗剂,氧化锌软膏,硫软膏,解痉镇痛酊,冻疮膏,复方薄荷脑软膏,尿素维E乳膏,硼酸洗液,苯扎溴铵酊,白花油等,五官类产品主要包括碘甘油,呋麻滴鼻液,氧氟沙星滴耳液等.",False,C27医药制造业,证监会行业分类
603208,江山欧派,603208.SH,SSE,主板,浙江,家居用品,20170210,N,吴水根,吴水根,17717.2674,20060731.0,浙江,衢州市,2003.0,www.oupaigroup.com,"目前主要生产实木复合门和夹板模压门两大类产品.欧派门业是一家集研发,生产,销售和服务于一体的木门企业.",False,C20木材加工和木、竹、藤、棕、草制品业,证监会行业分类
603209,兴通股份,603209.SH,SSE,主板,福建,水运,20220324,H,陈其龙,陈其龙,32500.0,19971218.0,福建,泉州市,731.0,www.xtshipping.com,"主要从事国内沿海散装液体化学品,成品油的水上运输业务.",False,G55水上运输业,证监会行业分类
603210,泰鸿万立,603210.SH,SSE,主板,浙江,汽车配件,20250409,N,应正才,郑永茂,34040.0,20050818.0,浙江,台州市,1785.0,www.zjtaihong.com,"公司主营业务为汽车结构件,功能件的研发,生产与销售,主要产品为汽车结构件和功能件.",False,C36汽车制造业,证监会行业分类
603211,晋拓股份,603211.SH,SSE,主板,上海,汽车配件,20220725,H,张东,何文英,27180.8,20040701.0,上海,上海市,1380.0,www.sh-jintuo.com,"主要从事铝合金精密压铸件的研发,生产和销售.",False,C36汽车制造业,证监会行业分类
603212,赛伍技术,603212.SH,SSE,主板,江苏,塑料,20200430,H,吴小平,吴勉,43749.0636,20081104.0,江苏,苏州市,981.0,www.cybrid.com.cn,"薄膜形态功能性高分子材料的研发,生产和销售.",False,C29橡胶和塑料制品业,证监会行业分类
603213,镇洋发展,603213.SH,SSE,主板,浙江,化工原料,20211111,H,沈曙光,沈曙光,44197.2355,20041221.0,浙江,宁波市,565.0,www.nbocc.com,"主营业务为氯碱相关产品的研发,生产与销售,目前产品包括氯碱类产品和MIBK类产品等.",False,C26化学原料和化学制品制造业,证监会行业分类
603214,XD爱婴室,603214.SH,SSE,主板,上海,百货,20180330,N,施琼,施琼,13854.0036,20050822.0,上海,上海市,3031.0,www.aiyingshi.com,"主营业务:主要从事母婴商品的销售及相关服务业务.经营产品涵盖了婴幼儿乳制品,纸制品,喂哺用品,玩具,洗护用品,棉纺品,车床等品类,产品品种逾万种.",False,F52零售业,证监会行业分类
603215,比依股份,603215.SH,SSE,主板,浙江,家用电器,20220218,N,闻继望,胡东升,18793.9551,20010320.0,浙江,宁波市,1598.0,www.nb-biyi.com,"公司是一家以空气炸锅,空气烤箱,油炸锅,煎烤器等加热类厨房小家电产品的设计,制造和销售为核心业务的高新技术企业.公司主营业务主要包括ODM/OEM业务和“BIYI比依”自主品牌OBM业务.",False,C38电气机械和器材制造业,证监会行业分类
603216,梦天家居,603216.SH,SSE,主板,浙江,家居用品,20211215,N,余静渊,余静滨,22269.0,20030922.0,浙江,嘉兴市,2128.0,www.mengtian.com,"主要产品为“梦天”品牌的系列木门,墙板,柜类等家具产品,主要从事木门,墙板,柜类等定制化木质家具的设计,研发,生产和销售,为客户提供家居的整体空间解决方案.",False,C20木材加工和木、竹、藤、棕、草制品业,证监会行业分类
603217,元利科技,603217.SH,SSE,主板,山东,化工原料,20190620,N,刘修华,李义田,20808.76,20030217.0,山东,潍坊市,1075.0,www.yuanlichem.com.cn,"主营业务:从事精细化学品的研发,生产,销售,公司围绕己二酸及其副产品混合二元酸开发了二元酸二甲酯系列产品,脂肪醇系列产品;围绕癸二酸副产品仲辛醇开发了邻苯二甲酸二仲辛酯等增塑剂系列产品.",False,C26化学原料和化学制品制造业,证监会行业分类
603218,日月股份,603218.SH,SSE,主板,浙江,电气设备,20161228,H,傅明康,傅明康,103034.125,20071213.0,浙江,宁波市,4747.0,www.riyuehi.com,"主营业务:大型重工装备铸件的研发,生产和销售,主要为风力发电,塑料机械,船舶动力以及加工中心等下游行业提供铸件产品配套.主要产品:风电铸件,塑料机械铸件和柴油机铸件,加工中心铸件等其他铸件,主要用于装配能源,通用机械,海洋工程等领域重工装备.",False,C34通用设备制造业,证监会行业分类
603219,富佳股份,603219.SH,SSE,主板,浙江,家用电器,20211122,H,王跃旦,郎一丁,56140.0,20020808.0,浙江,宁波市,3396.0,www.furja.com,"主营吸尘器,扫地机器人等智能清洁类小家电产品及无刷电机等重要零部件的研发,设计,生产与销售,主要产品包括高效分离无线锂电吸尘器,高效分离有线吸尘器,多功能无线拖把,智能扫地机器人以及高效电机等.",False,C38电气机械和器材制造业,证监会行业分类
603220,中贝通信,603220.SH,SSE,主板,湖北,通信设备,20181115,H,李六兵,邹鹏飞,53634.6921,19991229.0,湖北,武汉市,2084.0,www.chinabester.com,"公司是一家专业从事通信网络技术服务的高新技术企业,业务以通信网络建设为主,同时兼顾通信与信息化系统集成,通信网络优化与维护,通信网络规划与设计业务.",False,I65软件和信息技术服务业,证监会行业分类
603221,爱丽家居,603221.SH,SSE,主板,江苏,家居用品,20200323,N,宋正兴,宋锦程,24454.0,19991101.0,江苏,苏州市,1023.0,www.eletile.com,"公司主营业务为PVC塑料地板的研发,生产和销售,主要产品包括悬浮地板,锁扣地板以及普通地板.",False,C29橡胶和塑料制品业,证监会行业分类
603222,济民健康,603222.SH,SSE,主板,浙江,医疗保健,20150217,N,田云飞,田云飞,52509.0615,19961224.0,浙江,台州市,1994.0,www.chimin.cn,"主营业务为大输液和注射穿刺器械的研发,生产和销售.主要产品为各种品规的非PVC软袋大输液及塑料瓶大输液等大输液以及安全注射器,无菌注射器和输液器2等注射穿刺器械.",False,C35专用设备制造业,证监会行业分类
603223,恒通股份,603223.SH,SSE,主板,山东,公路,20150630,H,隋永峰,隋来智,70582.2193,20070522.0,山东,烟台市,1348.0,www.hengtonggf.com,"主营业务:物流业务,有道路货运物流和LNG贸易物流业务,同时配套重卡销售和维修,驾校培训,吊装,仓储以及汽车租赁业务.",False,D45燃气生产和供应业,证监会行业分类
603225,新凤鸣,603225.SH,SSE,主板,浙江,化纤,20170418,H,庄耀中,庄耀中,167749.378,20000222.0,浙江,嘉兴市,17732.0,www.xinfengming.com,"公司主营业务为民用涤纶长丝的研发,生产和销售,产品覆盖POY,FDY和DTY等多个系列400余个规格品种,主要应用于服装,家纺和产业用纺织品等领域.",False,C28化学纤维制造业,证监会行业分类
603226,菲林格尔,603226.SH,SSE,主板,上海,家居用品,20170615,H,金亚伟,刘敦银,35549.177,19950313.0,上海,上海市,514.0,www.vohringer.com,"主营业务为从事木地板(主要为强化复合地板,实木复合地板),橱柜家具的研发,设计,生产及销售.主要产品包括强化复合地板,多层实木复合地板以及橱柜家具.",False,C20木材加工和木、竹、藤、棕、草制品业,证监会行业分类
603227,雪峰科技,603227.SH,SSE,主板,新疆,化工原料,20150515,H,张大松,张大松,107169.2689,19840627.0,新疆,乌鲁木齐市,4418.0,www.xjxfkj.com,"主要从事工业炸药,工业雷管,工业索类火工品等民用爆炸物品的研发,生产,销售(流通),运输,以及为客户提供爆破工程的整体解决方案等相关服务.公司主要产品包括乳化炸药,膨化硝铵炸药,工业电雷管,导爆管雷管和工业导爆索,塑料导爆管等.",False,C26化学原料和化学制品制造业,证监会行业分类
603228,景旺电子,603228.SH,SSE,主板,深圳,元器件,20170106,H,刘绍柏,刘羽,98481.8053,19930309.0,广东,深圳市,20680.0,www.kinwong.com,"主要从事印制电路板的研发,生产和销售业务.公司主要产品种类包括双面及多层刚性电路板,柔性电路板(含贴装)和金属基电路板.",False,C39计算机、通信和其他电子设备制造业,证监会行业分类
603229,奥翔药业,603229.SH,SSE,主板,浙江,化学制药,20170509,H,郑志国,郑志国,83029.7145,20100422.0,浙江,台州市,1219.0,www.ausunpharm.com,"公司的主营业务为特色原料药及医药中间体的研发,生产和销售,以及为客户提供定制生产和研发业务.公司的产品主要分为五个大类,分别为肝病类,呼吸系统类,心脑血管类,高端氟产品类和前列腺素类.",False,C27医药制造业,证监会行业分类
603230,内蒙新华,603230.SH,SSE,主板,内蒙,出版业,20211224,H,秦建平,新娜,35352.3,19990528.0,内蒙古,呼和浩特市,1711.0,www.nmgxhfxjt.com,"主要业务:出版物的批发,零售;文体用品零售;音像制品发行.出版物主要包括教材和一般图书.",False,R86新闻和出版业,证监会行业分类
603231,索宝蛋白,603231.SH,SSE,主板,浙江,食品,20231215,N,刘季善,戴永恒,19145.9105,20031017.0,浙江,宁波市,756.0,www.solbar.com,"主营业务为大豆蛋白系列产品的研发,生产和销售,主要产品包括大豆分离蛋白,大豆浓缩蛋白(包括非功能性浓缩蛋白,功能性浓缩蛋白),组织化蛋白等全系列大豆蛋白产品以及非转基因大豆油等.",False,C13农副食品加工业,证监会行业分类
603232,格尔软件,603232.SH,SSE,主板,上海,软件服务,20170421,N,孔令钢,叶枫,23408.2195,19980303.0,上海,上海市,679.0,www.koal.com,"公司自成立以来一直专注于信息安全行业PKI领域,主要从事以公钥基础设施PKI(Public Key Infrastructure)为核心的商用密码软件产品的研发,生产和销售及服务业务.主要产品是基于PKI的信息安全系列产品,安全服务和信息安全整体解决方案.",False,I65软件和信息技术服务业,证监会行业分类
603233,大参林,603233.SH,SSE,主板,广东,医药商业,20170731,H,柯国强,柯国强,113884.8067,19990212.0,广东,广州市,43532.0,www.dslyy.com,"主营业务:专注于中西成药,参茸滋补药材及中药饮片,保健品,医疗器械及其他商品的直营连锁零售业务,致力于为消费者提供优质实惠的健康产品和专业周到的服务.",False,F52零售业,证监会行业分类
603235,天新药业,603235.SH,SSE,主板,江西,化学制药,20220712,H,余小兵,余小兵,43778.0,20040924.0,江西,景德镇市,2679.0,www.txpharm.com,"主要从事单体维生素产品的研发,生产与销售,产品包括维生素B6,维生素B1,生物素,叶酸,维生素D3,抗坏血酸棕榈酸酯,维生素E粉等.",False,C14食品制造业,证监会行业分类
603236,移远通信,603236.SH,SSE,主板,上海,通信设备,20190716,H,钱鹏鹤,钱鹏鹤,28782.3419,20101025.0,上海,上海市,5890.0,www.quectel.com,"从事物联网领域蜂窝通信模块及其解决方案的设计,研发与销售服务.主要产品包括GSM/GPRS(2G类别)系列,WCDMA/HSPA(3G类别)系列,LTE(4G类别)系列,NB-IoT系列等蜂窝通信模块,以及GNSS系列定位模块系列,EVB工具系列,目前公司产品主要应用于无线支付,车载运输,智慧能源,智慧城市,智能安防,无线网关,工业应用,医疗健康和农业环境等领域.",False,C39计算机、通信和其他电子设备制造业,证监会行业分类
603237,五芳斋,603237.SH,SSE,主板,浙江,食品,20220831,N,厉建平,马建忠,19707.2537,19980427.0,浙江,嘉兴市,3565.0,www.wufangzhai.com,"主要产品包括粽子,月饼,汤圆,糕点,蛋制品,其他米制品等.主要从事以糯米食品为主导的食品研发,生产和销售.",False,C14食品制造业,证监会行业分类
603238,诺邦股份,603238.SH,SSE,主板,浙江,纺织,20170222,N,任建华,龚金瑞,17750.9,20021127.0,浙江,杭州市,1647.0,www.nbond.cn,"公司是一家专业从事差异化,个性化水刺非织造材料及其制品研发,生产和销售业务的企业.主要产品为水刺非织造材料.",False,C17纺织业,证监会行业分类
603239,浙江仙通,603239.SH,SSE,主板,浙江,汽车配件,20161230,N,叶未亮,金桂云,27072.0,19961125.0,浙江,台州市,3068.0,www.zjxtxs.com,"主营业务:一直从事汽车密封条等汽车零部件的研发,设计,生产和销售.主要产品:汽车密封条,主要包括前车门框密封条,门上密封条,背门框密封条,车门外水切,风挡外饰胶条,三角窗玻璃密封条,行李箱密封条,天窗密封条,车顶饰条,车门玻璃导槽等.",False,C36汽车制造业,证监会行业分类
603248,锡华科技,603248.SH,SSE,主板,江苏,机械基件,20251223,N,王荣正,王荣正,46000.0,20010622.0,江苏,无锡市,1743.0,www.xhnewenergy.com,"公司主要从事大型高端装备专用部件的研发,制造与销售,产品结构以风电齿轮箱专用部件为主,注塑机厚大专用部件为辅.",False,C34通用设备制造业,证监会行业分类
603255,鼎际得,603255.SH,SSE,主板,辽宁,化工原料,20220818,N,吴春叶,吴春叶,13459.1667,20040512.0,辽宁,营口市,1235.0,www.djdsh.com,"主要产品为高效催化剂,抗氧剂单剂和复合助剂,主要从事聚烯烃高效能催化剂和化学助剂的研发,生产和销售.",False,C26化学原料和化学制品制造业,证监会行业分类
603256,宏和科技,603256.SH,SSE,主板,上海,玻璃,20190719,H,毛嘉明,毛嘉明,90458.6445,19980813.0,上海,上海市,1289.0,www.gracefabric.com,"主营业务:中高端电子级玻璃纤维布的研发,生产和销售.公司主要产品为中高端电子级玻璃纤维布系列产品,主要包括极薄型(厚度低于28μm),超薄型(厚度28-35μm),薄型(厚度36-100μm)电子级玻璃纤维布.电子级玻璃纤维布为特定规格之玻璃纤维纱织造而成,具有绝缘,高强度,高耐热,高耐化学性,高耐燃性,电气特性佳及尺寸安定性佳等优点,为制造电子产品核心铜箔基板的重要原料,使基板具备优质的电气特性及机械强度等性能需求,从而广泛应用于智能手机,平板及笔记本电脑,服务器,汽车电子及其它高科技电子产品.",False,C30非金属矿物制品业,证监会行业分类
603257,中国瑞林,603257.SH,SSE,主板,江西,建筑工程,20250408,N,吴润华,吴润华,12000.0,19860714.0,江西,南昌市,2324.0,www.nerin.com,"主要为境内外有色金属采矿,选矿,冶炼,加工产业链客户提供包括工程设计咨询,工程总承包,装备集成等在内的工程技术服务.",False,M74专业技术服务业,证监会行业分类
603258,电魂网络,603258.SH,SSE,主板,浙江,互联网,20161026,H,胡建平,胡建平,24389.67,20080901.0,浙江,杭州市,745.0,www.dianhun.cn,主营业务:网络游戏的研发与运营;主要产品:自主研发的网络游戏产品.,False,I64互联网和相关服务,证监会行业分类
603259,药明康德,603259.SH,SSE,主板,江苏,化学制药,20180508,H,李革,李革,298375.7155,20001201.0,江苏,无锡市,33834.0,www.wuxiapptec.com.cn,"主营业务新药研发服务,为小分子化学药的发现,研发及生产的全方位,一体化平台服务,以全产业链平台的形式面向全球制药企业提供各类新药的研发,生产及配套服务;此外,发行人还在境外提供医疗器械检测及境外精准医疗研发生产服务.",False,M73研究和试验发展,证监会行业分类
603260,合盛硅业,603260.SH,SSE,主板,浙江,化工原料,20171030,H,罗立国,罗烨栋,118220.6941,20050823.0,浙江,嘉兴市,21653.0,www.hoshinesilicon.com,"主要产品:工业硅及有机硅产品两大类;主营业务:工业硅及有机硅等硅基新材料产品的研发,生产及销售.",False,C26化学原料和化学制品制造业,证监会行业分类
603261,*ST立航,603261.SH,SSE,主板,四川,航空,20220315,N,刘随阳,朱建新,7750.5022,20030703.0,四川,成都市,641.0,www.cdlihang.com,"公司目前的主要产品为飞机地面保障设备,航空器试验和检测设备,飞机工艺装备,飞机零件加工和部件装配",True,C37铁路、船舶、航空航天和其他运输设备制造业,证监会行业分类
603262,技源集团,603262.SH,SSE,主板,江苏,食品,20250723,N,龙玲,龙玲,40001.0,20020917.0,江苏,无锡市,687.0,www.tsigroupltd.com.cn,"公司专业从事膳食营养补充产品研发创新及产业化,主要产品包括HMB,氨基葡萄糖和硫酸软骨素,片剂等.",False,C14食品制造业,证监会行业分类
603266,天龙股份,603266.SH,SSE,主板,浙江,汽车配件,20170110,N,胡建立,沈朝晖,19888.675,20000703.0,浙江,宁波市,1390.0,www.ptianlong.com,"主要产品:公司生产的塑料零件按用途分为:汽车类塑料零件,电工电器类塑料零件和消费电子类塑料零件.主营业务:本公司主要从事各类精密模具开发和制造以及精密塑料零件的生产和销售,",False,C29橡胶和塑料制品业,证监会行业分类
603267,鸿远电子,603267.SH,SSE,主板,北京,元器件,20190515,H,郑红,刘辰,23108.0892,20011206.0,北京,北京市,1490.0,www.yldz.com.cn,"公司主营业务为以多层瓷介电容器(MLCC)为主的电子元器件的技术研发,产品生产和销售,包括自产业务和代理业务两大类.公司自产业务的主要产品包括片式多层瓷介电容器,有引线多层瓷介电容器,金属支架多层瓷介电容器以及直流滤波器等.公司产品广泛应用于航天,航空,船舶,兵器,电子信息,轨道交通,新能源等行业,满足军工及民用高端工程对产品的技术要求和应用需求.",False,C39计算机、通信和其他电子设备制造业,证监会行业分类
603268,松发股份,603268.SH,SSE,主板,广东,船舶,20150319,N,陈建华,陈汉伦,97077.8303,20020711.0,广东,潮州市,6830.0,www.hengli.com,"公司是一家集研发,设计,生产,销售及服务于一体的专业化,高品质日用瓷供应商,致力于塑造“松发”的高端日用瓷品牌形象,使产品成为“品位生活”的承载体.公司主要产品包括日用瓷,精品瓷和陶瓷酒瓶.2012年,2013年和2014年,公司外销金额占营业收入的比例分别为70.47%,76.53%和76.81%,产品主要通过直销,经销,商超等渠道满足星级酒店,餐厅,中高端家庭用瓷及商业定制等需求.",False,C37铁路、船舶、航空航天和其他运输设备制造业,证监会行业分类
603269,海鸥股份,603269.SH,SSE,主板,江苏,机械基件,20170517,N,吴祝平,吴祝平,30875.1768,19931112.0,江苏,常州市,987.0,www.seagull-ct.cn,"公司主要从事工业冷却塔的研发,设计,制造及安装业务,并依托自身产品和技术优势提供工业冷却塔相关的技术服务.公司主要产品为机力通风冷却塔,具体包括:常规冷却塔(包括钢混结构塔,玻璃钢结构塔和钢结构塔),开式环保节能型冷却塔(包括节水塔,消雾塔和降噪塔)等.",False,C34通用设备制造业,证监会行业分类
603270,金帝股份,603270.SH,SSE,主板,山东,机械基件,20230901,H,郑广会,郑广会,21910.6667,20161009.0,山东,聊城市,4793.0,www.gebchina.com,"主营业务为精密机械零部件的研发,生产和销售,包括轴承保持架和汽车精密零部件两大类产品.",False,C34通用设备制造业,证监会行业分类
603271,永杰新材,603271.SH,SSE,主板,浙江,铝,20250311,H,沈建国,沈建国,19672.0,20030829.0,浙江,杭州市,1570.0,www.yongjiexc.com,"主要从事铝板带箔的研发,生产与销售,产品主要包括铝板带和铝箔两大类.",False,C32有色金属冶炼和压延加工业,证监会行业分类
603272,*ST联翔,603272.SH,SSE,主板,浙江,家居用品,20220520,N,卜晓华,卜晓华,10362.7,20040704.0,浙江,嘉兴市,306.0,www.lead-show.cn,"主要从事墙布的研发,设计,生产与销售业务.同时,公司也从事少量窗帘等室内家居装饰用品的研发,生产,销售业务,以及室内整体家装工程业务.",True,C24文教、工美、体育和娱乐用品制造业,证监会行业分类
603273,天元智能,603273.SH,SSE,主板,江苏,专用机械,20231023,N,吴逸中,吴逸中,21431.34,19890119.0,江苏,常州市,447.0,www.teeyer.com,蒸压加气混凝土装备和机械装备配套产品,False,C35专用设备制造业,证监会行业分类
603275,众辰科技,603275.SH,SSE,主板,上海,电器仪表,20230823,H,张建军,张建军,14877.1851,20060220.0,上海,上海市,849.0,www.zoncn.cn,"主要从事工业自动化领域产品研发,生产,销售及服务的高新技术企业,主要产品为低压变频器和伺服系统等.主要产品包括变频器,伺服系统,电机,新能源汽车主驱电机驱动器等产品",False,C40仪器仪表制造业,证监会行业分类
603276,恒兴新材,603276.SH,SSE,主板,江苏,化工原料,20230925,N,王恒秀,王恒秀,20764.9497,20061214.0,江苏,无锡市,422.0,www.zhgchem.com,"公司采购大宗化学品作为原料,围绕有机酮,有机酯和有机酸产业链布局,有效综合利用,研发,生产和销售附加值高,下游市场空间大的特色精细化学产品.相关产品主要应用于高效,低毒,环境友好型农药,锂电池电解液,香精香料及环保涂料等领域.",False,C26化学原料和化学制品制造业,证监会行业分类
603277,银都股份,603277.SH,SSE,主板,浙江,专用机械,20170911,H,周俊杰,朱文伟,61369.9305,20030410.0,浙江,杭州市,2410.0,www.yinduchina.com,"公司从事商用餐饮设备的研发,生产,销售和服务,主要产品包括商用餐饮制冷设备,自助餐设备和西厨设备.",False,C34通用设备制造业,证监会行业分类
603278,大业股份,603278.SH,SSE,主板,山东,钢加工,20171113,N,窦勇,郑洪霞,34175.9392,20031124.0,山东,潍坊市,4605.0,www.sddaye.com,"主营业务:胎圈钢丝,钢帘线以及胶管钢丝的研发,生产和销售;主要产品:乘用车轮胎,载重轮胎,工程轮胎以及航空轮胎等各种轮胎制品.",False,C33金属制品业,证监会行业分类
603279,景津装备,603279.SH,SSE,主板,山东,环境保护,20190729,H,姜桂廷,姜桂廷,57637.3,20101228.0,山东,德州市,5644.0,www.jjylj.com,"主要从事各式压滤机整机及配套设备,配件的生产和销售,致力于为固液提纯,分离提供专业的成套解决方案.",False,C34通用设备制造业,证监会行业分类
603280,南方路机,603280.SH,SSE,主板,福建,工程机械,20221108,N,方庆熙,方凯,10840.6667,19970509.0,福建,泉州市,1260.0,www.nflg.com,"公司围绕建筑砂石骨料全生命周期,逐渐形成了自身较为突出的业务体系.公司的业务集工程搅拌,原生骨料加工处理,骨料资源化再生处理等设备的定制化设计,研发,生产和销售于一体,覆盖矿山破碎筛分,骨料加工处理,建筑及筑路材料搅拌,建筑垃圾资源化再生利用等领域.",False,C35专用设备制造业,证监会行业分类
603281,江瀚新材,603281.SH,SSE,主板,湖北,化工原料,20230131,H,甘书官,甘俊,37333.3334,19980721.0,湖北,荆州市,994.0,www.jhsi.biz,"主营业务为功能性有机硅烷及其他硅基新材料的研发,生产和销售,主要产品为功能性硅烷.公司现已开发出十三大系列100多个品种的硅烷偶联剂和硅烷交联剂产品,并建成了多条工艺先进的自动化生产线.",False,C26化学原料和化学制品制造业,证监会行业分类
603282,亚光股份,603282.SH,SSE,主板,浙江,专用机械,20230315,N,陈国华,陈静波,13382.0,19960813.0,浙江,温州市,890.0,www.china-yaguang.com,"主要产品包括胶塞/铝盖清洗机及无菌转运系统系列,过滤洗涤干燥机系列,单锥干燥/混合机,结晶罐,分装秤重轧盖系统以及离心式蒸汽压缩机系列,MVR系统系列,高效旋转精馏床等.主要业务为各类工业领域中的蒸发,结晶,过滤,清洗,干燥,有机溶媒精馏等设备的研发,生产和销售,并提供系统工程解决方案.",False,C35专用设备制造业,证监会行业分类
603283,赛腾股份,603283.SH,SSE,主板,江苏,专用机械,20171225,H,孙丰,孙丰,27117.4033,20070619.0,江苏,苏州市,7029.0,www.secote.com,"主要产品:自动化组装设备,自动化检测设备及治具类产品.主要业务:自动化生产设备的研发,设计,生产,销售及技术服务,为客户实现生产智能化提供系统解决方案.",False,C35专用设备制造业,证监会行业分类
603284,林平发展,603284.SH,SSE,主板,安徽,造纸,20260210,N,李建设,李建设,7541.48,20020124.0,安徽,宿州市,958.0,www.linpingzhiye.com,"公司主要从事包装用瓦楞纸,箱板纸产品的研发,生产和销售.公司产品主要为瓦楞纸,箱板纸.",False,C22造纸和纸制品业,证监会行业分类
603285,键邦股份,603285.SH,SSE,主板,山东,化工原料,20240705,N,祁建新,祁建新,16000.0,20140610.0,山东,济宁市,344.0,www.jianbangchem.com,"主要业务为高分子材料环保助剂研发,生产与销售.主要产品系列包括赛克,钛酸酯,DBM,SBM,乙酰丙酮盐等.",False,C26化学原料和化学制品制造业,证监会行业分类
603286,日盈电子,603286.SH,SSE,主板,江苏,汽车配件,20170627,N,是蓉珠,陆鹏,11739.5931,19980812.0,江苏,常州市,1876.0,www.riyingcorp.com,"主营业务:主要从事汽车洗涤系统产品,汽车精密注塑件及小线束,汽车电子传感器等汽车零部件及摩托车线束等摩托车零部件的研发,生产和销售.主要产品:汽车洗涤系统产品,汽车电子传感器类产品,线束产品,精密注塑件产品.",False,C36汽车制造业,证监会行业分类
603288,海天味业,603288.SH,SSE,主板,广东,食品,20140211,H,管江华,管江华,585182.4944,20000408.0,广东,佛山市,9160.0,www.haday.com,"主营业务为一直专注于调味品的生产和销售,调味品主要用于增加菜肴的色,香,味以满足人的感官需要,促进人体进食的食欲并增进人体健康,是一种有益于人体健康的辅助食品.公司目前生产的调味品涵盖了酱油,调味酱,蚝油,鸡精鸡粉,味精,调味汁等多个系列,其中酱油,调味酱,蚝油是目前公司最主要的产品.",False,C14食品制造业,证监会行业分类
603289,泰瑞机器,603289.SH,SSE,主板,浙江,专用机械,20171031,N,郑建国,郑建国,29339.0387,20060808.0,浙江,杭州市,979.0,cn.tedericglobal.com,"主要产品:梦想Dream系列注塑机,包括D(T)系列,DH二板系列和DE全电系列.主要业务:注塑机的研发,设计,生产,销售,并提供下游应用领域的注塑成型解决方案服务.",False,C35专用设备制造业,证监会行业分类
603290,斯达半导,603290.SH,SSE,主板,浙江,半导体,20200204,H,沈华,沈华,23947.3466,20050427.0,浙江,嘉兴市,2471.0,www.powersemi.com,"以IGBT为主的功率半导体芯片和模块的设计研发和生产,并以IGBT模块形式对外实现销售.IGBT模块的核心是IGBT芯片和快恢复二极管芯片,公司自主研发设计的IGBT芯片和快恢复二极管芯片是公司的核心竞争力之一",False,C39计算机、通信和其他电子设备制造业,证监会行业分类
603291,联合水务,603291.SH,SSE,主板,江苏,水务,20230327,H,俞伟景,俞伟景,42322.0604,20040712.0,江苏,宿迁市,1337.0,www.united-water.com,"业务包括自来水生产与供应,污水处理与污水资源化中水回用,市政工程业务,并积极拓展河湖流域水治理和水生态修复等水环境治理业务.",False,D46水的生产和供应业,证监会行业分类
603293,埃泰克,603293.SH,SSE,主板,安徽,汽车配件,20260416,N,陈泽坚,陈泽坚,17909.0658,20021225.0,安徽,芜湖市,1819.0,www.atech-automotive.com,"主要从事汽车电子产品的研发,生产及销售,同时为客户提供汽车电子EMS和技术开发服务",False,C39计算机、通信和其他电子设备制造业,证监会行业分类
603296,华勤技术,603296.SH,SSE,主板,上海,元器件,20230808,H,邱文生,邱文生,101573.2344,20050829.0,上海,上海市,70029.0,www.huaqin.com,"主营业务是专业从事智能硬件产品的研发设计,生产制造和运营服务;主要产品涵盖智能手机,笔记本电脑,平板电脑,智能穿戴(包含智能手表,TWS耳机,智能手环等)等.",False,C39计算机、通信和其他电子设备制造业,证监会行业分类
603297,永新光学,603297.SH,SSE,主板,浙江,元器件,20180910,H,毛磊,毛磊,11093.67,19970221.0,浙江,宁波市,1334.0,www.yxopt.com,"主要产品:生物显微镜及工业显微镜,条码扫描仪镜头,平面光学元件,专业成像光学部组件.主营业务:光学显微镜,光学元件组件和其他光学产品的研发,生产和销售,",False,C40仪器仪表制造业,证监会行业分类
603298,杭叉集团,603298.SH,SSE,主板,浙江,工程机械,20161227,H,赵礼敏,金华曙,130981.2049,20030506.0,浙江,杭州市,6447.0,www.zjhc.cn,"主营业务为叉车等工业车辆的研发,生产和销售,主要产品包括内燃叉车,电动叉车及其他工业车辆.",False,C34通用设备制造业,证监会行业分类
603299,苏盐井神,603299.SH,SSE,主板,江苏,食品,20151231,H,吴旭峰,刘鹤春,95506.8606,20010406.0,江苏,淮安市,3760.0,www.jssyjsgf.com,"主营业务;本公司从事盐矿的开采,盐及盐化工产品的生产,销售.主要产品:包括食盐,小工业盐,两碱用盐,元明粉和纯碱.",False,C26化学原料和化学制品制造业,证监会行业分类
603300,海南华铁,603300.SH,SSE,主板,浙江,多元金融,20150529,H,胡丹锋,胡丹锋,199457.4241,20081121.0,浙江,杭州市,3427.0,www.zjhuatie.cn,"公司主营业务为建筑安全支护设备租赁,公司的建筑安全支护设备主要包括钢支撑类,贝雷类,脚手架类等三大基础类别.",False,L71租赁业,证监会行业分类
603301,振德医疗,603301.SH,SSE,主板,浙江,医疗保健,20180412,H,鲁建国,鲁建国,26387.6225,19940818.0,浙江,绍兴市,7807.0,www.zhende.com,"主要产品:现代伤口敷料,手术感控产品,传统伤口护理产品及压力治疗与固定产品.主要业务:医用敷料的生产,研发与销售.",False,C27医药制造业,证监会行业分类
603303,得邦照明,603303.SH,SSE,主板,浙江,家用电器,20170330,H,倪强,黄光华,47694.4575,19961230.0,浙江,金华市,3915.0,www.tospolighting.com.cn,"主要从事绿色照明产品的研发,生产,销售.主要产品包括节能灯,LED灯泡和LED室内应用灯具,照明电子产品,户外照明灯具四大类绿色照明产品.",False,C38电气机械和器材制造业,证监会行业分类
603305,旭升集团,603305.SH,SSE,主板,浙江,汽车配件,20170710,H,徐旭东,徐旭东,115570.8556,20030825.0,浙江,宁波市,3978.0,www.nbxus.com,"主要产品:新能源汽车变速系统,传动系统,电池系统等核心系统的精密机械加工零部件.主营业务:精密铝合金汽车零部件和工业零部件的研发,生产,销售,主要致力于新能源汽车和汽车轻量化领域.",False,C36汽车制造业,证监会行业分类
603306,华懋科技,603306.SH,SSE,主板,福建,汽车配件,20140926,H,吴黎明,张初全,32949.4845,20020516.0,福建,厦门市,3423.0,www.hmtnew.com,"公司是国内主要的汽车安全气囊核心部件供应商,主要产品为安全气囊布和安全气袋.",False,C36汽车制造业,证监会行业分类
603307,扬州金泉,603307.SH,SSE,主板,江苏,文教休闲,20230216,N,林明稳,李宏庆,6807.7,19980212.0,江苏,扬州市,3050.0,www.yz-jinquan.com,"主要从事户外用品的研发,设计,生产和销售,公司主要产品为帐篷,睡袋,户外服装,背包等户外用品.",False,C17纺织业,证监会行业分类
603308,应流股份,603308.SH,SSE,主板,安徽,机械基件,20140122,H,杜应流,杜应流,67904.1451,20060425.0,安徽,合肥市,5003.0,www.yingliugroup.com,"主要产品:泵及阀门零件,机械装备构件.主要产品:高端装备核心零部件的研发,制造和销售.",False,C34通用设备制造业,证监会行业分类
603309,维力医疗,603309.SH,SSE,主板,广东,医疗保健,20150302,N,韩广源,韩广源,29187.1418,20040430.0,广东,广州市,2763.0,www.welllead.com.cn,"主要产品:麻醉,导尿,护理,血透,泌尿外科,鼻腔检查,微创,妇产,心外等领域产品.主要业务:麻醉,泌尿,呼吸,血液透析等领域医用导管的研发,生产和销售.",False,C35专用设备制造业,证监会行业分类
603310,巍华新材,603310.SH,SSE,主板,浙江,化工原料,20240814,H,吴江伟,夏卫平,34534.0,20131012.0,浙江,绍兴市,841.0,www.weihua-newmaterial.com,"主要产品包括氯甲苯类和三氟甲基苯类系列产品;主要业务为氯甲苯和三氟甲基苯系列精细化工产品的研发,生产和销售.",False,C26化学原料和化学制品制造业,证监会行业分类
603311,金海高科,603311.SH,SSE,主板,浙江,家用电器,20150518,N,丁伊可,丁伊可,23588.3907,19950705.0,浙江,绍兴市,1452.0,www.goldensea.cn,"主要产品:高性能过滤材料,过滤网,空气净化器过滤器,新风系统过滤器,汽车空调过滤器,轨道交通空调过滤器,油烟过滤器,换气扇过滤器,OA过滤器,空调风轮,全热交换器等.主要业务:研究,开发,生产及销售功能性过滤材料和功能性空调过滤网.",False,C35专用设备制造业,证监会行业分类
603312,西典新能,603312.SH,SSE,主板,江苏,电气设备,20240111,H,SHENG JIAN HUA,SHENG JIAN HUA,15999.95,20070531.0,江苏,苏州市,1618.0,www.wdint.cn,"主营业务为电连接产品的研发,设计,生产和销售,主要产品包括电池连接系统和复合母排.",False,C38电气机械和器材制造业,证监会行业分类
603313,梦百合,603313.SH,SSE,主板,江苏,家居用品,20161013,H,倪张根,倪张根,57058.6885,20030530.0,江苏,南通市,7663.0,www.mlily.com,"主营业务为记忆绵床垫,枕头及其他家居制品的研发,生产及销售,具体产品包括记忆绵床垫,记忆绵枕等.",False,C21家具制造业,证监会行业分类
603315,福鞍股份,603315.SH,SSE,主板,辽宁,环境保护,20150424,N,刘爱国,刘爱国,32036.6264,20040714.0,辽宁,鞍山市,1483.0,www.lnfa.com.cn,"主要从事重大技术装备配套大型铸钢件的生产和销售,按照用途,公司产品可以分为火电设备铸件,水电设备铸件,其他发电设备铸件以及其他铸件.",False,N77生态保护和环境治理业,证监会行业分类
603316,诚邦股份,603316.SH,SSE,主板,浙江,建筑工程,20170619,N,张兴桥,方利强,26426.4,19960408.0,浙江,杭州市,266.0,www.cbgfcn.com,"公司的主营业务为园林景观建设,系集园林景观设计及施工,园林养护,苗木种植于一体的综合性园林景观建设企业,重点服务于市政园林景观,地产园林景观等园林景观相关领域,同时公司不断拓展和延伸相关产业方向,在滨水生态环境建设方向积累了相关技术和业务基础.",False,E48土木工程建筑业,证监会行业分类
603317,天味食品,603317.SH,SSE,主板,四川,食品,20190416,H,邓文,邓文,106471.4794,20070302.0,四川,成都市,3289.0,www.teway.cn,"主营业务为川味复合调味料的研发,生产和销售,主要产品包括火锅底料,川菜调料,香肠腊肉调料等三大产品系列.",False,C14食品制造业,证监会行业分类
603318,水发燃气,603318.SH,SSE,主板,辽宁,供气供热,20150424,N,朱先磊,李启明,55467.3218,20021204.0,辽宁,大连市,829.0,www.sfps.sdsf.com.cn,"主要产品:燃气输配系统,燃气应用系统和备品备件等.主要业务:燃气输配和燃气应用领域相关产品的设计,生产,销售和服务.",False,D45燃气生产和供应业,证监会行业分类
603319,美湖股份,603319.SH,SSE,主板,湖南,汽车配件,20161130,H,许仲秋,秦谯,33914.9678,19940704.0,湖南,衡阳市,3062.0,www.hnjyb.com,"主要产品:机油泵,发动机水泵,输油泵等零部件,产品主要应用于中重型卡车,客车,乘用车,工程机械,发电机组,船舶动力等领域;主营业务:发动机(或内燃机)系统的关键及重要零部件-泵类产品的研发,制造和销售.",False,C36汽车制造业,证监会行业分类
603320,迪贝电气,603320.SH,SSE,主板,浙江,电气设备,20170502,N,吴建荣,吴储正,14914.6203,19931227.0,浙江,绍兴市,793.0,www.dibei.com,"主要产品:制冷压缩机电机.主营业务:本公司长期专注于制冷压缩机电机的研发,生产及销售,为全国制冷压缩机电机骨干企业之一.",False,C34通用设备制造业,证监会行业分类
603321,梅轮电梯,603321.SH,SSE,主板,浙江,运输设备,20170915,N,钱雪林,田建华,34888.9469,20000523.0,浙江,绍兴市,711.0,www.zjml.cc,"主要业务:主要从事电梯,自动扶梯,自动人行道及相关配套产品的研发设计,制造,销售,安装,改造和维保服务.主要产品:公司主要产品包括整梯产品和电/扶梯配件,其中整梯产品主要包括电梯,自动扶梯及人行道二大系列.",False,C34通用设备制造业,证监会行业分类
603322,超讯通信,603322.SH,SSE,主板,广东,通信设备,20160728,H,梁建华,钟海辉,15758.6796,19980828.0,广东,广州市,2390.0,www.sts.cn,"主营业务:一直从事集网络建设,网络维护和网络优化于一体的综合通信技术服务,主要服务:通信网络建设,通信网络维护,通信网络优化等技术服务业务.",False,I65软件和信息技术服务业,证监会行业分类
603323,苏农银行,603323.SH,SSE,主板,江苏,银行,20161129,H,徐晓军,王亮,201854.1437,20040825.0,江苏,苏州市,1975.0,www.szrcb.com,"主营业务:核心业务包括企业银行业务,私人银行业务和资金业务.",False,J66货币金融服务,证监会行业分类
603324,盛剑科技,603324.SH,SSE,主板,上海,环境保护,20210407,N,张伟明,常程,14767.958,20120615.0,上海,上海市,1316.0,www.sheng-jian.com,"公司专注于泛半导体工艺废气治理系统及关键设备的研发设计,加工制造,系统集成及运维管理,主要产品为废气治理系统及设备.",False,C35专用设备制造业,证监会行业分类
603325,博隆技术,603325.SH,SSE,主板,上海,化工机械,20240110,H,张玲珑,张玲珑,8000.4,20011119.0,上海,上海市,466.0,www.bloom-powder.com,"公司是提供以气力输送为核心的粉粒体物料处理系统解决方案的专业供应商,主要产品包括粉粒体气力输送技术为核心的成套系统.",False,C34通用设备制造业,证监会行业分类
603326,我乐家居,603326.SH,SSE,主板,江苏,家居用品,20170616,N,缪妍缇,汪春俊,31917.693,20060619.0,江苏,南京市,2207.0,www.olo-home.com,"主要产品:整体厨柜和定制衣柜两大系列;主营业务:定制家具产品的设计,研发,生产,销售及相关服务的提供.",False,C21家具制造业,证监会行业分类
603327,福蓉科技,603327.SH,SSE,主板,四川,元器件,20190523,H,陈亚仁,胡俊强,104545.936,20110426.0,四川,成都市,828.0,www.scfrkj.cn,"从事消费电子产品铝制结构件材料的研发,生产及销售.公司产品包括智能手机外壳和中框材料,平板电脑外壳材料,笔记本电脑外壳材料等,主要是智能手机外壳和中框的精锯件.",False,C39计算机、通信和其他电子设备制造业,证监会行业分类
603328,依顿电子,603328.SH,SSE,主板,广东,元器件,20140701,H,李文晗,李文晗,99844.2611,20000302.0,广东,中山市,4979.0,www.ellingtonpcb.com,"主营业务为高精度,高密度双层及多层印刷线路板的制造和销售.",False,C39计算机、通信和其他电子设备制造业,证监会行业分类
603329,上海雅仕,603329.SH,SSE,主板,上海,仓储物流,20171229,N,刘忠义,张青,25005.1175,20030522.0,上海,上海市,543.0,www.aceonline.cn,"主要业务:从事供应链物流和供应链执行贸易业务,系为大型工业客户提供定制化服务的全程供应链服务商.",False,L72商务服务业,证监会行业分类
603330,天洋新材,603330.SH,SSE,主板,上海,塑料,20170213,N,茹正伟,茹正伟,43267.3649,20020111.0,上海,上海市,736.0,www.hotmelt.com.cn,"公司是热塑性高分子粘接材料及其应用制品的专业供应商,专注于各类热塑性环保粘接材料的研发,生产及销售.公司主要产品包括各类热熔胶胶粉及胶粒,热熔胶网膜,太阳能电池封装用EVA胶膜和热熔胶胶膜.",False,C29橡胶和塑料制品业,证监会行业分类
603331,百达精工,603331.SH,SSE,主板,浙江,专用机械,20170705,N,施小友,张启斌,20217.5636,20000807.0,浙江,台州市,2458.0,www.baidapm.com,"主要产品:压缩机核心零部件——叶片,平衡块,十字环连接器等,以及汽车零部件——发电机爪极,制动卡钳活塞,起动机零部件等.主营业务:各类压缩机零部件,汽车零部件的研发,制造,加工和销售业务.",False,C34通用设备制造业,证监会行业分类
603332,苏州龙杰,603332.SH,SSE,主板,江苏,化纤,20190117,N,席文杰,邹凯东,21634.7184,20030611.0,江苏,苏州市,948.0,www.jslongjie.com,"主营业务:专注于差别化涤纶长丝,PTT纤维等聚酯纤维长丝的研发,生产及销售.主要产品:仿麂皮纤维系列,仿皮草纤维系列,PTT纤维系列等核心特色产品.",False,C28化学纤维制造业,证监会行业分类
603333,尚纬股份,603333.SH,SSE,主板,四川,电气设备,20120507,H,叶洪林,盛业武,62152.7586,20030707.0,四川,乐山市,1158.0,www.sunwayint.com,"主营业务为专业从事特种电线电缆的研发,生产,销售,公司主导产品是氟聚合物绝缘防火电缆,本安防爆电缆,耐高温氟塑料电缆,耐热硅橡胶电缆,变频器专用电缆,船用电缆,水电站用特种电缆,低烟无卤阻燃电缆,绿色环保电缆,扁电缆,射频电缆,补偿电缆,特种橡套电缆,矿用电缆,核电站用1E级K3类电缆,太阳能光伏电缆,加热电缆,城市轨道交通电缆,预分支电缆,通信电缆,防火电缆等三十八个系列数千个种类的特种电线电缆.",False,C38电气机械和器材制造业,证监会行业分类
603334,丰倍生物,603334.SH,SSE,主板,江苏,化工原料,20251105,N,平原,李寅,14350.0,20140725.0,江苏,苏州市,395.0,www.sz-fb.cn,"公司主营业务以废弃油脂资源综合利用业务为主,油脂化学品业务为辅.主要产品为生物基材料,生物燃料,DD油,脂肪酸等.",False,C42废弃资源综合利用业,证监会行业分类
603335,迪生力,603335.SH,SSE,主板,广东,汽车配件,20170620,N,赵瑞贞,赵瑞贞,42814.46,20011026.0,广东,江门市,431.0,www.dcenti.cn,"主营业务为铝合金车轮的研发,设计,制造和销售,主要产品为铝合金车轮,包括电镀车轮和涂装车轮.公司的产品主要出口国际售后市场",False,C36汽车制造业,证监会行业分类
603336,宏辉果蔬,603336.SH,SSE,主板,广东,农业综合,20161124,N,刘扬,刘扬,60871.8945,19921210.0,广东,汕头市,962.0,www.greatsunfoods.com,"主营业务:果蔬产品的种植管理,采后收购,产地预冷,冷冻仓储,预选分级,加工包装,冷链配送.主要产品包括约46个品类的水果,约43个品类的蔬菜以及部分品类的水产品,品种涵盖全国南北及进口的各式特色果蔬.",False,C13农副食品加工业,证监会行业分类
603337,杰克科技,603337.SH,SSE,主板,浙江,纺织机械,20170119,H,阮积祥,吴利,47641.1691,20030827.0,浙江,台州市,7163.0,www.chinajack.com,"主要产品:工业缝纫机,裁床,铺布机,自动缝制设备等工业用缝中,缝前设备以及电机,电控等缝制机械重要零部件.主要业务:工业缝纫机的研究,开发,生产和销售.",False,C35专用设备制造业,证监会行业分类
603338,浙江鼎力,603338.SH,SSE,主板,浙江,工程机械,20150325,H,许树根,许仲,50634.7879,20050516.0,浙江,湖州市,2531.0,www.cndingli.com,"主要产品:臂式,剪叉式和桅柱式.主要业务:各类高空作业平台的研发,制造,销售和服务.",False,C35专用设备制造业,证监会行业分类
603339,四方科技,603339.SH,SSE,主板,江苏,专用机械,20160519,N,黄杰,黄杰,30944.1175,19900519.0,江苏,南通市,1524.0,www.sqteg.com,"主营业务:冷链装备和特种集装箱的研发,生产和销售;主要产品:隧道式速冻装置,螺旋式速冻装置,平板式速冻装置等速冻设备产品及标准罐式集装箱,制冷/加热罐式集装箱,气体罐式集装箱及近海罐式集装箱等罐式集装箱产品.",False,C33金属制品业,证监会行业分类
603341,龙旗科技,603341.SH,SSE,主板,上海,通信设备,20240301,H,杜军红,葛振纲,52259.0644,20041027.0,上海,上海市,18655.0,www.longcheer.com,"龙旗科技主要从事智能产品的研发设计,生产制造,综合服务.",False,C39计算机、通信和其他电子设备制造业,证监会行业分类
603344,星德胜,603344.SH,SSE,主板,江苏,电气设备,20240320,H,朱云舫,朱云舫,19453.098,20041118.0,江苏,苏州市,5066.0,www.cds.cn,"主要从事微特电机及相关产品的研发,生产及销售.",False,C38电气机械和器材制造业,证监会行业分类
603345,安井食品,603345.SH,SSE,主板,福建,食品,20170222,H,刘鸣鸣,张清苗,33328.8932,20011224.0,福建,厦门市,17100.0,www.anjoyfood.com,"主营业务为火锅料制品,速冻面米制品等速冻食品的研发,生产和销售.主要产品为“安井”牌速冻食品,品种达300余种.",False,C13农副食品加工业,证监会行业分类
603348,文灿股份,603348.SH,SSE,主板,广东,汽车配件,20180426,H,唐杰雄,唐杰雄,31447.7192,19980904.0,广东,佛山市,6425.0,www.wencan.com,"主营业务:公司主要从事汽车铝合金精密压铸件的研发,生产和销售,产品主要应用于中高档汽车的发动机系统,变速箱系统,底盘系统,制动系统,车身结构件及其他汽车零部件.",False,C36汽车制造业,证监会行业分类
603350,安乃达,603350.SH,SSE,主板,上海,电气设备,20240703,N,黄洪岳,卓达,11649.4,20110906.0,上海,上海市,1237.0,www.ananda-drive.com,"主要从事电动两轮车电驱动系统研发,生产及销售的高新技术企业.公司产品包括直驱轮毂电机,减速轮毂电机和中置电机三大系列电机,以及与电机相匹配的控制器,传感器,仪表等部件.",False,C38电气机械和器材制造业,证监会行业分类
603351,威尔药业,603351.SH,SSE,主板,江苏,化学制药,20190130,N,吴仁荣,吴仁荣,13543.9132,20000218.0,江苏,南京市,711.0,www.wellnj.com,"主营业务:专注于药用辅料及合成润滑基础油产品的研发,生产和销售.主要产品:高安全性,多功能性的药用辅料,为润滑油企业提供性能卓越的合成润滑基础油.",False,C25石油、煤炭及其他燃料加工业,证监会行业分类
603352,至信股份,603352.SH,SSE,主板,重庆,汽车配件,20260115,N,陈志宇,冯渝,22666.6667,19950123.0,重庆,重庆市,4019.0,www.zhixin.asia,"公司主营汽车冲焊件以及相关模具的开发,加工,生产和销售.主要产品为汽车冲焊件和相关模具.",False,C36汽车制造业,证监会行业分类
603353,和顺石油,603353.SH,SSE,主板,湖南,石油贸易,20200407,N,赵忠,赵忠,17190.6,20050718.0,湖南,长沙市,684.0,www.hnhsjt.com,"主营业务为成品油批发,零售,业务涵盖成品油采购,仓储,物流,批发,零售环节,在成品油流通领域形成完整产业链.",False,F52零售业,证监会行业分类
603355,莱克电气,603355.SH,SSE,主板,江苏,家用电器,20150513,H,倪祖根,倪祖根,57339.6758,20011226.0,江苏,苏州市,9558.0,www.lexy.cn,"公司主营业务为高端家居清洁健康电器的设计,研发,制造和销售业务,核心业务体系包括规模领先的以吸尘器为代表的家居清洁业务,快速发展的以空气净化器为代表的室内空气清洁业务,以及正在大力开拓的以高端智能净水器为代表的家庭水净化业务.",False,C38电气机械和器材制造业,证监会行业分类
603356,华菱精工,603356.SH,SSE,主板,安徽,运输设备,20180124,N,黄超,黄超,13334.0,20050907.0,安徽,宣城市,1249.0,www.xchualing.com,"主营业务:电梯配重产品,钣金产品等电梯配件的研发,生产和销售.主要产品:重块和新型补偿缆等配重产品,电梯专用的钣金产品等电梯配件,以及木材干燥,炭化设备.",False,C34通用设备制造业,证监会行业分类
603357,设计总院,603357.SH,SSE,主板,安徽,建筑工程,20170801,H,沈国栋,沈国栋,56057.7909,19940311.0,安徽,合肥市,2162.0,www.atcdi.com.cn,"主营业务为交通工程咨询服务,主要提供道路,桥梁,岩土与隧道工程,水运工程与市政工程的勘察设计,咨询研发,试验检测,工程管理等相关技术服务,核心业务是交通领域工程勘察设计咨询业务.",False,M74专业技术服务业,证监会行业分类
603358,华达科技,603358.SH,SSE,主板,江苏,汽车配件,20170125,H,陈竞宏,葛江宏,46974.3076,20021125.0,江苏,泰州市,3139.0,www.hdqckj.com,"主营业务为乘用车冲压焊接总成件,发动机管类件及相关模具的开发,生产与销售,目前主要为国内各大整车商提供汽车车身部件,发动机总成管类件等冲压及焊接产品.",False,C36汽车制造业,证监会行业分类
603359,*ST东珠,603359.SH,SSE,主板,江苏,建筑工程,20170901,N,席惠明,席惠明,44609.6,20010705.0,江苏,无锡市,273.0,www.dongzhushengtai.com,"主营业务:主要从事苗木种植,生态景观设计,生态修复与景观工程建设,景观养护等生态景观全产业链业务.其中:生态景观工程业务主要包括生态湿地修复,地产景观工程,公园广场景观工程,市政道路景观工程.",True,E48土木工程建筑业,证监会行业分类
603360,百傲化学,603360.SH,SSE,主板,辽宁,农药化肥,20170206,H,刘岩,刘红军,70622.3654,20030922.0,辽宁,大连市,953.0,www.biofc.com,"主营业务为异噻唑啉酮类工业杀菌剂的研发,生产和销售.主要产品为异噻唑啉酮杀菌剂原药剂及复配产品,分为CIT/MIT,MIT,OIT,DCOIT等几大系列.",False,C26化学原料和化学制品制造业,证监会行业分类
603363,傲农生物,603363.SH,SSE,主板,福建,饲料,20170926,H,吴有林,吴有林,260296.1826,20110426.0,福建,漳州市,5220.0,www.aonong.com.cn,"主要业务:包括饲料,生猪养殖,兽药动保,原料贸易等核心产业,并搭建了猪OK猪场管理信息化系统,以下游客户养殖数据为基础,推进对下游客户的融资支持等全方位服务.主要产品:目前公司的主要产品为猪用饲料.",False,C13农副食品加工业,证监会行业分类
603365,水星家纺,603365.SH,SSE,主板,上海,纺织,20171120,N,李裕陆,李裕陆,26249.63,20001207.0,上海,上海市,3439.0,www.shuixing.com,"主营业务为以套件,被芯和枕芯等床上用品为主的家用纺织品研发,设计,生产和销售.主要产品包括套件,被芯,枕芯等床用纺织品.",False,C17纺织业,证监会行业分类
603366,日出东方,603366.SH,SSE,主板,江苏,家用电器,20120521,H,徐新建,万旭昶,81304.8101,19970401.0,江苏,连云港市,5042.0,www.solareast.com,"主要业务为太阳能热水器,太阳能热水工程系统,太阳能采暖系统以及太阳能制冷空调系统等太阳能热利用产品的研发,生产与销售,目前主要产品为真空管式,热管式,平板式等太阳能热水器以及太阳能热水工程系统.",False,C38电气机械和器材制造业,证监会行业分类
603367,辰欣药业,603367.SH,SSE,主板,山东,化学制药,20170929,H,杜振新,杜振新,45275.4129,19981106.0,山东,济宁市,3114.0,www.cisen-pharma.com,"主营业务:医药产品的研发,生产和销售,以生产化学药品制剂为主;主要产品:大容量注射剂(包括非PVC软袋,塑瓶,玻瓶),冻干粉针剂,小容量注射剂,片剂,胶囊剂,膏剂,滴剂和原料药等8大剂型276个品种405个规格的产品.",False,C27医药制造业,证监会行业分类
603368,柳药集团,603368.SH,SSE,主板,广西,医药商业,20141204,H,朱朝阳,朱朝阳,39721.1355,19811223.0,广西,柳州市,5513.0,www.lzyy.cn,"公司主要从事药品,医疗器械等医药产品的批发和零售业务.",False,F51批发业,证监会行业分类
603369,今世缘,603369.SH,SSE,主板,江苏,白酒,20140703,H,顾祥悦,顾祥悦,124680.0037,19971223.0,江苏,淮安市,5230.0,www.jinshiyuan.com.cn,"主营白酒生产和销售,主要产品“今世缘”,“国缘”,“高沟”等系列品牌产品.主要产品属浓香型白酒",False,C15酒、饮料和精制茶制造业,证监会行业分类
603370,华新精科,603370.SH,SSE,主板,江苏,电气设备,20250905,N,郭正平,郭斌,17495.0,20020819.0,江苏,无锡市,943.0,www.huaxinjk.com,"公司专注于精密冲压领域产品的研发,生产和销售.公司主要产品为各类精密冲压铁芯及铁芯生产相关的精密冲压模具.",False,C38电气机械和器材制造业,证监会行业分类
603373,安邦护卫,603373.SH,SSE,主板,浙江,仓储物流,20231220,H,谢伟,石焕挺,10752.6882,20060228.0,浙江,杭州市,17553.0,www.zjabhw.com,"押运服务,金融外包服务,重点单位及大型活动的一体化安保,智能安防系统的销售及施工,安全培训,政府部门的涉案财物管理与大型机构的档案管理,交通应急服务,社会应急物资管理与应急救援等.",False,L72商务服务业,证监会行业分类
603375,盛景微,603375.SH,SSE,主板,江苏,半导体,20240124,N,张永刚,张永刚,10066.6667,20160408.0,江苏,无锡市,283.0,www.holyview.com,"主要从事电子控制模块,起爆控制器,放大器等产品的研发与销售,主要产品为电子控制模块.",False,C39计算机、通信和其他电子设备制造业,证监会行业分类
603376,大明电子,603376.SH,SSE,主板,浙江,汽车配件,20251106,N,周明明,周招会,40000.1,19890613.0,浙江,温州市,4496.0,www.daming.com,"公司专注于汽车电子零部件配套领域,是一家专业提供汽车车身电子电器控制系统设计,开发,生产和销售的综合解决方案供应商.",False,C36汽车制造业,证监会行业分类
603377,ST东时,603377.SH,SSE,主板,北京,汽车服务,20160205,N,孙翔,闫文辉,71542.2385,20050812.0,北京,北京市,2246.0,www.dfss.com.cn,"主营业务:机动车驾驶培训.公司提供驾培服务,陪练服务,汽车维修,汽车保险代理等汽车消费相关服务和产品.",True,P83教育,证监会行业分类
603378,*ST亚士,603378.SH,SSE,主板,上海,染料涂料,20170928,N,李金钟,李金钟,42859.6642,20090213.0,上海,上海市,2065.0,www.cuanon.com,"主营业务:建筑保温装饰一体化产品,建筑保温材料,功能型建筑涂料及其应用系统的研发,生产,销售及服务.主要产品:保温装饰板,真金防火保温板,功能型建筑涂料三大类.",True,C26化学原料和化学制品制造业,证监会行业分类
603379,三美股份,603379.SH,SSE,主板,浙江,化工原料,20190402,H,胡淇翔,胡淇翔,61047.9037,20010511.0,浙江,金华市,2036.0,www.sanmeichem.com,"主要从事氟碳化学品和无机氟产品等氟化工产品的研发,生产和销售.公司氟碳化学品主要包括氟制冷剂和氟发泡剂,其中氟制冷剂主要包括HFCs制冷剂和HCFCs制冷剂,主要用于汽车,家庭和工商业空调系统;氟发泡剂主要是HCFC-141b,主要用于聚氨酯硬泡生产.公司无机氟产品主要包括无水氟化氢,氢氟酸等,主要用于氟化工行业的基础原材料或刻蚀玻璃,金属清洗及表面处理等.",False,C26化学原料和化学制品制造业,证监会行业分类
603380,易德龙,603380.SH,SSE,主板,江苏,元器件,20170622,H,钱新栋,韩佳源,16044.12,20010531.0,江苏,苏州市,2322.0,www.etron-global.com,"主营业务:提供全方位的电子制造服务,包括制造及测试,供应链管理,定制化研发和工程技术支持的整体解决方案.主要产品:通讯类产品,工业控制类产品,消费电子产品,医疗电子产品,汽车电子产品.",False,C39计算机、通信和其他电子设备制造业,证监会行业分类
603381,永臻股份,603381.SH,SSE,主板,江苏,电气设备,20240626,H,汪献利,汪献利,23725.6326,20160803.0,江苏,常州市,3305.0,www.yonz.com,"主要从事绿色能源结构材料的研发,生产,销售及应用;主营产品包括光伏边框产品,光伏建筑一体化产品(BIPV),光伏支架结构件.",False,C38电气机械和器材制造业,证监会行业分类
603382,海阳科技,603382.SH,SSE,主板,江苏,化纤,20250612,N,陆信才,陈建新,18125.1368,19791105.0,江苏,泰州市,1575.0,www.pa6.com.cn,"公司系国内从事尼龙6系列产品研发,生产和销售的主要企业之一.主要产品为尼龙6切片系列,尼龙6丝线系列和帘子布系列.",False,C26化学原料和化学制品制造业,证监会行业分类
603383,顶点软件,603383.SH,SSE,主板,福建,软件服务,20170522,H,严孟宇,严孟宇,20537.9059,20001025.0,福建,福州市,1816.0,www.apexsoft.com.cn,"主营业务主要涉及证券,期货,银行,信托,电子交易市场等多个行业和领域,业务范围涵盖前,中,后台等多个层次.主要产品:前台服务渠道与作业支持信息化解决方案,中台流程信息化解决方案,后台基础运营支持系统解决方案,电子交易市场信息化解决方案,银行综合经营管理信息化解决方案,数字化校园流程管理信息化解决方案,企业流程管理信息化解决方案.",False,I65软件和信息技术服务业,证监会行业分类
603385,惠达卫浴,603385.SH,SSE,主板,河北,家居用品,20170405,N,王彦庆,王佳,38066.4968,19971211.0,河北,唐山市,8265.0,www.huidagroup.com,"公司是一家以满足消费者对高品质卫浴家居产品的需求为目标,通过卫浴产品的设计,研发,生产和销售,为消费者提供一站式卫浴产品综合解决方案的企业.公司产品主要包括卫生洁具和陶瓷砖,其中卫生洁具包括卫生陶瓷,五金洁具,浴缸浴房和浴室柜,陶瓷砖包括内墙砖和地砖.",False,C30非金属矿物制品业,证监会行业分类
603386,骏亚科技,603386.SH,SSE,主板,广东,元器件,20170912,N,叶晓彬,叶晓彬,32632.256,20051122.0,广东,惠州市,4417.0,www.championasia.hk,"主营业务:专注于印制电路板行业,主要从事印制电路板的研发,生产和销售,及印制电路板的表面贴装(SMT).公司主要产品种类包括双面及多层刚性电路板(含SMT).公司的主要产品包括双面板,多层板等,产品主要应用于消费电子,工业控制及医疗,计算机及网络设备,汽车电子等领域.",False,C39计算机、通信和其他电子设备制造业,证监会行业分类
603387,基蛋生物,603387.SH,SSE,主板,江苏,医疗保健,20170717,H,苏恩本,苏恩本,50715.3517,20020308.0,江苏,南京市,1947.0,www.getein.com.cn,"主要产品:自主研发的POCT体外诊断试剂及配套仪器.此外,发行人实现了部分生化乳胶体外诊断试剂产品试产并开始销售;主营业务:体外诊断产品的研发,生产和销售",False,C27医药制造业,证监会行业分类
603389,*ST亚振,603389.SH,SSE,主板,江苏,家居用品,20161215,N,范伟浩,范伟浩,26275.2,20000815.0,江苏,南通市,657.0,www.az.com.cn,"主要产品:中高档欧式家具;主营业务:家具产品的研发设计,生产和销售.",True,C21家具制造业,证监会行业分类
603390,通达电气,603390.SH,SSE,主板,广东,汽车配件,20191125,N,陈丽娜,蔡琳琳,35165.1984,19940111.0,广东,广州市,933.0,www.tongda.cc,"车载智能终端综合信息管理系统及配套汽车电气产品研发,生产,销售",False,C39计算机、通信和其他电子设备制造业,证监会行业分类
603391,力聚热能,603391.SH,SSE,主板,浙江,专用机械,20240731,N,何俊南,何俊南,9100.0,20060627.0,浙江,湖州市,869.0,www.chinaliju.com.cn,"主营业务为热水锅炉与蒸汽锅炉的研发,生产和销售;主要产品包括热水锅炉系列产品,蒸汽锅炉系列产品.",False,C34通用设备制造业,证监会行业分类
603392,万泰生物,603392.SH,SSE,主板,北京,生物制药,20200429,H,邱子欣,姜植铭,126439.2804,19910424.0,北京,北京市,3790.0,www.ystwt.com,"主营业务:主要从事体外诊断试剂,体外诊断仪器与疫苗的研发,生产及销售.主要产品:体外诊断仪器及体外诊断试剂.",False,C27医药制造业,证监会行业分类
603393,新天然气,603393.SH,SSE,主板,新疆,供气供热,20160912,H,张蜀,张蜀,42392.1327,20020613.0,新疆,乌鲁木齐市,1645.0,www.xintaienergy.com,"主营业务为城市燃气的输配和销售,主要产品包括天然气销售,安装,压缩天然气运输在内的天然气相关业务.",False,D45燃气生产和供应业,证监会行业分类
603395,红四方,603395.SH,SSE,主板,安徽,农药化肥,20241126,H,陈勇,陈国庆,26000.0,20120326.0,安徽,合肥市,1224.0,hongsifangfeiye.chinasalt.com.cn,"主营业务为复合肥和氮肥产品的研发,生产,销售和服务.",False,C26化学原料和化学制品制造业,证监会行业分类
603396,金辰股份,603396.SH,SSE,主板,辽宁,专用机械,20171018,N,李义升,祁海珅,13852.7478,20040830.0,辽宁,营口市,1638.0,www.jinchensolar.com,"主要产品:太阳能光伏组件自动化生产线成套装备,自动化生产单元设备,图像检测设备,生产信息化软件产品及制造执行系统软件(MES)和设备自动化监控系统,光伏电池片自动化装备,集装箱码头物流自动化控制系统,动力电池系统模组pack装配自动化产线,系统集成解决方案.主要业务:工业自动化生产线成套装备的研发,设计,生产和销售及相关服务.",False,C35专用设备制造业,证监会行业分类
603398,*ST沐邦,603398.SH,SSE,主板,江西,电气设备,20151209,N,涂园华,涂园华,43364.1524,20030818.0,江西,南昌市,946.0,www.mubon.com.cn,"以研发,生产和销售自主品牌“邦宝”,“叻产,销售精密非金属模具为主营业务.主要产品为:益智玩具和精密非金属模具,其中益智玩具包括积木玩具(适合3岁以上消费群),婴幼儿玩具(适合0-3岁消费群).精密非金属模具也是公司生产益智玩具的重要工装,益智玩具的质量依赖于模具的精密程度.",True,C38电气机械和器材制造业,证监会行业分类
603399,永杉锂业,603399.SH,SSE,主板,辽宁,小金属,20120824,H,杨希龙,杨峰,51229.0649,20030618.0,辽宁,锦州市,844.0,www.yongshanlithium.com,"主要产品:焙烧钼精矿,钼铁,电影,电视剧等.主营业务:钼炉料等钼系列产品的生产,加工,销售业务,电影,电视剧的研发,投资,制作,营销与发行.",False,C32有色金属冶炼和压延加工业,证监会行业分类
603400,华之杰,603400.SH,SSE,主板,江苏,机械基件,20250620,N,陆亚洲,王奕,10000.0,20010606.0,江苏,苏州市,1593.0,www.huajie.com,"公司主要产品包括智能开关,智能控制器,无刷电机,精密结构件等关键功能零部件.",False,C34通用设备制造业,证监会行业分类
603402,陕西旅游,603402.SH,SSE,主板,陕西,旅游景点,20260106,N,马婷,靳勇,7733.3334,19880119.0,陕西,西安市,910.0,www.sxtourism.com,"旅游演艺,旅游索道,旅游餐饮",False,R88文化艺术业,证监会行业分类
603406,天富龙,603406.SH,SSE,主板,江苏,化纤,20250808,N,朱大庆,朱兴荣,40001.0,20090511.0,江苏,扬州市,2081.0,www.tinfulong.com,"公司以差别化涤纶短纤维的研发,生产和销售为主营业务.",False,C28化学纤维制造业,证监会行业分类
603407,长裕集团,603407.SH,SSE,主板,山东,化工原料,20260511,N,刘其永,,40787.5231,,,,,,,False,C26化学原料和化学制品制造业,证监会行业分类
603408,建霖家居,603408.SH,SSE,主板,福建,家居用品,20200730,H,陈岱桦,陈岱桦,44757.3,19900630.0,福建,厦门市,6787.0,www.runner-corp.com,"主要从事厨卫产品,净水产品和其他产品的研发,设计,生产和销售;公司主要产品可分为厨卫产品和净水产品两个大类",False,C29橡胶和塑料制品业,证监会行业分类
603409,汇通控股,603409.SH,SSE,主板,安徽,汽车配件,20250304,N,陈王保,张丽,12603.0,20060329.0,安徽,合肥市,1283.0,www.conver.com.cn;www.hfht-cn.com,"公司从事汽车造型部件和汽车声学产品的研发,生产和销售,以及汽车车轮总成分装业务.",False,C36汽车制造业,证监会行业分类
603416,信捷电气,603416.SH,SSE,主板,江苏,电器仪表,20161221,H,李新,李新,15713.8633,20080422.0,江苏,无锡市,2611.0,www.xinje.com,"主营业务:主营工业自动化控制产品的研发,生产和销售,为OEM自动化行业提供智能控制系统解决方案.主要产品:包括可编程控制器(PLC),人机界面(HMI),变频器,伺服系统,机器视觉.公司在小型PLC领域为市场份额排名靠前的内资企业,同时具备为工厂自动化(FA)领域客户提供“整体工控自动化解决方案”的能力.",False,C40仪器仪表制造业,证监会行业分类
603418,友升股份,603418.SH,SSE,主板,上海,汽车配件,20250923,N,罗世兵,罗世兵,19306.8444,19921204.0,上海,上海市,3465.0,www.unisonal.com,"公司是集设计,开发,生产,销售,服务于一体的专业铝合金汽车零部件制造商;公司主要产品为汽车结构零部件,可分为门槛梁系列,电池托盘系列,保险杠系列,副车架系列等.",False,C36汽车制造业,证监会行业分类
603421,鼎信通讯,603421.SH,SSE,主板,山东,通信设备,20161011,N,刘敏,曾繁忆,65219.0511,20080326.0,山东,青岛市,3199.0,www.topscomm.com,"主营业务为低压电力线载波通信产品的研发,生产,销售及服务主要产品包括低压电力线载波通信模块(含芯片)类产品,采集终端设备等.",False,C40仪器仪表制造业,证监会行业分类
603429,*ST集友,603429.SH,SSE,主板,安徽,广告包装,20170124,N,徐善水,徐善水,52448.5465,19980915.0,安徽,安庆市,280.0,www.ahjiyou.com.cn,"主要业务:为烟用接装纸,烟用封签纸及电化铝的研发,生产及销售.主要产品:为烟用接装纸,烟用封签纸,电化铝.",True,C23印刷和记录媒介复制业,证监会行业分类
603435,嘉德利,603435.SH,SSE,主板,福建,元器件,20260522,N,黄泽忠,,45916.754,,,,,,,False,C39计算机、通信和其他电子设备制造业,证监会行业分类
603439,三力制药,603439.SH,SSE,主板,贵州,中成药,20200428,H,张海,张千帆,40893.0216,19950922.0,贵州,安顺市,2852.0,www.gz-sanli.com,"主营业务为药品的研发,生产及销售,产品品种主要围绕儿科,呼吸系统科,心脑血管科,消化内科等领域,主要产品为开喉剑喷雾剂(儿童型),开喉剑喷雾剂和强力天麻杜仲胶囊等.",False,C27医药制造业,证监会行业分类
603444,XD吉比特,603444.SH,SSE,主板,福建,互联网,20170104,H,卢竑岩,卢竑岩,7204.1101,20040326.0,福建,厦门市,995.0,www.g-bits.com,"专业从事网络游戏创意策划,研发制作及商业化运营.主要产品为《问道》,《问道外传》,《斗仙》,《乱战》,《精灵守卫战》,《星际防御战》,《十万个女汉子》等多款游戏",False,I64互联网和相关服务,证监会行业分类
603456,九洲药业,603456.SH,SSE,主板,浙江,医疗保健,20141010,H,花莉蓉,梅义将,88944.6028,19980713.0,浙江,台州市,5001.0,www.jiuzhoupharma.com,"公司主要从事化学原料药及医药中间体的研发,生产与销售,主要产品类别包括特色原料药及中间体,专利药原料药及中间体.",False,C27医药制造业,证监会行业分类
603458,勘设股份,603458.SH,SSE,主板,贵州,建筑工程,20170809,N,吕晓舜,吕晓舜,30612.4514,20100430.0,贵州,贵阳市,2375.0,www.gzjtsjy.com,"主营业务为工程咨询与工程承包业务,覆盖公路,市政,建筑,水运等行业.主要产品:勘察设计业务,试验检测业务,工程监理业务,其他工程咨询业务,工程承包业务.",False,M74专业技术服务业,证监会行业分类
603459,红板科技,603459.SH,SSE,主板,江西,元器件,20260408,N,叶森然,叶森然,75375.3588,20051017.0,江西,吉安市,5600.0,www.redboard.com.cn,"公司专注于印制电路板的研发,生产和销售;产品包括HDI板,刚性板,柔性板,刚柔结合板,类载板,IC载板等.",False,C39计算机、通信和其他电子设备制造业,证监会行业分类
603466,风语筑,603466.SH,SSE,主板,上海,文教休闲,20171020,H,李晖,陈礼文,59481.7736,20030812.0,上海,上海市,1492.0,www.fengyuzhu.com,"主营业务包括数字文化展示体验系统的策划,设计,实施和维护服务.",False,R88文化艺术业,证监会行业分类
603477,巨星农牧,603477.SH,SSE,主板,四川,农业综合,20171218,H,岳良泉,唐春祥,51007.0411,20131224.0,四川,乐山市,4430.0,www.juxingnongmu.cn,"主营业务为中高档天然皮革的研发,制造与销售,发行人产品目前主要应用于中高档家私革制造,产品广泛运用于中高档家私,汽车座椅及内饰和鞋面等,在行业内率先建立了家私革,汽车革,鞋面革三大产品线,产品链条完整,能够进行个性化定制,柔性化生产.",False,A03畜牧业,证监会行业分类
603486,科沃斯,603486.SH,SSE,主板,江苏,家用电器,20180528,H,庄建华,庄建华,57892.1963,19980311.0,江苏,苏州市,9069.0,www.ecovacsgroup.com,"主营业务为各类家庭服务机器人,清洁类小家电等智能家用设备及相关零部件的研发,设计,生产与销售,主要产品大致可划分为服务机器人和清洁类小家电等两大模块.",False,C39计算机、通信和其他电子设备制造业,证监会行业分类
603488,展鹏科技,603488.SH,SSE,主板,江苏,运输设备,20170516,N,鲍钺,高杰,29199.044,20010208.0,江苏,无锡市,761.0,www.wxflying.com,"公司主要从事电梯门系统,电梯一体化控制系统,电梯轿厢及门系统配套部件的研发,生产与销售.公司是国内拥有自主变频控制核心技术并较早应用于电梯门系统的企业,经过多年的发展,公司已形成包括电梯门系统,电梯一体化控制系统,电梯轿厢及门系统配套部件在内的多元化电梯配套产品体系,产品广泛应用于载客电梯,载货电梯,特种电梯等各类垂直电梯制造领域.",False,C34通用设备制造业,证监会行业分类
603489,八方股份,603489.SH,SSE,主板,江苏,电气设备,20191111,H,王清华,王清华,23461.7979,20030728.0,江苏,苏州市,903.0,www.bafang-e.com.cn,"电踏车电机及其配套系统的研发,生产,销售和技术服务",False,C38电气机械和器材制造业,证监会行业分类
603496,恒为科技,603496.SH,SSE,主板,上海,IT设备,20170607,H,沈振宇,沈振宇,32020.9243,20030331.0,上海,上海市,612.0,www.embedway.com,"公司一直从事智能系统解决方案的研发,销售与服务,是国内领先的网络可视化基础架构以及嵌入式与融合计算平台提供商之一,致力于为信息安全,无线网络,通信设备,电信增值业务,网络与信令监测,军工,视频等领域提供业界领先的产品和解决方案.主要产品类别有网络可视化基础架构,嵌入式与融合计算平台.",False,C39计算机、通信和其他电子设备制造业,证监会行业分类
603499,翔港科技,603499.SH,SSE,主板,上海,广告包装,20171016,H,董建军,董建军,30259.439,20060830.0,上海,上海市,896.0,www.sunglow-tec.com,"主营业务:主要从事彩盒,标签等相关包装印刷产品的研发,生产和销售,主要为日化,食品生产企业提供全方位的包装印刷服务.主要产品:包装印刷产品主要包括彩盒,标签两大系列.",False,C23印刷和记录媒介复制业,证监会行业分类
603500,祥和实业,603500.SH,SSE,主板,浙江,运输设备,20170904,N,汤啸,汤娇,33279.0246,19971005.0,浙江,台州市,686.0,www.ttxh.com.cn,"主营业务为轨道扣件非金属部件和电子元器件配件的研发,生产和销售,主要产品为高铁扣件非金属部件,铝电解电容器用橡胶塞和底座.",False,C37铁路、船舶、航空航天和其他运输设备制造业,证监会行业分类
603501,豪威集团,603501.SH,SSE,主板,上海,半导体,20170504,H,高文宝,高文宝,126113.1777,20070515.0,上海,上海市,6160.0,www.omnivision-group.com,"主营业务:半导体分立器件和电源管理IC等半导体产品的研发设计,以及被动件(包括电阻,电容,电感等),结构器件,分立器件和IC等半导体产品的分销业务.,公司研发设计的半导体产品主要有分立器件(包括TVS,MOSFET,肖特基二极管等),电源管理IC(包括LDO,DC-DC,LED背光驱动,开关等),直播芯片和射频芯片等,公司代理分销的半导体产品主要有被动件(包括电阻,电容,电感等),结构器件,分立器件和IC等.",False,C39计算机、通信和其他电子设备制造业,证监会行业分类
603505,金石资源,603505.SH,SSE,主板,浙江,化工原料,20170503,H,王锦华,王福良,84166.8813,20010515.0,浙江,杭州市,2205.0,www.chinesekings.com,"公司自设立以来,专注于萤石矿的投资和开发,以及萤石产品的生产和销售.公司主要产品为酸级萤石精粉及高品位萤石块矿,并有部分冶金级萤石精粉及普通萤石原矿.",False,B10非金属矿采选业,证监会行业分类
603506,南都物业,603506.SH,SSE,主板,浙江,房产服务,20180201,N,韩芳,楼俊,18777.7779,19940413.0,浙江,杭州市,8691.0,www.nacityres.com,"主营业务为提供综合物业服务,提供的服务具体分为物业服务与增值服务,其中物业服务包括包干制物业管理服务,酬金制物业管理服务,案场服务和顾问咨询服务;增值服务包括清洁,家政服务,绿化养护,入室维修等服务.",False,K70房地产业,证监会行业分类
603507,振江股份,603507.SH,SSE,主板,江苏,电气设备,20171106,N,胡震,易勋,18430.1307,20040301.0,江苏,无锡市,3868.0,www.zjavim.com,"主营业务为风电设备和光伏设备零部件的设计,加工与销售,主要产品包括机舱罩,转子房等风电设备产品,以及固定/可调式光伏支架,追踪式光伏支架等光伏设备产品.",False,C38电气机械和器材制造业,证监会行业分类
603508,XD思维列,603508.SH,SSE,主板,河南,IT设备,20151224,H,李欣,方伟,38127.4377,19980429.0,河南,郑州市,1115.0,www.hnthinker.com,"主营业务为列车运行控制系统的研发,升级,产业化及技术支持,向客户提供适用于我国铁路复杂运营条件和高负荷运输特点的列车运行控制系统,行车安全监测系统,LKJ安全管理及信息化系统等整体解决方案.主要产品为LKJ系统及机务安防系统,主要包括LKJ2000,TAX装置,LAIS车载设备,6A车载音视频显示终端等产品.",False,C37铁路、船舶、航空航天和其他运输设备制造业,证监会行业分类
603511,爱慕股份,603511.SH,SSE,主板,北京,服饰,20210531,H,张荣明,张荣明,40405.0612,19811013.0,北京,北京市,8060.0,www.aimer.com.cn,"专业从事高品质贴身服饰及其用品的研发,生产与销售.",False,C18纺织服装、服饰业,证监会行业分类
603515,欧普照明,603515.SH,SSE,主板,上海,家用电器,20160819,H,王耀海,马秀慧,74320.7949,20081021.0,上海,上海市,5761.0,www.opple.com.cn,"主营业务:照明光源,灯具,控制类产品的研发,生产和销售;主要产品:家居照明灯具,光源,商业照明灯具,照明控制及其他产品.",False,C38电气机械和器材制造业,证监会行业分类
603516,淳中科技,603516.SH,SSE,主板,北京,IT设备,20180202,H,何仕达,何仕达,20326.8279,20110516.0,北京,北京市,575.0,www.chinargb.com.cn,"国内领先的显控系统设备及解决方案提供商,主要产品分为设备类和平台类两大类,具体包括图像处理设备,矩阵切换设备,信号传输设备及数字视频综合平台,显控协作平台等.",False,C39计算机、通信和其他电子设备制造业,证监会行业分类
603517,ST绝味,603517.SH,SSE,主板,湖南,食品,20170317,N,戴文军,戴文军,60600.1936,20081217.0,湖南,长沙市,5025.0,www.juewei.cn,"主营业务:专注于休闲卤制食品的研发,生产和销售,致力于为消费者提供美味,新鲜,安全,优质的休闲美食.公司休闲卤制食品主要分为两类:一类是以鸭,鸡,猪等禽畜为原料的休闲卤制肉制品;另一类是以毛豆,萝卜,花生等为原料的休闲卤制素食品.",True,C13农副食品加工业,证监会行业分类
603518,锦泓集团,603518.SH,SSE,主板,江苏,服饰,20141203,N,王致勤,王致勤,34535.1984,20030314.0,江苏,南京市,1515.0,www.vgrass.com,"主营业务为高档女装的设计,生产和销售,主要产品为“V·GRASS”品牌梭织服装,针织服装和配饰.",False,C18纺织服装、服饰业,证监会行业分类
603519,立霸股份,603519.SH,SSE,主板,江苏,家用电器,20150319,N,周昊,韦刚,26632.7839,19940119.0,江苏,无锡市,362.0,www.jsliba.com,"主营业务为家电用复合材料的研发,生产和销售.公司主导产品分为覆膜板(VCM)系列和有机涂层板(PCM)系列两大类.",False,C38电气机械和器材制造业,证监会行业分类
603520,司太立,603520.SH,SSE,主板,浙江,化学制药,20160309,N,胡健,沈伟艺,43840.9881,19970915.0,浙江,台州市,1754.0,www.starrypharm.com,"主要产品:X射线造影剂主要产品为碘海醇原料药,喹诺酮类抗菌药主要产品为盐酸左氧氟沙星原料药,左氧氟沙星原料药;主营业务:专业从事X射线造影剂,喹诺酮类抗菌药等药物的原料药及中间体的研发,生产及销售.",False,C27医药制造业,证监会行业分类
603527,众源新材,603527.SH,SSE,主板,安徽,铜,20170907,N,封全虎,陶俊兵,31697.12,20050406.0,安徽,芜湖市,1656.0,www.zyxcl.cn,"主要产品:紫铜带箔材等.主营业务:紫铜带箔材的研发,生产和销售业务.",False,C32有色金属冶炼和压延加工业,证监会行业分类
603528,多伦科技,603528.SH,SSE,主板,江苏,软件服务,20160503,H,章安强,章安强,70593.0131,19951225.0,江苏,南京市,1737.0,www.duoluntech.com,"主营业务为机动车驾驶人智能培训和考试系统,智能交通类产品,驾驶模拟训练系统等的研发,生产和销售;主要产品:机动车驾驶人智能培训和考试系统,城市智能交通管理系统和驾驶模拟训练系统.",False,I65软件和信息技术服务业,证监会行业分类
603529,爱玛科技,603529.SH,SSE,主板,天津,摩托车,20210615,H,张剑,张剑,86789.2982,19990927.0,天津,天津市,9134.0,www.aimatech.com,"主营业务:电动自行车的研发,生产及销售.",False,C37铁路、船舶、航空航天和其他运输设备制造业,证监会行业分类
603530,神马电力,603530.SH,SSE,主板,江苏,电气设备,20190805,H,金玲,张鑫鑫,43168.4575,19960829.0,江苏,南通市,1826.0,www.shemar.com.cn,"电力系统变电站复合外绝缘,输配电线路复合外绝缘和橡胶密封件等产品的研发,生产与销售",False,C38电气机械和器材制造业,证监会行业分类
603533,掌阅科技,603533.SH,SSE,主板,北京,互联网,20170921,H,成湘均,孙凯,43889.6835,20080908.0,北京,北京市,816.0,www.zhangyue.com,"主营业务:互联网数字阅读服务及增值服务业务,以出版社,版权机构,文学网站,作家为正版图书数字内容来源,对数字图书内容进行编辑制作和聚合管理,面向互联网发行数字阅读产品,销售电子书阅读器硬件产品,同时通过自有互联网平台提供游戏联运,广告营销等增值服务.主要产品:数字阅读服务业务,游戏联运业务.",False,I64互联网和相关服务,证监会行业分类
603535,嘉诚国际,603535.SH,SSE,主板,广东,仓储物流,20170808,H,段容文,黄平,51091.8235,20001024.0,广东,广州市,992.0,www.jiacheng88.com,主营业务:为制造业企业提供全程供应链一体化管理的第三方综合物流服务.,False,G59装卸搬运和仓储业,证监会行业分类
603536,惠发食品,603536.SH,SSE,主板,山东,食品,20170613,N,惠增玉,惠增玉,24238.078,20050202.0,山东,潍坊市,1947.0,www.huifafoods.com,"公司主营业务为包括速冻丸类制品,肠类制品,油炸类制品,串类制品等在内的速冻调理肉制品的研发,生产和销售.公司速冻丸类制品主要产品包括牛肉丸,鸡肉丸,鱼丸,四喜丸子等产品,肠类制品包括亲亲肠,桂花肠,腰花肠等产品,油炸类包括鱼豆腐,五福脆,甜不辣等产品,串类制品包括川香鸡柳,骨肉相连等产品.",False,C13农副食品加工业,证监会行业分类
603538,美诺华,603538.SH,SSE,主板,浙江,化学制药,20170407,H,姚成志,姚成志,22048.7848,20040219.0,浙江,宁波市,2472.0,www.menovopharm.com,"主要产品为缬沙坦,氯沙坦,培哚普利,瑞舒伐他汀,阿托伐他汀,氯吡格雷和埃索美拉唑等原料药和中间体.公司目前主要从事特色原料药及医药中间体的研发,生产与销售,其主要类别包括心血管类和肠胃类等药物.",False,C27医药制造业,证监会行业分类
603551,奥普科技,603551.SH,SSE,主板,浙江,家居用品,20200115,N,Fang James,方胜康,38474.265,20040909.0,浙江,杭州市,838.0,www.aupu.net,"主要从事浴霸,集成吊顶等家居产品的研发,生产,销售及相关服务的提供.",False,C38电气机械和器材制造业,证监会行业分类
603556,海兴电力,603556.SH,SSE,主板,浙江,电器仪表,20161110,H,周良璋,张仕权,48626.417,20010706.0,浙江,杭州市,3130.0,www.hxgroup.cn,"主要产品:表计产品,智能用电系统产品,智能配网系统产品等.主营业务:智能电网配用电系统产品的研发,生产和销售.",False,C40仪器仪表制造业,证监会行业分类
603557,*ST起步,603557.SH,SSE,主板,浙江,服饰,20170818,N,郑知慧,郑知慧,62343.6888,20091228.0,浙江,湖州市,215.0,www.abckids.com.cn,"主营业务为童鞋,童装和儿童服饰配饰等的设计,研发,生产和销售.主要产品为儿童皮鞋,运动鞋和布鞋.",True,C19皮革、毛皮、羽毛及其制品和制鞋业,证监会行业分类
603558,健盛集团,603558.SH,SSE,主板,浙江,纺织,20150127,N,张茂义,张茂义,34263.8049,19931206.0,浙江,杭州市,10629.0,www.jasangroup.com,"主营业务为从事各类棉袜的生产及销售.公司产品主要短筒袜,中筒袜,长筒袜,连裤袜等棉袜产品,除生产常规棉袜以外,还生产各类体育用袜,如高尔夫袜,滑雪袜,网球袜,跑步袜等;同时生产多种特殊功能袜,如双罗口袜,紧身袜,竹纤维袜,红外线保暖袜,抗菌防臭袜等.",False,C18纺织服装、服饰业,证监会行业分类
603559,ST通脉,603559.SH,SSE,主板,吉林,通信设备,20161202,N,李学刚,李学刚,40127.6979,19860626.0,吉林,长春市,409.0,www.ztgmcom.com,"主营业务:专注于通信技术服务主业,致力于为基础电信运营商和通信设备商提供涵盖核心网,传输网和接入网等全网络层次的通信网络工程和维护综合技术服务.主要服务:通信网络技术服务.通信技术服务主要包括通信网络工程服务和通信网络维护服务两大类型.",True,I63电信、广播电视和卫星传输服务,证监会行业分类
603565,中谷物流,603565.SH,SSE,主板,上海,水运,20200925,H,李永华,李永华,210006.3103,20100305.0,上海,上海市,1532.0,www.zhonggu56.com,"为客户提供定制化,高性价比的“门到门”全程集装箱物流解决方案.",False,G55水上运输业,证监会行业分类
603566,普莱柯,603566.SH,SSE,主板,河南,农业综合,20150518,H,胡伟,胡伟,34606.2273,20020622.0,河南,洛阳市,1551.0,www.pulike.com.cn,"公司产品包括兽用生物制品和兽用化学药品等.公司主要业务为于兽用药品的研发,生产和销售.",False,C27医药制造业,证监会行业分类
603567,珍宝岛,603567.SH,SSE,主板,黑龙江,中成药,20150424,H,闫久江,闫久江,94099.6515,19961028.0,黑龙江,鸡西市,2349.0,www.zbdzy.com,"主营业务:主要从事中药制剂的原材料种植,产品生产和销售,主要产品:目前已基本形成“以中药为主,西药为辅;以注射剂为主,其它剂型为辅;以心脑血管类为主,其它类为辅”的产品格局.主要产品包括注射用血塞通,血塞通注射液,血栓通胶囊,舒血宁注射液,复方芩兰口服液,注射用骨肽等产品.",False,C27医药制造业,证监会行业分类
603568,伟明环保,603568.SH,SSE,主板,浙江,环境保护,20150528,H,项光明,项光明,171012.8059,20011229.0,浙江,温州市,4198.0,www.cnweiming.com,"主营业务;公司一直专注于城市生活垃圾焚烧发电业务,拥有突出的项目投资,建设和运营业绩,以及领先的焚烧炉排炉,烟气处理系统等关键设备的自主研制能力.",False,N77生态保护和环境治理业,证监会行业分类
603569,长久物流,603569.SH,SSE,主板,北京,公路,20160810,H,薄世久,闫超,60350.7251,20030910.0,北京,北京市,1186.0,www.changjiulogistics.com,"主营业务:主要从事整车运输物流服务,主要服务内容:以整车运输业务为核心,为客户提供包括乘用车运输,商用车运输,整车仓储,零部件采购物流,售后备品物流等在内的全方面的汽车物流服务.",False,G54道路运输业,证监会行业分类
603577,汇金通,603577.SH,SSE,主板,山东,电气设备,20161222,N,金志健,金志健,33913.91,20040406.0,山东,青岛市,3340.0,www.hjttower.com,"主营业务:专注于输电线路铁塔的研发,设计,生产和销售.主营产品为输电线路铁塔.",False,C33金属制品业,证监会行业分类
603578,三星新材,603578.SH,SSE,主板,浙江,家用电器,20170306,N,仝小飞,金璐,23406.0564,19990624.0,浙江,湖州市,1713.0,www.sxslhg.com,"主要从事各类低温储藏设备玻璃门体及深加工玻璃产品的设计,研发,生产与销售.",False,C30非金属矿物制品业,证监会行业分类
603579,荣泰健康,603579.SH,SSE,主板,上海,家用电器,20170111,H,林琪,林琪,20105.2364,20021115.0,上海,上海市,1056.0,www.rotai.com,"主要产品为按摩椅及按摩小电器.主要业务按摩器具的设计,研发,生产,销售.",False,C38电气机械和器材制造业,证监会行业分类
603580,*ST艾艾,603580.SH,SSE,主板,上海,塑料,20170525,N,涂国圣,涂国圣,13067.32,19970408.0,上海,上海市,261.0,www.aabelt.com.cn,"轻型输送带的研发,生产及销售",True,C29橡胶和塑料制品业,证监会行业分类
603583,捷昌驱动,603583.SH,SSE,主板,浙江,电气设备,20180921,H,胡仁昌,陆小健,38577.0955,20100430.0,浙江,绍兴市,4737.0,www.jiecang.com,"自成立以来,公司主要从事线性驱动系统的研发,生产和销售业务.主要产品按应用领域可分为医疗康护驱动系统,智慧办公驱动系统及智能家居控制系统等.",False,C38电气机械和器材制造业,证监会行业分类
603585,苏利股份,603585.SH,SSE,主板,江苏,农药化肥,20161214,N,汪静莉,汪静莉,18973.595,19941222.0,江苏,无锡市,1825.0,www.suli.com,"主营业务为农药,阻燃剂及其他精细化工产品的研发,生产和销售,主要产品为百菌清原药,嘧菌酯原药及农药制剂,十溴二苯乙烷及溴氢酸等产品.",False,C26化学原料和化学制品制造业,证监会行业分类
603586,金麒麟,603586.SH,SSE,主板,山东,汽车配件,20170406,N,孙鹏,孙鹏,19605.278,19990810.0,山东,德州市,2874.0,www.chinabrake.com,"公司主要从事摩擦材料及制动产品的研发,生产和销售,报告期内公司的产品主要应用于汽车制动部件,主要产品为汽车刹车片(也称制动片或制动衬片).",False,C36汽车制造业,证监会行业分类
603587,地素时尚,603587.SH,SSE,主板,上海,服饰,20180622,H,马瑞敏,马瑞敏,47409.2787,20020523.0,上海,上海市,692.0,www.dazzle-fashion.com,"主营业务为中高端品牌女装相关的设计,推广以及销售.主要产品覆盖了女装领域的各类产品.",False,C18纺织服装、服饰业,证监会行业分类
603588,高能环境,603588.SH,SSE,主板,北京,环境保护,20141229,H,凌锦明,凌锦明,152323.4457,19920828.0,北京,北京市,4834.0,www.bgechina.cn,"主营业务:公司从事固体废物污染防治技术研究和应用.通过对各类生态屏障体系和污染治理系统的构建和实施,致力于在垃圾处理,矿山能源,煤化工,石油化工,水利生态和环境修复等领域提供固体废物污染防治系统解决方案和工程承包服务.主要产品:是生态屏障系统,是指依据环境污染防治标准和要求,利用生态屏障技术,通过研究分析工程地质情况,构筑物规模与功能,材料兼容性,污染物及污染特性等因素,并综合考虑施工条件和系统运行条件,选择专用材料和设备而构建的适合不同工程要求的污染防治系统.",False,N77生态保护和环境治理业,证监会行业分类
603589,口子窖,603589.SH,SSE,主板,安徽,白酒,20150629,H,徐进,徐进,59811.9472,20021226.0,安徽,淮北市,4471.0,www.kouzi.com,"主营业务:公司自设立以来主要从事白酒的生产和销售.主要产品:公司生产的口子系列白酒是目前国内兼香型白酒的代表品牌.公司生产和销售口子窖,老口子,口子坊,口子酒等系列品牌产品,以充分满足各类型客户的需要.",False,C15酒、饮料和精制茶制造业,证监会行业分类
603590,康辰药业,603590.SH,SSE,主板,北京,生物制药,20180827,H,刘建华,牛战旗,15901.0477,20030903.0,北京,北京市,668.0,www.konruns.cn,"以创新药研发为核心,以临床需求为导向,集研发,生产和销售于一体的创新型制药企业.目前公司在产产品和在研产品主要专注于血液,肿瘤等市场空间较大的领域.",False,C27医药制造业,证监会行业分类
603595,ST东尼,603595.SH,SSE,主板,浙江,元器件,20170712,N,沈晓宇,沈晓宇,23244.2326,20080125.0,浙江,湖州市,2234.0,www.tonytech.com,"主营业务:公司专注于超微细合金线材及其他金属基复合材料的应用研发,生产与销售.主要产品:公司的主要产品为超微细导体,复膜线等电子线材,并在传统切割钢线的基础上实现了超细金刚石切割线的应用研发,产品类型不断丰富并逐步向高附加值的新兴领域扩展.公司超微细导体,复膜线广泛应用于消费电子,新能源汽车,医疗器械以及智能机器人等领域;金刚石切割线则主要应用于硅和蓝宝石等硬脆材料切割领域.",True,C39计算机、通信和其他电子设备制造业,证监会行业分类
603596,伯特利,603596.SH,SSE,主板,安徽,汽车配件,20180427,H,袁永彬,袁永彬,60651.2435,20040625.0,安徽,芜湖市,6358.0,www.btl-auto.com,"公司的主要产品分基础的机械制动产品和高端的电控制动产品两大类,前者主要包括盘式制动器,轻量化制动零部件及真空助力器;后者主要包括电子驻车系统(EPB),制动防抱死系统(ABS)及电子稳定控制系统(ESC)..公司的主营业务是汽车制动系统相关产品的研发,生产和销售,同时具备基础的机械制动系统产品和高端的电控制动系统产品的自主正向开发能力.",False,C36汽车制造业,证监会行业分类
603598,引力传媒,603598.SH,SSE,主板,北京,互联网,20150527,N,罗衍记,潘欣欣,26968.29,20050810.0,北京,北京市,743.0,www.yinlimedia.com,"主营业务:公司的主营业务是对市场与媒体进行研究,为客户提供以电视及互联网媒体为主的传播策略与媒介代理服务,以及数据策略与咨询,内容营销,互联网公关,品牌管理等专项广告服务.",False,L72商务服务业,证监会行业分类
603599,广信股份,603599.SH,SSE,主板,安徽,农药化肥,20150513,H,黄金祥,黄金祥,91026.9345,20000315.0,安徽,宣城市,2015.0,www.chinaguangxin.com,"主要从事以光气为原料的农药原药,制剂及精细化工中间体的研发,生产与销售,主营产品包括多菌灵,甲基硫菌灵等杀菌剂,敌草隆,草甘膦等除草剂以及氨基甲酸甲酯,异氰酸酯等精细化工中间体.",False,C26化学原料和化学制品制造业,证监会行业分类
603600,永艺股份,603600.SH,SSE,主板,浙江,家居用品,20150123,N,张加勇,张加勇,33043.317,20010427.0,浙江,湖州市,7913.0,www.uechairs.cn,"公司是一家专业的座椅生产企业,主要从事办公椅和按摩椅椅身研发,设计,生产和销售,并经营部分功能座椅配件及沙发业务.公司产品包括办公椅,按摩椅椅身,功能座椅配件和沙发.",False,C21家具制造业,证监会行业分类
603601,再升科技,603601.SH,SSE,主板,重庆,玻璃,20150122,N,郭茂,刘秀琴,114234.0971,20070628.0,重庆,重庆市,1341.0,www.cqzskj.com,"主营业务;公司的主营业务为微纤维玻璃棉及其制品的研发,生产和销售.主要产品:包括微纤维玻璃棉,玻璃纤维滤纸,真空绝热板(简称“VIP”)芯材.",False,C30非金属矿物制品业,证监会行业分类
603602,纵横通信,603602.SH,SSE,主板,浙江,通信设备,20170810,N,苏维锋,吴海涛,23105.7494,20061228.0,浙江,杭州市,826.0,www.freelynet.com,"主营业务:为中国移动,中国电信,中国联通,铁塔公司等业内主要客户服务,针对大型公共设施,通信基站,住宅和商业建筑,交通网络等多种物理建筑及通信设施,提供移动通信技术和无线互联技术的系统解决方案和组网应用服务.主要产品:通信网络建设服务,通信网络代维服务,系统解决方案及质量控制系统,业务的地区分布与客户资源,",False,I65软件和信息技术服务业,证监会行业分类
603605,珀莱雅,603605.SH,SSE,主板,浙江,日用化工,20171115,H,侯军呈,侯亚孟,39597.6008,20060524.0,浙江,杭州市,3394.0,www.proya-group.com,"主要业务:公司自设立以来专注于化妆品的研发,生产和销售.主要产品:公司主品牌“珀莱雅”,旗下包括“早晚水漾系列”,“肌密系列”,“深海致臻系列”,“海洋防晒系列”等多个系列多款产品.",False,C26化学原料和化学制品制造业,证监会行业分类
603606,东方电缆,603606.SH,SSE,主板,浙江,电气设备,20141015,H,夏崇耀,夏峰,68771.5368,19981022.0,浙江,宁波市,1803.0,www.orientcable.com,"各种电线电缆的研发,生产,销售及其服务.主导产品为海缆,电力电缆和电气装备用电线电缆,主要包括220kV及以下交联电缆(交联海底电缆,光电复合交联海底电缆,高中低压电力电缆),核电站用电缆,轨道交通用电线电缆,通信电缆等,其中以海缆,高压电力电缆为公司业务发展重点.",False,C38电气机械和器材制造业,证监会行业分类
603607,京华激光,603607.SH,SSE,主板,浙江,造纸,20171025,N,孙建成,谢高翔,17851.68,19921008.0,浙江,绍兴市,660.0,www.sx-jhjg.com,"主营业务:专业从事激光全息模压制品制造,销售及技术开发,主要产品包括全息防伪膜和全息防伪纸.",False,C22造纸和纸制品业,证监会行业分类
603608,天创时尚,603608.SH,SSE,主板,广东,服饰,20160218,N,李林,李林,41973.6181,20040409.0,广东,广州市,3422.0,www.topscore.com.cn,"主要从事时尚女皮鞋的研发,生产,分销及零售业务,致力于为女性消费者提供时尚,舒适的鞋履产品和服务.主要女鞋品牌有:“KISSCAT”品牌,“ZsaZsaZsu”品牌,“tigrisso”品牌,“KissKitty”品牌,“Patricia”品牌",False,C19皮革、毛皮、羽毛及其制品和制鞋业,证监会行业分类
603609,禾丰股份,603609.SH,SSE,主板,辽宁,饲料,20140808,H,金卫东,邱嘉辉,90829.1133,20030327.0,辽宁,沈阳市,9167.0,www.wellhope-ag.com,"饲料业务,原料贸易,屠宰加工,相关业务,其中饲料业务是主要业务.本公司饲料产品主要包括猪饲料,禽饲料,反刍料,水产料等.",False,C13农副食品加工业,证监会行业分类
603610,麒盛科技,603610.SH,SSE,主板,浙江,家居用品,20191029,H,黄小卫,黄小卫,35299.1621,20051019.0,浙江,嘉兴市,2953.0,www.keeson.com,"主营业务:主要从事智能电动床及配套产品研发,设计,生产与销售,主要产品为智能电动床,床垫,配件及其他.",False,C21家具制造业,证监会行业分类
603611,诺力股份,603611.SH,SSE,主板,浙江,专用机械,20150128,H,丁毅,毛英,25760.0791,20000303.0,浙江,湖州市,4698.0,www.noblelift.com,"公司主要从事轻小型搬运车辆及电动仓储车辆的研发,生产和销售,主营业务归属于工业车辆行业,主要产品为轻小型搬运车辆,电动步行式仓储车辆和电动乘驾式叉车.",False,C34通用设备制造业,证监会行业分类
603612,索通发展,603612.SH,SSE,主板,山东,矿物制品,20170718,H,郎静,郎静,49810.4459,20030827.0,山东,德州市,5591.0,www.sun-stone.com,"主营业务:预焙阳极的研发,生产及销售业务;,主要产品为预焙阳极.",False,C30非金属矿物制品业,证监会行业分类
603613,国联股份,603613.SH,SSE,主板,北京,互联网,20190730,H,钱晓钧,钱晓钧,72053.7813,20020906.0,北京,北京市,1389.0,www.ueiibi.com,"主营业务:B2B电子商务;主要产品和服务:公司以B2B电子商务业务为主,公司定位于B2B综合服务平台,以工业电子商务为基础,以互联网数据为支撑,为相关行业客户提供工业品和原材料的网上商品交易,商业信息服务和互联网技术服务.1,网上商品交易业务——通过涂多多,卫多多,玻多多三个B2B垂直电商平台为涂料化工,卫生用品,玻璃等产业链的注册企业提供自营电商,第三方电商和SaaS服务.2,商业信息服务——通过国联资源网为各行业客户提供基于互联网,线上线下结合的网站会员,行业会展,资讯等商业信息服务.3,互联网技术服务—为客户提供基于“互联网+”的全网总体设计,平台建设,系统开发,咨询培训和电子商务工程等专业服务;帮助传统品牌企业运营其在天猫,京东的网上店铺",False,I64互联网和相关服务,证监会行业分类
603615,茶花股份,603615.SH,SSE,主板,福建,家居用品,20170213,H,陈葵生,陈友梅,24182.0,19970303.0,福建,福州市,998.0,www.chahuajj.com,"公司的主营业务为日用塑料制品为主的家居用品的研发,生产及销售.公司产品生产工艺主要有注塑(吹塑),吹膜和布艺加工三大类.",False,C29橡胶和塑料制品业,证监会行业分类
603616,韩建河山,603616.SH,SSE,主板,北京,水泥,20150611,N,田玉波,田玉波,39131.8,20040707.0,北京,北京市,340.0,www.hjhsgy.com,"主要从事预应力钢筒混凝土管(PCCP),钢筋混凝土排水管(RCP)和商品混凝土的研发,生产与销售.发行人的主导产品为预应力钢筒混凝土管.",False,C30非金属矿物制品业,证监会行业分类
603617,君禾股份,603617.SH,SSE,主板,浙江,机械基件,20170703,N,张阿华,张君波,38981.1337,20030430.0,浙江,宁波市,1107.0,www.junhepumps.com,"主要产品:潜水泵,花园泵,喷泉泵及深井泵等四大系列;主营业务:潜水泵,花园泵,深井泵,喷泉泵等家用水泵产品及其配件的研发,设计,制造和销售.",False,C34通用设备制造业,证监会行业分类
603618,杭电股份,603618.SH,SSE,主板,浙江,电气设备,20150217,H,华建飞,倪益剑,69137.5616,20020417.0,浙江,杭州市,2019.0,www.hzcables.com,"主营业务:公司专业从事电线电缆的研发,生产,销售和服务,主要产品:包括110kV,220kV高压超高压交联电力电缆,66kV,35kV及以下中低压交联电力电缆,轨道交通电缆,风电电缆,矿用电缆等特种电缆,以及钢芯铝绞线,铝合金导线,铝包钢导线等导线产品.",False,C38电气机械和器材制造业,证监会行业分类
603619,中曼石油,603619.SH,SSE,主板,上海,石油开采,20171117,H,李春第,李世光,46233.8461,20030613.0,上海,上海市,2799.0,www.zpec.com,"以钻井工程服务为核心业务,并带动钻机装备制造业务协调同步发展.钻井工程服务内容包括:工程服务方案的设计,原材料和设备的采购,运输以及安装调试,工程的施工以及工程的综合管理.钻机装备制造业务包括设备的研发,设计以及生产,主要产品包括成套钻机设备以及钻机核心部件.",False,B07石油和天然气开采业,证监会行业分类
603626,科森科技,603626.SH,SSE,主板,江苏,元器件,20170209,H,徐金根,徐金根,55487.969,20101201.0,江苏,苏州市,4924.0,www.kersentech.com,"主营业务:从事精密金属制造服务的高新技术企业,以产品研发,模具研发和工艺流程设计为核心,以精密冲压和精密切削等制造技术为基础,为客户提供手机及平板电脑结构件,医疗手术器械结构件,光伏产品结构件等精密金属结构件.公司生产的产品主要应用于通信设备,微型计算机,医疗器械,新能源,汽车,数字视听等领域.",False,C33金属制品业,证监会行业分类
603628,清源股份,603628.SH,SSE,主板,福建,电气设备,20170112,N,HONG DANIEL,HONG DANIEL,27310.4351,20070831.0,福建,厦门市,850.0,www.clenergy.com.cn,"光伏电站开发及建设业务的主要产品或服务包括:光伏电站工程服务,光伏电站转让和光伏电站发电;光伏支架业务的主要产品为:地面光伏支架和屋顶光伏支架产品;光伏电力电子主要产品包括:光伏并网逆变器,光伏汇流箱等.主营业务:光伏电站的开发及建设;光伏支架的研发,设计,生产和销售;光伏电力电子产品的研发,生产和销售.",False,C38电气机械和器材制造业,证监会行业分类
603629,利通电子,603629.SH,SSE,主板,江苏,元器件,20181224,H,邵树伟,李强,26232.0,19801125.0,江苏,无锡市,1072.0,www.lettall.com,"主营业务为应用于液晶电视等液晶显示领域的精密金属结构件,电子元器件的设计,生产,销售,主要产品包括液晶电视精密金属冲压结构件,底座,模具及电子元器件等.",False,C33金属制品业,证监会行业分类
603630,拉芳家化,603630.SH,SSE,主板,广东,日用化工,20170313,H,吴桂谦,吴桂谦,22520.458,20011214.0,广东,汕头市,1073.0,www.laf.cn,"公司主要从事日用化学产品的研发,生产与销售业务,主要产品包括洗发水,护发素,沐浴露,香皂,膏霜等洗护产品.",False,C26化学原料和化学制品制造业,证监会行业分类
603633,徕木股份,603633.SH,SSE,主板,上海,汽车配件,20161117,N,朱新爱,朱新爱,42681.0818,20030312.0,上海,上海市,2179.0,www.laimu.com.cn,"主营业务:从事以连接器,屏蔽罩为主的精密电子元件的研发,生产和销售.主要产品为以精密连接器和屏蔽罩为主的精密电子元件,同时也生产结构件产品,主要应用在手机和汽车领域.",False,C39计算机、通信和其他电子设备制造业,证监会行业分类
603636,南威软件,603636.SH,SSE,主板,福建,软件服务,20141230,H,吴志雄,徐春梅,58036.0523,20021018.0,福建,泉州市,1987.0,www.linewell.com,"主要从事电子政务的软件开发,系统集成及技术服务,并以解决方案的方式向政务部门提供上述全部或部分业务.",False,I65软件和信息技术服务业,证监会行业分类
603637,镇海股份,603637.SH,SSE,主板,浙江,建筑工程,20170208,N,戚元庆,戚元庆,23868.5877,19940630.0,浙江,宁波市,387.0,www.izpec.com,"主要产品:工程总承包业务,工程设计,工程咨询业务.主营业务是为石油,化工行业提供规划咨询,工程设计,工程总承包及工程管理,造价咨询等服务.",False,E48土木工程建筑业,证监会行业分类
603638,艾迪精密,603638.SH,SSE,主板,山东,专用机械,20170120,H,宋飞,宋飞,83108.881,20030806.0,山东,烟台市,3149.0,www.cceddie.com,"主要产品:液压破拆属具和液压件等液压产品.主要业务:液压技术的研究及液压产品的开发,生产和销售.",False,C35专用设备制造业,证监会行业分类
603639,海利尔,603639.SH,SSE,主板,山东,农药化肥,20170112,H,葛家成,葛家成,34964.8236,19991201.0,山东,青岛市,3341.0,www.hailir.cn,"主营业务为农药制剂,原药及中间体的研发,生产和销售.产品以农药制剂为主,同时具备相应的农药原药及中间体的生产能力.",False,C26化学原料和化学制品制造业,证监会行业分类
603648,畅联股份,603648.SH,SSE,主板,上海,仓储物流,20170913,N,徐峰,徐峰,36241.28,20010522.0,上海,上海市,1594.0,www.chinaslc.com,主营业务:为国际跨国企业提供精益供应链管理服务.主要产品:供应链物流和供应链贸易.,False,L72商务服务业,证监会行业分类
603650,彤程新材,603650.SH,SSE,主板,上海,化工原料,20180627,H,Zhang Ning,丁林,61608.297,20080604.0,上海,上海市,1218.0,www.rachem.com,"主营业务:主要从事精细化工材料的研发,生产,销售和相关贸易业务.主要产品是服务于轮胎橡胶行业的高新技术产品,主要为橡胶用酚醛树脂,包括增粘树脂,补强树脂,粘合树脂等.",False,C26化学原料和化学制品制造业,证监会行业分类
603655,朗博科技,603655.SH,SSE,主板,江苏,汽车配件,20171229,N,戚淦超,戚淦超,10600.0,20050205.0,江苏,常州市,498.0,www.jmp-seal.com,"汽车用橡胶零部件的研发,生产和销售,主要产品包括车用O型圈,轴封,轮毂组件等产品,产品主要用于汽车空调系统.",False,C29橡胶和塑料制品业,证监会行业分类
603656,泰禾智能,603656.SH,SSE,主板,安徽,专用机械,20170321,N,张许成,孙伟,18294.5358,20041210.0,安徽,合肥市,807.0,www.chinataiho.com,"主要产品:智能检测设备以及工业机器人及自动化成套设备.主营业务:于智能检测设备以及工业机器人及自动化成套设备的研发,生产以及销售.",False,C35专用设备制造业,证监会行业分类
603657,春光科技,603657.SH,SSE,主板,浙江,家用电器,20180730,N,陈正明,陈凯,13519.005,20000711.0,浙江,金华市,3245.0,www.chinacgh.com,"公司主要从事清洁电器软管及配件产品的研发,生产和销售,通过在原料开发,结构方案设计,专用设备研制,模具开发,产品供应,售后服务等方面形成的完善服务体系,致力于为清洁电器制造商提供多元化,系统化,定制化的软管及配件集成解决方案.公司已形成以软管为主,配件为辅的产品体系,其中软管产品主要包括伸缩软管,挤出软管,吹塑软管,吸塑软管和复合缠绕软管等五大类,配件产品主要包括水箱,卷线器,地刷,弯管,水袋,接头和手柄等.此外,接头,手柄,手柄下连接管等配件可与软管组成整套的软管组件系列产品.",False,C29橡胶和塑料制品业,证监会行业分类
603658,安图生物,603658.SH,SSE,主板,河南,医疗保健,20160901,H,杨增利,杨增利,57142.4768,19990915.0,河南,郑州市,5773.0,www.autobio.com.cn,"主营业务:专业从事体外诊断试剂及仪器的研发,生产和销售,形成了以免疫诊断产品为主,微生物检测产品特色发展的格局.主要产品有:免疫诊断产品,微生物检测产品,仪器.",False,C27医药制造业,证监会行业分类
603659,璞泰来,603659.SH,SSE,主板,上海,化工原料,20171103,H,梁丰,陈卫,213639.9076,20121106.0,上海,上海市,13775.0,www.putailai.com,"主要业务:锂离子电池负极材料,自动化涂布机,涂覆隔膜,铝塑包装膜,纳米氧化铝等关键材料及工艺设备研发,生产和销售,为下游客户提供专业性,高品质的新能源锂离子电池材料及专业工艺设备综合解决方案,通过渠道共享,研发合作,工艺配套等实现了关键业务价值链的产业协同.主要产品:锂离子电池主要原材料,涂布机属于锂离子电池关键生产装备,铝塑包装膜属于聚合物软包锂离子电池关键辅助材料.",False,C39计算机、通信和其他电子设备制造业,证监会行业分类
603660,苏州科达,603660.SH,SSE,主板,江苏,IT设备,20161201,N,陈冬根,陈冬根,57578.6046,20040610.0,江苏,苏州市,3601.0,www.kedacom.com,"主营业务:网络视讯系统技术的研发,产品的生产和销售;主要产品:视频会议系统和视频监控系统.",False,C39计算机、通信和其他电子设备制造业,证监会行业分类
603661,恒林股份,603661.SH,SSE,主板,浙江,家居用品,20171121,H,王江林,王江林,13906.7031,19980403.0,浙江,湖州市,10509.0,www.henglin.com,"办公椅,沙发,按摩椅及配件的研发,生产与销售,健康坐具产品包括办公椅,沙发和按摩椅.",False,C21家具制造业,证监会行业分类
603662,柯力传感,603662.SH,SSE,主板,浙江,电器仪表,20190806,H,柯建东,柯建东,28082.9868,20021230.0,浙江,宁波市,2723.0,www.kelichina.com,"公司主营业务为研制,生产和销售应变式传感器(其中主要为应变式称重传感器),仪表等元器件,提供系统集成及干粉砂浆第三方系统服务.公司近年来对上述产品进行物联网化升级,推出称重物联网适用元器件,软件及系统集成产品",False,C39计算机、通信和其他电子设备制造业,证监会行业分类
603663,三祥新材,603663.SH,SSE,主板,福建,小金属,20160801,H,夏鹏,夏瑞祺,42329.975,19910824.0,福建,宁德市,1055.0,www.fjsx.com,"主营业务:一直专注于电熔氧化锆,铸造改性材料等工业新材料的研发,生产和销售.公司主要产品一直是电熔氧化锆产品与铸造改性材料系列产品.",False,C30非金属矿物制品业,证监会行业分类
603665,康隆达,603665.SH,SSE,主板,浙江,服饰,20170313,N,张家地,张家地,16111.1057,20061229.0,浙江,绍兴市,3731.0,www.kanglongda.com.cn,"公司致力于为客户提供全方位的手部劳动防护解决方案.产品品类以耐磨手套,抗切割手套,抗撕裂手套,抗冲撞手套,防化手套,防静电手套,耐热耐寒手套等功能性劳动防护手套为主.",False,C17纺织业,证监会行业分类
603666,亿嘉和,603666.SH,SSE,主板,江苏,专用机械,20180612,H,汪超,汪超,20553.042,19990406.0,江苏,南京市,479.0,www.yijiahe.com,主要业务:以数据采集处理为核心的巡检机器人产品和智能化服务.,False,C34通用设备制造业,证监会行业分类
603667,五洲新春,603667.SH,SSE,主板,浙江,机械基件,20161025,H,张峰,张峰,36620.277,19991112.0,浙江,绍兴市,4994.0,www.xcc-zxz.com,"主营业务:轴承套圈和成品轴承的研发,生产和销售;主要产品:轴承套圈和成品轴承..",False,C34通用设备制造业,证监会行业分类
603668,天马科技,603668.SH,SSE,主板,福建,饲料,20170117,H,陈庆堂,陈庆堂,50579.6732,20051213.0,福建,福州市,2100.0,www.jolma.cn,"主营业务:专业从事特种水产配合饲料研发,生产,销售.公司产品涵盖鳗鲡料,鳖料系列,海水鱼料系列(含石斑鱼,大黄鱼,鲆鲽鳎等),淡水品种料系列(含鲟鱼,龟,黄颡鱼,黄鳝等),虾料系列及种苗料系列5大系列.",False,C13农副食品加工业,证监会行业分类
603669,灵康药业,603669.SH,SSE,主板,西藏,化学制药,20150528,N,陶灵萍,陶小刚,72124.6136,20031224.0,西藏,山南市,436.0,www.lingkang.com.cn,"主营业务;主要从事化药处方药的研发,生产和销售.主要产品:集中在肠外营养类,抗感染类以及消化系统类三大药品领域.",False,C27医药制造业,证监会行业分类
603676,卫信康,603676.SH,SSE,主板,西藏,化学制药,20170721,H,刘伟强,刘伟强,43516.15,20060317.0,西藏,拉萨市,689.0,www.wxkpharma.com,"主营业务:化学药品制剂及其原料药的研发,生产,销售.主要产品:静脉维生素补充剂,静脉电解质补充剂,静脉补铁剂,护肝类用药,抗生素类产品.",False,C27医药制造业,证监会行业分类
603677,奇精机械,603677.SH,SSE,主板,浙江,家用电器,20170206,N,梅旭辉,汪伟东,19260.0865,19961129.0,浙江,宁波市,2807.0,www.qijing-m.com,"主要产品:洗衣机离合器等家电零部件.主营业务:洗衣机离合器等家电零部件,电动工具零部件的研发,设计,生产与销售.",False,C38电气机械和器材制造业,证监会行业分类
603678,火炬电子,603678.SH,SSE,主板,福建,元器件,20150126,H,蔡劲军,蔡劲军,47556.6631,20071220.0,福建,泉州市,3083.0,www.torch.cn,"公司主要从事电容器及相关产品的研发,生产,销售,检测及服务业务,其主营业务包括自产业务和代理业务.主要产品包括片式多层陶瓷电容器(业界常指MLCC),引线式多层陶瓷电容器以及多芯组陶瓷电容器.",False,C39计算机、通信和其他电子设备制造业,证监会行业分类
603679,华体科技,603679.SH,SSE,主板,四川,电气设备,20170621,N,梁熹,梁熹,17768.6217,20040521.0,四川,成都市,729.0,www.huaticn.com,"公司是城市照明综合服务提供商,专注于城市照明领域的方案规划设计,产品研发制造,工程项目安装和运行管理维护服务,并致力于成为城市文化照明和绿色照明的领导者.公司现拥有一套包括前期咨询,照明方案规划设计,技术支持,产品研发制造,工程项目安装,合同能源管理和照明运行管理维护服务的高质量,个性化技术服务链,致力于为客户提供全过程的城市照明服务.",False,C38电气机械和器材制造业,证监会行业分类
603680,今创集团,603680.SH,SSE,主板,江苏,运输设备,20180227,H,俞金坤,戈建鸣,78371.8767,20030326.0,江苏,常州市,7183.0,www.ktk.com.cn,"轨道交通车辆配套产品的研发,生产,销售及服务,主要产品包括车辆内装产品和设备产品",False,C37铁路、船舶、航空航天和其他运输设备制造业,证监会行业分类
603681,永冠新材,603681.SH,SSE,主板,上海,化工原料,20190326,N,吕新民,吕新民,22018.0693,20020128.0,上海,上海市,4028.0,www.ygtape.com,"主营业务为各类胶带产品的研发,生产和销售,主要产品为民用型布基胶带,美纹纸胶带,清洁胶带,PVC胶带,OPP胶带,牛皮纸胶带等.",False,C26化学原料和化学制品制造业,证监会行业分类
603682,锦和商管,603682.SH,SSE,主板,上海,房产服务,20200421,N,郁敏珺,郁敏珺,47250.0,20070509.0,上海,上海市,474.0,www.iyuejie.com,"主营业务是产业园区,创意产业园区的定位设计,改造和运营管理.",False,L72商务服务业,证监会行业分类
603683,晶华新材,603683.SH,SSE,主板,上海,化工原料,20171020,H,周晓南,周晓南,29116.9857,20060419.0,上海,上海市,1629.0,www.smithcn.com,"主营业务:从事各类胶粘材料的研发,生产及销售,产品涵盖美纹纸胶粘带,布基胶粘带,电子胶粘带等各类产品.",False,C26化学原料和化学制品制造业,证监会行业分类
603685,晨丰科技,603685.SH,SSE,主板,浙江,电气设备,20171127,N,丁闵,丁闵,25095.0568,20010108.0,浙江,嘉兴市,1300.0,www.cnlampholder.com,"主营业务:主要从事照明产品结构组件的研发,生产和销售,主要产品包括灯头类产品,LED灯泡散热器,灯具金属件及其他产品.",False,C38电气机械和器材制造业,证监会行业分类
603686,福龙马,603686.SH,SSE,主板,福建,环境保护,20150126,H,张西泠,张西泠,41543.0404,20071221.0,福建,龙岩市,50642.0,www.fjlm.com.cn,"主要业务:环卫清洁装备,垃圾收转装备,新能源及清洁能源环卫装备等环卫装备的研发,生产与销售以及环卫产业运营服务.",False,N78公共设施管理业,证监会行业分类
603687,大胜达,603687.SH,SSE,主板,浙江,广告包装,20190726,N,方聪艺,方聪艺,55003.1864,20041122.0,浙江,杭州市,2683.0,www.sdpack.cn,"主营业务:研发,生产,印刷和销售瓦楞纸箱,纸板",False,C22造纸和纸制品业,证监会行业分类
603688,石英股份,603688.SH,SSE,主板,江苏,矿物制品,20141031,H,陈士斌,陈士斌,54167.8289,19990423.0,江苏,连云港市,1815.0,www.quartzpacific.com,"主营业务为石英制品的生产,研发及销售;主要产品为中高端石英管,石英棒,高纯石英砂以及包括石英坩埚在内的其他石英制品.",False,C30非金属矿物制品业,证监会行业分类
603689,皖天然气,603689.SH,SSE,主板,安徽,供气供热,20170110,N,吴海,陶青福,52581.2758,20030214.0,安徽,合肥市,1181.0,www.ahtrq.com,"公司主要从事安徽省内的天然气长输管线的建设与运营,CNG/LNG及城市燃气等业务.",False,D45燃气生产和供应业,证监会行业分类
603690,至纯科技,603690.SH,SSE,主板,上海,半导体,20170113,H,蒋渊,蒋渊,38296.425,20001113.0,上海,上海市,1609.0,www.pncs.cn,"主要业务:高纯工艺系统与高纯工艺设备的设计,加工制造,安装以及配套工程,检测,厂务托管,标定和维护保养等增值服务.",False,C35专用设备制造业,证监会行业分类
603693,江苏新能,603693.SH,SSE,主板,江苏,新型电力,20180703,H,陈华,乔兵,89147.588,20021017.0,江苏,南京市,593.0,www.jsne.com.cn,"新能源发电项目的投资开发,建设运营及电力销售,目前主要包括风能发电,生物质能发电和光伏发电三个板块.",False,D44电力、热力生产和供应业,证监会行业分类
603696,安记食品,603696.SH,SSE,主板,福建,食品,20151209,N,林肖芳,林润泽,23520.0,19950928.0,福建,泉州市,311.0,www.anjifood.com,"一直专注于调味品的研发,生产和销售,主要产品包括复合调味粉,天然提取物调味料,香辛料,酱类,风味清汤等五大类500多个品种.",False,C14食品制造业,证监会行业分类
603697,有友食品,603697.SH,SSE,主板,重庆,食品,20190508,H,鹿有忠,鹿游,42769.2098,20070525.0,重庆,重庆市,1572.0,www.youyoufood.com,"泡卤风味休闲食品的研发,生产和销售",False,C13农副食品加工业,证监会行业分类
603698,航天工程,603698.SH,SSE,主板,北京,专用机械,20150128,H,姜从斌,孙庆君,53599.0,20070622.0,北京,北京市,958.0,www.china-ceco.com,"主营业务是以航天粉煤加压气化技术为核心,专业从事煤气化技术及关键设备的研发,工程设计,技术服务,设备成套供应及工程总承包.",False,C35专用设备制造业,证监会行业分类
603699,纽威股份,603699.SH,SSE,主板,江苏,机械基件,20140117,H,鲁良锋,冯银龙,77528.2899,20021114.0,江苏,苏州市,4053.0,www.newayvalve.com,"工业阀门的设计,制造和销售",False,C34通用设备制造业,证监会行业分类
603700,宁水集团,603700.SH,SSE,主板,浙江,电器仪表,20190122,N,张琳,陈翔,19996.1934,19580101.0,浙江,宁波市,1137.0,www.chinawatermeter.com,"主营业务:机械水表和智能水表的研发,生产,销售.",False,C40仪器仪表制造业,证监会行业分类
603701,德宏股份,603701.SH,SSE,主板,浙江,汽车配件,20160412,N,秦迅阳,陈明,26136.1901,20000131.0,浙江,宁波市,500.0,www.dehong.com.cn,"公司主营业务为车用交流发电机的研发,生产,销售及相关技术服务.主要产品车用交流发电机.",False,C38电气机械和器材制造业,证监会行业分类
603703,盛洋科技,603703.SH,SSE,主板,浙江,元器件,20150423,N,叶利明,叶利明,41498.212,20030610.0,浙江,绍兴市,1310.0,www.shengyang.com,"研发,生产,销售:电线,电缆,连接线,网络线,网络设备,天线,电子开关,高频头,通信器材,电缆辅料,PVC粒子,加工销售金属材料,自产产品;货物进出口",False,C38电气机械和器材制造业,证监会行业分类
603706,东方环宇,603706.SH,SSE,主板,新疆,供气供热,20180709,N,李明,田荣江,18938.2714,20010318.0,新疆,昌吉回族自治州,805.0,www.dfhyrq.com,"公司是以城市燃气供应为主,包括CNG汽车加气,居民生活用气,工商业客户用气,覆盖城市燃气供应管网建设和供热服务,以及围绕燃气市场开发的设备安装等业务,",False,D45燃气生产和供应业,证监会行业分类
603707,健友股份,603707.SH,SSE,主板,江苏,生物制药,20170719,H,唐咏群,唐咏群,161564.3839,20001016.0,江苏,南京市,1360.0,www.nkf-pharma.com,"主营业务:药品原料,制剂的研发,生产和销售;主要产品:标准肝素原料,低分子肝素原料及其制剂等.",False,C27医药制造业,证监会行业分类
603708,家家悦,603708.SH,SSE,主板,山东,超市连锁,20161213,H,王培桓,王培桓,63833.8675,19810616.0,山东,威海市,19422.0,www.jiajiayue.com.cn,主营业务为超市连锁经营.,False,F52零售业,证监会行业分类
603709,中源家居,603709.SH,SSE,主板,浙江,家居用品,20180208,N,曹勇,曹勇,12607.72,20011116.0,浙江,湖州市,1389.0,www.zoy-living.com,"主营业务:主要从事沙发的研发,设计,生产和销售,产品主要包括手动功能沙发,电动功能沙发,扶手推背沙发,老人椅等功能性沙发和部分普通沙发,并主要销往国外.",False,C21家具制造业,证监会行业分类
603711,香飘飘,603711.SH,SSE,主板,浙江,软饮料,20171130,H,蒋建琪,蒋建琪,41287.41,20050812.0,浙江,湖州市,3673.0,www.chinaxpp.com,"主营业务为奶茶产品的研发,生产和销售.主要产品为“香飘飘”品牌杯装奶茶.",False,C15酒、饮料和精制茶制造业,证监会行业分类
603712,七一二,603712.SH,SSE,主板,天津,通信设备,20180226,H,庞辉,张金波,77200.0,20041028.0,天津,天津市,2363.0,www.712.cn,"公司的核心业务是无线通信终端产品业务及系统产品业务,受公司主营业务特点的影响,本公司流动资产主要为存货,应收账款和货币资金等.",False,C39计算机、通信和其他电子设备制造业,证监会行业分类
603713,密尔克卫,603713.SH,SSE,主板,上海,仓储物流,20180713,H,陈银河,陈银河,15812.762,19970328.0,上海,上海市,3941.0,www.mwclg.com,"公司主营现代物流业,属于生产性服务业,作为专业化工供应链服务商,提供以货运代理,仓储和运输为核心的一站式综合物流服务,以及化工品交易服务.",False,G58多式联运和运输代理业,证监会行业分类
603716,塞力医疗,603716.SH,SSE,主板,湖北,医药商业,20161031,H,温伟,王政,21808.3037,20040223.0,湖北,武汉市,1246.0,www.thalys.net.cn,"主营业务:专注于医疗检验集约化营销及服务业务,体外诊断产品的代理以及自主体外诊断产品的研发,生产和销售.业务模式:医疗检验集约化营销及服务业务,体外诊断产品的代理业务,自主体外诊断产品的研发,生产和销售业务.",False,F51批发业,证监会行业分类
603717,天域生物,603717.SH,SSE,主板,重庆,农业综合,20170327,N,孟卓伟,孟卓伟,29014.624,20000621.0,重庆,重庆市,450.0,www.tygf.cn,"公司的主营业务为园林生态工程的设计,施工养护及苗木种植等.公司致力于为政府机构,企事业单位及房地产公司等客户提供园林生态领域的综合服务,包括园林绿化工程,生态湿地修复,市政公园,道路绿化及边坡修复,河湖环境综合治理等生态园林工程的设计,施工养护运营管理及苗木种植业务,同时近年来公司亦在不断推进创新型生态环保科技的研发.",False,A03畜牧业,证监会行业分类
603718,*ST海利,603718.SH,SSE,主板,上海,农业综合,20150515,N,张海明,韩本毅,65190.47,19810718.0,上海,上海市,366.0,www.hile-bio.com,"主营业务为畜用,禽用动物疫苗的研发,生产和销售.产品主要为畜用,禽用动物疫苗.",True,C27医药制造业,证监会行业分类
603719,良品铺子,603719.SH,SSE,主板,湖北,食品,20200224,H,程虹,杨红春,40100.0,20100804.0,湖北,武汉市,6968.0,www.517lppz.com,"主营业务:是一家通过数字化技术融合供应链管理及全渠道销售体系开展高品质休闲食品业务的品牌运营企业.主要产品:公司已形成覆盖肉类零食,坚果炒货,糖果糕点,果干果脯,素食山珍等多个品类.",False,F52零售业,证监会行业分类
603721,*ST天择,603721.SH,SSE,主板,湖南,影视音像,20170811,N,彭勇,傅冠军,13000.0,20070413.0,湖南,长沙市,423.0,www.tvzone.cn,"主营业务是电视,互联网和移动互联网等视频内容的制作,发行和营销;电视剧版权运营.公司主要制作了《情动八点》,《观点致胜》,《X档案》等二十多档日播,周播类节目和《火线英雄》,《超级女兵》,《好爸爸坏爸爸》等二十多档大型季播节目.",True,R87广播、电视、电影和录音制作业,证监会行业分类
603722,阿科力,603722.SH,SSE,主板,江苏,化工原料,20171025,N,朱学军,朱学军,9772.0121,19990708.0,江苏,无锡市,274.0,www.chinaacryl.com,"聚醚胺,光学级聚合物材料用树脂,特种环氧树脂等各类化工新材料产品的研发与生产",False,C26化学原料和化学制品制造业,证监会行业分类
603725,天安新材,603725.SH,SSE,主板,广东,塑料,20170906,N,吴启超,吴启超,30485.768,20000515.0,广东,佛山市,2632.0,www.tianan.group,"主营业务:专业从事高分子复合饰面材料研发,设计,生产及销售,主要产品包括家居装饰饰面材料,汽车内饰饰面材料,薄膜及人造革.",False,C30非金属矿物制品业,证监会行业分类
603726,朗迪集团,603726.SH,SSE,主板,浙江,家用电器,20160421,N,高炎康,高文铭,18565.12,19980309.0,浙江,宁波市,2729.0,www.langdi.com,"主营业务为空调风叶,风机产品的研发,生产和销售;主要产品:塑料贯流风叶,塑料轴流风叶,塑料离心风叶,金属暖通风机,金属盘管风机,金属离心风机等各种风叶,风机.",False,C29橡胶和塑料制品业,证监会行业分类
603727,博迈科,603727.SH,SSE,主板,天津,石油开采,20161122,N,彭文成,彭文成,28171.9277,20020815.0,天津,天津市,1354.0,www.bomesc.com,"主营业务:面向国内和国际市场,专注于海洋油气开发,矿业开采,天然气液化等行业的高端客户,为其提供专用模块集成设计与建造服务.主要产品:海洋油气开发模块,矿业开采模块,天然气液化模块.",False,B11开采专业及辅助性活动,证监会行业分类
603728,鸣志电器,603728.SH,SSE,主板,上海,电气设备,20170509,H,常建鸣,常建鸣,41888.25,19980707.0,上海,上海市,3463.0,www.moons.com.cn,"主要产品:控制电机及其驱动系统,LED智能照明控制与驱动产品以及设备状态管理整体解决方案,电源电控与继电器代理贸易等.主营业务:信息化,自动化和智能化技术应用领域内控制执行元器件及其集成产品的研发和经营.",False,C38电气机械和器材制造业,证监会行业分类
603729,ST龙韵,603729.SH,SSE,主板,上海,广告包装,20150324,N,余亦坤,余亦坤,9333.8,20030610.0,上海,上海市,150.0,www.obm.com.cn,"公司主营业务包括电视广告媒介代理和广告全案服务业务.电视广告媒介代理业务,主要指公司代理客户进行媒介购买,媒介执行,以赚取差价的业务模式.广告全案服务业务是整合营销传播的应用,主要指公司为客户提供市场研究,品牌管理,创意设计,影视制作,广告策略,广告执行,广告评估等工作.",True,L72商务服务业,证监会行业分类
603730,岱美股份,603730.SH,SSE,主板,上海,汽车配件,20170728,H,姜银台,姜明,214858.5958,20010220.0,上海,上海市,10399.0,www.daimay.com,"公司主营业务为汽车零部件的研发,生产和销售,主要产品包括遮阳板,头枕,顶棚中央控制器和座椅等.",False,C36汽车制造业,证监会行业分类
603733,仙鹤股份,603733.SH,SSE,主板,浙江,造纸,20180420,H,王敏良,王敏良,70772.4192,20011219.0,浙江,衢州市,6674.0,www.xianhepaper.com,"特种纸研发,生产和销售.根据产品的下游应用领域与生产工艺相似程度,发行人主要产品可划分为烟草行业用纸,家居装饰用纸,商务交流及防伪用纸,食品与医疗包装用纸,标签离型用纸,电气及工业用纸,热转印用纸,低定量出版印刷用纸和其他共九大系列产品.",False,C22造纸和纸制品业,证监会行业分类
603737,三棵树,603737.SH,SSE,主板,福建,染料涂料,20160603,H,洪杰,洪杰,73781.7473,20030717.0,福建,莆田市,8996.0,www.3treesgroup.com,"主营业务为建筑涂料(墙面涂料),木器涂料以及胶粘剂的研发,生产和销售.主要产品为墙面涂料,木器涂料和胶粘剂等.",False,C26化学原料和化学制品制造业,证监会行业分类
603738,泰晶科技,603738.SH,SSE,主板,湖北,元器件,20160928,H,喻信东,王金涛,38588.7492,20051104.0,湖北,随州市,2034.0,www.sztkd.com,"主要产品:各种型号的石英晶体谐振器,产品涵盖DIP和SMD等.主营业务:石英晶体谐振器的研发,生产,销售.",False,C39计算机、通信和其他电子设备制造业,证监会行业分类
603739,蔚蓝生物,603739.SH,SSE,主板,山东,农业综合,20190116,N,陈刚,陈刚,25302.8866,20050223.0,山东,青岛市,1535.0,www.vlandgroup.com,"主营业务为酶制剂,微生态,动物保健品的研发,生产和销售.",False,C14食品制造业,证监会行业分类
603755,日辰股份,603755.SH,SSE,主板,山东,食品,20190828,N,张华君,崔宝军,9861.3681,20010323.0,山东,青岛市,429.0,www.richen-qd.cn,"酱汁类调味料,粉体类调味料,食品添加剂的研发,生产和销售",False,C14食品制造业,证监会行业分类
603757,大元泵业,603757.SH,SSE,主板,浙江,机械基件,20170711,H,韩元平,王侣钧,18654.7259,19980107.0,浙江,台州市,2129.0,www.dayuan.com,"主要产品:小型潜水电泵,井用潜水电泵,陆上泵等农用水泵和应用于热水循环,制冷,化工等领域的屏蔽泵;主营业务:各类泵的研发,生产和销售.",False,C34通用设备制造业,证监会行业分类
603758,秦安股份,603758.SH,SSE,主板,重庆,汽车配件,20170517,H,YUANMING TANG,余洋,43879.7049,19950905.0,重庆,重庆市,2216.0,www.qamemc.com,"国内具有一定规模水平的汽车发动机核心零部件专业生产企业,主要从事汽车发动机核心零部件——气缸体,气缸盖,曲轴等产品的研发,生产与销售.本公司以其中的3C件,即气缸体,气缸盖和曲轴为主要产品.",False,C36汽车制造业,证监会行业分类
603759,海天股份,603759.SH,SSE,主板,四川,水务,20210326,N,费俊杰,费俊杰,46176.0,20080307.0,四川,成都市,1716.0,www.haitianshuiwu.com,主要从事供水及污水处理业务.,False,D46水的生产和供应业,证监会行业分类
603766,隆鑫通用,603766.SH,SSE,主板,重庆,摩托车,20120810,H,李耀,龚晖,205354.185,20070608.0,重庆,重庆市,10529.0,www.loncinindustries.com,"主要产品包括:摩托车及配件,发动机及配件,农业机械装备及配件和发电机组等.",False,C37铁路、船舶、航空航天和其他运输设备制造业,证监会行业分类
603767,中马传动,603767.SH,SSE,主板,浙江,汽车配件,20170613,H,梁小瑞,刘青林,30863.15,20051215.0,浙江,台州市,872.0,www.zomaxcd.com,"主要从事汽车变速器及车辆齿轮的研发,生产和销售.主要产品为汽车变速器,汽车齿轮,摩托车齿轮和农机齿轮,其中,汽车齿轮包括汽车变速器齿轮,汽车转向器齿轮,汽车油泵轴齿轮及汽车发动机齿轮.摩托车齿轮主要为摩托车发动机齿轮,农机齿轮主要为农机变速器齿轮.",False,C36汽车制造业,证监会行业分类
603768,常青股份,603768.SH,SSE,主板,安徽,汽车配件,20170324,N,吴应宏,吴应宏,23795.5857,19880902.0,安徽,合肥市,3906.0,www.hfcqjx.com,"主营业务为汽车冲压及焊接零部件的开发,生产与销售.主要产品为乘用车,商用车,专用车的车身和底盘生产所需的冲压及焊接零部件.",False,C36汽车制造业,证监会行业分类
603773,沃格光电,603773.SH,SSE,主板,江西,元器件,20180417,H,张春姣,张春姣,22473.6633,20091214.0,江西,新余市,4211.0,www.wgtechjx.com,"FPD光电玻璃精加工业务的研发,生产和销售,主要包括FPD光电玻璃薄化,镀膜,切割等",False,C39计算机、通信和其他电子设备制造业,证监会行业分类
603776,永安行,603776.SH,SSE,主板,江苏,公共交通,20170817,H,杨磊,吴佩刚,28076.0572,20100824.0,江苏,常州市,2228.0,www.ibike668.com,"主要产品:全套公共自行车系统.主营业务:公共自行车系统的研发,销售,建设,运营为核心业务.",False,I65软件和信息技术服务业,证监会行业分类
603777,来伊份,603777.SH,SSE,主板,上海,食品,20161012,N,郁瑞芬,郁瑞芬,33442.4166,20020702.0,上海,上海市,4590.0,www.laiyifen.com,"来伊份是一家经营自主品牌的休闲食品连锁经营企业,致力于构建国内领先的专业化休闲食品连锁经营平台,公司产品主要分为九大类,包括炒货,肉制品,蜜饯,水产品,糖果/果冻,销售休闲食品品种超过900种.膨化,果蔬,豆制品和糕点,",False,F52零售业,证监会行业分类
603778,国晟科技,603778.SH,SSE,主板,北京,电气设备,20151231,N,吴君,高飞,66004.212,20021105.0,北京,北京市,1158.0,www.grandsunergy.com,"公司主要从事大尺寸高效异质结光伏电池的研发,生产与销售,以及异质结,TOPCON,PERC等电池组件的生产与销售.同时,公司还提供光伏电站EPC业务,为业主提供从可行性研究,方案设计到物资采购,设备安装,工程施工及运维的全过程服务.在生态园林板块,公司以园林工程施工和园林景观设计为核心业务,并拓展至文旅运营和环保科技等领域,形成了多元化的业务发展格局.园林业务已构建起科技研发,苗木种植与养护,园林景观设计,工程施工一体化的全产业链经营模式.",False,C38电气机械和器材制造业,证监会行业分类
603779,威龙股份,603779.SH,SSE,主板,山东,红黄酒,20160516,N,朱秋红,孙砚田,33208.2754,20071217.0,山东,烟台市,766.0,www.weilong.com,"主营业务为酿酒葡萄种植,葡萄酒生产及销售,主要产品有传统干红/干白葡萄酒,有机干红/干白葡萄酒,以及2014年推出的威龙传奇葡萄白酒等系列产品.",False,C15酒、饮料和精制茶制造业,证监会行业分类
603786,科博达,603786.SH,SSE,主板,上海,汽车配件,20191015,H,柯桂华,柯桂华,40385.67,20030912.0,上海,上海市,2868.0,www.keboda.com,"专注于汽车照明控制系统,电机控制系统,能源管理系统和车载电器与电子等汽车电子相关产品的研发,生产和销售,拥有主光源控制器,辅助光源控制器,氛围灯控制器,中小型电机控制系统,机电一体化,DC/DC转换模块,DC/AC逆变器,电磁阀等多类产品.",False,C36汽车制造业,证监会行业分类
603787,新日股份,603787.SH,SSE,主板,江苏,摩托车,20170427,N,张崇舜,赵学忠,23014.379,20070716.0,江苏,无锡市,2251.0,www.xinri.com,"公司主营业务为电动自行车的研发,生产与销售.公司的主导产品为简易款电动自行车,豪华款电动自行车和定制电动自行车.",False,C37铁路、船舶、航空航天和其他运输设备制造业,证监会行业分类
603788,宁波高发,603788.SH,SSE,主板,浙江,汽车配件,20150120,N,钱高法,钱国年,22306.5068,19990120.0,浙江,宁波市,1753.0,www.gaofacable.com,"主要从事汽车操纵控制系统研发,生产和销售,主要产品为变速操纵器及软轴,电子油门踏板,汽车拉索,电磁风扇离合器四大类.",False,C36汽车制造业,证监会行业分类
603789,ST星农,603789.SH,SSE,主板,浙江,农用机械,20150427,N,郑斌,郑斌,26521.46,20040225.0,浙江,湖州市,753.0,www.xg1688.com,"主要产品:大中型拖拉机,履带式旋耕机等耕种环节机械,履带自走式稻麦油联合收割机,轮式稻麦联合收割机,采棉机,玉米收获机,花生收获机等收获机械,烘干机,轮式压捆机,自走式履带打捆机,制肥机等收后处理机械,以及自主研发的跑道养鱼设施等.主要业务:联合收割机的研发,生产与销售.",True,C35专用设备制造业,证监会行业分类
603790,雅运股份,603790.SH,SSE,主板,上海,染料涂料,20180912,N,谢兵,谢兵,19136.0,19990811.0,上海,上海市,494.0,www.argus.net.cn,"主要从事中高端染料和纺织助剂的研发,生产,销售及相关的染整应用技术服务.公司产品包括染料和纺织助剂两大类,染料类产品主要包括棉用活性染料,羊毛及尼龙用染料和涤纶用分散染料等;纺织助剂类产品包括印染前处理助剂,染色和印花助剂以及后整理助剂等.",False,C26化学原料和化学制品制造业,证监会行业分类
603797,联泰环保,603797.SH,SSE,主板,广东,环境保护,20170413,N,黄建勲,张荣,57660.519,20060414.0,广东,汕头市,723.0,www.lt-hbgf.com,"主营业务:专业从事城镇污水处理设施的投资,建设和运营管理业务.主要产品:提供城镇污水处理服务.",False,N77生态保护和环境治理业,证监会行业分类
603798,康普顿,603798.SH,SSE,主板,山东,石油加工,20160406,N,朱磊,朱磊,25644.965,20031219.0,山东,青岛市,384.0,www.copton.com.cn,"公司主营业务系为车辆,工业设备提供润滑和养护的系列产品,主要包括车用润滑油,工业润滑油,汽车化学品及汽车养护品的研发,生产与销售.公司产品分四大类:第一类是车用润滑油产品;第二类是工业润滑油产品;第三类是汽车化学品;第四类是汽车养护品.",False,C25石油、煤炭及其他燃料加工业,证监会行业分类
603799,华友钴业,603799.SH,SSE,主板,浙江,小金属,20150129,H,陈雪华,陈红良,189672.7497,20020522.0,浙江,嘉兴市,26466.0,www.huayou.com,"主营业务:主要从事钴,铜有色金属采,选,冶及钴新材料产品的深加工与销售.主要产品:公司主导产品为四氧化三钴,氧化钴,碳酸钴,氢氧化钴和硫酸钴等钴产品;由于矿料原料中铜钴伴生的特性及业务拓展原因,公司还生产,销售电积铜,粗铜等铜产品.",False,C32有色金属冶炼和压延加工业,证监会行业分类
603800,洪田股份,603800.SH,SSE,主板,江苏,专用机械,20151210,H,赵伟斌,朱开星,20800.0,20011029.0,江苏,苏州市,616.0,ht-tec.net,"主要产品:井口装置及采油(气)树,井控设备,管线阀门等油气钻采设备.主要业务:石油,天然气及页岩气钻采设备的研发,生产和销售.",False,C35专用设备制造业,证监会行业分类
603801,志邦家居,603801.SH,SSE,主板,安徽,家居用品,20170630,H,孙志勇,许帮顺,43435.1397,20050404.0,安徽,合肥市,4727.0,www.zbom.com,"主营业务:整体厨柜,定制衣柜等定制家具产品的设计,研发,生产,销售和安装服务;主要产品:整体厨柜和定制衣柜,整体厨柜分为美厨,名仕,御庭,维也纳,凡尔赛五大产品系列,定制衣柜分为名仕,维也纳,凡尔赛三大产品系列,能够满足不同客户个性化的消费需求.",False,C21家具制造业,证监会行业分类
603803,瑞斯康达,603803.SH,SSE,主板,北京,通信设备,20170420,N,韩猛,韩猛,42488.3557,19990608.0,北京,北京市,1573.0,www.raisecom.com,"公司是国内领先的通信接入设备及解决方案提供商,持续专注于通信网络接入产品的研发,制造和销售.主要产品包括综合接入终端产品,集中式局端产品,工业网络产品,专用无线网络产品,软件产品和辅助性接入产品.",False,C39计算机、通信和其他电子设备制造业,证监会行业分类
603806,福斯特,603806.SH,SSE,主板,浙江,塑料,20140905,H,林建华,周光大,260874.4885,20030512.0,浙江,杭州市,4555.0,www.firstpvm.com,"公司及其前身的主营业务为EVA太阳能电池胶膜,太阳能电池背板,共聚酰胺丝网状热熔胶膜产品的研发,生产和销售.按中国证监会行业划分标准,公司隶属于塑料制造业,细分行业隶属于塑料薄膜制造业.",False,C29橡胶和塑料制品业,证监会行业分类
603808,歌力思,603808.SH,SSE,主板,深圳,服饰,20150422,N,夏国新,王笃森,36909.2878,19990608.0,广东,深圳市,2771.0,www.ellassay.com,"公司的主营业务为品牌女装的设计研发,生产和销售.主要产品为上衣类,裙类,外套类,裤类,女鞋及配饰,包括正装,休闲和高级三个系列.",False,C18纺织服装、服饰业,证监会行业分类
603809,豪能股份,603809.SH,SSE,主板,四川,汽车配件,20171128,H,向星星,张勇,92028.8807,20060925.0,四川,成都市,3012.0,www.cdhntech.com,"发行人主营业务为汽车变速器用同步器组件的研发,生产和销售,主要产品包括铜质齿环,钢质齿环,齿毂,齿套,结合齿等.",False,C36汽车制造业,证监会行业分类
603810,丰山集团,603810.SH,SSE,主板,江苏,农药化肥,20180917,N,殷凤山,殷平,16534.0723,19960912.0,江苏,盐城市,1127.0,www.fengshangroup.com,"主营业务:农药生产.主要产品为氟乐灵,精喹禾灵,烟嘧磺隆,毒死蜱等四大系列产品.",False,C26化学原料和化学制品制造业,证监会行业分类
603811,诚意药业,603811.SH,SSE,主板,浙江,化学制药,20170315,N,赵春建,赵春建,32730.432,20010622.0,浙江,温州市,637.0,www.chengyipharma.com,"主营业务:本公司专业从事化学药品原料药及制剂的研发,生产和销售.主要产品:产品覆盖范围涉及关节炎类,利尿类,安神补脑类,抗病毒及抗肿瘤类等,主要产品包括盐酸氨基葡萄糖原料药及制剂,托拉塞米注射液及胶囊,天麻素原料药,利巴韦林及硫唑嘌呤原料药等.其中,盐酸氨基葡萄糖原料药及制剂,托拉塞米制剂及天麻素原料药主攻国内市场,利巴韦林及硫唑嘌呤原料药主要出口.",False,C27医药制造业,证监会行业分类
603813,*ST原尚,603813.SH,SSE,主板,广东,公路,20170918,N,余军,余军,10501.5,20050815.0,广东,广州市,744.0,www.gsl.cc,"主营业务:为汽车整机厂及其供应商提供零部件干线运输,配送,仓储,品质检验,流通加工以及包装等全方位,一体化的综合物流服务.主要服务:综合物流服务,物流设备销售,保险代理业务.",True,G54道路运输业,证监会行业分类
603815,交建股份,603815.SH,SSE,主板,安徽,建筑工程,20191021,H,吴小辉,吴小辉,61892.4235,19930223.0,安徽,合肥市,1160.0,www.gourgen.com,"从事公路,市政基础设施建设相关的工程施工,勘察设计,试验检测等业务.",False,E48土木工程建筑业,证监会行业分类
603816,顾家家居,603816.SH,SSE,主板,浙江,家居用品,20161014,H,李东来,李东来,82145.1519,20061031.0,浙江,杭州市,20578.0,www.kukahome.com,"主要从事客厅及卧室中高档软体家具产品的研发,设计,生产与销售,主要产品包括沙发,软床,餐椅和配套产品.",False,C21家具制造业,证监会行业分类
603817,海峡环保,603817.SH,SSE,主板,福建,环境保护,20170220,N,徐婷,卓贤文,57008.4039,20020705.0,福建,福州市,842.0,www.fjhxhb.com,"公司主要提供市政生活污水处理服务,在特许经营区域范围内负责市政生活污水处理设施的投资,运营,管理及维护.",False,D46水的生产和供应业,证监会行业分类
603818,曲美家居,603818.SH,SSE,主板,北京,家居用品,20150422,N,赵瑞海,赵瑞海,68654.3855,19930410.0,北京,北京市,3163.0,www.qumei.com,"主要从事中高档民用家具的设计,生产和销售.公司主要产品为木质家具,具体包括实木类家具,人造板类家具和综合类家具.",False,C21家具制造业,证监会行业分类
603819,神力股份,603819.SH,SSE,主板,江苏,电气设备,20161125,N,陈猛,陈猛,21773.0187,19911216.0,江苏,常州市,654.0,www.czshenli.com,"主营业务:主要从事电机(包括电动机和发电机)定子,转子冲片和铁芯的研发,生产和销售.主要产品是电机定子,转子冲片和铁芯,是电机的重要核心部件.",False,C38电气机械和器材制造业,证监会行业分类
603822,ST嘉澳,603822.SH,SSE,主板,浙江,化工原料,20160428,N,沈健,沈健,7682.5886,20030122.0,浙江,嘉兴市,1204.0,www.jiaaohuanbao.com,"主要从事环保型增塑剂的研发,生产与销售,经过多年的积累,目前已经形成了以环氧类,石化类,多功能复合类三大系列为主的环保型增塑剂产品体系,产品广泛用于电线电缆,人造革,植绒,灯箱膜,塑料薄膜,塑料地板革,户外用水管等塑料制品.",True,C25石油、煤炭及其他燃料加工业,证监会行业分类
603823,百合花,603823.SH,SSE,主板,浙江,染料涂料,20161220,H,陈立荣,陈立荣,41636.7704,19950811.0,浙江,杭州市,1835.0,www.lilychem.com,"主营业务:主要从事有机颜料及相关中间体的研发,生产,销售和服务.主要产品为高性能和传统偶氮有机颜料,具体包括喹吖啶酮类,吡咯并吡咯二酮类,色酚类,色淀红类,双偶氮黄类等有机颜料,以及2-3酸,色酚AS系列,DB-70,DMSS等相关中间体.",False,C26化学原料和化学制品制造业,证监会行业分类
603825,ST华扬,603825.SH,SSE,主板,湖南,互联网,20170802,N,房殿峰,冯康洁,25333.6552,19940628.0,湖南,长沙市,796.0,www.hylink.com,"主营业务:互联网广告服务和买断式销售代理服务,主要业务类型:展示类营销,搜索引擎营销,精准营销,内容营销,移动互联网营销等主流的互联网营销方式",True,L72商务服务业,证监会行业分类
603826,坤彩科技,603826.SH,SSE,主板,福建,染料涂料,20170414,H,谢秉昆,谢秉昆,65520.0,20051125.0,福建,福州市,876.0,www.fjkuncai.com,"主要产品:按基材分,可划分为以天然云母为基材的珠光材料,以合成云母为基材的珠光材料和以玻璃为基材的珠光材料等产品;按用途分,可划分为工业级珠光材料系列,汽车级珠光材料系列,化妆品级珠光材料系列等产品.主营业务:珠光材料的研发,生产和销售.",False,C26化学原料和化学制品制造业,证监会行业分类
603828,*ST利达,603828.SH,SSE,主板,江苏,装修装饰,20150226,N,顾益明,鲁崇明,59596.0158,20000828.0,江苏,苏州市,759.0,www.kldzs.com,"主营业务为建筑幕墙与公共建筑装饰工程的设计与施工,主要产品为构件式幕墙,单元式幕墙,半单元式幕墙,支点式幕墙,金属幕墙,遮阳系统,雨棚系统,栏杆/栏板系统.",True,E50建筑装饰、装修和其他建筑业,证监会行业分类
603829,洛凯股份,603829.SH,SSE,主板,江苏,电气设备,20171017,N,谈行,臧文明,18626.6159,20100930.0,江苏,常州市,2014.0,www.lk-jd.com,"主营业务为断路器关键部件,附件,零部件及其他输配电开关设备配套产品的研发,生产和销售.主要产品:低压及中高压断路器配套用框(抽)架和操作机构.",False,C38电气机械和器材制造业,证监会行业分类
603833,欧派家居,603833.SH,SSE,主板,广东,家居用品,20170328,H,姚良松,姚良松,60915.2867,19940701.0,广东,广州市,20582.0,www.oppein.com,"主营业务:主要从事整体厨柜,整体衣柜,整体卫浴和定制木门等定制化整体家居产品的个性化设计,研发,生产,销售和安装服务.主营产品:包括整体厨柜,整体衣柜,整体卫浴,定制木门等.",False,C21家具制造业,证监会行业分类
603836,海程邦达,603836.SH,SSE,主板,山东,仓储物流,20210526,N,唐海,唐海,20523.5237,20091230.0,山东,青岛市,2516.0,www.bondex.com.cn,"从事综合性现代物流服务业,主要以各类进出口贸易参与主体为服务对象,为其规划,设计并提供专精于跨境环节的标准化物流服务产品与定制化供应链解决方案.",False,L72商务服务业,证监会行业分类
603838,*ST四通,603838.SH,SSE,主板,广东,家居用品,20150701,N,邓建华,蔡镇通,32001.6,19970829.0,广东,潮州市,1056.0,www.sitong.net,"公司是一家集研发,设计,生产,销售于一体的新型家居生活陶瓷供应商,产品覆盖日用陶瓷,卫生陶瓷,艺术陶瓷等全系列家居生活用瓷.",True,C30非金属矿物制品业,证监会行业分类
603839,安正时尚,603839.SH,SSE,主板,浙江,服饰,20170214,N,郑安政,郑安政,38701.62,20080605.0,浙江,嘉兴市,1597.0,anzhenggroup.com,"主营业务为自主品牌时装的研发,生产和销售.产品主要包括上衣,裙装,外套,裤装,皮衣等女士时装,以及西装,裤子,衬衫,夹克等男士时装.",False,C18纺织服装、服饰业,证监会行业分类
603843,*ST正平,603843.SH,SSE,主板,青海,建筑工程,20160905,N,彭有宏,彭有宏,69962.3237,19960318.0,青海,西宁市,955.0,www.zhengpingjituan.com,"公司主营业务为路桥工程的施工,养护,勘测设计,试验检测,以及钢制波纹涵管等工程设施产品的生产与销售.",True,E48土木工程建筑业,证监会行业分类
603848,好太太,603848.SH,SSE,主板,广东,家居用品,20171201,H,沈汉标,周亮,40240.6511,20050105.0,广东,广州市,1252.0,www.hotata.com,"公司主要产品为不同功能的晾衣架和其他家居产品,主要产品按功能具体分为手摇晾衣架,智能晾衣机,落地晾衣架和外飘晾衣架四大系列晾衣架产品,以及包括智能家居产品在内的家居生活用品.",False,C33金属制品业,证监会行业分类
603855,华荣股份,603855.SH,SSE,主板,上海,专用机械,20170524,H,胡志荣,李江,33751.1,20101215.0,上海,上海市,2532.0,www.warom.com,"主要产品:厂用防爆电器,矿用防爆电器和专业照明设备.主要业务:防爆电器,专业照明设备等的研发,生产和销售.",False,C35专用设备制造业,证监会行业分类
603856,东宏股份,603856.SH,SSE,主板,山东,塑料,20171106,N,倪奉尧,倪奉尧,28205.606,20080121.0,山东,济宁市,1519.0,www.dhguanye.com,"从事各类塑料管道的研发,生产及销售.公司主要产品为PE钢丝管材管件,PE管材管件和涂塑管材管件等.",False,C29橡胶和塑料制品业,证监会行业分类
603858,步长制药,603858.SH,SSE,主板,山东,中成药,20161118,H,赵涛,赵超,105456.8442,20010510.0,山东,菏泽市,7689.0,www.buchang.com,"主营业务:主要从事中成药的研发,生产和销售.主要产品包括脑心通胶囊,稳心颗粒,丹红注射液等.",False,C27医药制造业,证监会行业分类
603859,能科科技,603859.SH,SSE,主板,北京,软件服务,20161021,H,赵岚,赵岚,24469.7701,20061226.0,北京,北京市,1302.0,www.nancal.com,"主营业务:为工业企业提供软硬件一体化的系统集成解决方案.主要产品为工业能效管理解决方案,根据能效管理层级的不同,公司产品分为工业电气节能系统解决方案,能源管理系统平台解决方案两大类.",False,I65软件和信息技术服务业,证监会行业分类
603860,中公高科,603860.SH,SSE,主板,北京,建筑工程,20170802,N,程宁,潘宗俊,6668.0,20070929.0,北京,北京市,239.0,www.roadmaint.com,"主营业务:路况快速检测设备研发生产与销售,公路养护信息系统开发与销售,公路养护决策咨询服务;主要产品:多功能路况快速检测系统(CiCS I),全断面路况快速检测系统(CiCS III),农村公路智能检评系统一体化装备(CiCS IV),多功能路况巡查系统(CRiS).",False,M74专业技术服务业,证监会行业分类
603861,白云电器,603861.SH,SSE,主板,广东,电气设备,20160322,H,胡明聪,胡明聪,54052.7955,19890705.0,广东,广州市,3833.0,www.bydq.com,"公司主营业务为高,低压成套开关设备和控制设备的研发,制造,销售及服务.公司产品主要包括中压成套开关设备,低压成套开关设备,相关电力电子产品以及高压气体绝缘金属封闭开关设备(GIS)四大类",False,C38电气机械和器材制造业,证监会行业分类
603863,松炀资源,603863.SH,SSE,主板,广东,造纸,20190621,N,王壮加,蔡建涛,20465.0,20080928.0,广东,汕头市,346.0,www.sypaper.cn,"主营业务:主要从事环保再生纸的研发,生产和销售,主要产品为灰底涂布白板纸.",False,C22造纸和纸制品业,证监会行业分类
603866,桃李面包,603866.SH,SSE,主板,辽宁,食品,20151222,H,吴学亮,吴学群,159971.9155,19970123.0,辽宁,沈阳市,8390.0,www.tolybread.cn,"一直专注于以面包为核心的优质烘焙类产品的生产及销售.主要产品包括面包,月饼和粽子三类,核心产品为桃李品牌的面包.",False,C14食品制造业,证监会行业分类
603867,新化股份,603867.SH,SSE,主板,浙江,化工原料,20190627,H,应思斌,应思斌,21748.6743,19970924.0,浙江,杭州市,1223.0,www.xhchem.com,"脂肪胺,有机溶剂,香料香精,双氧水及其他精细化工产品的生产经营.",False,C26化学原料和化学制品制造业,证监会行业分类
603868,飞科电器,603868.SH,SSE,主板,上海,家用电器,20160418,H,李丐腾,李丐腾,43560.0,20060610.0,上海,上海市,4181.0,www.flyco.com,"公司主营业务为个人护理电器产品的研发,生产和销售,以电动剃须刀和电吹风为主要产品.",False,C38电气机械和器材制造业,证监会行业分类
603869,ST智知,603869.SH,SSE,主板,广西,软件服务,20150326,N,史玉江,史玉江,49411.6588,19860510.0,广西,北海市,383.0,www.encdata.cn,主营业务:智慧旅游和行业认知解决方案等业务.,True,I65软件和信息技术服务业,证监会行业分类
603871,嘉友国际,603871.SH,SSE,主板,北京,仓储物流,20180206,H,韩景华,孟联,136800.8658,20050622.0,北京,北京市,2905.0,www.jyinternational.com.cn,"主要业务:跨境多式联运,大宗矿产品物流,智能仓储等跨境多式联运综合物流服务及供应链贸易服务.",False,G58多式联运和运输代理业,证监会行业分类
603876,鼎胜新材,603876.SH,SSE,主板,江苏,铝,20180418,H,王诚,王诚,92926.7213,20030812.0,江苏,镇江市,7747.0,www.dingshengxincai.com,"主要产品为空调箔,单零箔,双零箔,铝板带,新能源电池箔等,产品广泛应用于绿色包装,家用,家电,锂电池,交通运输,建筑装饰等多个领域.主营业务:铝板带箔的研发,生产与销售业务.",False,C32有色金属冶炼和压延加工业,证监会行业分类
603877,太平鸟,603877.SH,SSE,主板,浙江,服饰,20170109,H,张江平,张江平,47107.5735,20010910.0,浙江,宁波市,8866.0,www.peacebird.com,"主营业务:致力于为消费者提供中等价位的优质时尚服饰.主要产品为各类品牌服饰产品,包括PEACEBIRD女装,PEACEBIRD男装,乐町LED’IN女装,MATERIAL GIRL女装,AMAZING PEACE男装,贝诗宝男装,Mini Peace童装等多个品牌.",False,C18纺织服装、服饰业,证监会行业分类
603878,武进不锈,603878.SH,SSE,主板,江苏,钢加工,20161219,N,沈卫强,沈卫强,56113.8133,20010330.0,江苏,常州市,1592.0,www.wjss.com.cn,"主要产品:工业用不锈钢无缝管,工业用不锈钢焊接管,钢制管件和法兰等.主营业务:工业用不锈钢管及管件的研发,生产与销售.",False,C31黑色金属冶炼和压延加工业,证监会行业分类
603879,永悦科技,603879.SH,SSE,主板,江苏,化工原料,20170614,N,徐伟达,徐伟达,35934.444,20111010.0,江苏,盐城市,177.0,www.fjyykj.com,"主要产品:不饱和聚酯树脂,聚氨酯和可发性聚苯乙烯等.主营业务:合成树脂的研发,生产和销售.",False,C26化学原料和化学制品制造业,证监会行业分类
603880,南卫股份,603880.SH,SSE,主板,江苏,医疗保健,20170807,N,何凌峰,何凌峰,28904.2,19900704.0,江苏,常州市,850.0,www.nfmedical.com.cn,"公司主要从事透皮产品,医用胶布胶带及绷带,运动保护产品,急救包,护理产品等产品的研发,生产和销售.目前已形成创可贴,贴膏剂,医用胶布胶带,敷贴,运动保护产品,急救包,护理产品等产品系列.",False,C27医药制造业,证监会行业分类
603881,数据港,603881.SH,SSE,主板,上海,软件服务,20170208,H,孙中峰,王信菁,71837.6999,20091118.0,上海,上海市,614.0,www.athub.com,"公司的主营业务为数据中心服务,并以批发型数据中心服务为主,零售型数据中心服务和数据中心增值服务为辅.",False,I65软件和信息技术服务业,证监会行业分类
603882,金域医学,603882.SH,SSE,主板,广东,医疗保健,20170908,H,梁耀铭,梁耀铭,46325.8275,20060526.0,广东,广州市,10413.0,www.kingmed.com.cn,"主营业务为向各类医疗机构(包括医院,妇幼保健院,卫生院等)提供医学检验及病理诊断外包服务.主要服务及产品:医学检验及病理诊断类,非医学检验检测类,其他.",False,Q84卫生,证监会行业分类
603883,老百姓,603883.SH,SSE,主板,湖南,医药商业,20150423,H,谢子龙,谢子龙,75889.0236,20051201.0,湖南,长沙市,40132.0,www.lbxdrugs.com,通过自有营销网络从事药品及健康相关商品的销售,False,F52零售业,证监会行业分类
603885,吉祥航空,603885.SH,SSE,主板,上海,空运,20150527,H,王均金,于成吉,218400.5268,20060323.0,上海,上海市,10606.0,www.juneyaoair.com,"主营业务:航空客货运输业务,经营范围包括国内(含港澳台)航空客货邮运输,国际航空客货运输业务,航空配餐等.",False,G56航空运输业,证监会行业分类
603886,元祖股份,603886.SH,SSE,主板,上海,食品,20161228,N,张秀琬,张乙涛,24000.0,20020820.0,上海,上海市,4620.0,www.ganso.com.cn,"主要从事烘焙食品的研发,生产与销售.主要产品有蛋糕,月饼,水果及其他中西式糕点四大系列,共计100多个品种.",False,C14食品制造业,证监会行业分类
603887,城地香江,603887.SH,SSE,主板,上海,软件服务,20161010,H,张杨,张杨,60202.9421,19970426.0,上海,上海市,854.0,www.shcd.cc,"主营业务为桩基,基坑围护等地基与基础工程服务,具体包括静力压桩,钻孔灌注桩,水泥土搅拌桩等基础工程的施工服务,以及基坑围护挡土止水结构,地基加固改良,土石方工程施工等,业务领域涉及房地产,市政工程,公用设施,工业厂房等.",False,I65软件和信息技术服务业,证监会行业分类
603888,新华网,603888.SH,SSE,主板,北京,互联网,20161028,H,储学军,张芮宁,67473.8168,20000704.0,北京,北京市,1697.0,www.xinhuanet.com;www.news.cn,"主营业务:网络广告,信息服务,网站建设及技术服务,移动互联网;主要产品:新闻资料库,信息及应用服务支撑平台,分类信息发布系统,基于Flash的在线阅读系统,新闻订阅系统,企业任务竞拍系统,基于身份验证的互联网海量投票系统,海量问题收集系统等.",False,I64互联网和相关服务,证监会行业分类
603889,新澳股份,603889.SH,SSE,主板,浙江,纺织,20141231,H,沈建华,华新忠,73015.7443,19950908.0,浙江,嘉兴市,4455.0,www.xinaotex.com,"毛精纺纱线的研发,生产和销售,主要产品为毛精纺纱线以及中间产品羊毛毛条.",False,C17纺织业,证监会行业分类
603890,春秋电子,603890.SH,SSE,主板,江苏,元器件,20171212,H,薛革文,薛革文,44680.8401,20110823.0,江苏,苏州市,5993.0,www.szchunqiu.com,"消费电子产品结构件模组及相关精密模具的研发,设计,生产和销售.",False,C39计算机、通信和其他电子设备制造业,证监会行业分类
603893,瑞芯微,603893.SH,SSE,主板,福建,半导体,20200207,H,励民,励民,42099.46,20011125.0,福建,福州市,983.0,www.rock-chips.com,"公司主要从事大规模集成电路及应用方案的设计,开发和销售,为客户提供芯片相关产品及技术服务.公司主要产品为智能应用处理器芯片,电源管理芯片及其他芯片,同时提供专业技术服务及与自研芯片相关的组合器件.自成立以来,公司一直从事集成电路设计行业.公司是国家级高新技术企业和经工业和信息化部认定的集成电路设计企业,经过近二十年的创新发展,已经成为国内集成电路设计行业的优势企业.",False,C39计算机、通信和其他电子设备制造业,证监会行业分类
603895,天永智能,603895.SH,SSE,主板,上海,专用机械,20180122,N,荣俊林,荣俊林,10808.0,19960712.0,上海,上海市,475.0,www.ty-industries.com,"主要产品:有动力总成自动化装配线,白车身焊装自动化生产线,发动机在线冷试设备,发动机在线热试设备,发动机开发测试试验台架等.主要业务:智能型自动化生产线和智能型自动化装备的研发,设计,生产,装配,销售和售后培训及服务等.",False,C35专用设备制造业,证监会行业分类
603896,寿仙谷,603896.SH,SSE,主板,浙江,中成药,20170510,H,李明焱,李振宇,19824.3911,19970303.0,浙江,金华市,1118.0,www.sxg1909.com,"公司系一家专业从事灵芝,铁皮石斛等名贵中药材的品种选育,栽培,加工和销售的高新技术企业.主要产品为中药饮片,保健食品等.",False,C27医药制造业,证监会行业分类
603897,长城科技,603897.SH,SSE,主板,浙江,电气设备,20180410,H,顾正韡,沈宏明,20643.5681,20070816.0,浙江,湖州市,743.0,www.grandwall.com.cn,"电磁线的研发,生产和销售,产品广泛应用于电机,电器等实现电能和磁能转换的场合,是国民经济中重要的工业基础产品.目前公司产品已形成上千个规格,产品热级涵盖130级-240级,圆线线径范围0.06mm-4.5mm以及扁线截面积20mm2以下,产品应用可覆盖工业电机,家用电器,汽车电机,电动工具,仪器仪表等领域.",False,C38电气机械和器材制造业,证监会行业分类
603898,好莱客,603898.SH,SSE,主板,广东,家居用品,20150217,N,沈汉标,沈汉标,31134.5062,20070409.0,广东,广州市,3206.0,www.holike.com,"主营业务:开发,生产,销售整体衣柜及配套家具,主要产品为整体衣柜,整体衣帽间,整体书柜及其它配套产品.",False,C21家具制造业,证监会行业分类
603899,晨光股份,603899.SH,SSE,主板,上海,文教休闲,20150127,H,陈湖文,陈湖雄,92097.0377,20080718.0,上海,上海市,5503.0,www.mg-pen.com,"主要从事晨光品牌书写工具,学生文具,办公文具等产品的设计,研发,制造和销售.",False,C24文教、工美、体育和娱乐用品制造业,证监会行业分类
603900,莱绅通灵,603900.SH,SSE,主板,江苏,服饰,20161123,N,马峻,庄瓯,34296.384,19991122.0,江苏,南京市,1564.0,www.leysen1855.com,"主营业务:珠宝首饰产品的设计,研发及销售业务,产品定位于中高端珠宝首饰零售市场,主要产品为钻石饰品和翡翠饰品.",False,F52零售业,证监会行业分类
603901,永创智能,603901.SH,SSE,主板,浙江,专用机械,20150529,H,罗邦毅,吴仁波,52408.5915,20021107.0,浙江,杭州市,5880.0,www.youngsunpack.com,"主要产品:包装设备与包装材料.主要业务:包装设备及配套包装材料的研发设计,生产制造,安装调试与技术服务.",False,C34通用设备制造业,证监会行业分类
603903,中持股份,603903.SH,SSE,主板,北京,环境保护,20170314,N,张翼飞,高志永,25531.948,20091231.0,北京,北京市,1456.0,www.zchb-water.net,"中持水务是一家创新型的水环境服务商,公司以构建安全,舒适,可持续的水环境为目标和使命,帮助中国中小城市政府客户管好“两桶水”:改善地方水环境和控制工业园区的环境风险,与之形成长期合作伙伴关系并不断提供与水环境相关的综合解决方案.",False,N77生态保护和环境治理业,证监会行业分类
603906,龙蟠科技,603906.SH,SSE,主板,江苏,电气设备,20170410,H,石俊峰,石俊峰,68507.8903,20030311.0,江苏,南京市,4150.0,www.lopal.cn,"公司自成立以来一直从事车用环保精细化学品的研发,生产和销售.公司主要产品包括;柴油机油汽油机油齿轮油液压油自动变速箱油制动液润滑脂发动机冷却液柴油发动机尾气处理液车用尿素配套加注设备国Ⅳ,国Ⅴ柴油机排放达标识保障产品可生物降解冷却液汽车深化保养产品冷却系统保养产品汽车VOC治理产品汽车外部清洁产品汽车内饰清洁保养产品5S清洁系列",False,C39计算机、通信和其他电子设备制造业,证监会行业分类
603908,牧高笛,603908.SH,SSE,主板,浙江,纺织,20170307,N,陆暾华,陆暾华,9312.6988,20061031.0,浙江,衢州市,3076.0,www.mobigarden.com.cn,"主要产品包括帐篷,睡袋,自充垫等户外装备,以及冲锋衣,羽绒服,登山鞋,运动背包等户外服装,鞋及配饰.主要从事露营帐篷,户外服饰及其他户外用品的设计,生产和销售.",False,C17纺织业,证监会行业分类
603909,建发合诚,603909.SH,SSE,主板,福建,建筑工程,20160628,N,康明旭,康明旭,26067.314,19951011.0,福建,厦门市,2814.0,www.holsin.cn,"主营业务:工程监理,工程检测等相关高技术工程咨询业务.",False,E48土木工程建筑业,证监会行业分类
603912,佳力图,603912.SH,SSE,主板,江苏,专用机械,20171101,N,何根林,李林达,54184.8789,20030826.0,江苏,南京市,715.0,www.canatal.com.cn,主要产品:精密空调设备及冷水机组产品.主要业务:数据机房等精密环境控制技术的研发.,False,C34通用设备制造业,证监会行业分类
603915,国茂股份,603915.SH,SSE,主板,江苏,机械基件,20190614,H,徐国忠,徐彬,65663.248,20130321.0,江苏,常州市,2562.0,www.guomaoreducer.com,"主营业务为减速机的研发,生产和销售.",False,C34通用设备制造业,证监会行业分类
603916,苏博特,603916.SH,SSE,主板,江苏,化工原料,20171110,N,毛良喜,洪锦祥,42629.7791,20041215.0,江苏,南京市,2831.0,www.sobute.com,"主要业务:混凝土外加剂的研发,生产和销售;主要产品:混凝土外加剂中的高性能减水剂,高效减水剂和功能性材料.",False,C26化学原料和化学制品制造业,证监会行业分类
603917,合力科技,603917.SH,SSE,主板,浙江,汽车配件,20171204,N,施定威,施良才,20384.0,20001115.0,浙江,宁波市,809.0,www.helimould.com,"主要产品:汽车用发动机缸体模具,发动机缸盖模具,发动机缸盖罩模具,变速箱壳体模具等大型精密铸造模具,汽车用A柱,B柱,防撞梁,保险杠等热冲压模具以及汽车发动机缸盖,汽车发动机支架,汽车飞轮壳体,汽车动力转向器壳体以及轨道交通齿轮箱壳体等铝合金部品.主要业务:汽车用铸造模具,热冲压模具和铝合金部品的研发,设计,制造和销售.",False,C35专用设备制造业,证监会行业分类
603918,金桥信息,603918.SH,SSE,主板,上海,软件服务,20150528,H,金史平,王琨,36510.7526,19940817.0,上海,上海市,886.0,www.shgbit.com,"主营业务为向客户提供各类多媒体信息系统行业应用解决方案及服务.主要产品为各类多媒体信息系统及其行业解决方案,主要包括多媒体会议系统,应急指挥中心系统,科技法庭系统及其他行业多媒体信息系统及其行业解决方案.",False,I65软件和信息技术服务业,证监会行业分类
603919,金徽酒,603919.SH,SSE,主板,甘肃,白酒,20160310,H,周志刚,周志刚,50725.9997,20091223.0,甘肃,陇南市,3181.0,www.jinhuijiu.com,"主营业务为白酒生产及销售,主要产品为“金徽系列”,“世纪金徽星级系列”,“世纪金徽陈香系列”,“陇南春系列”等浓香型白酒.",False,C15酒、饮料和精制茶制造业,证监会行业分类
603920,世运电路,603920.SH,SSE,主板,广东,元器件,20170426,H,林育成,佘英杰,72059.2317,20050511.0,广东,江门市,6633.0,www.olympicpcb.cn,"公司主营业务为各类印制电路板(PCB)的研发,生产与销售.目前公司主导产品包括单面板,双面板,多层板,HDI板等,广泛应用于计算机及周边设备,消费电子,汽车电子,工业控制,医疗设备等领域.",False,C39计算机、通信和其他电子设备制造业,证监会行业分类
603922,ST金鸿顺,603922.SH,SSE,主板,江苏,汽车配件,20171023,N,洪建沧,洪建沧,17920.0,20030923.0,江苏,苏州市,552.0,www.jinhs.com,"主营业务为汽车车身和底盘冲压零部件及其相关模具的开发,生产与销售.主要产品包括汽车零部件和模具,其中汽车零部件包括汽车车身零部件和底盘零部件.",True,C36汽车制造业,证监会行业分类
603926,铁流股份,603926.SH,SSE,主板,浙江,汽车配件,20170510,N,国宁,国宁,23471.6611,20091126.0,浙江,杭州市,2210.0,www.chinaclutch.com,"主要产品:干摩擦式汽车离合器总成,包括盖总成,从动盘总成.主营业务:汽车离合器的研发,生产和销售.",False,C36汽车制造业,证监会行业分类
603927,中科软,603927.SH,SSE,主板,北京,软件服务,20190909,H,左春,左春,83104.0,19960530.0,北京,北京市,18078.0,www.sinosoft.com.cn,计算机软件开发及产品的销售及服务,False,I65软件和信息技术服务业,证监会行业分类
603928,兴业股份,603928.SH,SSE,主板,江苏,化工原料,20161212,N,王进兴,王进兴,26208.0,19960405.0,江苏,苏州市,734.0,www.chinaxingye.com,"主营业务:专注于铸造造型材料产品研发,生产,销售和相关技术服务.主要产品包括铸造用自硬呋喃树脂,冷芯盒树脂,配套固化剂,铸造涂料和铸造辅助材料等.",False,C26化学原料和化学制品制造业,证监会行业分类
603929,亚翔集成,603929.SH,SSE,主板,江苏,装修装饰,20161230,H,姚祖骧,姚祖骧,21336.0,20020228.0,江苏,苏州市,849.0,www.lkeng.com.cn,"主营业务为IC半导体,光电等高科技电子产业及生物医药,精细化工,航空航天,食品制造等相关领域的建厂工程提供洁净室工程服务,包括洁净厂房建造规划,设计建议,设备配置,洁净室环境系统集成工程及维护服务等.主要产品即为洁净技术厂房,或广义上的洁净室.洁净室广泛用于电子,医药,食品,石化,日化,生物工程,航天,军工等领域,属于该等领域所需的基础性工程服务.",False,E49建筑安装业,证监会行业分类
603931,格林达,603931.SH,SSE,主板,浙江,化工原料,20200819,H,方伟华,方伟华,19955.838,20011017.0,浙江,杭州市,261.0,www.greendachem.com,"专业从事超净高纯湿电子化学品的研发,生产和销售业务,产品主要有显影液,蚀刻液,稀释液,清洗液等.",False,C26化学原料和化学制品制造业,证监会行业分类
603933,睿能科技,603933.SH,SSE,主板,福建,元器件,20170706,N,杨维坚,杨维坚,20754.4575,20070912.0,福建,福州市,1305.0,www.raynen.cn,"公司主要从事以针织横机电脑控制系统的研发,生产和销售为主的制造业务及以IC产品分销为主的分销业务.",False,C39计算机、通信和其他电子设备制造业,证监会行业分类
603936,博敏电子,603936.SH,SSE,主板,广东,元器件,20151209,H,徐缓,徐缓,63039.8004,20050325.0,广东,梅州市,4324.0,www.bominelec.com,"主营业务:印制电路板的研发,生产和销售,主要产品为多层(含HDI)和单/双面印制电路板.",False,C39计算机、通信和其他电子设备制造业,证监会行业分类
603937,丽岛新材,603937.SH,SSE,主板,江苏,铝,20171102,N,蔡征国,蔡征国,20889.0522,20040330.0,江苏,常州市,720.0,www.jsldxcl.com,"公司的主营业务为铝材产品的研发,生产和销售,专注于以建筑工业彩涂铝材,食品包装彩涂铝材及精整切割铝材为主的铝材深加工业务.",False,C33金属制品业,证监会行业分类
603938,三孚股份,603938.SH,SSE,主板,河北,化工原料,20170628,H,孙任靖,董立强,38262.4497,20061020.0,河北,唐山市,1054.0,www.tssunfar.com,"主要从事三氯氢硅及氢氧化钾等精细化工产品的研发,生产和销售.主要产品:三氯氢硅,氢氧化钾.",False,C26化学原料和化学制品制造业,证监会行业分类
603939,益丰药房,603939.SH,SSE,主板,湖南,医药商业,20150217,H,高毅,高毅,121239.2331,20080620.0,湖南,常德市,40018.0,www.yfdyf.cn,"公司主要从事药品,保健品,医疗器械以及与健康相关的日用便利品等的连锁零售业务,子公司益丰医药作为公司内部集中采购平台,兼顾少量对外药品批发业务.",False,F52零售业,证监会行业分类
603948,建业股份,603948.SH,SSE,主板,浙江,化工原料,20200302,N,孙斌,夏益忠,16248.9167,19990121.0,浙江,杭州市,694.0,www.chinaorganicchem.com,"公司主营业务为低碳脂肪胺,增塑剂,醋酸酯,电子化学品等精细化工产品的生产,研发和销售,公司现有的主导产品为低碳脂肪胺,增塑剂,醋酸酯,超纯氨等.",False,C26化学原料和化学制品制造业,证监会行业分类
603949,XD雪龙集,603949.SH,SSE,主板,浙江,汽车配件,20200310,N,贺财霖,贺频艳,21073.6706,20020204.0,浙江,宁波市,434.0,www.xuelong.net.cn,"公司主要从事汽车发动机冷却风扇总成,离合器风扇集成系统及汽车轻量化塑料件的研发,生产和销售,自设立以来主营业务没有发生重大变化.公司发动机冷却系统产品包括发动机冷却风扇总成及离合器风扇集成系统;汽车轻量化塑料件包括汽车轻量化吹塑系列产品及其他注塑产品等.",False,C36汽车制造业,证监会行业分类
603950,长源东谷,603950.SH,SSE,主板,湖北,汽车配件,20200526,H,李佐元,李从容,32413.08,20011219.0,湖北,襄阳市,2648.0,www.cydgsy.com,"主营业务为柴油发动机零部件的研发,生产及销售,主要产品包括柴油发动机缸体,缸盖,连杆,飞轮壳,主轴承盖,排气管及齿轮室等.",False,C36汽车制造业,证监会行业分类
603955,大千生态,603955.SH,SSE,主板,江苏,建筑工程,20170310,N,丁燚,丁燚,13572.0,19881026.0,江苏,南京市,137.0,www.dq-eco.com,"公司是从事公共园林景观,地产景观以及企事业单位绿化景观的设计,施工,养护及苗木产销一体化的综合性园林企业.",False,E48土木工程建筑业,证监会行业分类
603956,威派格,603956.SH,SSE,主板,上海,专用机械,20190222,N,李纪玺,柳兵,56990.6286,20110729.0,上海,上海市,1900.0,www.shwpg.com,"从事二次供水设备的研发,生产,销售与服务,同时公司逐步开展二次供水智慧管理平台系统的研发,搭建和运维,为二次供水设备的集中化管理提供支持.",False,C35专用设备制造业,证监会行业分类
603958,哈森股份,603958.SH,SSE,主板,江苏,服饰,20160629,N,陈玉珍,陈芳德,21936.0,20060821.0,江苏,苏州市,3584.0,www.harsongroup.com,"主营业务:中高端皮鞋的品牌运营﹑产品设计,生产和销售.主要产品:哈森(HARSON),卡迪娜(KADINA),卡文(COVER),爱旅儿(ALLER-A)及哈森男鞋(HARSON BUSINESS).",False,C19皮革、毛皮、羽毛及其制品和制鞋业,证监会行业分类
603959,ST百利,603959.SH,SSE,主板,湖南,建筑工程,20160517,N,雷立猛,"雷立猛,李顺祥",49029.8992,19921111.0,湖南,岳阳市,942.0,www.blest.com.cn,"主营业务:为石油化工,现代煤化工行业提供工程咨询,设计及工程总承包等专业工程服务.服务具体包括:投资项目可行性研究;为工程项目提供规划方案和设计方案等咨询服务;为工程项目提供方案设计,基础设计和详细设计;为业主提供工程总承包服务,包括项目设计,采购,施工,安装调试,人员培训和试车等项目全过程,协助业主最终实现项目建设目标.主要产品的外在形式包括:工程咨询报告(如:项目建议书,可行性研究报告,项目规划,方案设计文件,项目管理咨询等),工程设计文件,图纸,成套提供的设备,整个工厂/装置/建构筑物,计算机软件技术等.",True,E48土木工程建筑业,证监会行业分类
603960,克来机电,603960.SH,SSE,主板,上海,汽车配件,20170314,H,谈士力,谈士力,26219.79,20030530.0,上海,上海市,531.0,www.sh-kelai.com,"主要产品:柔性自动化生产线与工业机器人系统.主要业务:现代机电智能装备,工业机器人系统集成的研究,开发,制造.",False,C35专用设备制造业,证监会行业分类
603966,法兰泰克,603966.SH,SSE,主板,江苏,专用机械,20170125,N,陶峰华,陶峰华,39867.0986,20070619.0,江苏,苏州市,1666.0,www.eurocrane.com.cn,"主营业务:主要从事中高端桥,门式起重机,电动葫芦,工程机械部件的研发,制造和销售业务.主要产品:起重机,电动葫芦,工程机械部件等.",False,C34通用设备制造业,证监会行业分类
603967,中创物流,603967.SH,SSE,主板,山东,仓储物流,20190429,N,李松青,葛言华,34666.671,20061114.0,山东,青岛市,1423.0,www.cmlog.com,"公司主营综合性现代物流业务,为进出口贸易参与主体提供基于国内沿海港口集装箱及干散货等多种货物贸易的一站式跨境综合物流服务.公司主营业务可划分为五大板块,分别为货运代理,场站,船舶代理,沿海运输及项目大件物流.",False,G58多式联运和运输代理业,证监会行业分类
603968,醋化股份,603968.SH,SSE,主板,江苏,化工原料,20150518,N,俞新南,俞新南,20448.0,19590601.0,江苏,南通市,1264.0,www.ntacf.com,"公司主要生产食品和饲料添加剂,医药和农药中间体,颜料和染料中间体,基本有机化工产品四大系列品种.",False,C26化学原料和化学制品制造业,证监会行业分类
603969,银龙股份,603969.SH,SSE,主板,天津,其他建材,20150227,H,谢志峰,谢志峰,87153.38,19980317.0,天津,天津市,1013.0,www.yinlong.com,"公司产品以预应力混凝土用钢丝为主,涵盖了预应力混凝土用钢绞线和预应力混凝土用钢棒等全系列产品.从事预应力混凝土用钢材的研发,生产和销售.",False,C33金属制品业,证监会行业分类
603970,中农立华,603970.SH,SSE,主板,北京,农药化肥,20171116,N,苏毅,黄柏集,26880.0134,20090408.0,北京,北京市,817.0,www.sino-agri-sal.com,"主营业务:公司目前主要从事农药流通服务和植保技术服务业务;同时还承担着国家农资下乡,新网工程建设,中央救灾农药储备和国家农药储备等多项国家政策性任务.",False,F51批发业,证监会行业分类
603976,正川股份,603976.SH,SSE,主板,重庆,医疗保健,20170822,N,邓勇,邓秋晗,15120.3799,19891027.0,重庆,重庆市,1647.0,www.cqzcjt.com,"主要业务:从事药用玻璃管制瓶等药用包装材料的研发,生产和销售.主要产品:包括不同类型和规格的硼硅玻璃管制瓶,钠钙玻璃管制瓶,并生产各类铝盖,铝塑组合盖等药用瓶盖.",False,C27医药制造业,证监会行业分类
603977,国泰集团,603977.SH,SSE,主板,江西,化工原料,20161111,H,洪余和,,62124.1828,20061208.0,江西,南昌市,2014.0,www.jxgtjtgw.com,"主营业务:民用爆破器材的研发,生产,销售及爆破服务;主要产品:工业炸药,工业雷管及工业索类等民用爆破器材,同时为矿山,基建项目等提供爆破服务.",False,C26化学原料和化学制品制造业,证监会行业分类
603978,深圳新星,603978.SH,SSE,主板,深圳,小金属,20170807,N,陈学敏,陈学敏,21109.4299,19920723.0,广东,深圳市,899.0,www.stalloys.com,"主要从事铝晶粒细化剂的研发,生产和销售.铝晶粒细化剂作为重要添加剂,广泛应用于航空航天,轨道交通,军工,航海,建筑,机械制造,化学工业等各种领域用的铝材制造加工.",False,C32有色金属冶炼和压延加工业,证监会行业分类
603979,金诚信,603979.SH,SSE,主板,北京,铜,20150630,H,王青海,黄海根,62378.8908,20080107.0,北京,北京市,12424.0,www.jchxmc.com,"金诚信股份是一家集有色金属矿山,黑色金属矿山及化工矿山工程建设与采矿运营管理,矿山设计与技术研发等业务为一体的专业性管理服务企业.",False,B11开采专业及辅助性活动,证监会行业分类
603980,吉华集团,603980.SH,SSE,主板,浙江,染料涂料,20170615,N,邵辉,吴爱军,67683.336,20030815.0,浙江,杭州市,1282.0,www.jihuadyes.com,"主营业务:染料,染料中间体及其他化工产品的研发,生产和销售;主要产品:染料产品主要包括分散染料,活性染料等,染料中间体主要包括H酸,合成蒽醌等.",False,C26化学原料和化学制品制造业,证监会行业分类
603982,泉峰汽车,603982.SH,SSE,主板,江苏,汽车配件,20190522,N,潘龙泉,章鼎,36512.8995,20120319.0,江苏,南京市,3499.0,www.chervonauto.com,"主要从事汽车关键零部件的研发,生产,销售,逐步形成了以汽车热交换零部件,汽车传动零部件和汽车引擎零部件为核心的产品体系,公司产品主要应用于中高端汽车.此外,公司还生产部分洗衣机零部件产品.",False,C36汽车制造业,证监会行业分类
603983,丸美生物,603983.SH,SSE,主板,广东,日用化工,20190725,H,孙怀庆,孙怀庆,40100.0,20020402.0,广东,广州市,1380.0,www.marubi.cn,"公司主要从事各类型护肤品的研发,设计,生产,销售及服务,产品品牌包括“丸美”品牌和“春纪”品牌.",False,C26化学原料和化学制品制造业,证监会行业分类
603985,恒润股份,603985.SH,SSE,主板,江苏,电气设备,20170505,H,任君雷,周洪亮,44085.8003,20030730.0,江苏,无锡市,1448.0,www.hrflanges.com,"主营业务:公司主要从事辗制环形锻件,锻制法兰及其他自由锻件等产品的研发,生产和销售,产品主要应用于风电行业,石化行业,金属压力容器行业,机械行业,船舶,核电等多种行业.主要产品:辗制环形锻件,锻制法兰及其他自由锻件等产品.",False,C33金属制品业,证监会行业分类
603986,兆易创新,603986.SH,SSE,主板,北京,半导体,20160818,H,何卫,何卫,70110.2451,20050406.0,北京,北京市,2333.0,www.gigadevice.com,"公司主营业务为闪存芯片及其衍生产品的研发,技术支持和销售.公司的主要产品为闪存芯片,具体为串行的代码型闪存芯片.",False,C39计算机、通信和其他电子设备制造业,证监会行业分类
603987,康德莱,603987.SH,SSE,主板,上海,医疗保健,20161121,N,张维鑫,张维鑫,43679.088,19980701.0,上海,上海市,3889.0,www.kdlchina.cn,"主要产品:医用穿刺针和医用穿刺器械.主要业务:医用穿刺器械的研发,生产和销售.",False,C35专用设备制造业,证监会行业分类
603988,中电电机,603988.SH,SSE,主板,江苏,电气设备,20141104,H,轩秀丽,刘黎明,23520.0,20030408.0,江苏,无锡市,842.0,www.sec-motor.com,"公司主要从事大中型交,直流电机产品的设计,生产,销售和服务,并为机电厂商,检测和科研单位提供试验电源系统一体化解决方案.公司主要的产品种类包括大中型直流电机,中高压异步电机,同步电机,船用推进电机,矿井提升机电机,风力发电机,汽轮发电机,冲击发电机和防爆电机等;主要提供的试验电源系统一体化解决方案包括变压器试验站电源系统,电机试验站电源系统和开关试验站电源系统等.",False,C38电气机械和器材制造业,证监会行业分类
603989,艾华集团,603989.SH,SSE,主板,湖南,元器件,20150515,H,艾立华,艾亮,39877.986,19931229.0,湖南,益阳市,5054.0,www.aihuaglobal.com,"公司主要生产和销售CD11GA,CD11GE,CD11GH,CD11GT,RS,RK,RH,NS,和PS,PZ等系列铝电解电容器.",False,C39计算机、通信和其他电子设备制造业,证监会行业分类
603990,麦迪科技,603990.SH,SSE,主板,江苏,软件服务,20161208,N,翁康,翁康,30628.2731,20090814.0,江苏,苏州市,632.0,www.medicalsystem.com.cn,"主营业务:提供临床医疗管理信息系统(CIS)系列应用软件和临床信息化整体解决方案.核心产品主要包括两大类:(一)DoCare系列临床医疗管理信息系统应用软件,其中包括麻醉临床信息系统,重症监护(ICU)临床信息系统,院前急救信息系统,血液净化信息系统和临床路径信息系统等;(二)临床信息化整体解决方案,其中包括Doricon数字化手术室整体解决方案及正在推广的Doricon数字化病区和Doricon数字化急诊急救平台整体解决方案.",False,I65软件和信息技术服务业,证监会行业分类
603991,至正股份,603991.SH,SSE,主板,深圳,半导体,20170308,N,王强,"王强,何树泉",15270.971,20041227.0,广东,深圳市,191.0,www.sh-original.com,"主营业务为电线电缆,光缆用绿色环保型聚烯烃高分子材料的研发,生产和销售.产品按照应用领域来分主要有光通信电缆及光缆用环保型低烟无卤聚烯烃高分子材料,电气装备线缆用环保型特种聚烯烃高分子材料,电网系统电力电缆用特种聚烯烃及高压绝缘高分子材料三大系列.",False,C29橡胶和塑料制品业,证监会行业分类
603992,松霖科技,603992.SH,SSE,主板,福建,家居用品,20190826,H,周华松,周华松,44304.182,20040511.0,福建,厦门市,5527.0,www.solex.cn,"主营业务:花洒,淋浴系统,龙头,软管,升降杆及零配件等卫浴配件产品的研发,生产和销售.",False,C29橡胶和塑料制品业,证监会行业分类
603993,洛阳钼业,603993.SH,SSE,主板,河南,小金属,20121009,H,刘建锋,彭旭辉,427886.2035,19991222.0,河南,洛阳市,12354.0,www.cmoc.com,"主营业务:本公司主要从事钼,钨及黄金等稀贵金属的采选,冶炼,深加工,贸易,科研等,拥有钼采矿,选矿,焙烧,钼化工和钼金属加工上下游一体化的完整产业链条.主要产品:具体产品为:钼,钨黄金,,白银及硫酸等",False,B09有色金属矿采选业,证监会行业分类
603995,甬金股份,603995.SH,SSE,主板,浙江,特种钢,20191224,H,YU JASON CHEN,YU JASON CHEN,36561.8044,20030827.0,浙江,金华市,4383.0,www.yjgf.com,"冷轧不锈钢板带的研发,生产和销售,产品覆盖精密冷轧不锈钢板带和宽幅冷轧不锈钢板带两大领域.",False,C31黑色金属冶炼和压延加工业,证监会行业分类
603997,继峰股份,603997.SH,SSE,主板,浙江,汽车配件,20150302,H,王义平,冯巅,127226.4864,20030711.0,浙江,宁波市,18827.0,www.nb-jf.com,"乘用车座椅零部件的研发,生产与销售,主营产品包括乘用车座椅头枕,头枕支杆,座椅扶手.",False,C36汽车制造业,证监会行业分类
603998,方盛制药,603998.SH,SSE,主板,湖南,中成药,20141205,N,周晓莉,周晓莉,43908.136,19971013.0,湖南,长沙市,1807.0,www.fangsheng.com.cn,"主营业务:主要从事心脑血管中成药,骨伤科药,儿科药,抗感染药等药品的研发,生产与销售的高新技术企业.主要产品:有血塞通分散片,血塞通片,藤黄健骨片,赖氨酸维B12颗粒,头孢克肟片,金英胶囊等.",False,C27医药制造业,证监会行业分类
603999,读者传媒,603999.SH,SSE,主板,甘肃,出版业,20151210,N,张斌强,李树军,57600.0,20091228.0,甘肃,兰州市,553.0,www.duzhepmc.com,"主营业务:主要从事期刊,图书(含教材教辅及一般图书)出版物的出版和发行.主要产品:为期刊,图书(含教材教辅)等出版物.",False,R86新闻和出版业,证监会行业分类
605001,威奥股份,605001.SH,SSE,主板,山东,运输设备,20200522,N,孙继龙,孙继龙,39288.6,20071008.0,山东,青岛市,3684.0,www.victall.com,"发行人主要从事轨道交通车辆配套产品的研发,生产,销售和服务,公司主要产品包括内装产品,卫生间系统,金属结构件,模块化产品和车外结构件等五大类.",False,C37铁路、船舶、航空航天和其他运输设备制造业,证监会行业分类
605003,众望布艺,605003.SH,SSE,主板,浙江,纺织,20200908,N,杨林山,杨林山,11000.0,19941018.0,浙江,杭州市,659.0,www.zw-fabric.com,"主营业务为中高档装饰面料及制品的研发,设计,生产与销售.主要产品为装饰面料和沙发套,产品目前主要应用于沙发,座椅,抱枕等领域.",False,C17纺织业,证监会行业分类
605005,合兴股份,605005.SH,SSE,主板,浙江,汽车配件,20210119,H,汪洪志,汪洪志,40100.0,20061114.0,浙江,温州市,2201.0,www.cwb.com.cn,"主要从事汽车电子,消费电子产品的研发,生产和销售.",False,C36汽车制造业,证监会行业分类
605006,山东玻纤,605006.SH,SSE,主板,山东,玻璃,20200903,N,朱波,朱波,60004.8374,20080220.0,山东,临沂市,2636.0,www.glasstex.cn,"主营业务是玻璃纤维及其制品的研发,生产与销售,并在沂水县范围内提供热电产品.主要产品分为玻纤类产品和热电类产品两大类.",False,C30非金属矿物制品业,证监会行业分类
605007,五洲特纸,605007.SH,SSE,主板,浙江,造纸,20201110,H,赵磊,赵磊,47573.0003,20080109.0,浙江,衢州市,3228.0,www.wztzzy.com,"主营业务为特种纸的研发,生产和销售.根据产品下游应用领域不同,公司专注于生产食品包装纸,格拉辛纸以及描图纸,根据客户需求提供优质的产品及服务.",False,C22造纸和纸制品业,证监会行业分类
605008,长鸿高科,605008.SH,SSE,主板,浙江,橡胶,20200821,H,王正波,王正波,64596.2414,20120615.0,浙江,宁波市,569.0,www.changhongpolymer.com.cn,"苯乙烯类热塑性弹性体(TPES)的研发,生产和销售,公司的主要产品系列包括SBS和SEBS.",False,C26化学原料和化学制品制造业,证监会行业分类
605009,豪悦护理,605009.SH,SSE,主板,浙江,造纸,20200911,H,李志彪,李志彪,21506.596,20080311.0,浙江,杭州市,1759.0,www.hz-haoyue.com,"主要产品为婴儿卫生用品,成人失禁用品和女性卫生用品等吸收性卫生用品.",False,C22造纸和纸制品业,证监会行业分类
605011,杭州热电,605011.SH,SSE,主板,浙江,供气供热,20210630,H,李炳,俞峻,40010.0,19970526.0,浙江,杭州市,782.0,www.hzrdjt.com,"主营工业园区热电联产,集中供热,公司提供的主要产品是蒸汽与电力.",False,D44电力、热力生产和供应业,证监会行业分类
605016,百龙创园,605016.SH,SSE,主板,山东,食品,20210421,H,禚洪建,禚洪建,42001.232,20051230.0,山东,德州市,990.0,www.sdblcy.com,"公司主营业务为益生元系列产品,膳食纤维系列产品,其他淀粉糖(醇)系列产品和健康甜味剂产品的研发,生产及销售.公司主要产品定位中高端,具体包括低聚异麦芽糖,低聚果糖,低聚半乳糖,低聚木糖,抗性糊精,聚葡萄糖,阿洛酮糖等.",False,C14食品制造业,证监会行业分类
605018,长华集团,605018.SH,SSE,主板,浙江,汽车配件,20200929,H,王长土,王庆,47006.5793,19931111.0,浙江,宁波市,2129.0,www.zjchanghua.com,"主营业务:汽车金属零部件的研发,生产,销售,逐步形成了以紧固件,冲焊件为核心的两大产品体系.",False,C36汽车制造业,证监会行业分类
605020,永和股份,605020.SH,SSE,主板,浙江,化工原料,20210709,H,童建国,童嘉成,51081.8723,20040702.0,浙江,衢州市,2938.0,www.qhyh.com,"主要产品包括氟碳化学品单质(HCFC-22,HFC-152a,HFC-143a,HFC-32,HFC-227ea,HFC-125等),混合制冷剂(R410A,R404A等),含氟高分子材料及其单体(FEP,HFP,PTFE等)以及氢氟酸,萤石精粉,萤石块矿等.主营业务为氟化学产品的研发,生产,销售,产业链覆盖萤石资源,氢氟酸,氟碳化学品,含氟高分子材料.",False,C26化学原料和化学制品制造业,证监会行业分类
605028,世茂能源,605028.SH,SSE,主板,浙江,供气供热,20210712,N,李立峰,李立峰,16000.0,20031210.0,浙江,宁波市,223.0,www.shimaoenergy.com,"提供工业用蒸汽并发电上网,通过焚烧处置将生活垃圾转变为清洁能源,实现资源的循环利用.",False,D44电力、热力生产和供应业,证监会行业分类
605033,美邦股份,605033.SH,SSE,主板,陕西,农药化肥,20210916,N,张少武,张通,13520.0,19980805.0,陕西,渭南市,998.0,www.meibang.cn,"主要从事农药制剂的研发,生产和销售业务.",False,C26化学原料和化学制品制造业,证监会行业分类
605050,福然德,605050.SH,SSE,主板,上海,仓储物流,20200924,H,崔建华,崔建兵,49282.9181,20040708.0,上海,上海市,708.0,www.scmfriend.com,"主营业务为:为中高端汽车,家电等行业企业或其配套厂商提供完整的钢材物流供应链服务,包括采购,加工,仓储,套裁,包装,运输及配送等服务,以及相应的技术支持服务.公司提供钢材物流供应链服务的产品载体主要有:镀锌钢,冷轧钢,热轧钢,电工钢,彩涂钢等钢材卷料或板料;相关产品被用于中高端汽车及家电制造业等金属零部件的生产中.",False,G58多式联运和运输代理业,证监会行业分类
605055,迎丰股份,605055.SH,SSE,主板,浙江,纺织,20210129,N,傅双利,傅双利,44000.0,20080802.0,浙江,绍兴市,3148.0,www.zj-yfkj.com,"公司专业从事纺织品的印染加工业务,致力于为客户提供专业化,一体化,个性化的印染综合服务,主要包括针织面料印染和梭织面料印染两大系列.",False,C17纺织业,证监会行业分类
605056,咸亨国际,605056.SH,SSE,主板,浙江,电器仪表,20210720,H,王来兴,夏剑剑,40939.32,20080411.0,浙江,杭州市,1990.0,www.xianhengguoji.com,"从事工器具,仪器仪表等类产品的MRO的研发,生产,销售及相关技术服务",False,F51批发业,证监会行业分类
605058,澳弘电子,605058.SH,SSE,主板,江苏,元器件,20201021,N,陈定红,陈定红,14292.395,20050622.0,江苏,常州市,1478.0,www.czaohong.com,"主要从事印制电路板研发,生产和销售.公司生产的印制电路板包括单面板,双面板,多层板等,主要应用于家电,电源,能源,工业控制,通信和汽车电子等领域.",False,C39计算机、通信和其他电子设备制造业,证监会行业分类
605060,联德股份,605060.SH,SSE,主板,浙江,机械基件,20210301,H,孙袁,孙袁,24059.2,20010212.0,浙江,杭州市,1976.0,www.allied-machinery.com,"主要从事高精度机械零部件以及精密型腔模产品的研发,设计,生产和销售,提供从铸造到精加工的一站式服务.",False,C34通用设备制造业,证监会行业分类
605066,天正电气,605066.SH,SSE,主板,浙江,电气设备,20200807,N,高天乐,高天乐,50475.0125,19991029.0,浙江,温州市,3247.0,www.tengen.com,"主要从事配电电器,控制电器,终端电器,电源电器,仪表电器等低压电器产品的研发,生产和销售.主要产品包括:“天E电气”品牌的Te系列高端产品,“天正电气”品牌的TG精品系列和“祥云”通用产品系列.",False,C38电气机械和器材制造业,证监会行业分类
605068,明新旭腾,605068.SH,SSE,主板,浙江,汽车配件,20201123,N,庄君新,庄君新,16219.8495,20051207.0,浙江,嘉兴市,1384.0,www.mingxinleather.com,"主要产品为汽车内饰皮革,专注于汽车革研发,清洁生产和销售",False,C19皮革、毛皮、羽毛及其制品和制鞋业,证监会行业分类
605069,正和生态,605069.SH,SSE,主板,北京,环境保护,20210816,N,张熠君,张慧鹏,21169.7778,19971222.0,北京,北京市,253.0,www.zeho.com.cn,主要通过设计施工一体化的业务模式为客户提供生态环境治理整体解决方案.,False,N77生态保护和环境治理业,证监会行业分类
605077,华康股份,605077.SH,SSE,主板,浙江,食品,20210209,H,陈德水,陈德水,30304.9994,20010710.0,浙江,衢州市,2078.0,www.huakangpharma.com,"主要从事木糖醇,山梨糖醇,麦芽糖醇,果葡糖浆等多种功能性糖醇,淀粉糖产品研发,生产,销售",False,C14食品制造业,证监会行业分类
605080,浙江自然,605080.SH,SSE,主板,浙江,文教休闲,20210506,N,夏永辉,夏永辉,14154.084,20000904.0,浙江,台州市,2124.0,www.zjnature.com,"主要从事充气床垫,户外箱包,头枕坐垫等户外运动用品的研发,设计,生产和销售.",False,C17纺织业,证监会行业分类
605081,*ST太和,605081.SH,SSE,主板,上海,环境保护,20210209,N,孙薇,何凡,11324.7072,20101207.0,上海,上海市,388.0,www.shtaihe.net,"公司业务范畴主要包括水生态建设和水生态维护两大类业务服务.其中,水环境生态建设目前主要包括湖泊,市政河道和商业景观水等三类水体.",True,N77生态保护和环境治理业,证监会行业分类
605086,龙高股份,605086.SH,SSE,主板,福建,矿物制品,20210416,H,马千里,马千里,17920.0,20030425.0,福建,龙岩市,226.0,www.longgaogf.com,"从事高岭土的采选,加工和销售,以及相关技术研发业务",False,B10非金属矿采选业,证监会行业分类
605088,冠盛股份,605088.SH,SSE,主板,浙江,汽车配件,20200817,H,周家儒,周隆盛,20272.6053,19990413.0,浙江,温州市,2864.0,www.gsp.cn,"主要从事汽车传动系统零部件的研发,生产和销售,主要产品包括了万向节,传动轴总成和轮毂单元.",False,C36汽车制造业,证监会行业分类
605089,味知香,605089.SH,SSE,主板,江苏,食品,20210427,N,夏靖,夏靖,13800.0,20081210.0,江苏,苏州市,403.0,www.weizhixiang.com,"公司主要从事半成品菜的研发,生产和销售.自成立以来,公司主营业务及主要产品未发生重大变化.",False,C13农副食品加工业,证监会行业分类
605090,九丰能源,605090.SH,SSE,主板,江西,供气供热,20210525,H,张建国,吉艳,70548.7682,20080227.0,江西,赣州市,1790.0,www.jovo.com.cn,"经营产品包括液化天然气(LNG),液化石油气(LPG)等清洁能源以及甲醇,二甲醚(DME)等化工产品,主要应用于燃气发电,工业燃料,城镇燃气,汽车燃料,化工原料等领域,并为客户提供优质的国际能源供应及整体应用解决方案.",False,D45燃气生产和供应业,证监会行业分类
605098,行动教育,605098.SH,SSE,主板,上海,文教休闲,20210421,H,李践,李践,11925.11,20060327.0,上海,上海市,896.0,www.xdjy100.com,"主营业务为企业管理培训,管理咨询服务以及相关图书音像制品销售.",False,P83教育,证监会行业分类
605099,共创草坪,605099.SH,SSE,主板,江苏,文教休闲,20200930,H,王强翔,王强翔,40253.9322,20040116.0,江苏,淮安市,5098.0,www.ccgrass.cn,"主要从事人造草坪的研发,生产和销售",False,C29橡胶和塑料制品业,证监会行业分类
605100,华丰股份,605100.SH,SSE,主板,山东,机械基件,20200811,N,徐华东,徐华东,17073.0,20040408.0,山东,潍坊市,657.0,www.powerhf.com,"公司主营业务为柴油发动机,核心零部件和智能化发电机组的研发,制造与销售,以及通信基站发电机组等电源设施的综合运维服务.主要产品缸体,缸盖,曲轴箱等属于发动机的关键零部件.",False,C34通用设备制造业,证监会行业分类
605108,同庆楼,605108.SH,SSE,主板,安徽,酒店餐饮,20200716,H,沈基水,沈基水,26000.0,20050131.0,安徽,合肥市,6133.0,www.tongqinglou.cn,主营业务:主要从事餐饮服务.产品:各类饮食服务.,False,H62餐饮业,证监会行业分类
605111,新洁能,605111.SH,SSE,主板,江苏,半导体,20200928,H,朱袁正,叶鹏,41533.2567,20130105.0,江苏,无锡市,455.0,www.ncepower.com,"公司主要从事MOSFET,IGBT等半导体功率器件的研发,设计及销售.",False,C39计算机、通信和其他电子设备制造业,证监会行业分类
605116,奥锐特,605116.SH,SSE,主板,浙江,化学制药,20200921,H,彭志恩,褚定军,40618.3234,19980305.0,浙江,台州市,1784.0,www.aurisco.com,"主要产品为呼吸系统类,心血管类,抗感染类和神经系统类药物,包括氟美松,丙酸氟替卡松,依普利酮,替诺福韦,普瑞巴林等原料药和中间体,主要从事特色原料药和医药中间体的研发,生产和销售",False,C27医药制造业,证监会行业分类
605117,德业股份,605117.SH,SSE,主板,浙江,电气设备,20210420,H,ZHANG DONG YE,ZHANG DONG YE,90933.2542,20000804.0,浙江,宁波市,6044.0,www.deye.com.cn,"主要从事蒸发器,冷凝器和变频控制芯片等部件以及除湿机和空气源热泵热风机等环境电器产品的研发,生产和销售.",False,C38电气机械和器材制造业,证监会行业分类
605118,力鼎光电,605118.SH,SSE,主板,福建,元器件,20200730,H,吴富宝,吴富宝,41126.5,20020927.0,福建,厦门市,1468.0,www.evetar.com,"专注于光学镜头的设计,生产和销售业务",False,C39计算机、通信和其他电子设备制造业,证监会行业分类
605122,四方新材,605122.SH,SSE,主板,重庆,水泥,20210310,N,李德志,李德志,17235.4,20030818.0,重庆,重庆市,554.0,www.cqsifang.com,"公司目前主营业务是商品混凝土研发,生产和销售,同时生产建筑用砂石骨料.公司主要产品为商品混凝土.",False,C30非金属矿物制品业,证监会行业分类
605123,派克新材,605123.SH,SSE,主板,江苏,航空,20200825,H,是玉丰,刘波,12117.0892,20060629.0,江苏,无锡市,1218.0,www.wuxipaike.com,"专业从事金属锻件的研发,生产和销售.",False,C33金属制品业,证监会行业分类
605128,上海沿浦,605128.SH,SSE,主板,上海,汽车配件,20200915,H,周建清,张思成,21113.8706,19990419.0,上海,上海市,1236.0,www.shyanpu.com,"公司主要生产汽车零部件中的金属构件,产品包括汽车座椅骨架总成(含座椅滑轨),精密冲压件,注塑零部件及模具检具.主要从事各类汽车座椅骨架总成,座椅滑轨总成及汽车座椅,安全带,闭锁等系统冲压件,注塑零部件的研发,生产和销售.",False,C36汽车制造业,证监会行业分类
605133,嵘泰股份,605133.SH,SSE,主板,江苏,汽车配件,20210224,H,夏诚亮,朱华夏,28276.9152,20000615.0,江苏,扬州市,3598.0,www.rtco.com.cn,"主要从事汽车铝合金精密压铸件的研发,生产及销售,主要产品为通过压铸和精密机加工工艺生产的铝合金汽车零部件,主要应用于汽车转向系统,传动系统,制动系统等领域.",False,C36汽车制造业,证监会行业分类
605136,丽人丽妆,605136.SH,SSE,主板,上海,其他商业,20200929,N,叶茂,叶茂,40045.85,20100527.0,上海,上海市,751.0,www.lrlz.com,"电商零售业务,品牌营销运营服务",False,F52零售业,证监会行业分类
605138,盛泰集团,605138.SH,SSE,主板,浙江,服饰,20211027,N,徐磊,徐磊,55557.1491,20070525.0,浙江,绍兴市,13053.0,www.smart-shirts.com.cn,"主要产品为面料和成衣,主要从事纺织面料及成衣的生产与销售.",False,C18纺织服装、服饰业,证监会行业分类
605151,西上海,605151.SH,SSE,主板,上海,汽车配件,20201215,N,朱燕阳,朱燕阳,13455.4222,20020715.0,上海,上海市,2132.0,www.wsasc.com.cn,"主营业务:主要从事汽车物流及汽车零部件制造,销售业务,公司的汽车零部件制造业务的主要产品为包覆件和涂装件.",False,C36汽车制造业,证监会行业分类
605155,西大门,605155.SH,SSE,主板,浙江,家居用品,20201231,N,柳庆华,柳庆华,19129.81,19971222.0,浙江,绍兴市,975.0,www.xidamen.com,"发行人主要从事功能性遮阳材料的研发,生产和销售,主要产品包括阳光面料,涂层面料和可调光面料等.",False,C17纺织业,证监会行业分类
605158,华达新材,605158.SH,SSE,主板,浙江,钢加工,20200805,N,邵明祥,邵明霞,51142.0,20030725.0,浙江,杭州市,995.0,www.hdnew.cn,"主要从事多功能彩色涂层板,热镀锌铝板及其基板的研发,生产和销售.",False,C33金属制品业,证监会行业分类
605162,新中港,605162.SH,SSE,主板,浙江,供气供热,20210707,N,谢百军,谢迅,40602.3466,19971017.0,浙江,绍兴市,386.0,www.zjxzgrd.com,"公司自设立以来一直专注于热电联产业务,公司产品主要包括热力业务和电力业务.",False,D44电力、热力生产和供应业,证监会行业分类
605166,聚合顺,605166.SH,SSE,主板,浙江,化纤,20200618,N,傅昌宝,毛新华,31473.274,20131101.0,浙江,杭州市,703.0,www.jhspa6.com,"尼龙6切片的研发,生产,销售",False,C26化学原料和化学制品制造业,证监会行业分类
605167,利柏特,605167.SH,SSE,主板,江苏,建筑工程,20210726,N,沈斌强,沈斌强,44909.9304,20061020.0,江苏,苏州市,2052.0,www.cnlbt.com,专注于工业模块的设计和制造,False,E48土木工程建筑业,证监会行业分类
605168,三人行,605168.SH,SSE,主板,陕西,互联网,20200528,H,钱俊冬,钱俊冬,21081.6986,20030813.0,陕西,西安市,1160.0,www.topsrx.com,"专业从事整合营销服务的综合型广告传媒企业,主营业务包括数字营销服务,场景活动服务和校园媒体营销服务.",False,L72商务服务业,证监会行业分类
605169,洪通燃气,605169.SH,SSE,主板,新疆,供气供热,20201030,N,刘洪兵,姜述安,28288.0,20000113.0,新疆,巴音郭楞蒙古自治州,1144.0,www.xjhtrq.com,"主营业务为LNG,CNG,居民用,商业用和工业用天然气的生产,加工,储运和销售.",False,D45燃气生产和供应业,证监会行业分类
605177,东亚药业,605177.SH,SSE,主板,浙江,化学制药,20201125,N,池骋,池骋,11472.0365,19980206.0,浙江,台州市,1749.0,www.eapharm.cn,"主要从事化学原料药,医药中间体的研发,生产和销售,主要产品包括:头孢克洛中间体,头孢克洛原料药,拉氧头孢钠中间体,头孢美唑钠中间体,头孢唑肟钠中间体,马来酸曲美布汀原料药,左氧氟沙星原料药,氧氟沙星原料药,酮康唑原料药等.",False,C27医药制造业,证监会行业分类
605178,时空科技,605178.SH,SSE,主板,北京,装修装饰,20200821,N,宫殿海,宫殿海,9908.0,20040220.0,北京,北京市,258.0,www.nnlighting.com,"主营业务为照明工程系统集成服务,主要应用于文旅灯光秀和常规景观照明等领域.",False,E50建筑装饰、装修和其他建筑业,证监会行业分类
605179,一鸣食品,605179.SH,SSE,主板,浙江,乳制品,20201228,H,朱立科,朱立科,40100.0,20050913.0,浙江,温州市,4151.0,www.inm.cc,"主要从事新鲜乳品与烘焙食品的研发,生产,销售及连锁经营业务.其中,乳品主要包括低温巴氏杀菌乳,风味发酵乳,低温调制乳及蛋奶,热奶等特色乳饮品,烘焙食品包括各式短保质期的面包,米制品,中式糕点等.",False,C14食品制造业,证监会行业分类
605180,华生科技,605180.SH,SSE,主板,浙江,纺织,20210430,N,蒋生华,蒋生华,16900.0,20060930.0,浙江,嘉兴市,267.0,www.huashengflex.com;cn.huashengflex.com,"主营业务:专业从事塑胶复合材料的研发,生产,销售业务,主要产品包括气密材料和柔性材料两大类.",False,C17纺织业,证监会行业分类
605183,确成股份,605183.SH,SSE,主板,江苏,化工原料,20201207,H,阙伟东,阙伟东,41588.3145,20030128.0,江苏,无锡市,917.0,www.quechen.com,"研发,生产饲料添加剂(限二氧化硅(I));研发,生产无机粉体填料(限白炭黑,二氧化硅,纳米二氧化硅)",False,C26化学原料和化学制品制造业,证监会行业分类
605186,健麾信息,605186.SH,SSE,主板,上海,专用机械,20201222,N,戴建伟,戴建伟,13600.0,20140711.0,上海,上海市,355.0,www.g-healthy.com,为医疗服务和医药流通行业的药品智能化管理提供相应的产品及服务,False,C35专用设备制造业,证监会行业分类
605188,国光连锁,605188.SH,SSE,主板,江西,超市连锁,20200728,H,胡金根,胡志超,50235.85,20051109.0,江西,吉安市,4281.0,www.jxggls.com,"主营业务为连锁超市,百货商场的运营业务,公司所销售产品根据具体特征可分为生鲜,食品,非食,针纺,百货五大类型.公司销售的主要产品为生鲜和食品.",False,F52零售业,证监会行业分类
605189,富春染织,605189.SH,SSE,主板,安徽,纺织,20210528,N,何培富,俞世奇,19407.7686,20020715.0,安徽,芜湖市,2286.0,www.fc858.com,"主营业务为色纱的研发,生产和销售.",False,C17纺织业,证监会行业分类
605196,华通线缆,605196.SH,SSE,主板,河北,电气设备,20210511,H,张文东,张书军,51097.2181,20020621.0,河北,唐山市,2642.0,www.huatongcables.com,"主导产品包括以进户线等为代表的中低压电力电缆,及以潜油泵电缆,矿用及通用橡套软电缆等为代表的电气装备用电缆,主要从事电线电缆的研发,生产与销售业务.",False,C38电气机械和器材制造业,证监会行业分类
605198,安德利,605198.SH,SSE,主板,山东,软饮料,20200918,H,王安,张辉,33418.8,19960330.0,山东,烟台市,956.0,www.andre.com.cn,"主要产品为浓缩苹果汁,主营业务为浓缩果汁的加工生产及销售.",False,C15酒、饮料和精制茶制造业,证监会行业分类
605199,ST葫芦娃,605199.SH,SSE,主板,海南,中成药,20200710,N,刘景萍,刘景萍,40010.8752,20050622.0,海南,海口市,2103.0,www.huluwayaoye.com,"主要从事中成药及化学药品的研发,生产和销售,公司主要产品为小儿肺热咳喘颗粒,注射用盐酸溴己新,复方板蓝根颗粒,克咳片,夏桑菊颗粒等呼吸系统制剂;奥美拉唑肠溶胶囊,肠炎宁(胶囊及颗粒),注射用奥美拉唑钠,注射用复方二氯醋酸二异丙胺等消化系统制剂;头孢克肟分散片,注射用氨曲南,注射用克林霉素磷酸酯等全身抗感染类制剂;以及少部分妇科用药,心血管系统用药,神经性系统用药制剂产品.",True,C27医药制造业,证监会行业分类
605208,永茂泰,605208.SH,SSE,主板,上海,铝,20210308,N,徐宏,王斌,32994.0,20020812.0,上海,上海市,1486.0,www.ymtauto.com,"主要从事汽车用铝合金和汽车用铝合金零部件的研发,生产和销售.公司以纯铝,废铝,硅,铜等为主要原材料,通过熔炼,成份调整,精炼等生产工序,生产各种牌号的铝合金锭和铝合金液.",False,C32有色金属冶炼和压延加工业,证监会行业分类
605218,伟时电子,605218.SH,SSE,主板,江苏,元器件,20200928,N,山口胜,黑土和也,24281.4721,20030901.0,江苏,苏州市,1932.0,www.ksways.com,"主要从事背光显示模组,液晶显示模组等产品研发,生产,销售.",False,C39计算机、通信和其他电子设备制造业,证监会行业分类
605222,起帆电缆,605222.SH,SSE,主板,上海,电气设备,20200731,H,周桂华,周供华,41290.3327,19940711.0,上海,上海市,4508.0,www.qifancable.com,"主营业务:从事电线电缆研发,生产,销售和服务,主要产品包括电力电缆和电气装备用电线电缆.",False,C38电气机械和器材制造业,证监会行业分类
605228,神通科技,605228.SH,SSE,主板,浙江,汽车配件,20210120,H,方立锋,朱春亚,47915.5319,20050304.0,浙江,宁波市,1261.0,www.shentongtech.com,"汽车非金属部件及模具的研发,生产和销售,主要产品包括汽车动力系统部件,饰件系统部件和模具类产品等.其中,动力系统部件包括进气系统,润滑系统,正时系统等产品,饰件系统部件包括门护板类,仪表板类,车身饰件等产品.",False,C36汽车制造业,证监会行业分类
605255,天普股份,605255.SH,SSE,主板,浙江,汽车配件,20200825,H,杨龚轶凡,范建海,13408.0,20091113.0,浙江,宁波市,698.0,www.tipnb.com,"主要从事汽车用高分子材料流体管路系统和密封系统零件及总成的研发,生产及销售,为汽车整车厂商及其一级供应商提供橡胶软管及总成产品.",False,C29橡胶和塑料制品业,证监会行业分类
605258,协和电子,605258.SH,SSE,主板,江苏,元器件,20201203,N,张文婷,张敏金,8800.0,20000217.0,江苏,常州市,1213.0,www.xiehepcb.com,"主要从事刚性,挠性印制电路板的研发,生产,销售以及印制电路板的表面贴装业务(SMT),产品主要应用于汽车电子,高频通讯等中高端领域.",False,C39计算机、通信和其他电子设备制造业,证监会行业分类
605259,绿田机械,605259.SH,SSE,主板,浙江,农用机械,20210615,N,罗昌国,罗昌国,17248.0,20020607.0,浙江,台州市,2582.0,www.chinalutian.cn;www.chinalutian.com,"专业从事通用动力机械产品(主要包括发电机组,水泵机组和发动机)和高压清洗机产品的研发,生产和销售.",False,C34通用设备制造业,证监会行业分类
605266,健之佳,605266.SH,SSE,主板,云南,医药商业,20201201,N,蓝波,蓝波,15454.2928,20040927.0,云南,昆明市,17625.0,www.jzj.cn,"公司主要从事药品,保健食品,个人护理品,家庭健康用品,便利食品,日用消耗品等健康产品的连锁零售业务,并提供相关专业服务.",False,F52零售业,证监会行业分类
605268,王力安防,605268.SH,SSE,主板,浙江,家居用品,20210224,N,王跃斌,王跃斌,44630.25,20050329.0,浙江,金华市,4391.0,www.wanglianfang.com,"公司的安全门等门类产品按材质分类主要有钢质门,装甲门,铜门,金木门,不锈钢门,铸铝门和木门等,锁具产品主要包括智能锁和机械锁,产品线布局丰富.主营业务为安全门等门类产品以及机械锁和智能锁等锁具产品的研发设计,生产和销售.",False,C33金属制品业,证监会行业分类
605277,新亚电子,605277.SH,SSE,主板,浙江,元器件,20210106,H,赵战兵,赵战兵,32398.7849,19870407.0,浙江,温州市,1750.0,www.xinya-cn.com,"致力于精细电子线材的研发,制造和销售.主要生产消费电子及工业控制线材,汽车电子线材,高频数据线材和特种线材等系列产品.",False,C38电气机械和器材制造业,证监会行业分类
605286,同力天启,605286.SH,SSE,主板,江苏,运输设备,20210322,H,李国平,李国平,16800.0,20030930.0,江苏,镇江市,1629.0,www.jstljx.com,"主要从事电梯部件及电梯金属材料的研发,生产和销售.主要产品包括扶梯部件,直梯部件和电梯金属材料等三大类.",False,C34通用设备制造业,证监会行业分类
605287,德才股份,605287.SH,SSE,主板,山东,装修装饰,20210706,N,袁永林,袁永林,14000.0,19990826.0,山东,青岛市,1781.0,www.decaigroup.com,建筑装饰及房屋建筑工程的设计与施工.,False,E50建筑装饰、装修和其他建筑业,证监会行业分类
605288,凯迪股份,605288.SH,SSE,主板,江苏,电气设备,20200601,H,周荣清,周殊程,7067.3012,19920827.0,江苏,常州市,2066.0,www.czkaidi.cn,"公司主要业务为线性驱动系统产品的研发,生产与销售,公司的主要产品是线性驱动系统产品,由电动推杆,手控器,电器盒及其他配套零部件组成.",False,C38电气机械和器材制造业,证监会行业分类
605289,DR罗曼股,605289.SH,SSE,主板,上海,建筑工程,20210426,H,孙凯君,孙凯君,10900.75,19990304.0,上海,上海市,465.0,www.luoman.com.cn,景观照明工程和景观照明设计,False,E50建筑装饰、装修和其他建筑业,证监会行业分类
605296,神农集团,605296.SH,SSE,主板,云南,农业综合,20210528,H,何祖训,何祖训,52476.4418,19990809.0,云南,昆明市,3335.0,www.ynsnjt.com,"饲料产品的生产和销售,生猪的养殖和销售,生猪屠宰加工,猪肉食品销售.",False,A03畜牧业,证监会行业分类
605298,XD必得科,605298.SH,SSE,主板,江苏,运输设备,20210301,H,王坚群,王坚群,18785.0,20020926.0,江苏,无锡市,563.0,www.bidekeji.com,"公司成立以来专注于中高速动车组列车,城轨列车等轨道交通车辆配套产品的研发,生产与销售,主要产品包括车辆通风系统,电缆保护系统和智能控制撒砂系统等系统化,系列化产品及其他轨道交通车辆配套产品.",False,C37铁路、船舶、航空航天和其他运输设备制造业,证监会行业分类
605299,舒华体育,605299.SH,SSE,主板,福建,文教休闲,20201215,N,张维建,张维建,40922.6523,19961010.0,福建,泉州市,2490.0,www.shuhua.com,"主营业务为健身器材和展示架产品的研发,生产和销售,其中健身器材包括室内健身器材,室外路径产品.",False,C24文教、工美、体育和娱乐用品制造业,证监会行业分类
605300,佳禾食品,605300.SH,SSE,主板,江苏,乳制品,20210430,H,柳新荣,柳新荣,45439.8597,20010515.0,江苏,苏州市,1006.0,www.cograin.cn,"公司主要从事植脂末,咖啡及其他固体饮料等产品的研发,生产和销售业务.",False,C14食品制造业,证监会行业分类
605303,园林股份,605303.SH,SSE,主板,浙江,建筑工程,20210301,N,吴光洪,吴光洪,16123.7408,19920928.0,浙江,杭州市,471.0,www.hzyllh.com,"主营业务:园林工程施工,园林景观设计,花卉种苗研发生产,园林养护等全产业链业务.",False,E48土木工程建筑业,证监会行业分类
605305,中际联合,605305.SH,SSE,主板,北京,工程机械,20210506,H,刘志欣,刘志欣,21252.0,20050721.0,北京,北京市,963.0,www.3slift.com,"专用高空安全作业设备的研发,生产,销售及高空安全作业服务",False,C35专用设备制造业,证监会行业分类
605318,法狮龙,605318.SH,SSE,主板,浙江,其他建材,20200803,N,沈正华,李敬祖,12572.9028,20070326.0,浙江,嘉兴市,815.0,www.fsilon.com,"主要从事集成吊顶,集成墙面等产品的研发,生产和销售,产品主要应用于建筑室内装修,装饰.",False,C41其他制造业,证监会行业分类
605319,无锡振华,605319.SH,SSE,主板,江苏,汽车配件,20210607,H,钱犇,钱犇,35009.7521,19890921.0,江苏,无锡市,2685.0,www.wxzhenhua.com.cn,"主营业务为汽车冲压及焊接零部件和相关模具的开发,生产和销售,公司主要产品为汽车冲压及焊接零部件,冲压模具.",False,C36汽车制造业,证监会行业分类
605333,沪光股份,605333.SH,SSE,主板,江苏,汽车配件,20200818,H,成三荣,金成成,46404.0406,19970331.0,江苏,苏州市,12073.0,www.kshg.com,"主要从事汽车线束的研发,制造及销售,主要产品包括成套线束,发动机线束及其他线束,产品涵盖整车客户定制化线束,新能源汽车高压线束,仪表板线束,发动机线束,车身线束,门线束,顶棚线束及尾部线束等.",False,C36汽车制造业,证监会行业分类
605336,*ST帅电,605336.SH,SSE,主板,浙江,家用电器,20201019,N,商若云,邵于佶,18341.245,19981215.0,浙江,绍兴市,789.0,www.sanfer.com,"主营业务:主要从事以集成灶为核心的现代新型厨房电器的研发,设计,生产和销售.公司的核心产品是集成灶,并围绕集成灶产品研发推出集成水槽,水槽洗碗机,嵌入式烤箱/蒸箱,橱柜等配套厨房产品.",True,C38电气机械和器材制造业,证监会行业分类
605337,李子园,605337.SH,SSE,主板,浙江,乳制品,20210208,H,李博胜,李博胜,39010.2327,19941022.0,浙江,金华市,1558.0,www.liziyuan.com,"公司主营业务为甜牛奶乳饮料系列等含乳饮料和其他饮料的研发,生产与销售.公司主要产品包括含乳饮料,复合蛋白饮料,乳味风味饮料及其他等,其中甜牛奶乳饮料系列是公司畅销二十余年的经典产品.",False,C15酒、饮料和精制茶制造业,证监会行业分类
605338,巴比食品,605338.SH,SSE,主板,上海,食品,20201012,H,刘会平,刘会平,23956.6662,20100708.0,上海,上海市,2105.0,www.babifood.com,"本公司产品可以分为面点系列产品,馅料系列产品以及外部采购系列产品,具体包括包子,馒头,粗粮点心,馅料以及粥品饮品等,共计近百余种产品.",False,C14食品制造业,证监会行业分类
605339,南侨食品,605339.SH,SSE,主板,上海,食品,20210518,H,陈正文,林昌钰,42429.0616,20100802.0,上海,上海市,1850.0,www.ncbakery.com,"主要从事烘焙油脂相关制品的研发,生产与销售.",False,C14食品制造业,证监会行业分类
605358,立昂微,605358.SH,SSE,主板,浙江,半导体,20200911,H,王敏文,陈平人,67137.781,20020319.0,浙江,杭州市,3488.0,www.li-on.com,"公司的主营业务为半导体硅片和半导体分立器件芯片的研发,生产和销售,以及半导体分立器件成品的生产和销售.主要从事半导体分立器件业务,半导体分立器件芯片主要产品包括肖特基二极管芯片,MOSFET芯片等;半导体分立器件主要产品为肖特基二极管.",False,C39计算机、通信和其他电子设备制造业,证监会行业分类
605365,立达信,605365.SH,SSE,主板,福建,家用电器,20210720,H,李江淮,李江淮,50201.2876,20150407.0,福建,厦门市,7978.0,www.leedarson.com.cn,"主要从事LED照明产品,智能家居和智慧建筑等物联网领域产品的研发,制造,销售及服务",False,C38电气机械和器材制造业,证监会行业分类
605366,宏柏新材,605366.SH,SSE,主板,江西,化工原料,20200812,N,纪金树,纪冠丞,77607.77,20051231.0,江西,景德镇市,1541.0,www.hungpai.net,"主要产品包括硅烷偶联剂和气相白炭黑.主营业务为功能性硅烷,纳米硅材料等硅基新材料及其他化学助剂的研发,生产与销售.",False,C26化学原料和化学制品制造业,证监会行业分类
605368,蓝天燃气,605368.SH,SSE,主板,河南,供气供热,20210129,H,黄涛,黄涛,71463.5915,20021231.0,河南,驻马店市,1667.0,www.hnltrq.com.cn,天然气管道输送服务及管道天然气;城市管道天然气销售及燃气管道安装服务,False,D45燃气生产和供应业,证监会行业分类
605369,拱东医疗,605369.SH,SSE,主板,浙江,医疗保健,20200916,H,施慧勇,钟卫峰,22049.2949,20090817.0,浙江,台州市,1693.0,www.gongdong.com,"公司主营业务为一次性医用耗材的研发,生产和销售,主要产品可分为真空采血系统,实验检测类耗材,体液采集类耗材,医用护理类耗材和药品包装材料等类型,产品广泛应用于临床诊断和护理,科研检测,药品包装等领域.",False,C35专用设备制造业,证监会行业分类
605376,博迁新材,605376.SH,SSE,主板,江苏,小金属,20201208,H,王利平,裘欧特,26160.0,20101105.0,江苏,宿迁市,904.0,www.boqianpvm.com,"公司的主营业务为电子专用高端金属粉体材料的研发,生产和销售.产品主要包括纳米级,亚微米级镍粉和微米级,亚微米级铜粉,银粉,合金粉.",False,C39计算机、通信和其他电子设备制造业,证监会行业分类
605377,华旺科技,605377.SH,SSE,主板,浙江,造纸,20201228,H,张延成,张延成,55667.0268,20091230.0,浙江,杭州市,1018.0,www.hwpaper.cn,"主要从事可印刷装饰原纸和素色装饰原纸的研发,生产和销售业务,以及木浆的贸易业务.",False,C22造纸和纸制品业,证监会行业分类
605378,野马电池,605378.SH,SSE,主板,浙江,电气设备,20210412,H,陈一军,余谷峰,26134.64,19961106.0,浙江,宁波市,736.0,www.mustangbattery.com,"专注于高性能,环保锌锰电池的研发,生产和销售,致力于为客户提供高品质,长寿命,无污染的绿色环保碱性电池和碳性电池产品.",False,C38电气机械和器材制造业,证监会行业分类
605388,均瑶健康,605388.SH,SSE,主板,湖北,乳制品,20200818,N,王均豪,俞巍,60048.4,19980805.0,湖北,宜昌市,1188.0,www.juneyaodairy.com,"主营含乳饮料中的常温乳酸菌系列饮品的研发,生产和销售,主要产品为“味动力”系列常温乳酸菌饮品.",False,C15酒、饮料和精制茶制造业,证监会行业分类
605389,长龄液压,605389.SH,SSE,主板,江苏,机械基件,20210322,H,夏泽民,夏泽民,14408.707,20061204.0,江苏,无锡市,874.0,www.changlingmach.cn,"主要从事液压元件及零部件的研发,生产和销售,主要产品为中央回转接头,张紧装置等.",False,C34通用设备制造业,证监会行业分类
605398,新炬网络,605398.SH,SSE,主板,上海,软件服务,20210121,H,孙正暘,李灏江,16271.6379,20141104.0,上海,上海市,1364.0,www.shsnc.com,"以提供IT数据中心第三方运维服务及运维产品为主的IT系统软件服务商,面向大中型企事业单位提供第三方运维服务与工程,原厂软硬件及服务销售,软件产品及开发三类服务.",False,I65软件和信息技术服务业,证监会行业分类
605399,晨光新材,605399.SH,SSE,主板,江西,化工原料,20200804,N,丁冰,丁冰,31220.5328,20060929.0,江西,九江市,1372.0,www.cgsilane.com,"主要从事功能性硅烷基础原料,中间体及成品的研发,生产和销售.",False,C26化学原料和化学制品制造业,证监会行业分类
605488,福莱新材,605488.SH,SSE,主板,浙江,塑料,20210513,H,夏厚君,李耀邦,30188.0939,20090608.0,浙江,嘉兴市,1679.0,www.fulai.com.cn,"主营业务为功能性涂布复合材料的研发,生产和销售.",False,C29橡胶和塑料制品业,证监会行业分类
605499,东鹏饮料,605499.SH,SSE,主板,深圳,软饮料,20210527,H,林木勤,林木勤,56476.87,19940630.0,广东,深圳市,12376.0,www.szeastroc.com,"主营业务为饮料的研发,生产和销售,主要产品包括东鹏特饮,由柑柠檬茶,陈皮特饮,包装饮用水等,其中东鹏特饮是公司的主导产品.",False,C15酒、饮料和精制茶制造业,证监会行业分类
605500,森林包装,605500.SH,SSE,主板,浙江,造纸,20201222,N,林启军,林启军,41440.0,19980903.0,浙江,台州市,1771.0,www.forestpacking.com,"主营业务系原纸,瓦楞纸板,瓦楞纸箱的研发,生产及销售,主要产品包括原纸,瓦楞纸板,瓦楞纸箱.",False,C22造纸和纸制品业,证监会行业分类
605507,国邦医药,605507.SH,SSE,主板,浙江,化学制药,20210802,H,邱家军,廖仕学,55882.35,19960329.0,浙江,绍兴市,4251.0,www.gbgcn.com,"主要从事医药及动物保健品领域相关产品的研发,生产和销售",False,C27医药制造业,证监会行业分类
605555,德昌股份,605555.SH,SSE,主板,浙江,家用电器,20211021,H,黄裕昌,黄裕昌,48406.904,20020121.0,浙江,宁波市,4984.0,www.dechang-motor.com,"主要从事小家电及汽车EPS电机的设计,制造与销售业务,包括小家电ODM/OEM产品,家电电器电机及汽车电子助力转向系统(ElectronicPower Steering,简称EPS)电机.",False,C38电气机械和器材制造业,证监会行业分类
605566,福莱蒽特,605566.SH,SSE,主板,浙江,染料涂料,20211025,N,李百春,李百春,13334.0,19980724.0,浙江,杭州市,517.0,www.flariant.com,"主营业务为分散染料及其滤饼的研发,生产及销售,主要产品为分散染料,用于涤纶及其混纺织物的染色.",False,C26化学原料和化学制品制造业,证监会行业分类
605567,春雪食品,605567.SH,SSE,主板,山东,食品,20211013,N,郑维新,郑钧,20000.0,20121116.0,山东,烟台市,4193.0,www.springsnowfood.com,"专业从事白羽鸡鸡肉食品的研发,生产加工和销售业务",False,C13农副食品加工业,证监会行业分类
605577,龙版传媒,605577.SH,SSE,主板,黑龙江,出版业,20210824,H,曲柏龙,李连峰,44444.4445,20140714.0,黑龙江,哈尔滨市,2617.0,www.hljcbgf.com,"公司拥有出版物(图书,电子音像制品,期刊与报纸等)“编,印,发”完整的产业链,具备出版物的编辑和出版,印刷,批发及零售,物资贸易等传统业务,同时融合数字出版等新兴业态于一体,是大型现代化综合性国有文化企业.",False,R86新闻和出版业,证监会行业分类
605580,恒盛能源,605580.SH,SSE,主板,浙江,供气供热,20210819,H,余国旭,余恒,28000.0,20070305.0,浙江,衢州市,315.0,,"蒸汽,热水的生产和供应,热力发电",False,D44电力、热力生产和供应业,证监会行业分类
605588,冠石科技,605588.SH,SSE,主板,江苏,元器件,20210812,N,张建巍,张建巍,7327.5481,20020118.0,江苏,南京市,856.0,www.njkeystone.com,"产品主要包括半导体显示器件及特种胶粘材料两大系列.主营业务为半导体显示器件及特种胶粘材料的研发,生产和销售.",False,C39计算机、通信和其他电子设备制造业,证监会行业分类
605589,圣泉集团,605589.SH,SSE,主板,山东,化工原料,20210810,H,唐一林,唐地源,84638.8498,19940124.0,山东,济南市,3712.0,www.shengquan.com,"合成树脂及复合材料,生物质化工产品",False,C26化学原料和化学制品制造业,证监会行业分类
605598,上海港湾,605598.SH,SSE,主板,上海,建筑工程,20210917,H,徐士龙,徐望,24301.6809,20000128.0,上海,上海市,1189.0,www.geoharbour.com,"为全球客户提供集勘察,设计,施工,监测于一体的岩土工程综合服务,主要包括地基处理,桩基工程等业务.主营业务为地基处理,桩基工程等岩土工程业务.",False,E48土木工程建筑业,证监会行业分类
605599,菜百股份,605599.SH,SSE,主板,北京,服饰,20210909,H,谢华萍,宁才刚,77777.78,19941209.0,北京,北京市,1402.0,www.bjcaibai.com.cn,"黄金珠宝商品的原料采购,款式设计,连锁销售和品牌运营,公司主要产品包括黄金饰品,贵金属文化产品,贵金属投资产品,以及钻翠珠宝饰品.",False,F52零售业,证监会行业分类
688001,华兴源创,688001.SH,SSE,科创板,江苏,专用机械,20190722,H,陈文源,陈文源,44448.9843,20050615.0,江苏,苏州市,2385.0,www.hyc.com,"公司是国内领先的检测设备与整线检测系统解决方案提供商,主要从事平板显示及集成电路的检测设备研发,生产和销售,公司主要产品应用于LCD与OLED平板显示,集成电路,汽车电子等行业.",False,C35专用设备制造业,证监会行业分类
688002,睿创微纳,688002.SH,SSE,科创板,山东,通信设备,20190722,H,马宏,陈文礼,46573.6088,20091211.0,山东,烟台市,3587.0,www.raytrontek.com,"公司的主营业务为红外MEMS芯片,探测器,机芯及整机的研发,生产和销售,是一家专业的红外成像整体解决方案提供商.产品主要包括非制冷红外热成像MEMS芯片,红外热成像探测器,红外热成像机芯,红外热像仪及光电系统.",False,C39计算机、通信和其他电子设备制造业,证监会行业分类
688003,天准科技,688003.SH,SSE,科创板,江苏,专用机械,20190722,H,徐一华,蔡雄飞,19432.05,20090820.0,江苏,苏州市,2038.0,www.tztek.com,"以领先的人工智能技术推动工业转型升级.以机器视觉为核心技术,专注服务于工业领域客户,主要产品为工业视觉装备,包括精密测量仪器,智能检测装备,智能制造系统,无人物流车等,产品功能涵盖尺寸与缺陷检测,自动化生产装配,智能仓储物流等工业领域多个环节.",False,C35专用设备制造业,证监会行业分类
688004,博汇科技,688004.SH,SSE,科创板,北京,软件服务,20200612,N,郭忠武,郭忠武,8008.8,19930401.0,北京,北京市,280.0,www.bohui.com.cn,"主营业务涵盖视听业务运维平台,媒体内容安全和信息化视听数据管理三个主要领域.",False,I65软件和信息技术服务业,证监会行业分类
688005,容百科技,688005.SH,SSE,科创板,浙江,电气设备,20190722,H,白厚善,白厚善,71472.547,20140918.0,浙江,宁波市,4471.0,www.ronbaymat.com,"主要从事锂电池正极材料及其前驱体的研发,生产和销售,主要产品包括NCM523,NCM622,NCM811,NCA等系列三元正极材料及其前驱体.三元正极材料主要用于锂电池的制造,并主要应用于新能源汽车动力电池,储能设备及电子产品等领域.",False,C39计算机、通信和其他电子设备制造业,证监会行业分类
688006,杭可科技,688006.SH,SSE,科创板,浙江,电气设备,20190722,H,俞平广,俞平广,60367.2152,20111121.0,浙江,杭州市,3853.0,www.chr-group.net,"致力于各类可充电电池,特别是锂离子电池的后处理系统的设计,研发,生产与销售.",False,C35专用设备制造业,证监会行业分类
688007,光峰科技,688007.SH,SSE,科创板,深圳,元器件,20190722,H,李屹,李屹,45961.5635,20061024.0,广东,深圳市,1439.0,www.appotronics.com,"公司主要从事激光显示核心器件与整机产品的研发,生产,销售与租赁业务,并为客户提供定制化研发制造服务,主要产品包括激光电影放映机光源,激光电视,激光商教投影机,激光工程投影机等.",False,C39计算机、通信和其他电子设备制造业,证监会行业分类
688008,澜起科技,688008.SH,SSE,科创板,上海,半导体,20190722,H,杨崇和,Stephen Kuong-Io Tai,122220.0021,20040527.0,上海,上海市,784.0,www.montage-tech.com/cn,"本公司的主营业务是为云计算和人工智能领域提供以芯片为基础的解决方案,目前主要产品包括内存接口芯片,津逮服务器CPU以及混合安全内存模组.经过多年的研发积累,公司产品性能在行业内赢得高度认可,包含公司产品的服务器广泛应用于数据中心,云计算和人工智能等诸多领域,满足了新一代服务器对高性能,高可靠性和高安全性的需求.",False,C39计算机、通信和其他电子设备制造业,证监会行业分类
688009,中国通号,688009.SH,SSE,科创板,北京,运输设备,20190722,H,楼齐良,董宝良,1058981.9,20101229.0,北京,北京市,19199.0,www.crsc.cn,"公司提供轨道交通控制系统全产业链上的产品及服务,主要产品包括信号系统,通信信息系统产品及其他相关产品.",False,C37铁路、船舶、航空航天和其他运输设备制造业,证监会行业分类
688010,福光股份,688010.SH,SSE,科创板,福建,元器件,20190722,H,何文波,何文波,16056.1578,20040203.0,福建,福州市,1815.0,www.forecam.com,"主要产品包括激光,紫外,可见光,红外系列全光谱镜头及光电系统,专业从事军用特种光学镜头及光电系统,民用光学镜头,光学元组件等产品科研生产的高新技术企业.",False,C40仪器仪表制造业,证监会行业分类
688011,新光光电,688011.SH,SSE,科创板,黑龙江,元器件,20190722,N,康为民,康为民,10000.0,20071130.0,黑龙江,哈尔滨市,408.0,www.xggdkj.com,"主营业务:公司依托核心技术,致力于服务国防科技工业先进武器系统研制等领域,专注于提供光学目标与场景仿真,光学制导,光电专用测试和激光对抗等方向的高精尖组件,装置,系统和解决方案,并衍生出多类先进的民用智能光电产品.",False,C39计算机、通信和其他电子设备制造业,证监会行业分类
688012,中微公司,688012.SH,SSE,科创板,上海,半导体,20190722,H,尹志尧,尹志尧,62691.781,20040531.0,上海,上海市,2963.0,www.amec-inc.com,"公司聚焦用于集成电路,LED芯片等微观器件领域的等离子体刻蚀设备,深硅刻蚀设备和MOCVD设备等关键设备的研发,生产和销售.",False,C35专用设备制造业,证监会行业分类
688013,天臣医疗,688013.SH,SSE,科创板,江苏,医疗保健,20200928,N,陈望宇,陈望宇,8115.56,20030818.0,江苏,苏州市,254.0,www.touchstonesurgical.com,专注于高端外科手术吻合器研发创新和生产销售,False,C35专用设备制造业,证监会行业分类
688015,交控科技,688015.SH,SSE,科创板,北京,运输设备,20190722,N,郜春海,王智宇,18868.0742,20091204.0,北京,北京市,1775.0,www.bj-tct.com,"以具有自主知识产权的CBTC技术为核心,专业从事城市轨道交通信号系统的研发,关键设备的研制,系统集成以及信号系统总承包.",False,C37铁路、船舶、航空航天和其他运输设备制造业,证监会行业分类
688016,心脉医疗,688016.SH,SSE,科创板,上海,医疗保健,20190722,H,朱清,朱清,12326.2117,20120817.0,上海,上海市,822.0,www.endovastec.com,"主营业务:主动脉及外周血管介入医疗器械的研发,生产和销售.",False,C35专用设备制造业,证监会行业分类
688017,绿的谐波,688017.SH,SSE,科创板,江苏,机械基件,20200828,H,左昱昱,张雨文,18333.0125,20110113.0,江苏,苏州市,823.0,www.leaderdrive.cn,"公司产品包括谐波减速器,机电一体化执行器及精密零部件.专业从事精密传动装置研发,设计,生产和销售.",False,C34通用设备制造业,证监会行业分类
688018,乐鑫科技,688018.SH,SSE,科创板,上海,半导体,20190722,H,TEO SWEE ANN,TEO SWEE ANN,16714.301,20080429.0,上海,上海市,898.0,www.espressif.com,"主要产品ESP8266系列芯片,ESP32系列芯片,主要从事物联网Wi-Fi MCU通信芯片及其模组的研发,设计及销售.",False,I65软件和信息技术服务业,证监会行业分类
688019,安集科技,688019.SH,SSE,科创板,上海,半导体,20190722,H,Shumin Wang,Zhang Ming,17499.4396,20060207.0,上海,上海市,606.0,www.anjimicro.com,"公司主营业务为关键半导体材料的研发和产业化,目前产品包括不同系列的化学机械抛光液和光刻胶去除剂.",False,C39计算机、通信和其他电子设备制造业,证监会行业分类
688020,方邦股份,688020.SH,SSE,科创板,广东,元器件,20190722,N,苏陟,苏陟,8238.9,20101215.0,广东,广州市,548.0,www.fbflex.com,"主营业务为高端电子材料的研发,生产及销售,专注于提供高端电子材料及应用解决方案.产品包括电磁屏蔽膜,导电胶膜,极薄挠性覆铜板及超薄铜箔等.",False,C39计算机、通信和其他电子设备制造业,证监会行业分类
688021,奥福科技,688021.SH,SSE,科创板,山东,汽车配件,20191106,N,潘吉庆,武雄晖,7641.3717,20090715.0,山东,德州市,556.0,www.sdaofu.com,"公司专注于蜂窝陶瓷技术的研发与应用,以此为基础面向大气污染治理领域为客户提供蜂窝陶瓷系列产品及以蜂窝陶瓷为核心部件的工业废气处理设备.公司主要产品包括蜂窝陶瓷系列产品和VOCs废气处理设备.",False,C35专用设备制造业,证监会行业分类
688022,ST瀚川,688022.SH,SSE,科创板,江苏,专用机械,20190722,N,蔡昌蔚,蔡昌蔚,17587.8324,20121116.0,江苏,苏州市,694.0,www.harmontronics.com,"主要从事汽车电子,医疗健康,新能源电池等行业智能制造装备的研发,设计,生产,销售及服务,助力制造行业客户实现智能制造.",True,C35专用设备制造业,证监会行业分类
688023,安恒信息,688023.SH,SSE,科创板,浙江,软件服务,20191105,H,张小孟,张小孟,10178.4479,20070515.0,浙江,杭州市,3516.0,www.dbappsecurity.com.cn,"主营业务为网络信息安全产品的研发,生产及销售,并为客户提供专业的网络信息安全服务.",False,I65软件和信息技术服务业,证监会行业分类
688025,杰普特,688025.SH,SSE,科创板,深圳,专用机械,20191031,H,黄治家,CHENG XUEPING,9504.9423,20060418.0,广东,深圳市,2587.0,www.jptoe.com,"主营业务为研发,生产和销售激光器以及主要用于集成电路和半导体光电相关器件精密检测及微加工的智能装备.公司的激光器产品包括脉冲光纤激光器,连续光纤激光器和固体激光器等.",False,C39计算机、通信和其他电子设备制造业,证监会行业分类
688026,洁特生物,688026.SH,SSE,科创板,广东,医疗保健,20200122,N,袁建华,Yuan Ye James,14036.4427,20010411.0,广东,广州市,1082.0,www.jetbiofil.com,"致力于生物实验室耗材的研发,生产,销售,主要产品为生物培养和液体处理两大类生物实验室耗材,并配有少量试剂,小型实验仪器等.",False,C29橡胶和塑料制品业,证监会行业分类
688027,国盾量子,688027.SH,SSE,科创板,安徽,通信设备,20200709,H,张文强,应勇,10286.1001,20090527.0,安徽,合肥市,521.0,www.quantum-info.com,"主要产品包括量子保密通信网络核心设备,量子安全应用产品,核心组件以及管理与控制软件四大门类.主要从事量子通信产品的研发,生产,销售及技术服务,为各类光纤量子保密通信网络以及星地一体广域量子保密通信地面站的建设系统地提供软硬件产品,为政务,金融,电力,国防等行业和领域提供组网及量子安全应用解决方案.",False,C39计算机、通信和其他电子设备制造业,证监会行业分类
688028,沃尔德,688028.SH,SSE,科创板,北京,机械基件,20190722,H,陈继锋,陈继锋,15094.9,20060831.0,北京,北京市,1416.0,www.worldiatools.com,"主要从事超高精密和高精密超硬刀具及超硬材料制品的研发,生产和销售业,主要产品为超硬刀具和超硬材料制品.",False,C34通用设备制造业,证监会行业分类
688029,南微医学,688029.SH,SSE,科创板,江苏,医疗保健,20190722,H,隆晓辉,冷德嵘,18784.7422,20000510.0,江苏,南京市,2464.0,www.micro-tech.com.cn,"主要产品包括内镜下微创诊疗器械,肿瘤消融设备两大主营产品系列,主要从事微创医疗器械研发,制造和销售.",False,C35专用设备制造业,证监会行业分类
688030,山石网科,688030.SH,SSE,科创板,江苏,软件服务,20190930,N,叶海强,叶海强,18023.5868,20110720.0,江苏,苏州市,1404.0,www.hillstonenet.com.cn,"公司为各行业客户提供完整的网络安全解决方案,主要覆盖下一代防火墙,入侵检测和防御系统,安全审计,安全管理,Web应用防火墙,内网安全在内的网络安全产品及服务.提供包括边界安全,云安全,数据安全,内网安全在内的网络安全产品及服务,致力于为用户提供全方位,更智能,零打扰的网络安全解决方案.",False,I65软件和信息技术服务业,证监会行业分类
688031,星环科技-U,688031.SH,SSE,科创板,上海,软件服务,20221018,H,孙元浩,孙元浩,12113.5916,20130605.0,上海,上海市,897.0,www.transwarp.cn,"公司具体提供三大类的产品和服务:第一类是软件产品与技术服务,主要销售公司软件授权并提供相关配套技术服务;第二类是应用与解决方案,主要针对大数据应用场景,提供大数据存储,处理以及分析等相关场景下的咨询,数据治理,定制开发等服务的解决方案;第三类是软硬一体产品及服务,系大数据一体机硬件,通用服务器等硬件产品销售,主要配套公司相关软件产品或服务一同销售.",False,I65软件和信息技术服务业,证监会行业分类
688032,禾迈股份,688032.SH,SSE,科创板,浙江,电气设备,20211220,H,邵建雄,杨波,12407.3545,20120904.0,浙江,杭州市,1637.0,www.hoymiles.com,"主要从事光伏逆变器等电力变换设备和电气成套设备及相关产品的研发,制造与销售业务,其中光伏逆变器及相关产品主要包括微型逆变器及监控设备,模块化逆变器及其他电力变换设备,分布式光伏发电系统,电气成套设备及相关产品主要包括高压开关柜,低压开关柜,配电柜等.",False,C38电气机械和器材制造业,证监会行业分类
688033,*ST天宜,688033.SH,SSE,科创板,北京,电气设备,20190722,N,吴佩芳,杨铠璘,56219.8596,20091103.0,北京,北京市,1174.0,www.bjtysj.com,"主要产品包括粉末冶金闸片和合成闸片/闸瓦等,主要从事高铁动车组用粉末冶金闸片及机车,城轨车辆闸片,闸瓦系列产品的研发,生产和销售.",True,C30非金属矿物制品业,证监会行业分类
688035,德邦科技,688035.SH,SSE,科创板,山东,半导体,20220919,H,解海华,陈田安,14224.0,20030123.0,山东,烟台市,755.0,www.darbond.com,"公司是一家专业从事高端电子封装材料研发及产业化的企业,主要产品包括集成电路封装材料,智能终端封装材料,新能源应用材料,高端装备应用材料四大类别.",False,C39计算机、通信和其他电子设备制造业,证监会行业分类
688036,传音控股,688036.SH,SSE,科创板,深圳,通信设备,20190930,H,竺兆江,竺兆江,115118.4545,20130821.0,广东,深圳市,24025.0,www.transsion.com,"发行人的主营业务是从事以手机为核心的智能终端的设计,研发,生产,销售和品牌运营,主要产品为TECNO,itel和Infinix三大品牌手机,销售区域主要集中在非洲,南亚,东南亚,中东和南美等全球新兴市场国家.基于在新兴市场积累的领先优势,公司围绕主营业务积极实施多元化战略布局,创立了数码配件品牌Oraimo,家用电器品牌Syinix以及售后服务品牌Carlcare等.公司自主研发HiOS,itelOS和XOS等智能终端操作系统,围绕OS操作系统开发应用商店,游戏平台,广告分发平台以及手机管家等工具类软件.同时公司与网易等多家国内领先的互联网公司,积极开发和孵化移动互联网产品,在音乐,游戏,短视频,内容聚合及其他应用领域进行出海战略合作.基于用户流量和数据资源开展的移动互联网业务是公司经营业绩增长的新动力.",False,C39计算机、通信和其他电子设备制造业,证监会行业分类
688037,芯源微,688037.SH,SSE,科创板,辽宁,半导体,20191216,H,邓晓军,,20162.7296,20021217.0,辽宁,沈阳市,1366.0,www.kingsemi.com,"半导体专用设备的研发,生产和销售",False,C35专用设备制造业,证监会行业分类
688038,中科通达,688038.SH,SSE,科创板,湖北,软件服务,20210713,N,王开学,唐志斌,11637.34,20070608.0,湖北,武汉市,477.0,www.citms.cn,"主营业务为通过新一代信息技术手段,为城市公共安全管理提供专业的信息化服务.为客户提供包括方案设计,软件开发,项目实施,运维服务的全周期公共安全管理信息化服务.",False,I65软件和信息技术服务业,证监会行业分类
688039,当虹科技,688039.SH,SSE,科创板,浙江,软件服务,20191211,H,孙彦龙,孙彦龙,11060.1424,20100512.0,浙江,杭州市,383.0,www.arcvideo.cn,"公司专注于智能视频技术的算法研究,依托多年的技术积累,拥有高质量视频编转码,智能人像识别,全平台播放,视频云服务等核心算法的研究与应用成果,是面向传媒文化和公共安全等领域,提供智能视频解决方案和视频云服务的国家高新技术企业.其中,公司在传媒文化领域提供视频内容采集,生产,传输分发和终端播放等相关产品及服务;在公共安全领域为公安,司法等政府部门提供人像大数据实战应用平台,移动视频警务等相关产品及服务.",False,I65软件和信息技术服务业,证监会行业分类
688041,海光信息,688041.SH,SSE,科创板,天津,半导体,20220812,H,沙超群,沙超群,232433.8091,20141024.0,天津,天津市,3333.0,www.hygon.cn,"主要产品为海光通用处理器(CPU)和海光协处理器(DCU).主营业务是研发,设计和销售应用于服务器,工作站等计算,存储设备中的高端处理器.",False,C39计算机、通信和其他电子设备制造业,证监会行业分类
688045,必易微,688045.SH,SSE,科创板,深圳,半导体,20220526,N,谢朋村,谢朋村,7057.6989,20140529.0,广东,深圳市,428.0,www.kiwiinst.com,主营业务为电源管理芯片和电机驱动控制芯片的研发和销售.,False,I65软件和信息技术服务业,证监会行业分类
688046,药康生物,688046.SH,SSE,科创板,江苏,生物制药,20220425,H,赵静,赵静,41000.0,20171229.0,江苏,南京市,1578.0,www.gempharmatech.com,"主营业务是从事实验动物小鼠模型的研发,生产,销售及相关技术服务.",False,M73研究和试验发展,证监会行业分类
688047,龙芯中科,688047.SH,SSE,科创板,北京,半导体,20220624,H,胡伟武,胡伟武,40100.0,20080305.0,北京,北京市,940.0,www.loongson.cn,"主营业务为处理器及配套芯片的研制,销售及服务,主要产品与服务包括处理器及配套芯片产品与基础软硬件解决方案业务.",False,C39计算机、通信和其他电子设备制造业,证监会行业分类
688048,长光华芯,688048.SH,SSE,科创板,江苏,半导体,20220401,H,闵大勇,闵大勇,17627.9943,20120306.0,江苏,苏州市,515.0,www.everbrightphotonics.com,"主营业务是半导体激光芯片的研发,设计及制造,主要产品包括高功率单管系列产品,高功率巴条系列产品,高效率VCSEL系列产品及光通信芯片系列产品等",False,C39计算机、通信和其他电子设备制造业,证监会行业分类
688049,炬芯科技,688049.SH,SSE,科创板,广东,半导体,20211129,H,周正宇,周正宇,17516.765,20140605.0,广东,珠海市,396.0,www.actionstech.com,"中高端智能音频SoC芯片的研发,设计及销售,专注于为无线音频,智能穿戴及智能交互等智慧物联网领域提供专业集成芯片.",False,C39计算机、通信和其他电子设备制造业,证监会行业分类
688050,爱博医疗,688050.SH,SSE,科创板,北京,医疗保健,20200729,H,解江冰,解江冰,19340.3175,20100421.0,北京,北京市,2294.0,www.ebmedical.com,"专注于眼科医疗器械的自主研发,生产,销售及相关服务.目前公司主要产品覆盖手术和视光两大领域,主要针对白内障和屈光不正这两大类造成致盲和视力障碍的主要眼科疾病,其中手术领域的核心产品为人工晶状体,视光领域的核心产品为角膜塑形镜,以及围绕这两项核心产品研发生产的一系列配套产品.",False,C35专用设备制造业,证监会行业分类
688051,佳华科技,688051.SH,SSE,科创板,北京,软件服务,20200320,N,李玮,李玮,7733.4,20070914.0,北京,北京市,647.0,www.rockontrol.com,"主营业务包括物联网解决方案和物联网大数据服务,其中物联网大数据服务系物联网解决方案的迭代升级.",False,I65软件和信息技术服务业,证监会行业分类
688052,纳芯微,688052.SH,SSE,科创板,江苏,半导体,20220422,H,王升杨,王升杨,16262.3433,20130517.0,江苏,苏州市,1345.0,www.novosns.com,"公司一直专注于模拟芯片的研发,设计与销售,产品在技术领域覆盖模拟及混合信号芯片,广泛应用于信息通讯,工业控制,汽车电子和消费电子等领域.",False,I65软件和信息技术服务业,证监会行业分类
688053,ST思科瑞,688053.SH,SSE,科创板,四川,元器件,20220708,N,张亚,杨大为,10000.0,20141219.0,四川,成都市,493.0,www.cd-screen.cn,"主营业务为军用电子元器件可靠性检测服务,具体服务内容包括军用电子元器件的测试与可靠性筛选试验,破坏性物理分析(DPA),失效分析与可靠性管理技术支持.",True,M74专业技术服务业,证监会行业分类
688055,龙腾光电,688055.SH,SSE,科创板,江苏,元器件,20200817,H,陶园,陶园,333333.34,20050712.0,江苏,苏州市,3016.0,www.ivo.com.cn,"主要从事薄膜晶体管液晶显示器(TFT-LCD)的研发,生产与销售,公司产品主要应用于笔记本电脑,手机,车载和工控显示系统等显示终端产品.",False,C39计算机、通信和其他电子设备制造业,证监会行业分类
688056,莱伯泰科,688056.SH,SSE,科创板,北京,电器仪表,20200902,N,胡克,胡克,6745.246,20020108.0,北京,北京市,509.0,www.labtechgroup.com,"专业从事实验分析仪器的研发,生产和销售",False,C40仪器仪表制造业,证监会行业分类
688057,金达莱,688057.SH,SSE,科创板,江西,环境保护,20201111,N,陶琨,周荣忠,27600.0,20041029.0,江西,南昌市,504.0,www.jdlhb.com,"水污染治理技术装备,水环境整体解决方案,水污染治理项目运营",False,N77生态保护和环境治理业,证监会行业分类
688058,宝兰德,688058.SH,SSE,科创板,北京,软件服务,20191101,N,易存道,易存道,7583.6544,20080327.0,北京,北京市,577.0,www.bessystem.com,"基础软件中的中间件软件产品以及云管理平台软件,应用性能管理软件等智能运维产品的研发和销售,并提供配套专业技术服务.公司中间件软件产品已经覆盖了中间件软件领域的应用服务器软件,交易中间件,消息中间件.公司还发展了智能运维领域的云运维平台,容器管理,运维管理监控等多个方向.",False,I65软件和信息技术服务业,证监会行业分类
688059,华锐精密,688059.SH,SSE,科创板,湖南,机械基件,20210208,H,肖旭凯,肖旭凯,9998.6768,20070307.0,湖南,株洲市,1054.0,www.huareal.com.cn,"核心产品为硬质合金数控刀片,包括车削,铣削和钻削三大系列,主要从事硬质合金数控刀片的研发,生产和销售业务.",False,C33金属制品业,证监会行业分类
688060,云涌科技,688060.SH,SSE,科创板,江苏,IT设备,20200710,N,高南,高南,6019.0728,20100312.0,江苏,泰州市,427.0,www.yytek.com,"致力于工业信息安全产品及工业物联网产品的研发,生产和销售",False,I65软件和信息技术服务业,证监会行业分类
688061,灿瑞科技,688061.SH,SSE,科创板,上海,半导体,20221018,N,罗立权,罗杰,11488.9391,20050913.0,上海,上海市,448.0,www.orient-chip.com,"专业从事高性能数模混合集成电路及模拟集成电路研发设计,封装测试和销售,主要产品及服务为智能传感器芯片,电源管理芯片和封装测试服务.",False,I65软件和信息技术服务业,证监会行业分类
688062,迈威生物-U,688062.SH,SSE,科创板,上海,生物制药,20220118,H,刘大涛,刘大涛,39960.0,20170512.0,上海,上海市,1325.0,www.mabwell.com,"主营业务为治疗用生物制品的研发,生产与销售,主要产品为抗体药物.",False,C27医药制造业,证监会行业分类
688063,派能科技,688063.SH,SSE,科创板,上海,电气设备,20201230,H,韦在胜,谈文,24535.9249,20091028.0,上海,上海市,3171.0,www.pylontech.com.cn,"专注于磷酸铁锂电芯,模组及储能电池系统的研发,生产和销售.",False,C38电气机械和器材制造业,证监会行业分类
688065,凯赛生物,688065.SH,SSE,科创板,上海,化工原料,20200812,H,刘修才,杨晨,72128.9794,20001124.0,上海,上海市,1735.0,www.cathaybiotech.com,"以合成生物学等学科为基础,利用生物制造技术,从事新型生物基材料研发,生产及销售",False,C28化学纤维制造业,证监会行业分类
688066,*ST航图,688066.SH,SSE,科创板,北京,软件服务,20190722,N,王宇翔,廖通逵,26127.8356,20080124.0,河南,鹤壁市,2526.0,www.piesat.com.cn,"公司是国内领先的遥感和北斗导航卫星应用服务商,致力于卫星应用软件国产化,行业应用产业化,应用服务商业化,研发并掌握了具有完全自主知识产权的基础软件平台和核心技术,为政府,企业以及其他有关部门提供基础软件产品,系统设计开发和数据分析应用服务.",True,I65软件和信息技术服务业,证监会行业分类
688067,爱威科技,688067.SH,SSE,科创板,湖南,医疗保健,20210616,N,丁建文,丁建文,6800.0,20000316.0,湖南,长沙市,503.0,www.c-ave.com,"医疗临床检验和诊断仪器及配套试剂,试纸产品的研发,设计,制造,销售和服务",False,C27医药制造业,证监会行业分类
688068,热景生物,688068.SH,SSE,科创板,北京,医疗保健,20190930,H,林长青,林长青,9270.794,20050623.0,北京,北京市,903.0,www.hotgen.com.cn,"主营业务:研发,生产和销售体外诊断试剂及仪器,公司的主要产品为体外诊断试剂及仪器.",False,C27医药制造业,证监会行业分类
688069,德林海,688069.SH,SSE,科创板,江苏,环境保护,20200722,N,韩曙光,韩曙光,11300.0,20091210.0,江苏,无锡市,578.0,www.wxdlh.com,"主要从事以湖库蓝藻水华灾害应急处置以及蓝藻水华的预防和控制为重点的蓝藻治理业务,具体包括根据湖库蓝藻治理的政府二元公共需求,开发,销售一体化,成套化蓝藻治理先进整装技术装备以及提供藻水分离站等蓝藻治理技术装备的专业化运行维护服务.",False,N77生态保护和环境治理业,证监会行业分类
688070,纵横股份,688070.SH,SSE,科创板,四川,航空,20210210,N,任斌,任斌,8758.0,20100408.0,四川,成都市,851.0,www.jouav.com,"主要产品为无人机系统,飞控与地面指控系统,同时为客户提供无人机服务(包括无人机航飞数据服务,无人机执照培训服务).专注于工业无人机相关产品的研发,生产,销售及服务.",False,C37铁路、船舶、航空航天和其他运输设备制造业,证监会行业分类
688071,华依科技,688071.SH,SSE,科创板,上海,专用机械,20210729,N,励寅,励寅,8478.9724,19981128.0,上海,上海市,597.0,www.w-ibeda.com,"主要从事汽车动力总成智能测试设备的研发,设计,制造,销售及提供相关测试服务,致力于以业界领先的测试设备和测试服务为汽车动力总成产品的品质保障及改进,工程试验和开发设计提供数据依据和智能分析,进而支撑和推动汽车产业动力总成领域的智能转型升级.",False,C35专用设备制造业,证监会行业分类
688072,拓荆科技,688072.SH,SSE,科创板,辽宁,半导体,20220420,H,刘静,刘静,28269.3012,20100428.0,辽宁,沈阳市,1569.0,www.piotech.cn,"主要产品为半导体薄膜沉积设备包括PECVD设备,ALD设备及SACVD设备三个系列.主要从事高端半导体专用设备的研发,生产,销售和技术服务.",False,C35专用设备制造业,证监会行业分类
688073,毕得医药,688073.SH,SSE,科创板,上海,化学制药,20221011,H,戴岚,戴岚,9088.2948,20070427.0,上海,上海市,738.0,www.bidepharmatech.com,"主要产品为药物分子砌块和科学试剂,聚焦于新药研发产业链前端,依托药物分子砌块的研发设计,生产及销售等核心业务,能够为新药研发机构提供结构新颖,功能多样的药物分子砌块及科学试剂等产品.",False,M73研究和试验发展,证监会行业分类
688075,安旭生物,688075.SH,SSE,科创板,浙江,医疗保健,20211118,H,凌世生,凌世生,12708.2805,20080704.0,浙江,杭州市,741.0,www.diareagent.com,"专注于POCT试剂及仪器的研发,生产与销售",False,C27医药制造业,证监会行业分类
688076,ST诺泰,688076.SH,SSE,科创板,江苏,生物制药,20210520,N,童梓权,童梓权,31605.1897,20090403.0,江苏,连云港市,2028.0,www.sinopep.com.cn,"公司主要产品包括医药中间体,依替巴肽,醋酸奥曲肽,醋酸兰瑞肽等原料药,胸腺法新制剂.",True,C27医药制造业,证监会行业分类
688077,大地熊,688077.SH,SSE,科创板,安徽,矿物制品,20200722,N,熊永飞,熊永飞,11447.8504,20031104.0,安徽,合肥市,1759.0,www.earth-panda.com,"高性能烧结钕铁硼永磁材料的研发,生产和销售,公司生产的产品具有磁性能高,服役特性好等特点,主要应用于汽车工业,工业电机和高端消费类电子等重要工业产品领域.",False,C30非金属矿物制品业,证监会行业分类
688078,龙软科技,688078.SH,SSE,科创板,北京,软件服务,20191230,N,毛善君,姬阳瑞,7289.3,20020222.0,北京,北京市,538.0,www.longruan.com,"主营业务是以自主研发的专业地理信息系统平台为基础,利用物联网,大数据,云计算等技术,为煤炭工业的安全生产,智能开采提供工业应用软件及全业务流程信息化整体解决方案;为政府应急和安全监管部门,科研院所,安全生产服务机构,工业园区,高危行业企业提供现代信息技术与安全生产深度融合的智慧应急,智慧安监整体解决方案.",False,I65软件和信息技术服务业,证监会行业分类
688079,美迪凯,688079.SH,SSE,科创板,浙江,元器件,20210302,N,葛文志,葛文志,41147.1178,20100825.0,浙江,杭州市,1416.0,www.chinamdk.com,"公司主要有四大类产品和解决方案,包括半导体零部件及精密加工解决方案,生物识别零部件及精密加工解决方案,影像光学零部件,AR/MR光学零部件精密加工解决方案等.主要从事各类光学光电子元器件的研发,制造和销售及提供光学光电子产品精密加工制造解决方案.",False,C39计算机、通信和其他电子设备制造业,证监会行业分类
688080,映翰通,688080.SH,SSE,科创板,北京,通信设备,20200212,N,李明,李红雨,7365.6132,20010529.0,北京,北京市,424.0,www.inhand.com.cn,"主营业务为工业物联网技术的研发和应用,为客户提供工业物联网通信(M2M)产品以及物联网(IoT)领域“云+端”整体解决方案.主营产品包括工业无线路由器,无线数据终端,边缘计算网关,工业以太网交换机等工业物联网通信产品,以及智能配电网状态监测系统,智能售货控制系统等物联网创新解决方案.",False,C39计算机、通信和其他电子设备制造业,证监会行业分类
688081,兴图新科,688081.SH,SSE,科创板,湖北,软件服务,20200106,N,程家明,程家明,10304.0,20040617.0,湖北,武汉市,420.0,www.xingtu.com,"公司是一家基于网络通信的军队专用视频指挥控制系统提供商,专注于视音频领域的技术创新和产品创新,主要产品包括视频指挥控制系统,视频预警控制系统,重点应用于国防军队,并延伸至监狱,油田等行业.",False,C39计算机、通信和其他电子设备制造业,证监会行业分类
688082,盛美上海,688082.SH,SSE,科创板,上海,半导体,20211118,H,HUI WANG,王坚,48016.4789,20050517.0,上海,上海市,2485.0,www.acmrcsh.com.cn,"主要从事半导体专用设备的研发,生产和销售,主要产品包括半导体清洗设备,半导体电镀设备和先进封装湿法设备等.",False,C35专用设备制造业,证监会行业分类
688083,中望软件,688083.SH,SSE,科创板,广东,软件服务,20210311,H,杜玉林,刘玉峰,16964.6246,19980824.0,广东,广州市,1795.0,www.zwsoft.cn,"主要从事CAD/CAM/CAE等研发设计类工业软件的研发,推广与销售业务.",False,I65软件和信息技术服务业,证监会行业分类
688084,晶品特装,688084.SH,SSE,科创板,北京,专用机械,20221208,H,陈波,王小兵,7565.9066,20090709.0,北京,北京市,367.0,www.jp-tz.com,"主营业务为光电侦察设备和军用机器人的研发,生产和销售,主要产品包括多个型号系列的无人机光电吊舱,手持光电侦察设备,夜视多功能眼镜,手持穿墙雷达,排爆机器人,多用途机器人,便携式侦察机器人等.",False,C35专用设备制造业,证监会行业分类
688085,三友医疗,688085.SH,SSE,科创板,上海,医疗保健,20200409,H,徐农,徐农,33346.2498,20050419.0,上海,上海市,514.0,www.sanyoumed.com,"公司主营业务系医用骨科植入耗材的研发,生产与销售,主要产品为脊柱类植入耗材,创伤类植入耗材.",False,C35专用设备制造业,证监会行业分类
688087,英科再生,688087.SH,SSE,科创板,山东,环境保护,20210709,H,刘方毅,金喆,19405.4775,20050314.0,山东,淄博市,3951.0,www.intco.com.cn,"致力于可再生塑料的回收,再生,利用,形成三大类主营业务,覆盖PS塑料循环利用的完整纵向产业链,并在再生PS塑料为主的基础上,横向拓展再生PET,PE,PP等多种塑料循环利用业务.",False,C42废弃资源综合利用业,证监会行业分类
688088,虹软科技,688088.SH,SSE,科创板,浙江,软件服务,20190722,H,邓晖,邓晖,40117.04,20030225.0,浙江,杭州市,938.0,www.arcsoft.com.cn,"主营业务:视觉人工智能技术的研发和应用,为智能手机,智能汽车,物联网(IoT)等智能设备提供一站式视觉人工智能解决方案.",False,I65软件和信息技术服务业,证监会行业分类
688089,嘉必优,688089.SH,SSE,科创板,湖北,食品,20191219,N,易德伟,易德伟,16830.912,20040922.0,湖北,武汉市,565.0,www.cabio.cn,"公司的主营业务包括多不饱和脂肪酸ARA,藻油DHA及SA,天然β-胡萝卜素等多个系列产品的研发,生产与销售.公司的主要产品包括ARA,DHA等系列产品.",False,C14食品制造业,证监会行业分类
688090,瑞松科技,688090.SH,SSE,科创板,广东,专用机械,20200217,N,孙志强,孙志强,12237.0064,20120808.0,广东,广州市,825.0,www.risongtc.com,"专注于机器人系统集成与智能制造领域的研发,设计,制造,应用,销售和服务,致力于为客户提供成套智能化,柔性化制造系统解决方案",False,C34通用设备制造业,证监会行业分类
688091,上海谊众,688091.SH,SSE,科创板,上海,化学制药,20210909,H,周劲松,周劲松,20670.364,20090910.0,上海,上海市,375.0,www.yizhongpharma.com,主要研发产品是紫杉醇胶束.致力于抗肿瘤药物改良型新药的研发及产业化.,False,C27医药制造业,证监会行业分类
688092,爱科科技,688092.SH,SSE,科创板,浙江,专用机械,20210319,N,方云科,方云科,8266.374,20050311.0,浙江,杭州市,483.0,www.iechosoft.com,"以智能切割设备为产品载体,为客户提供稳定高效,定制化,一体化的智能切割解决方案,公司主要产品品种包括:基础性智能切割解决方案,可扩展智能切割解决方案,高速大幅面智能切割解决方案,真皮裁剪流水线解决方案,多层智能切割解决方案和微型智能切割解决方案.",False,C34通用设备制造业,证监会行业分类
688093,世华科技,688093.SH,SSE,科创板,江苏,化工原料,20200930,H,顾正青,顾正青,28038.2791,20100414.0,江苏,苏州市,492.0,www.shihua-group.com,"产品主要包括精密制程应用材料,电子复合功能材料和光电显示模组材料,是一家从事功能性材料研发,生产及销售的高新技术企业,专注于为客户提供定制化功能性材料.",False,C39计算机、通信和其他电子设备制造业,证监会行业分类
688095,福昕软件,688095.SH,SSE,科创板,福建,软件服务,20200908,H,熊雨前,熊雨前,9135.9524,20010929.0,福建,福州市,1502.0,www.fuxinsoft.cn,"PDF电子文档核心技术的研发,应用,销售与服务",False,I65软件和信息技术服务业,证监会行业分类
688096,京源环保,688096.SH,SSE,科创板,江苏,环境保护,20200409,N,李武林,李武林,23604.4693,19990330.0,江苏,南通市,278.0,www.jsjyep.com,"一直专注于工业水处理领域,依托工业废水电子絮凝处理技术,高难废水零排放技术和高难废水电催化氧化技术等自研核心技术,主要向大型企业客户提供工业水处理专用设备的研发,设计与咨询,集成与销售以及工程承包业务.",False,C35专用设备制造业,证监会行业分类
688097,博众精工,688097.SH,SSE,科创板,江苏,专用机械,20210512,H,吕绍林,吕绍林,44664.7765,20060922.0,江苏,苏州市,6025.0,www.bozhon.com,"公司主营业务为自动化设备,自动化柔性生产线,自动化关键零部件以及工装夹(治)具等产品的研发,设计,生产,销售及技术服务,拥有完整的研发,采购,生产,销售及服务体系.",False,C35专用设备制造业,证监会行业分类
688098,申联生物,688098.SH,SSE,科创板,上海,农业综合,20191028,N,聂东升,张震,41064.4,20010628.0,上海,上海市,391.0,www.slbio.com.cn,"公司是一家专业从事兽用生物制品研发,生产,销售及服务的高新技术企业,主要产品为口蹄疫疫苗.",False,C27医药制造业,证监会行业分类
688099,晶晨股份,688099.SH,SSE,科创板,上海,半导体,20190808,H,JOHN ZHONG,JOHN ZHONG,42116.5613,20030711.0,上海,上海市,1945.0,www.amlogic.com;www.Amlogic.cn,"公司主营业务为多媒体智能终端SoC芯片的研发,设计与销售,公司研发的芯片产品主要包括多媒体智能终端应用处理器芯片和其他.",False,I65软件和信息技术服务业,证监会行业分类
688100,威胜信息,688100.SH,SSE,科创板,湖南,通信设备,20200121,H,李鸿,李先怀,49168.5175,20040508.0,湖南,长沙市,834.0,www.willfar.com,"公司为智慧公用事业领域的物联网综合应用解决方案提供商.主营业务产品包括电监测终端,水气热传感终端,通信网关,通信模块以及电,水,气,热等智慧能源管理,智慧消防,智慧路灯等应用管理系统,主营业务产品贯穿了物联网感知层,网络层与应用层.",False,C39计算机、通信和其他电子设备制造业,证监会行业分类
688101,三达膜,688101.SH,SSE,科创板,陕西,环境保护,20191115,H,CHEN NI,方富林,33201.2066,20050426.0,陕西,延安市,1155.0,www.suntar.com,"主营业务:提供以膜技术应用为核心的工业分离纯化,膜法水处理和环境工程专业服务.主要产品和服务为:覆盖微滤,超滤,纳滤,反渗透,膜生物反应器等各类膜应用技术和连续离子交换及色谱分离纯化的工业分离;膜法水处理(工业废水处理和中水回用,市政水处理)综合解决方案;环境工程;民用净水机的生产和销售;市政污水处理厂的投资运营.",False,C35专用设备制造业,证监会行业分类
688102,斯瑞新材,688102.SH,SSE,科创板,陕西,铜,20220316,H,王文斌,张航,77759.3807,19950711.0,陕西,西安市,1214.0,www.sxsr.com,"以轨道交通,电力电子,航空航天,医疗影像等高端应用领域为目标市场,向客户提供高强高导铜合金材料及制品,中高压电接触材料及制品,高性能金属铬粉,医疗影像零组件等产品.",False,C32有色金属冶炼和压延加工业,证监会行业分类
688103,国力电子,688103.SH,SSE,科创板,江苏,元器件,20210910,H,尹剑平,黄浩,9531.5566,20001012.0,江苏,苏州市,1237.0,www.glvac.cn,"公司是一家专业从事电子真空器件的研发,生产与销售的公司.公司的产品按照功能和应用场景主要包括陶瓷真空电容器,陶瓷高压真空继电器,高压直流接触器,陶瓷真空开关管,交流接触器和真空有源器件等.",False,C39计算机、通信和其他电子设备制造业,证监会行业分类
688105,诺唯赞,688105.SH,SSE,科创板,江苏,生物制药,20211115,H,曹林,曹林,39773.4544,20120316.0,江苏,南京市,2754.0,www.vazyme.com,"对酶,抗原,抗体等功能性蛋白及高分子有机材料进行技术研发和产品开发.",False,M73研究和试验发展,证监会行业分类
688106,金宏气体,688106.SH,SSE,科创板,江苏,化工原料,20200616,H,戴张龙,戴张龙,50185.6578,19991028.0,江苏,苏州市,2914.0,www.jinhonggroup.com,"气体的研发,生产,销售和服务,公司主要产品包括:(1)超纯氨,氢气,氧化亚氮,氦气,混合气,医用气体,氟碳气体等特种气体;(2)氧气,氮气,氩气,二氧化碳,乙炔等大宗气体;(3)天然气.",False,C26化学原料和化学制品制造业,证监会行业分类
688107,安路科技,688107.SH,SSE,科创板,上海,半导体,20211112,H,谢文录,文华武,40084.9367,20111118.0,上海,上海市,505.0,www.anlogic.com,"主要向客户提供FPGA产品,包括FPGA芯片和专用EDA软件两部分.主营业务为FPGA芯片和专用EDA软件的研发,设计和销售.",False,C39计算机、通信和其他电子设备制造业,证监会行业分类
688108,赛诺医疗,688108.SH,SSE,科创板,天津,医疗保健,20191030,H,孙箭华,孙箭华,41795.2,20070921.0,天津,天津市,649.0,www.sinomed.com,"公司专注于高端介入医疗器械研发,生产,销售,公司的产品包括冠状动脉支架系统和球囊扩张导管(冠脉及神经)两大类",False,C35专用设备制造业,证监会行业分类
688109,品茗科技,688109.SH,SSE,科创板,浙江,软件服务,20210330,H,李军,李军,7884.23,20110711.0,浙江,杭州市,1010.0,www.pinming.cn,"公司是“数字建造”应用化技术,产品及解决方案提供商.公司立足于建筑行业,面向“数字建造”的对象和过程,提供自设计优化至施工交付阶段的应用化技术,产品及解决方案,满足各方在成本,安全,质量,进度,信息管控等方面的信息化需求.",False,I65软件和信息技术服务业,证监会行业分类
688110,东芯股份,688110.SH,SSE,科创板,上海,半导体,20211210,H,蒋学明,谢莺霞,44224.9758,20141126.0,上海,上海市,316.0,www.dosilicon.com,"主要产品:24nm NAND,48nm NOR,业务:提供NAND,NOR,DRAM等存储芯片完整解决方案,并能为优质客户提供芯片定制开发服务.",False,C39计算机、通信和其他电子设备制造业,证监会行业分类
688111,金山办公,688111.SH,SSE,科创板,北京,软件服务,20191118,H,邹涛,章庆元,46337.2121,20111220.0,北京,北京市,6048.0,www.wps.cn,"主要从事WPS Office办公软件产品及服务的设计研发及销售推广.公司产品主要包括WPS Office办公软件和金山词霸等,可在Windows,Linux,MacOS,Android,iOS等众多主流操作平台上应用;公司服务主要包括基于公司产品及相关文档的增值服务以及互联网广告推广服务,为客户提供一站式,多平台应用解决方案.",False,I65软件和信息技术服务业,证监会行业分类
688112,鼎阳科技,688112.SH,SSE,科创板,深圳,电器仪表,20211201,H,秦轲,秦轲,15959.6883,20070613.0,广东,深圳市,577.0,www.siglent.com,专注于通用电子测试测量仪器的开发和技术创新.,False,C40仪器仪表制造业,证监会行业分类
688113,联测科技,688113.SH,SSE,科创板,江苏,专用机械,20210506,N,赵爱国,赵爱国,6439.7559,20020626.0,江苏,南通市,511.0,www.qdceqi.com,"主营业务为动力系统智能测试装备的研发,制造和销售,以及提供动力系统测试验证服务.",False,C35专用设备制造业,证监会行业分类
688114,华大智造,688114.SH,SSE,科创板,深圳,医疗保健,20220909,H,牟峰,牟峰,41651.6155,20160413.0,广东,深圳市,2277.0,www.mgi-tech.com,"主要产品及服务涵盖基因测序仪业务,实验室自动化业务,新业务三大板块,以仪器设备,试剂耗材等相关产品的研发,生产和销售为主要业务.",False,C35专用设备制造业,证监会行业分类
688115,思林杰,688115.SH,SSE,科创板,广东,电器仪表,20220314,N,周茂林,刘洋,6667.0,20050421.0,广东,广州市,298.0,smartgiant.com,"主营业务是嵌入式智能仪器模块等工业自动化检测产品的设计,研发,生产及销售;主要产品为嵌入式智能仪器模块",False,C40仪器仪表制造业,证监会行业分类
688116,天奈科技,688116.SH,SSE,科创板,江苏,化工原料,20190925,H,郑涛,郑涛,36653.2031,20110106.0,江苏,镇江市,824.0,www.cnanotechnology.com,"公司主要从事纳米级碳材料及相关产品的研发,生产及销售,是一家具有自主研发和创新能力的高新技术企业.产品包括碳纳米管粉体,碳纳米管导电浆料,石墨烯复合导电浆料,碳纳米管导电母粒等.",False,C26化学原料和化学制品制造业,证监会行业分类
688117,圣诺生物,688117.SH,SSE,科创板,四川,生物制药,20210603,H,文永均,文永均,15738.5978,20010723.0,四川,成都市,1381.0,www.snbiopharm.com,"主营业务为自主研发,生产和销售在国内外具有较大市场容量及较强竞争力的多肽原料药和制剂产品,同时公司依托在多肽药物研发和规模化生产领域的技术优势,为国内外医药企业提供多肽创新药药学研究服务,多肽类产品定制生产服务以及多肽药物生产技术转让服务.此外,公司还提供小分子化学药物左西孟旦制剂代加工及左西孟旦原料药生产,出口销售业务.",False,C27医药制造业,证监会行业分类
688118,普元信息,688118.SH,SSE,科创板,上海,软件服务,20191204,N,刘亚东,刘亚东,9331.6713,20030326.0,上海,上海市,1088.0,www.primeton.com,"公司是国内专业的软件基础平台提供商,面向金融,政务,能源,电信,制造业等行业大中型用户,提供自主可控,安全可靠的软件基础平台及应用软件开发服务.",False,I65软件和信息技术服务业,证监会行业分类
688119,中钢洛耐,688119.SH,SSE,科创板,河南,其他建材,20220606,N,熊建,左锐,112500.0,20060825.0,河南,洛阳市,2677.0,www.lyrg.com.cn,"中高端耐火材料的研发,制造,销售和服务",False,C30非金属矿物制品业,证监会行业分类
688120,华海清科,688120.SH,SSE,科创板,天津,半导体,20220608,H,王同庆,王同庆,35365.1991,20130410.0,天津,天津市,1917.0,www.hwatsing.com,"主要从事半导体专用设备的研发,生产,销售及技术服务,主要产品为化学机械抛光(CMP)设备.",False,C35专用设备制造业,证监会行业分类
688121,卓然股份,688121.SH,SSE,科创板,上海,专用机械,20210906,N,张锦红,张军,23361.4003,20020729.0,上海,上海市,661.0,www.supezet.com,"主要产品包括乙烯裂解炉,转化炉,炼油加热炉,余热锅炉,压力容器,其他配套产品及相关技术服务,专业为石油化工,炼油,天然气化工等领域的客户提供设计,制造,安装和服务一体化的解决方案.",False,C35专用设备制造业,证监会行业分类
688122,西部超导,688122.SH,SSE,科创板,陕西,小金属,20190722,H,冯勇,杜予晅,64966.4497,20030228.0,陕西,西安市,1710.0,www.c-wst.com,"公司主要从事高端钛合金材料,超导产品和高性能高温合金材料的研发,生产和销售.主要产品有三类,第一类是高端钛合金材料,包括棒材,丝材和锻坯等;第二类是超导产品,包括铌钛锭棒,铌钛超导线材,铌三锡超导线材和超导磁体等;第三类是高性能高温合金材料,包括变形高温合金,铸造和粉末高温合金母合金等.",False,C32有色金属冶炼和压延加工业,证监会行业分类
688123,聚辰股份,688123.SH,SSE,科创板,上海,半导体,20191223,H,陈作涛,张建臣,15827.1044,20091113.0,上海,上海市,352.0,www.giantec-semi.com,"主营业务为集成电路产品的研发设计和销售,并提供应用解决方案和技术支持服务.主要产品包括EEPROM,音圈马达驱动芯片和智能卡芯片.",False,C39计算机、通信和其他电子设备制造业,证监会行业分类
688125,安达智能,688125.SH,SSE,科创板,广东,专用机械,20220415,N,刘飞,WANG HAI,8212.6356,20080425.0,广东,东莞市,1513.0,www.anda-cn.com,"主要从事流体控制设备,等离子设备,固化及组装设备等智能制造装备的研发,生产和销售.公司产品主要包括点胶机,涂覆机,等离子清洗机,固化炉和智能组装机等在内的多种智能制造装备.",False,C35专用设备制造业,证监会行业分类
688126,沪硅产业,688126.SH,SSE,科创板,上海,半导体,20200420,H,姜海涛,Chiu Tzu-Yin(邱慈云),330502.3393,20151209.0,上海,上海市,3044.0,www.nsig.com,"主要从事半导体硅片的研发,生产和销售公司,主要产品为300mm及以下的半导体硅片.",False,C39计算机、通信和其他电子设备制造业,证监会行业分类
688127,蓝特光学,688127.SH,SSE,科创板,浙江,元器件,20200921,H,徐云明,徐云明,40589.77,20030904.0,浙江,嘉兴市,2991.0,www.lante.com.cn,"涵盖光学棱镜,玻璃非球面透镜,玻璃晶圆及汽车后视镜在内的四大产品,主营业务为光学元件的研发,生产和销售.",False,C40仪器仪表制造业,证监会行业分类
688128,中国电研,688128.SH,SSE,科创板,广东,专用机械,20191105,H,秦汉军,孙君光,40450.0,20020906.0,广东,广州市,3153.0,www.cei1958.com,"为电器产品质量提升提供系统解决方案,具体包括质量技术服务,智能装备,环保涂料及树脂等三大业务领域.",False,C35专用设备制造业,证监会行业分类
688129,东来技术,688129.SH,SSE,科创板,上海,染料涂料,20201023,N,朱忠敏,朱忠敏,12047.88,20050420.0,上海,上海市,632.0,www.onwings.com.cn,"主营业务为提供基于先进石化化工新材料研发的高性能涂料产品,包括汽车售后修补涂料,新车内外饰件及车身涂料,3C消费电子领域涂料,并全方位提供专业的现场颜色调配,定制色漆开发,喷涂技术指导,效率提升优化等技术服务,管理服务.",False,C26化学原料和化学制品制造业,证监会行业分类
688130,晶华微,688130.SH,SSE,科创板,浙江,半导体,20220729,N,吕汉泉,梁桂武,12089.1094,20050224.0,浙江,杭州市,214.0,www.sdicmicro.cn,"主营业务为高性能模拟及数模混合集成电路的研发与销售,主要产品包括医疗健康SoC芯片,工业控制及仪表芯片,智能感知SoC芯片等.",False,I65软件和信息技术服务业,证监会行业分类
688131,皓元医药,688131.SH,SSE,科创板,上海,化学制药,20210608,H,郑保富,郑保富,21210.3948,20060930.0,上海,上海市,3576.0,www.chemexpress.com.cn,"专注于小分子药物研发服务与产业化应用的平台型高新技术企业,主要业务包括小分子药物发现领域的分子砌块和工具化合物的研发,以及小分子药物原料药,中间体的工艺开发和生产技术改进,为全球医药企业和科研机构提供从药物发现到原料药和医药中间体的规模化生产的相关产品和技术服务.",False,M73研究和试验发展,证监会行业分类
688132,邦彦技术,688132.SH,SSE,科创板,深圳,通信设备,20220923,N,祝国胜,祝国胜,15222.5204,20000406.0,广东,深圳市,406.0,www.bangyan.com.cn,"致力于为各级各类指挥所,通信枢纽和通信节点提供信息通信整体解决方案.",False,C39计算机、通信和其他电子设备制造业,证监会行业分类
688133,泰坦科技,688133.SH,SSE,科创板,上海,化工原料,20201030,N,张庆,张庆,16443.6977,20071018.0,上海,上海市,1827.0,www.titansci.com,"专注于为科研工作者,分析检测和质量控制人员提供科研产品及相关配套服务,并以科研试剂,科研仪器及耗材和实验室建设及科研信息化服务三大产品体系对外实现销售.",False,M73研究和试验发展,证监会行业分类
688135,利扬芯片,688135.SH,SSE,科创板,广东,半导体,20201111,H,黄江,张亦锋,23310.3941,20100210.0,广东,东莞市,1342.0,www.leadyo.com,"集成电路制造中的测试方案开发,晶圆测试,芯片成品测试,并能提供芯片验证测试分析,测试软件开发,MPW(多项目晶圆)验证测试分析,ProbeCard(探针卡),LoadBoard(搭载基板),Kit(测试治具),Socket(测试夹具)的设计和制作等相关配套服务.",False,C39计算机、通信和其他电子设备制造业,证监会行业分类
688136,科兴制药,688136.SH,SSE,科创板,山东,生物制药,20201214,H,邓学勤,赵彦轻,20125.725,19970822.0,山东,济南市,947.0,www.kexing.com,"主要从事重组蛋白药物和微生态制剂的研发,生产,销售,主要产品包括重组蛋白药物“重组人促红素”,“重组人干扰素α1b”,“重组人粒细胞刺激因子”,微生态制剂药物“酪酸梭菌二联活菌”.",False,C27医药制造业,证监会行业分类
688137,近岸蛋白,688137.SH,SSE,科创板,江苏,生物制药,20220929,N,朱化星,朱化星,7017.5439,20090907.0,江苏,苏州市,566.0,www.novoprotein.com.cn,"主营业务为靶点及因子类蛋白,重组抗体,酶及试剂的研发,生产,销售,并提供相关技术服务.",False,M73研究和试验发展,证监会行业分类
688138,清溢光电,688138.SH,SSE,科创板,深圳,半导体,20191120,H,唐英敏,姜巍,31480.0,19970825.0,广东,深圳市,592.0,www.supermask.com,"一直从事掩膜版的研发,设计,生产和销售业务,主要产品为掩膜版(Photomask),又称光罩,光掩膜,光刻掩膜版,掩模版等.",False,C39计算机、通信和其他电子设备制造业,证监会行业分类
688139,海尔生物,688139.SH,SSE,科创板,山东,医疗保健,20191025,H,刘占杰,刘占杰,31649.2922,20051028.0,山东,青岛市,2945.0,www.haierbiomedical.com,"始于生物医疗低温存储设备的研发,生产和销售,是基于物联网转型的生物科技综合解决方案服务商.",False,C35专用设备制造业,证监会行业分类
688141,杰华特,688141.SH,SSE,科创板,浙江,半导体,20221223,H,马问问,马问问,45032.1609,20130318.0,浙江,杭州市,1971.0,www.joulwatt.com,"专业从事模拟集成电路的研发与销售.产品分为电源管理芯片和信号链芯片两大类,按照功能划分,公司电源管理芯片产品包括AC-DC芯片,DC-DC芯片,线性电源产品(Linear Power,简称线性电源芯片),电池管理芯片(Battery Management System,简称BMS芯片)等子类别,公司信号链芯片包括检测芯片,接口芯片以及转换器芯片等子类别.",False,I65软件和信息技术服务业,证监会行业分类
688143,长盈通,688143.SH,SSE,科创板,湖北,通信设备,20221212,H,皮亚斌,皮亚斌,12878.0802,20100518.0,湖北,武汉市,537.0,www.yoec.com.cn,"核心产品为光纤陀螺用光纤环及其主要材料保偏光纤.专业从事光纤陀螺核心器件光纤环及其综合解决方案研发,生产,销售和服务.",False,C39计算机、通信和其他电子设备制造业,证监会行业分类
688146,中船特气,688146.SH,SSE,科创板,河北,半导体,20230421,H,孟祥军,孟祥军,52941.1765,20161221.0,河北,邯郸市,785.0,www.pericsg.com,"主要从事电子特种气体及三氟甲磺酸系列产品的研发,生产和销售.主要产品包括高纯三氟化氮,高纯六氟化钨,高纯氯化氢,高纯氟化氢,高纯四氟化硅,高纯氘气,高纯六氟丁二烯,高纯八氟环丁烷,高纯电子混合气等电子特种气体,以及三氟甲磺酸,三氟甲磺酸酐,双(三氟甲磺酰)亚胺锂等含氟新材料.",False,C39计算机、通信和其他电子设备制造业,证监会行业分类
688147,微导纳米,688147.SH,SSE,科创板,江苏,专用机械,20221223,H,王磊,周仁,46115.8613,20151225.0,江苏,无锡市,1514.0,www.leadmicro.com,"以原子层沉积(ALD)技术为核心,主要从事先进微,纳米级薄膜沉积设备的研发,生产和销售,向下游客户提供先进薄膜沉积设备,配套产品及服务.",False,C35专用设备制造业,证监会行业分类
688148,芳源股份,688148.SH,SSE,科创板,广东,电气设备,20210806,N,罗爱平,罗爱平,51017.3053,20020607.0,广东,江门市,953.0,www.fangyuan-group.com,"主要从事锂电池三元正极材料前驱体和镍电池正极材料的研发,生产和销售,产品主要用于锂电池和镍电池的制造,并最终应用于新能源汽车动力电池,电动工具,储能设备及电子产品等领域.",False,C39计算机、通信和其他电子设备制造业,证监会行业分类
688150,莱特光电,688150.SH,SSE,科创板,陕西,元器件,20220318,H,王亚龙,王亚龙,40243.7585,20100221.0,陕西,西安市,382.0,www.ltom.com,"主要产品包括OLED终端材料和OLED中间体.主要从事OLED有机材料的研发,生产和销售.",False,C39计算机、通信和其他电子设备制造业,证监会行业分类
688151,华强科技,688151.SH,SSE,科创板,湖北,医疗保健,20211206,H,孙光幸,刘榜劳,34450.0,20011112.0,湖北,宜昌市,673.0,www.hqtc.com;hqtc.csgc.com.cn,"主要生产个体防护装备,集体防护装备,主营业务为特种防护装备和医药包装及医疗器械产品的研发,生产与销售.",False,C27医药制造业,证监会行业分类
688152,麒麟信安,688152.SH,SSE,科创板,湖南,软件服务,20221028,N,杨涛,刘文清,10283.0359,20150402.0,湖南,长沙市,580.0,www.kylinsec.com.cn,"专注于国家关键信息基础设施领域相关技术的研发与应用,主要从事操作系统产品研发及技术服务,并以操作系统为根技术创新发展信息安全,云计算等产品及服务业务.",False,I65软件和信息技术服务业,证监会行业分类
688153,唯捷创芯,688153.SH,SSE,科创板,天津,半导体,20220412,H,孙亦军,孙亦军,43031.3008,20100602.0,天津,天津市,622.0,www.vanchip.com,"公司主营业务为射频前端芯片的研发,设计和销售,主要产品为射频功率放大器模组,此外,还包括部分射频开关芯片及Wi-Fi射频前端模组产品.",False,C39计算机、通信和其他电子设备制造业,证监会行业分类
688155,先惠技术,688155.SH,SSE,科创板,上海,电气设备,20200811,H,潘延庆,王颖琳,12643.6008,20070328.0,上海,上海市,2616.0,www.sk1.net.cn,"产品为智能制造领域的智能自动化装备和工业制造数据系统,主营业务为各类智能制造装备的研发,生产和销售.",False,C35专用设备制造业,证监会行业分类
688156,路德科技,688156.SH,SSE,科创板,湖北,饲料,20200922,N,季光明,季光明,10071.4157,20060809.0,湖北,武汉市,570.0,www.road-group.com,"提供先进环保产品及相关技术服务,包含河湖淤泥处理服务,工程泥浆处理服务,工业糟渣资源化产品销售,环保技术装备销售及其他.",False,N77生态保护和环境治理业,证监会行业分类
688157,松井股份,688157.SH,SSE,科创板,湖南,染料涂料,20200609,H,凌云剑,凌云剑,15643.108,20090320.0,湖南,长沙市,823.0,www.sokan.com.cn,"以3C行业中的高端消费类电子和乘用汽车等高端消费品领域为目标市场,通过“交互式”自主研发,“定制化柔性制造”的模式,为客户提供涂料,特种油墨等多类别系统化解决方案.公司主要研发和生产涂料,特种油墨两大类核心产品.",False,C26化学原料和化学制品制造业,证监会行业分类
688158,优刻得-W,688158.SH,SSE,科创板,上海,软件服务,20200120,N,季昕华,季昕华,45630.5081,20120316.0,上海,上海市,909.0,www.ucloud.cn,"自主研发并提供计算,网络,存储等基础资源和构建在这些基础资源之上的基础IT架构产品,以及大数据,人工智能等产品,通过公有云,私有云,混合云三种模式为用户提供服务.",False,I64互联网和相关服务,证监会行业分类
688159,有方科技,688159.SH,SSE,科创板,深圳,通信设备,20200123,H,王慷,王慷,9290.882,20061018.0,广东,深圳市,439.0,www.neoway.com,"主营业务:物联网无线通信模块,物联网无线通信解决方案,物联网无线通信终端.",False,C39计算机、通信和其他电子设备制造业,证监会行业分类
688160,步科股份,688160.SH,SSE,科创板,上海,电器仪表,20201112,H,唐咚,唐咚,9083.2206,20081209.0,上海,上海市,1081.0,www.kinco.cn,"主要从事工业自动化设备控制核心部件与工业物联网/互联网软硬件的研发,生产,销售以及相关技术服务,并为客户提供设备自动化控制,数字化工厂及工业互联网解决方案.",False,C40仪器仪表制造业,证监会行业分类
688161,威高骨科,688161.SH,SSE,科创板,山东,医疗保健,20210630,H,陈敏,李进取,40000.0,20050406.0,山东,威海市,1988.0,www.wegortho.com,"主营业务为骨科医疗器械的研发,生产和销售,主要产品包括骨科植入医疗器械以及骨科手术器械工具.",False,C35专用设备制造业,证监会行业分类
688162,巨一科技,688162.SH,SSE,科创板,安徽,专用机械,20211110,N,林巨广,林巨广,13710.0775,20050118.0,安徽,合肥市,2834.0,www.jee-cn.com,"汽车等先进制造领域,具备智能装备和新能源汽车核心部件整体解决方案能力的主流供应商,并致力于围绕汽车行业的智能化,电动化,网联化把公司打造成为业内具有国际竞争力的领军企业.公司产品主要包括智能装备整体解决方案和新能源汽车电驱动系统产品.",False,C35专用设备制造业,证监会行业分类
688163,赛伦生物,688163.SH,SSE,科创板,上海,生物制药,20220311,N,范志和,范铁炯,10822.0,19991109.0,上海,上海市,326.0,www.serum-china.com.cn,"现有产品聚焦于抗血清抗毒素治疗领域,包括抗蛇毒血清系列,马破免疫球蛋白,抗狂犬病血清,致力于研究,开发,生产及销售针对生物毒素及生物安全领域的预防和治疗药物.",False,C27医药制造业,证监会行业分类
688165,埃夫特-U,688165.SH,SSE,科创板,安徽,专用机械,20200715,H,游玮,游玮,52178.0,20070802.0,安徽,芜湖市,1198.0,www.efort.com.cn,"主要产品分为三类:工业机器人核心零部件,工业机器人整机以及基于工业机器人的系统集成整体解决方案,主营业务为工业机器人核心零部件,整机,系统集成的研发,生产,销售.",False,C34通用设备制造业,证监会行业分类
688166,博瑞医药,688166.SH,SSE,科创板,江苏,化学制药,20191108,H,袁建栋,袁建栋,42310.4454,20011026.0,江苏,苏州市,1196.0,www.bright-gene.com,"从事高技术壁垒的医药中间体,原料药和制剂产品的研发和生产业务,凭借自身在微生物发酵,高难度药物合成工艺,药物合成原创路线设计,药物新晶型及药物靶向递送等方面积累的技术优势,建立了发酵半合成技术平台,多手性药物技术平台,靶向高分子偶联技术平台和非生物大分子技术平台等核心药物研发技术平台,形成了高技术附加值的医药中间体和原料药销售,药品技术转让以及利用自身技术和产品优势与其它具有品牌或销售渠道优势的医药企业合作开发并获得销售分成等多元化的盈利模式",False,C27医药制造业,证监会行业分类
688167,炬光科技,688167.SH,SSE,科创板,陕西,元器件,20211224,H,刘兴胜,刘兴胜,8985.9524,20070921.0,陕西,西安市,908.0,focuslight.com,"主要从事激光行业上游的高功率半导体激光元器件(“产生光子”),激光光学元器件(“调控光子”)的研发,生产和销售,目前正在拓展激光行业中游的光子应用模块和系统(“提供解决方案”,包括激光雷达发射模组和UV-L光学系统等)的研发,生产和销售.",False,C39计算机、通信和其他电子设备制造业,证监会行业分类
688168,安博通,688168.SH,SSE,科创板,北京,软件服务,20190906,H,钟竹,钟竹,7718.5004,20070525.0,北京,北京市,241.0,www.abtnetworks.com,"公司主营业务为网络安全核心软件产品的研究,开发,销售以及相关技术服务,为网络安全行业网络安全系统平台与安全服务提供商.在网络安全行业中,发行人依托于自主开发的应用层可视化网络安全原创技术,为业界众多网络安全产品提供操作系统,业务组件,分析引擎,关键算法等软件产品及相关的技术服务.",False,I65软件和信息技术服务业,证监会行业分类
688169,石头科技,688169.SH,SSE,科创板,北京,家用电器,20200221,H,昌敬,昌敬,25910.6368,20140704.0,北京,北京市,2560.0,www.roborock.com,"主要产品为智能扫地机器人及相关配件,主营业务为智能清洁机器人等智能硬件的设计,研发,生产和销售.",False,C39计算机、通信和其他电子设备制造业,证监会行业分类
688170,德龙激光,688170.SH,SSE,科创板,江苏,专用机械,20220429,N,赵裕兴,赵裕兴,10336.0,20050404.0,江苏,苏州市,1006.0,www.delphilaser.com,"主营业务为精密激光加工设备及激光器的研发,生产,销售,并为客户提供激光设备租赁和激光加工服务.主要产品为精密激光加工设备,激光器,激光设备租赁和激光加工服务.",False,C35专用设备制造业,证监会行业分类
688171,纬德信息,688171.SH,SSE,科创板,广东,软件服务,20220127,N,尹健,尹一凡,8377.34,20120424.0,广东,广州市,103.0,www.weide-gd.com,"致力于为工业企业提供自主可控,安全可靠的工业互联网信息安全产品和服务.",False,I65软件和信息技术服务业,证监会行业分类
688172,燕东微,688172.SH,SSE,科创板,北京,半导体,20221216,H,张劲松,刘锋,142761.8097,19871006.0,北京,北京市,2405.0,www.ydme.com,"主要产品为分立器件及模拟集成电路,特种集成电路及器件;主营业务包括产品与方案和制造与服务.",False,C39计算机、通信和其他电子设备制造业,证监会行业分类
688173,希荻微,688173.SH,SSE,科创板,广东,半导体,20220121,H,唐娅,唐娅,41304.1811,20120911.0,广东,佛山市,342.0,www.halomicro.com,"主要产品为电源管理芯片及信号链芯片等模拟集成电路,主营业务为包括电源管理芯片及信号链芯片在内的模拟集成电路的研发,设计和销售.",False,I65软件和信息技术服务业,证监会行业分类
688175,高凌信息,688175.SH,SSE,科创板,广东,通信设备,20220315,N,冯志峰,冯志峰,12931.7,19991229.0,广东,珠海市,534.0,www.comleader.cn,"从事信息通信网络设备,网络与信息安全产品以及环保物联网应用产品研发,生产和销售.",False,C39计算机、通信和其他电子设备制造业,证监会行业分类
688176,亚虹医药-U,688176.SH,SSE,科创板,江苏,化学制药,20220107,H,PAN KE,PAN KE,57117.0486,20100316.0,江苏,泰州市,391.0,www.asieris.cn,"聚焦于泌尿生殖系统肿瘤及其他重大疾病领域,致力于为患者提供诊疗一体化解决方案.",False,C27医药制造业,证监会行业分类
688177,百奥泰,688177.SH,SSE,科创板,广东,生物制药,20200221,H,李胜峰,李胜峰,41408.0,20030728.0,广东,广州市,1251.0,www.bio-thera.com,"主要从事创新药和生物类似药的研发,生产业务.",False,C27医药制造业,证监会行业分类
688178,万德斯,688178.SH,SSE,科创板,江苏,环境保护,20200114,N,刘军,陈灿,8499.7844,20070814.0,江苏,南京市,593.0,www.njwds.com,"公司主营业务为垃圾污染削减及修复业务,高难度废水处理业务.",False,N77生态保护和环境治理业,证监会行业分类
688179,阿拉丁,688179.SH,SSE,科创板,上海,化学制药,20201026,N,徐久振,徐久振,34031.7955,20090316.0,上海,上海市,652.0,www.aladdin-e.com,"化学试剂,生物试剂,生物工程产品领域内的技术开发,技术咨询,技术服务,技术转让,仪器仪表,玻璃制品的销售,化学试剂(含药物中间体,添加剂,生物试剂,电子化学品)的研发,生产,分装和批发,零售(除危险化学品,监控化学品,烟花爆竹,民用爆炸物品,易制毒化学品),用于传染病防治的消毒产品生产,销售,批发危险化学品(许可范围详见许可证附页),从事货物进出口及技术进出口业务,医疗器械经营.(除依法须经批准的项目外,凭营业执照依法自主开展经营活动)",False,M73研究和试验发展,证监会行业分类
688180,君实生物-U,688180.SH,SSE,科创板,上海,生物制药,20200715,H,熊俊,邹建军,102668.9871,20121227.0,上海,上海市,2903.0,www.junshipharma.com,"单克隆抗体药物和其他治疗型蛋白药物的研发与产业化,单克隆抗体药物研发的技术服务与技术转让等.",False,C27医药制造业,证监会行业分类
688181,八亿时空,688181.SH,SSE,科创板,北京,元器件,20200106,N,赵雷,赵雷,13448.1546,20040709.0,北京,北京市,743.0,www.bayi.com.cn,"液晶显示材料的研发,生产和销售",False,C39计算机、通信和其他电子设备制造业,证监会行业分类
688182,灿勤科技,688182.SH,SSE,科创板,江苏,通信设备,20211116,H,朱田中,朱琦,40000.0,20040409.0,江苏,苏州市,861.0,www.cai-qin.com.cn,"主要从事微波介质陶瓷元器件的研发,生产和销售,产品包括介质波导滤波器,TEM介质滤波器,介质谐振器,介质天线等多种元器件,主要用于射频信号的接收,发送和处理,在移动通信,雷达和射频电路,卫星通讯导航与定位,航空航天与国防科工等领域得到广泛应用.",False,C39计算机、通信和其他电子设备制造业,证监会行业分类
688183,生益电子,688183.SH,SSE,科创板,广东,元器件,20210225,H,邓春华,张恭敬,83182.1175,19850802.0,广东,东莞市,5378.0,www.sye.com.cn,"专注于各类印制电路板的研发,生产与销售业务.",False,C39计算机、通信和其他电子设备制造业,证监会行业分类
688184,ST帕瓦,688184.SH,SSE,科创板,浙江,电气设备,20220919,N,方琪,方琪,15904.7514,20140715.0,浙江,绍兴市,381.0,www.zhujipower.com,"产品为锂离子电池NCM三元正极材料前驱体.主要从事锂离子电池三元正极材料前驱体的研发,生产和销售.",True,C39计算机、通信和其他电子设备制造业,证监会行业分类
688185,康希诺,688185.SH,SSE,科创板,天津,生物制药,20200813,H,宇学峰,宇学峰,24704.3801,20090113.0,天津,天津市,1134.0,www.cansinotech.com.cn,"致力于创新型疫苗的研发,生产与销售",False,C27医药制造业,证监会行业分类
688186,广大特材,688186.SH,SSE,科创板,江苏,特种钢,20200211,H,徐卫明,徐卫明,28048.9356,20060717.0,江苏,苏州市,2320.0,www.zjggdtc.com,"公司主营业务为特殊钢材料的研发,生产和销售,现有主要产品包括齿轮钢,模具钢及精密机械部件,2016年公司开始进入高温合金等特殊合金领域并作为未来重点发展产品.公司产品主要应用于新能源风电,轨道交通,机械装备,军工装备,航空航天,核能电力,海洋石化,半导体芯片装备等高端装备制造业.",False,C34通用设备制造业,证监会行业分类
688187,时代电气,688187.SH,SSE,科创板,湖南,运输设备,20210907,H,李东林,徐绍龙,135794.8412,20050926.0,湖南,株洲市,10746.0,www.tec.crrczic.cc,"轨道交通装备产品的研发,设计,制造,销售并提供相关服务,具有“器件+系统+整机”的产业结构,产品主要包括以轨道交通牵引变流系统为主的轨道交通电气装备,轨道工程机械,通信信号系统等.",False,C37铁路、船舶、航空航天和其他运输设备制造业,证监会行业分类
688188,柏楚电子,688188.SH,SSE,科创板,上海,专用机械,20190808,H,唐晔,谢淼,28872.9927,20070911.0,上海,上海市,1283.0,www.fscut.com，www.bochu.com,"主营业务为各类激光切割设备制造商提供以激光切割控制系统为核心的各类自动化产品,主要产品包括随动控制系统,板卡控制系统,总线控制系统及其他相关配套产品.",False,I65软件和信息技术服务业,证监会行业分类
688189,南新制药,688189.SH,SSE,科创板,湖南,化学制药,20200326,N,张世喜,陈健旭,27440.0,20061227.0,湖南,长沙市,366.0,www.nucien.com,"以创新药研发为核心,以临床需求为导向,集药品研发,生产和销售于一体的创新型制药企业.",False,C27医药制造业,证监会行业分类
688190,云路股份,688190.SH,SSE,科创板,山东,矿物制品,20211126,H,李晓雨,李晓雨,12000.0,20151221.0,山东,青岛市,677.0,www.yunlu-amt.com.cn,"公司主要产品为非晶合金材料,公司主营业务为非晶合金,纳米晶合金,磁性粉末在内的三大业务板块.",False,C31黑色金属冶炼和压延加工业,证监会行业分类
688191,智洋创新,688191.SH,SSE,科创板,山东,软件服务,20210408,H,刘国永,聂树刚,23165.037,20060327.0,山东,淄博市,882.0,www.zhiyang.com.cn,"提供集监控,管理,分析,预警,告警,联动于一体的智能运维分析管理系统.",False,I65软件和信息技术服务业,证监会行业分类
688192,迪哲医药-U,688192.SH,SSE,科创板,江苏,生物制药,20211210,H,张小林,张小林,46516.5842,20171027.0,江苏,无锡市,1009.0,www.dizalpharma.com,"致力于新靶点的挖掘与作用机理验证,借助公司自有的转化科学研究能力和技术平台,探究疾病临床特征与可能的异常驱动基因,蛋白结构间的关系,以推出全球首创药物(First-in-class)和具有突破性潜力的治疗方法为目标,力求填补未被满足的临床需求,引领行业发展方向.",False,C27医药制造业,证监会行业分类
688193,仁度生物,688193.SH,SSE,科创板,上海,医疗保健,20220330,N,居金良,于明辉,4006.987,20070613.0,上海,上海市,335.0,www.rdbio.com,"主营业务为研发,生产和销售以该技术平台为基础的分子诊断试剂和设备一体化产品,专注于为生殖,呼吸,消化,血液,食品,环境安全等领域病原体的精准诊断,有效防控和个性化诊疗提供解决方案.",False,C27医药制造业,证监会行业分类
688195,腾景科技,688195.SH,SSE,科创板,福建,元器件,20210326,H,余洪瑞,余洪瑞,12935.0,20131012.0,福建,福州市,1208.0,www.optowide.com,"专业从事各类精密光学元件,光纤器件研发,生产和销售,产品主要应用于光通信,光纤激光,量子信息科研等领域,其他应用领域包括生物医疗,机器视觉,3D传感,消费类光学等.",False,C39计算机、通信和其他电子设备制造业,证监会行业分类
688196,卓越新能,688196.SH,SSE,科创板,福建,环境保护,20191121,H,叶活动,叶活动,12719.0795,20011101.0,福建,龙岩市,610.0,www.zyxny.com,"主要以废油脂为原料,通过纯化,甲酯化,分馏等生产工艺技术,从事生物柴油(脂肪酸甲酯)及其深加工产品的研发,生产与销售.生物柴油为公司主导产品.",False,C42废弃资源综合利用业,证监会行业分类
688197,首药控股-U,688197.SH,SSE,科创板,北京,化学制药,20220323,H,李文军,李文军,14871.9343,20160419.0,北京,北京市,178.0,www.shouyaoholding.com,"研发管线涵盖了非小细胞肺癌,淋巴瘤,肝细胞癌,胰腺癌,甲状腺癌,卵巢癌,白血病等重点肿瘤适应症以及II型糖尿病等其他重要疾病领域.",False,C27医药制造业,证监会行业分类
688198,佰仁医疗,688198.SH,SSE,科创板,北京,医疗保健,20191209,H,金磊,金磊,13774.8133,20050711.0,北京,北京市,611.0,www.balancemed.cn,"公司是国内技术领先的,专注于动物源性植介入医疗器械研发与生产的高新技术企业,产品应用于外科软组织修复,先天性心脏病植介入治疗以及心脏瓣膜置换与修复",False,C35专用设备制造业,证监会行业分类
688199,久日新材,688199.SH,SSE,科创板,天津,化工原料,20191105,N,赵国锋,解敏雨,16122.7251,19981030.0,天津,天津市,1336.0,www.jiuri.com.cn,"主要从事系列光引发剂的研发,生产和销售,主要产品为光引发剂.",False,C26化学原料和化学制品制造业,证监会行业分类
688200,华峰测控,688200.SH,SSE,科创板,北京,半导体,20200218,H,孙镪,蔡琳,13553.3225,19930201.0,北京,北京市,887.0,www.hftc.com.cn,"半导体自动化测试系统的研发,生产和销售,主要产品为半导体自动化测试系统及测试系统配件.",False,C35专用设备制造业,证监会行业分类
688201,ST信安,688201.SH,SSE,科创板,北京,软件服务,20210421,N,李伟,李伟,31715.3816,20010831.0,北京,北京市,924.0,www.infosec.com.cn,"主要从事以密码技术为基础支撑的信息安全产品的研发,生产,销售及相关技术服务,致力于解决网络环境中的身份安全,通信安全和数据安全等信息安全问题.",True,I65软件和信息技术服务业,证监会行业分类
688202,美迪西,688202.SH,SSE,科创板,上海,医疗保健,20191105,H,CHUN-LIN CHEN,CHUN-LIN CHEN,13435.2184,20040202.0,上海,上海市,2269.0,www.medicilon.com.cn,"公司致力于为医药企业和其他新药研发机构提供全方位的新药研发外包服务.公司可以为医药企业和其他新药研发机构的新药研发提供包括药物探索与发现,药学研究及临床前研究全方位服务,协助客户快速,高效地完成新药研发临床前研究各个阶段.",False,M73研究和试验发展,证监会行业分类
688203,海正生材,688203.SH,SSE,科创板,浙江,塑料,20220816,N,郑柏超,陈志明,20267.8068,20040826.0,浙江,台州市,446.0,www.hisunplas.com,"主要产品为树脂形态的聚乳酸,专注于聚乳酸的研发,生产及销售.",False,C28化学纤维制造业,证监会行业分类
688205,德科立,688205.SH,SSE,科创板,江苏,通信设备,20220809,H,渠建平,渠建平,15828.5329,20000131.0,江苏,无锡市,813.0,www.taclink.com,"主营业务涵盖光收发模块,光放大器,光传输子系统的研发,生产和销售,公司产品主要包括光收发模块,光放大器,光传输子系统等.",False,C39计算机、通信和其他电子设备制造业,证监会行业分类
688206,概伦电子,688206.SH,SSE,科创板,上海,半导体,20211228,H,杨廉峰,杨廉峰,43517.7853,20100318.0,上海,上海市,588.0,www.primarius-tech.com,"主营业务为向客户提供被全球领先集成电路设计和制造企业长期广泛验证和使用的EDA产品及解决方案,主要产品及服务包括制造类EDA工具,设计类EDA工具,半导体器件特性测试仪器和半导体工程服务等.",False,I65软件和信息技术服务业,证监会行业分类
688207,格灵深瞳,688207.SH,SSE,科创板,北京,软件服务,20220317,N,赵勇,吴一洲,25897.3147,20130816.0,北京,北京市,367.0,www.deepglint.com,"主营业务收入主要来自于城市管理,智慧金融,商业零售三大领域,为客户提供以计算机视觉技术和大数据分析技术为核心能力的人工智能产品及解决方案.",False,I65软件和信息技术服务业,证监会行业分类
688208,道通科技,688208.SH,SSE,科创板,深圳,IT设备,20200213,H,李红京,李红京,67018.3486,20040928.0,广东,深圳市,2777.0,www.auteltech.cn,"公司专注于汽车智能诊断,检测分析系统及汽车电子零部件的研发,生产,销售和服务,公司主要产品包括汽车综合诊断产品,TPMS系列产品,ADAS系列产品和其他产品以及在各类产品中提供汽车智能维修云服务.",False,C39计算机、通信和其他电子设备制造业,证监会行业分类
688209,英集芯,688209.SH,SSE,科创板,深圳,半导体,20220419,H,黄洪伟,黄洪伟,43378.4049,20141120.0,广东,深圳市,704.0,www.injoinic.com,"电源管理芯片,快充协议芯片的研发和销售.",False,C39计算机、通信和其他电子设备制造业,证监会行业分类
688210,统联精密,688210.SH,SSE,科创板,深圳,元器件,20211227,H,杨虎,杨虎,16185.8827,20160612.0,广东,深圳市,1327.0,www.pu-sz.com,"专注于为客户提供高精度,高密度,形状复杂,性能良好,外观精致的金属粉末注射成形(Metal Injection Molding,简称“MIM”)精密金属零部件,产品应用于平板电脑,智能触控电容笔,智能穿戴设备,航拍无人机等消费类电子领域.",False,C39计算机、通信和其他电子设备制造业,证监会行业分类
688211,中科微至,688211.SH,SSE,科创板,江苏,专用机械,20211026,N,李功燕,姚益,13109.2862,20160524.0,江苏,无锡市,1617.0,www.wayzim.com,"主要从事智能物流分拣系统的研发设计,生产制造及销售服务.",False,C34通用设备制造业,证监会行业分类
688212,澳华内镜,688212.SH,SSE,科创板,上海,医疗保健,20211115,H,顾小舟,顾小舟,13466.525,19941027.0,上海,上海市,1215.0,www.aohua.com,"主要从事电子内窥镜设备及内窥镜诊疗手术耗材研发,生产和销售的高新技术企业.",False,C35专用设备制造业,证监会行业分类
688213,XD思特威-W,688213.SH,SSE,科创板,上海,半导体,20220520,H,徐辰,徐辰,40230.6775,20170413.0,上海,上海市,1447.0,www.smartsenstech.com,"主营业务为高性能CMOS图像传感器芯片的研发,设计和销售.主要产品是高性能CMOS图像传感器.",False,I65软件和信息技术服务业,证监会行业分类
688215,瑞晟智能,688215.SH,SSE,科创板,浙江,专用机械,20200828,N,袁峰,袁峰,6242.3269,20091209.0,浙江,宁波市,588.0,www.sunrise.com.cn,"公司是一家专业的智能物流系统供应商,专注于工业生产中的智能物料传送,仓储,分拣系统的研发,生产及销售.公司提供的智能物料传送,仓储,分拣系统从功能及形态上分主要部分包括智能悬挂生产系统,智能悬挂式仓储分拣系统,智能非悬挂式仓储分拣系统(主要包括立体仓库系统,交叉分拣及辊筒分拣等平面分拣系统,以及各类输送系统),生产管理信息软件系统(如线外系统,MES,WMS等)等子系统.",False,C35专用设备制造业,证监会行业分类
688216,气派科技,688216.SH,SSE,科创板,深圳,半导体,20210623,N,梁大钟,梁大钟,11477.9805,20061107.0,广东,深圳市,1802.0,www.chippacking.com,"从事集成电路的封装,测试业务.以集成电路封装测试技术的研发与应用为基础,从事集成电路封装,测试及提供封装技术解决方案.",False,C39计算机、通信和其他电子设备制造业,证监会行业分类
688217,睿昂基因,688217.SH,SSE,科创板,上海,医疗保健,20210517,N,高尚先,高尚先,5585.5896,20120217.0,上海,上海市,401.0,www.rightongene.com,"主营业务为体外诊断产品的研发,生产,销售及科研服务,主要为血液病(白血病,淋巴瘤),实体瘤(肺癌,结直肠癌,黑色素瘤等)和传染病(乙型肝炎,风疹,单纯疱疹等)患者提供基因及抗原的精准检测,为疾病诊断,风险评估,疾病分型,靶向药物选择和疗效监测等个体化治疗方案的制定提供依据.",False,C27医药制造业,证监会行业分类
688218,江苏北人,688218.SH,SSE,科创板,江苏,专用机械,20191211,N,朱振友,朱振友,11647.5338,20111226.0,江苏,苏州市,770.0,www.beiren-tech.com,"提供工业机器人自动化,智能化的系统集成整体解决方案,主要涉及柔性自动化,智能化的工作站和生产线的研发,设计,生产,装配及销售.",False,C34通用设备制造业,证监会行业分类
688219,会通股份,688219.SH,SSE,科创板,安徽,塑料,20201118,H,李健益,李健益,54960.0,20080731.0,安徽,合肥市,2279.0,www.orinko.com.cn,"主要从事高分子改性材料的研发,生产和销售,致力于为客户提供高性能化,功能化的材料整体解决方案",False,C29橡胶和塑料制品业,证监会行业分类
688220,翱捷科技-U,688220.SH,SSE,科创板,上海,半导体,20220114,H,戴保家,周璇,41830.0889,20150430.0,上海,上海市,1283.0,www.asrmicro.com,"无线通信芯片的研发,设计及销售,同时提供芯片定制服务及半导体IP授权服务.",False,C39计算机、通信和其他电子设备制造业,证监会行业分类
688221,前沿生物-U,688221.SH,SSE,科创板,江苏,生物制药,20201028,H,谢东,谢东,37457.8653,20130115.0,江苏,南京市,302.0,www.frontierbiotech.com,"致力于研究,开发,生产及销售针对未满足的重大临床需求的创新药.主要产品包括自主研发并获批上市的抗艾滋病新药和两个处于临床开发阶段的创新药物.",False,C27医药制造业,证监会行业分类
688222,成都先导,688222.SH,SSE,科创板,四川,化学制药,20200416,H,李进,李进,40068.0,20120222.0,四川,成都市,483.0,www.hitgen.com,"主营业务为利用其核心技术——DEL技术提供药物早期发现阶段的研发服务以及新药研发项目转让.具体业务包括:DEL筛选服务,DEL库定制服务,化学合成服务,新药研发项目转让等.",False,M73研究和试验发展,证监会行业分类
688223,晶科能源,688223.SH,SSE,科创板,江西,电气设备,20220126,H,李仙德,曹海云,1026940.6283,20061213.0,江西,上饶市,33809.0,www.jinkosolar.com,"主营业务是太阳能光伏组件,电池片,硅片的研发,生产和销售以及光伏技术的应用和产业化.",False,C38电气机械和器材制造业,证监会行业分类
688225,亚信安全,688225.SH,SSE,科创板,江苏,软件服务,20220209,H,马红军,马红军,40001.0,20141125.0,江苏,南京市,15509.0,www.asiainfo-sec.com,"主营业务分为以下四大产品服务体系:1,以泛身份安全和数据安全为主体的数字信任及身份安全产品体系;2,以泛终端安全,云及边缘安全,高级威胁治理和边界安全为典型的端点安全产品体系;3,以大数据分析及安全管理和5G云网边管理为代表的云网边安全产品体系;4,以威胁情报,高级威胁研究,红蓝对抗,攻防渗透等为内容的网络安全服务体系.",False,I65软件和信息技术服务业,证监会行业分类
688226,威腾电气,688226.SH,SSE,科创板,江苏,电气设备,20210707,H,蒋文功,柴继涛,18877.552,20040107.0,江苏,镇江市,1494.0,www.wetown.com.cn,"产品包括母线,中低压成套设备,铜铝制品,以母线产品的研发,制造及销售为主营业务.",False,C38电气机械和器材制造业,证监会行业分类
688227,品高股份,688227.SH,SSE,科创板,广东,软件服务,20211230,N,黄海,李淼淼,11305.5275,20030101.0,广东,广州市,893.0,www.bingosoft.net,"公司是国内专业的云计算及行业信息化服务提供商,面向轨交,政府,电信,公安,汽车,金融,教育,军工等行业客户提供从IaaS基础设施层,PaaS平台层,DaaS数据层到SaaS软件层的全栈企业级云平台和信息化服务.经过多年的研发,公司目前拥有以云计算为核心的基础产品BingoCloudOS,BingoFuse,BingoInsight和BingoLink等.",False,I65软件和信息技术服务业,证监会行业分类
688228,开普云,688228.SH,SSE,科创板,广东,软件服务,20200327,H,汪敏,严妍,6755.076,20000417.0,广东,东莞市,978.0,www.kaipuyun.cn,"公司致力于研发数字内容管理和大数据相关的核心技术,为全国各级党政机关,大中型企业,媒体单位提供互联网内容服务平台的建设,运维以及大数据服务.公司主要产品和服务构成如下:互联网内容服务平台,大数据服务平台,运维服务.",False,I65软件和信息技术服务业,证监会行业分类
688229,博睿数据,688229.SH,SSE,科创板,北京,软件服务,20200817,N,李凯,李凯,4440.0,20080229.0,北京,北京市,401.0,www.bonree.com,"致力为企业级客户提供应用性能监测服务,销售应用性能监测软件及提供其他相关服务.",False,I65软件和信息技术服务业,证监会行业分类
688230,芯导科技,688230.SH,SSE,科创板,上海,半导体,20211201,H,欧新华,欧新华,11760.0,20091126.0,上海,上海市,117.0,www.prisemi.com,"公司功率半导体产品包括功率器件和功率IC两大类,主营业务为功率半导体的研发与销售.",False,C39计算机、通信和其他电子设备制造业,证监会行业分类
688231,隆达股份,688231.SH,SSE,科创板,江苏,航空,20220722,N,浦益龙,浦益龙,24685.7143,20040930.0,江苏,无锡市,708.0,www.wxlongda.com,"主营业务是航空航天和燃气轮机等领域用高品质高温合金业务,产品分为铸造高温合金母合金和变形高温合金.",False,C32有色金属冶炼和压延加工业,证监会行业分类
688232,新点软件,688232.SH,SSE,科创板,江苏,软件服务,20211117,H,曹立斌,黄素龙,32198.1975,19981006.0,江苏,苏州市,6264.0,www.epoint.com.cn,"专注于为智慧城市中的智慧招采,智慧政务及数字建设三个细分领域提供以软件为核心的智慧化整体解决方案.",False,I65软件和信息技术服务业,证监会行业分类
688233,神工股份,688233.SH,SSE,科创板,辽宁,半导体,20200221,H,潘连胜,袁欣,17030.5736,20130724.0,辽宁,锦州市,430.0,www.thinkon-cn.com,"主营业务为半导体级单晶硅材料的研发,生产和销售.",False,C39计算机、通信和其他电子设备制造业,证监会行业分类
688234,天岳先进,688234.SH,SSE,科创板,山东,半导体,20220112,H,宗艳民,宗艳民,48461.8544,20101102.0,山东,济南市,1303.0,www.sicc.cc,"主要从事碳化硅衬底的研发,生产和销售,产品可广泛应用于微波电子,电力电子等领域.公司主要产品包括半绝缘型和导电型碳化硅衬底.",False,C39计算机、通信和其他电子设备制造业,证监会行业分类
688235,百济神州,688235.SH,SSE,科创板,北京,生物制药,20211215,H,欧雷强,汪来,154158.3805,20180628.0,,Basel,11075.0,www.beonemedicines.com,"研究,开发,生产以及商业化创新型药物.",False,C27医药制造业,证监会行业分类
688236,春立医疗,688236.SH,SSE,科创板,北京,医疗保健,20211230,H,史文玲,史春生,38356.85,19980212.0,北京,北京市,1078.0,www.clzd.com,"植入性骨科医疗器械的研发,生产与销售.主要产品为关节假体产品及脊柱类植入产品,其中关节假体产品涵盖髋,膝,肩,肘四大人体关节,脊柱类植入产品为脊柱内固定系统的全系列产品组合.",False,C35专用设备制造业,证监会行业分类
688237,超卓航科,688237.SH,SSE,科创板,湖北,航空,20220701,N,李光平,李光平,8968.1952,20061115.0,湖北,襄阳市,530.0,www.cz-tec.com,主要从事定制化增材制造和机载设备维修业务.,False,C37铁路、船舶、航空航天和其他运输设备制造业,证监会行业分类
688238,和元生物,688238.SH,SSE,科创板,上海,医疗保健,20220322,N,潘讴东,潘俊屹,64903.67,20130305.0,上海,上海市,692.0,www.obiosh.com,"专注于为重组病毒载体产品,溶瘤病毒产品,CAR-T产品等基因治疗的先导研究和药物研发提供基因治疗载体构建,靶点及药效研究,工艺开发及测试,IND-CMC药学研究,临床I-III期及商业化GMP生产等一体化CRO/CDMO服务.",False,M73研究和试验发展,证监会行业分类
688239,航宇科技,688239.SH,SSE,科创板,贵州,航空,20210705,H,张华,刘朝辉,19063.1642,20060904.0,贵州,贵阳市,827.0,www.gzhykj.net,"主要从事航空难变形金属材料环形锻件研发,生产和销售.按照应用领域划分,公司产品包括航空发动机环形锻件,航空发动机机匣等航空锻件,火箭发动机壳体等航天锻件,燃气轮机锻件,能源装备锻件等.",False,C37铁路、船舶、航空航天和其他运输设备制造业,证监会行业分类
688244,永信至诚,688244.SH,SSE,科创板,北京,软件服务,20221019,N,蔡晶晶,陈俊,15096.1519,20100902.0,北京,北京市,471.0,www.integritytech.com.cn,"主营业务是网络安全产品的研发,生产和销售,以及为客户提供网络安全服务;主要产品及服务包括网络靶场与人才培养,安全管控与蜜罐,安全工具类产品,安全防护系列服务和网络安全竞赛服务.",False,I65软件和信息技术服务业,证监会行业分类
688246,嘉和美康,688246.SH,SSE,科创板,北京,软件服务,20211214,N,夏军,夏军,13758.5598,20060303.0,北京,北京市,1865.0,www.bjgoodwill.com,"主要产品和业务包括自制软件销售,软件开发及技术服务,外购软硬件销售,医疗器械生产及销售,致力于向医疗相关机构提供综合信息化解决方案.",False,I65软件和信息技术服务业,证监会行业分类
688247,宣泰医药,688247.SH,SSE,科创板,上海,化学制药,20220825,H,郭明洁,郭明洁,45334.0,20120813.0,上海,上海市,312.0,www.sinotph.com,"主要产品包括高端仿制药和CRO服务,主要从事高端仿制药的研发,生产和销售以及CRO服务.",False,C27医药制造业,证监会行业分类
688248,南网科技,688248.SH,SSE,科创板,广东,电气设备,20211222,H,姜海龙,姜海龙,56470.0,19880222.0,广东,广州市,919.0,tech.csg.cn,"致力于应用清洁能源技术和新一代信息技术,通过提供“技术服务+智能设备”的综合解决方案,保障电力能源系统的安全运行和效率提升,促进电力能源系统的清洁化和智能化发展.",False,M74专业技术服务业,证监会行业分类
688249,晶合集成,688249.SH,SSE,科创板,安徽,半导体,20230505,H,蔡国智,蔡国智,200759.1697,20150519.0,安徽,合肥市,5710.0,www.nexchip.com.cn,"主要从事12英寸晶圆代工业务,致力于研发并应用行业先进的工艺,为客户提供多种制程节点,不同工艺平台的晶圆代工服务.",False,C39计算机、通信和其他电子设备制造业,证监会行业分类
688251,井松智能,688251.SH,SSE,科创板,安徽,专用机械,20220606,N,姚志坚,姚志坚,10060.2465,20070313.0,安徽,合肥市,954.0,www.gen-song.net,"主要产品或服务包括:智能物流设备,智能物流软件以及智能物流系统.专注于智能物流设备,智能物流软件与智能物流系统的研发,设计,制造与销售.",False,C34通用设备制造业,证监会行业分类
688252,天德钰,688252.SH,SSE,科创板,深圳,半导体,20220927,H,郭英麟,郭英麟,40902.1341,20101103.0,广东,深圳市,261.0,www.tdytech.com,"主营业务是移动智能终端领域的整合型单芯片的研发,设计,销售;主要产品包括智能移动终端显示驱动芯片(DDIC),摄像头音圈马达驱动芯片(VCM Driver IC),快充协议芯片(QC/PD IC)和电子标签驱动芯片(ESL Driver IC)四类",False,I65软件和信息技术服务业,证监会行业分类
688253,英诺特,688253.SH,SSE,科创板,北京,医疗保健,20220728,H,张秀杰,张秀杰,13698.4316,20060206.0,北京,北京市,547.0,www.innovita.com.cn,"公司是一家专注于POCT快速诊断产品研发,生产和销售的高科技生物医药企业,公司主要产品包括:呼吸道系列,优生优育系列,其他系列.",False,C27医药制造业,证监会行业分类
688255,凯尔达,688255.SH,SSE,科创板,浙江,机械基件,20211025,N,侯润石,王金,10985.887,20090317.0,浙江,杭州市,477.0,www.kaierda.cn,"主要产品包括了焊接机器人及工业焊接设备,以工业机器人技术及工业焊接技术为技术支撑,为客户提供焊接机器人及工业焊接设备.",False,C34通用设备制造业,证监会行业分类
688256,寒武纪,688256.SH,SSE,科创板,北京,半导体,20200720,H,陈天石,陈天石,42168.517,20160315.0,北京,北京市,1107.0,www.cambricon.com,"主要产品包括终端智能处理器IP,云端智能芯片及加速卡,边缘智能芯片及加速卡以及与上述产品配套的基础系统软件平台.主营业务是应用于各类云服务器,边缘计算设备,终端设备中人工智能核心芯片的研发,设计和销售,为客户提供丰富的芯片产品与系统软件解决方案.",False,I65软件和信息技术服务业,证监会行业分类
688257,新锐股份,688257.SH,SSE,科创板,江苏,机械基件,20211027,N,吴何洪,,25240.8504,20050825.0,江苏,苏州市,1982.0,www.shareate.com,"硬质合金制品,凿岩工具及其配套产品的研发,生产,销售和相关贸易业务",False,C32有色金属冶炼和压延加工业,证监会行业分类
688258,卓易信息,688258.SH,SSE,科创板,江苏,软件服务,20191209,H,谢乾,谢乾,12114.2237,20080512.0,江苏,无锡市,500.0,www.eazytec.com,"公司拥有自主知识产权的云计算设备核心固件(BIOS,BMC)技术与云平台技术.其中固件技术,主要面向CPU厂商,计算设备厂商等客户,为其提供BIOS,BMC固件定制开发及固件产品销售;云平台技术主要面向政府,企业等客户,为其提供定制化软件开发或标准化应用软件产品,软硬件整体解决方案,并提供配套计算资源租赁,运维等服务.",False,I65软件和信息技术服务业,证监会行业分类
688259,创耀科技,688259.SH,SSE,科创板,江苏,半导体,20220112,N,YAOLONG TAN,YAOLONG TAN,11170.0,20060802.0,江苏,苏州市,436.0,www.triductor.com,"主营业务包括电力线载波通信芯片与解决方案业务,接入网网络芯片与解决方案业务和芯片版图设计服务及其他技术服务.",False,I65软件和信息技术服务业,证监会行业分类
688260,昀冢科技,688260.SH,SSE,科创板,江苏,元器件,20210406,N,王宾,王宾,12000.0,20131204.0,江苏,苏州市,1196.0,www.gyzet.com,"主要产品为摄像头光学模组CCM和音圈马达VCM中的精密电子零部件,主要应用在3C产品领域.以模具自主开发和超精密加工为支撑,依托冲压,电镀,注塑,SMT,芯片封装测试,组装等先进工艺,及配套的自动化装备研制能力和产品创新能力,为客户提供精密电子零部件产品和集成方案.",False,C39计算机、通信和其他电子设备制造业,证监会行业分类
688261,东微半导,688261.SH,SSE,科创板,江苏,半导体,20220210,H,龚轶,龚轶,12257.4975,20080912.0,江苏,苏州市,158.0,www.orientalsemi.com,"主要产品为MOSFET功率器件,包括高压超级结MOSFET及中低压屏蔽栅MOSFET等.是一家以高性能功率器件研发与销售为主的技术驱动型半导体企业.",False,C39计算机、通信和其他电子设备制造业,证监会行业分类
688262,国芯科技,688262.SH,SSE,科创板,江苏,半导体,20220106,H,郑茳,肖佐楠,33599.9913,20010625.0,江苏,苏州市,444.0,www.china-core.com,"致力于服务安全自主可控的国家战略,为国家重大需求和市场需求领域客户提供IP授权,芯片定制服务和自主芯片及模组产品,主要应用于信息安全,汽车电子和工业控制,边缘计算和网络通信三大关键领域.",False,I65软件和信息技术服务业,证监会行业分类
688265,南模生物,688265.SH,SSE,科创板,上海,医疗保健,20211228,N,费俭,张春明,7796.3513,20000920.0,上海,上海市,731.0,www.modelorg.com,"主要提供基因修饰动物模型产品和技术服务,主要从事基因修饰动物模型产品及技术服务相关业务.",False,M73研究和试验发展,证监会行业分类
688266,泽璟制药-U,688266.SH,SSE,科创板,江苏,生物制药,20200123,H,盛泽林,盛泽林,26470.8186,20090318.0,江苏,苏州市,1055.0,www.zelgen.com,"公司主营业务为化学新药及生物新药的研发.公司的主要产品处于研发阶段.截至本招股说明书签署日,公司尚无产品上市销售.",False,C27医药制造业,证监会行业分类
688267,中触媒,688267.SH,SSE,科创板,辽宁,化工原料,20220216,H,李进,李进,17620.0,20080808.0,辽宁,大连市,806.0,www.china-catalyst.com,"主要从事特种分子筛及催化新材料产品的研发,生产,销售及化工技术,化工工艺服务.主要产品为特种分子筛及催化剂,非分子筛催化剂,催化应用工艺及化工技术服务三大类,应用领域包括环境保护,能源化工等多个行业,其中特种分子筛及催化剂为发行人报告期内的主要收入来源.",False,C26化学原料和化学制品制造业,证监会行业分类
688268,华特气体,688268.SH,SSE,科创板,广东,化工原料,20191226,H,石思慧,傅铸红,11999.6377,19990205.0,广东,佛山市,1243.0,www.huategas.com,"主营业务以特种气体的研发,生产及销售为核心,辅以普通工业气体和相关气体设备与工程业务,提供气体一站式综合应用解决方案.",False,C39计算机、通信和其他电子设备制造业,证监会行业分类
688269,凯立新材,688269.SH,SSE,科创板,陕西,化工原料,20210609,N,曾永康,万克柔,13070.4,20020315.0,陕西,西安市,343.0,www.xakaili.com,"主要从事贵金属催化剂的研发与生产,催化应用技术的研究开发,废旧贵金属催化剂的回收及再加工等业务",False,C26化学原料和化学制品制造业,证监会行业分类
688270,ST臻镭,688270.SH,SSE,科创板,浙江,半导体,20220127,N,张兵,张兵,21405.16,20150911.0,浙江,杭州市,292.0,www.greatmicrowave.com,"主营业务是集成电路芯片和微系统的研发,生产和销售;主要产品包括终端射频前端芯片,射频收发芯片及高速高精度ADC/DAC,电源管理芯片,微系统及模组等.",True,C39计算机、通信和其他电子设备制造业,证监会行业分类
688271,联影医疗,688271.SH,SSE,科创板,上海,医疗保健,20220822,H,张强,GUOSHENG TAN,82415.7988,20110321.0,上海,上海市,8420.0,www.united-imaging.com,"主要产品为磁共振成像系统(MR),X射线计算机断层扫描系统(CT),X射线成像系统(XR),分子影像系统(PET/CT,PET/MR),医用直线加速器系统(RT)以及生命科学仪器;主营业务为为全球客户提供高性能医学影像设备,放射治疗产品,生命科学仪器及医疗数字化,智能化解决方案.",False,C35专用设备制造业,证监会行业分类
688272,富吉瑞,688272.SH,SSE,科创板,北京,元器件,20211018,N,黄富元,黄富元,7600.0,20110120.0,北京,北京市,264.0,www.fjroe.com,"主要从事红外热成像产品和系统的研发,生产和销售.",False,C39计算机、通信和其他电子设备制造业,证监会行业分类
688273,麦澜德,688273.SH,SSE,科创板,江苏,医疗保健,20220811,N,杨瑞嘉,杨瑞嘉,10000.0,20130116.0,江苏,南京市,582.0,www.medlander.com,"主营业务是盆底及产后康复领域相关产品的研发,生产,销售和服务,相关产品主要有盆底及产后康复设备,耗材及配件,信息化产品等.",False,C35专用设备制造业,证监会行业分类
688275,万润新能,688275.SH,SSE,科创板,湖北,电气设备,20220929,H,刘世琦,刘世琦,12611.8463,20101224.0,湖北,十堰市,3395.0,www.hbwanrun.com,"主要产品涵盖磷酸铁锂正极材料及前驱体,锰酸锂正极材料等,主要从事锂电池正极材料研发,生产和销售.",False,C39计算机、通信和其他电子设备制造业,证监会行业分类
688276,百克生物,688276.SH,SSE,科创板,吉林,生物制药,20210625,H,李秀峰,姜春来,41365.7598,20040304.0,吉林,长春市,1274.0,www.bchtpharm.com,"致力于传染病防治,主要从事人用疫苗产品的研发,生产与销售业务",False,C27医药制造业,证监会行业分类
688277,天智航-U,688277.SH,SSE,科创板,北京,医疗保健,20200707,H,张送根,徐进,45599.2034,20101022.0,北京,北京市,319.0,www.tinavi.com,"专注于骨科手术机器人的研发,生产,销售和服务,以骨科手术机器人为核心产品.",False,C35专用设备制造业,证监会行业分类
688278,特宝生物,688278.SH,SSE,科创板,福建,生物制药,20200117,H,孙黎,孙黎,40818.948,19960807.0,福建,厦门市,3644.0,www.amoytop.com,"上市产品包括生物制品国家1类新药——聚乙二醇干扰素α-2b注射液(商品名称:“派格宾”),注射用重组人粒细胞巨噬细胞刺激因子(商品名称:“特尔立”),重组人粒细胞刺激因子注射液(商品名称:“特尔津”)和注射用重组人白介素-11(商品名称:“特尔康”).是一家主要从事重组蛋白质及其长效修饰药物研发,生产及销售的创新型生物医药企业.",False,C27医药制造业,证监会行业分类
688279,峰岹科技,688279.SH,SSE,科创板,深圳,半导体,20220420,H,毕磊,毕磊,11511.408,20100521.0,广东,深圳市,315.0,www.fortiortech.com,"公司长期从事BLDC电机驱动控制专用芯片的研发,设计与销售业务.主要产品包括电机主控芯片MCU/ASIC,电机驱动芯片HVIC,电机专用功率器件MOSFET等.",False,I65软件和信息技术服务业,证监会行业分类
688280,精进电动-W,688280.SH,SSE,科创板,北京,汽车配件,20211027,N,余平,刘军山,59022.1667,20080225.0,北京,北京市,992.0,www.jjeglobal.com,"从事电驱动系统的研发,生产,销售及服务,已对驱动电机,控制器,传动三大总成自主掌握核心技术和实现完整布局.",False,C36汽车制造业,证监会行业分类
688281,华秦科技,688281.SH,SSE,科创板,陕西,航空,20220307,H,折生阳,黄智斌,27257.0675,19921228.0,陕西,西安市,1136.0,www.huaqinkj.com,"主要从事特种功能材料,包括隐身材料,伪装材料及防护材料的研发,生产和销售,产品主要应用于我国重大国防武器装备如飞机,主战坦克,舰船,导弹等的隐身,重要地面军事目标的伪装和各类装备部件的表面防护.",False,C41其他制造业,证监会行业分类
688282,理工导航,688282.SH,SSE,科创板,北京,通信设备,20220318,N,汪渤,董明杰,8800.0,20120224.0,北京,北京市,247.0,www.bitnavi.cn,"公司主要从事惯性导航系统及其核心部件的研发,生产和销售,并基于自有技术为客户提供导航,制导与控制系统相关技术服务.公司的主要产品及服务包括惯性导航系统,惯性导航系统核心部件,其他零部件和技术服务等,产品主要用于远程制导弹药等武器装备.",False,C39计算机、通信和其他电子设备制造业,证监会行业分类
688283,坤恒顺维,688283.SH,SSE,科创板,四川,电器仪表,20220215,N,张吉林,张吉林,12180.0,20100714.0,四川,成都市,138.0,www.ksw-tech.com,"无线信道仿真仪,射频微波信号发生器,定制化开发产品及系统解决方案,模块化组件",False,C40仪器仪表制造业,证监会行业分类
688285,高铁电气,688285.SH,SSE,科创板,陕西,运输设备,20211020,N,张厂育,陈敏华,37628.9913,19890925.0,陕西,宝鸡市,779.0,www.bjqcc.com,"公司产品包括电气化铁路接触网产品,城市轨道交通供电设备和轨外产品三类",False,C37铁路、船舶、航空航天和其他运输设备制造业,证监会行业分类
688286,敏芯股份,688286.SH,SSE,科创板,江苏,半导体,20200810,N,李刚,李刚,5605.9772,20070925.0,江苏,苏州市,608.0,www.memsensing.com,"MEMS传感器的研发,生产和销售.",False,C39计算机、通信和其他电子设备制造业,证监会行业分类
688287,退市观典,688287.SH,SSE,科创板,,C37铁路、船舶、航空航天和其他运输设备制造业,20220525,N,高迎轩,程宇,37051.56,20040804.0,北京,北京市,195.0,,"无人机飞行服务与数据处理,无人机系统及智能防务装备的研发,生产和销售",False,C37铁路、船舶、航空航天和其他运输设备制造业,证监会行业分类
688288,鸿泉技术,688288.SH,SSE,科创板,浙江,IT设备,20191106,N,何军强,何军强,9981.3704,20090611.0,浙江,杭州市,592.0,www.hopechart.com,"主要产品包括代表智能化技术路径的高级辅助驾驶系统和代表网联化技术路径的智能增强驾驶系统,人机交互终端,车载联网终端.",False,C39计算机、通信和其他电子设备制造业,证监会行业分类
688289,圣湘生物,688289.SH,SSE,科创板,湖南,医疗保健,20200828,H,戴立忠,戴立忠,57938.8006,20080423.0,湖南,长沙市,2346.0,www.sansure.com.cn,"以自主创新基因技术为核心,诊断试剂和仪器的研发,生产,销售,以及为第三方医学检验服务提供体外诊断整体解决方案.",False,C27医药制造业,证监会行业分类
688290,景业智能,688290.SH,SSE,科创板,浙江,专用机械,20220429,H,来建良,章逸丰,10218.9714,20150520.0,浙江,杭州市,300.0,www.boomy.cn,"主营业务是特种机器人及智能装备的研发,生产及销售;主要产品包括核工业系列机器人,核工业智能装备,非核专用智能装备等.",False,C35专用设备制造业,证监会行业分类
688291,金橙子,688291.SH,SSE,科创板,北京,软件服务,20221026,N,吕文杰,吕文杰,10266.67,20040114.0,北京,北京市,354.0,www.bjjcz.cn,"主要产品包括激光加工控制系统,激光系统集成硬件及激光精密加工设备等.主营业务为激光加工设备运动控制系统的研发与销售,并能够为不同激光加工场景提供综合解决方案和技术服务.",False,I65软件和信息技术服务业,证监会行业分类
688292,浩瀚深度,688292.SH,SSE,科创板,北京,通信设备,20220818,N,张跃,魏强,15834.8809,19940628.0,北京,北京市,662.0,www.haohandata.com,"网络智能化及信息安全防护解决方案的设计实施,软硬件设计开发,产品销售及技术服务等业务",False,I65软件和信息技术服务业,证监会行业分类
688293,奥浦迈,688293.SH,SSE,科创板,上海,生物制药,20220902,H,肖志华,肖志华,13003.6026,20131127.0,上海,上海市,328.0,www.opmbiosciences.com,"公司通过将细胞培养产品与服务的有机整合,为客户提供整体解决方案,加速新药从基因(DNA)到临床申报(IND)及上市申请(BLA)的进程,通过优化细胞培养产品和工艺降低生物制药的生产成本.主营业务涉及细胞培养基系列产品和生物药委托开发生产服务两大应用领域.细胞培养基产品和CDMO服务均伴随着生物制药开发的全过程,即从疾病机理研究到药物上市.",False,M73研究和试验发展,证监会行业分类
688295,XD中复神,688295.SH,SSE,科创板,江苏,化纤,20220406,H,张健,陈秋飞,90000.0,20060302.0,江苏,连云港市,3267.0,www.zfsycf.com.cn,"主营业务是专业从事碳纤维研发,生产和销售,对外销售主要产品为碳纤维.",False,C28化学纤维制造业,证监会行业分类
688296,和达科技,688296.SH,SSE,科创板,浙江,软件服务,20210727,N,翁贤华,翁贤华,10789.866,20001011.0,浙江,嘉兴市,924.0,www.hddznet.com,"公司提供的水务信息化整体解决方案以数据采集,传输,存储,处理以及智能分析为核心,其中智能感传终端用于水务工况数据的采集,传输,具体产品包括智能遥测终端,物联户表远程采集传输模块,渗漏预警仪;水务管理系统用于水务工况数据的存储,处理以及智能分析,主要产品包括水务物联网平台,网格化管理平台,生产调度系统,计量管理系统,分区控漏系统,渗漏预警云平台,在线水力模型等.",False,I65软件和信息技术服务业,证监会行业分类
688297,XD中无人,688297.SH,SSE,科创板,四川,航空,20220629,H,张晓军,曾强,67500.0,20070801.0,四川,成都市,732.0,www.avicuas.com,"主要产品为翼龙系列无人机系统,由无人机平台,地面站,任务载荷及综合保障系统组成.主要从事无人机系统的设计研发,生产制造,销售和服务.",False,C37铁路、船舶、航空航天和其他运输设备制造业,证监会行业分类
688298,东方生物,688298.SH,SSE,科创板,浙江,医疗保健,20200205,H,方剑秋,方效良,20160.0,20051201.0,浙江,湖州市,2276.0,www.orientgene.com,"专业从事体外诊断产品研发,生产与销售,形成了以POCT即时诊断试剂为主导产品,重点发展分子诊断,生物原料,诊断仪器和液态生物芯片等产品的业务格局.",False,C27医药制造业,证监会行业分类
688299,长阳科技,688299.SH,SSE,科创板,浙江,元器件,20191106,H,金亚东,金亚东,28739.2894,20101116.0,浙江,宁波市,797.0,www.solartrontech.com,"光伏电站工程EPC总承包,光伏配套产品销售,光伏电站投资运营等",False,C29橡胶和塑料制品业,证监会行业分类
688300,联瑞新材,688300.SH,SSE,科创板,江苏,矿物制品,20191115,H,李晓冬,李晓冬,24146.919,20020428.0,江苏,连云港市,683.0,www.novoray.com,"硅微粉产品的研发,生产和销售",False,C39计算机、通信和其他电子设备制造业,证监会行业分类
688301,奕瑞科技,688301.SH,SSE,科创板,上海,医疗保健,20200918,H,顾铁,顾铁,21144.9155,20110307.0,上海,上海市,2292.0,www.iraygroup.com,"主要产品为数字化X线探测器,主要从事数字化X线探测器研发,生产,销售与服务.",False,C35专用设备制造业,证监会行业分类
688302,海创药业-U,688302.SH,SSE,科创板,四川,生物制药,20220412,H,陈元伟,陈元伟,9901.5598,20130205.0,四川,成都市,174.0,www.hinovapharma.com,"专注于肿瘤,代谢性疾病等重大治疗领域的创新药物研发,基于氘代技术和PROTAC靶向蛋白降解等技术平台,以开发具有重大临床需求的Best-in-class(同类最佳),First-in-class(国际首创)药物为目标.",False,C27医药制造业,证监会行业分类
688303,大全能源,688303.SH,SSE,科创板,新疆,电气设备,20210722,H,徐广福,朱文刚,214520.5724,20110222.0,新疆,石河子市,4740.0,www.xjdqsolar.com,"多晶硅的研发,制造和销售",False,C38电气机械和器材制造业,证监会行业分类
688305,科德数控,688305.SH,SSE,科创板,辽宁,机床制造,20210709,H,于本宏,陈虎,13290.6678,20080128.0,辽宁,大连市,735.0,www.dlkede.com,"从事高端五轴联动数控机床及其关键功能部件,高档数控系统的研发,生产,销售及服务的高新技术企业,主要产品为系列化五轴立式(含车铣),五轴卧式(含车铣),五轴龙门,五轴卧式铣车复合四大通用加工中心和五轴磨削,五轴叶片两大系列化专用机床,以及服务于高端数控机床的高档数控系统,伺服驱动装置,系列化电机,系列化传感产品,电主轴,铣头,转台等.",False,C34通用设备制造业,证监会行业分类
688306,均普智能,688306.SH,SSE,科创板,浙江,专用机械,20220322,H,王剑峰,Shilai Xie,122828.28,20170110.0,浙江,宁波市,1827.0,www.piagroup.cn,"公司主要产品以定制化生产为主,在项目启动后,公司会陆续组织开展产品的设计研发及生产工作.公司根据客户的定制化要求,组织产品机械,电气设计,经过初步评审后,开展全面的成套智能装备设计和仿真模拟.公司借助新一代信息通信技术,通过工业软件,生产和业务管理系统,智能技术和装备等软硬件的系统集成,为客户提供智能制造整体解决方案.",False,C35专用设备制造业,证监会行业分类
688307,中润光学,688307.SH,SSE,科创板,浙江,元器件,20230216,N,张平华,张平华,8877.4,20120827.0,浙江,嘉兴市,1667.0,www.zmax-opt.com,"主要产品包括数字安防镜头,无人机镜头,智能巡检镜头,视讯会议镜头,激光电视镜头,智能车载镜头,智能家居镜头,智能投影镜头,电影镜头等精密光学镜头.主营业务为精密光学镜头的研发,生产和销售.",False,C39计算机、通信和其他电子设备制造业,证监会行业分类
688308,欧科亿,688308.SH,SSE,科创板,湖南,机械基件,20201210,N,袁美和,谭文清,15878.1708,19960123.0,湖南,株洲市,1311.0,www.oke-carbide.com,"专业从事数控刀具产品和硬质合金制品的研发,生产和销售",False,C33金属制品业,证监会行业分类
688309,恒誉环保,688309.SH,SSE,科创板,山东,环境保护,20200714,N,牛斌,牛斌,7940.1269,20060411.0,山东,济南市,312.0,www.niutech.com,"主营业务为有机废弃物裂解技术研发及相关装备设计,生产与销售,要产品为以工业连续化废轮胎裂解生产线,工业连续化废塑料裂解生产线,工业连续化污油泥裂解生产线及工业连续化/间歇式危废裂解生产线等为代表的有机废弃物裂解装备.",False,C35专用设备制造业,证监会行业分类
688310,迈得医疗,688310.SH,SSE,科创板,浙江,医疗保健,20191203,N,林军华,林军华,16621.969,20030310.0,浙江,台州市,657.0,www.maiderchina.com,"公司专注于智能装备的研发,生产,销售和服务,公司的智能装备主要用以组装安全输注类和血液净化类医用耗材.",False,C35专用设备制造业,证监会行业分类
688311,盟升电子,688311.SH,SSE,科创板,四川,元器件,20200731,H,刘荣,刘荣,17379.1821,20130906.0,四川,成都市,400.0,www.microwave-signal.com,"主要产品包括卫星导航,卫星通信等系列产品.持续专注于卫星应用技术领域相关产品的研发及制造.",False,C39计算机、通信和其他电子设备制造业,证监会行业分类
688312,燕麦科技,688312.SH,SSE,科创板,深圳,专用机械,20200608,N,刘燕,刘燕,14577.1216,20120312.0,广东,深圳市,948.0,www.yanmade.com,"公司主要专注于自动化,智能化测试设备的研发,设计,生产和销售;主要产品为测试治具,自动化测试设备,智能化视觉检测设备等.",False,C35专用设备制造业,证监会行业分类
688313,仕佳光子,688313.SH,SSE,科创板,河南,通信设备,20200812,H,葛海泉,吕克进,45198.6328,20101026.0,河南,鹤壁市,2333.0,sjphotons.com.cn,"主要产品包括光芯片及器件,室内光缆,线缆材料等,主营业务覆盖光芯片及器件,室内光缆,线缆材料三大板块.",False,C39计算机、通信和其他电子设备制造业,证监会行业分类
688314,康拓医疗,688314.SH,SSE,科创板,陕西,医疗保健,20210518,N,胡立人,朱海龙,8123.9172,20050314.0,陕西,西安市,380.0,www.kontourmedical.com.cn,"主要产品包括用于神经外科植入的钛颅骨修补固定产品和PEEK颅骨修补固定产品,以及胸骨固定产品,神经脊柱产品,配套植入工具等其他产品.专注于三类植入医疗器械产品研发,生产,销售.",False,C35专用设备制造业,证监会行业分类
688315,诺禾致源,688315.SH,SSE,科创板,北京,医疗保健,20210413,H,李瑞强,李瑞强,41620.0,20110315.0,北京,北京市,2202.0,www.novogene.com,"主要依托高通量测序技术和生物信息分析技术,建立了通量规模领先的基因测序平台,并结合多组学研究技术手段,为生命科学基础研究,医学及临床应用研究提供多层次的科研技术服务及解决方案;同时,基于在基因测序及其应用领域的技术积累,自主开发创新的基因检测医疗器械.",False,M73研究和试验发展,证监会行业分类
688316,青云科技-U,688316.SH,SSE,科创板,北京,软件服务,20210316,N,黄允松,林源,4789.8129,20120417.0,北京,北京市,357.0,www.qingcloud.com,"致力于为企业用户提供自主可控,中立可靠,性能卓越,灵活开放的云计算产品与服务.",False,I64互联网和相关服务,证监会行业分类
688317,之江生物,688317.SH,SSE,科创板,上海,医疗保健,20210118,N,邵俊斌,邵俊斌,19215.7999,20050418.0,上海,上海市,285.0,www.liferiver.com.cn,"分子诊断试剂及仪器设备的研发,生产和销售",False,C27医药制造业,证监会行业分类
688318,财富趋势,688318.SH,SSE,科创板,深圳,软件服务,20200427,H,黄山,黄山,25611.9472,20070125.0,广东,深圳市,439.0,www.tdx.com.cn,"主营业务:向证券公司等金融机构提供互联网证券信息服务软件的开发,销售和维护.主要产品:公司软件品牌“通达信”在证券交易软件领域具有较强的知名度和影响力.",False,I65软件和信息技术服务业,证监会行业分类
688319,欧林生物,688319.SH,SSE,科创板,四川,生物制药,20210608,H,樊绍文,樊绍文,40570.89,20091211.0,四川,成都市,451.0,www.olymvax.com,"专注于人用疫苗的研发,生产及销售",False,C27医药制造业,证监会行业分类
688320,禾川科技,688320.SH,SSE,科创板,浙江,电器仪表,20220428,H,王项彬,徐晓杰,15101.3668,20111122.0,浙江,衢州市,1673.0,www.hcfa.cn,"主营业务是工业自动化产品的研发,生产,销售及应用集成,主要产品包括伺服系统,PLC等",False,C40仪器仪表制造业,证监会行业分类
688321,微芯生物,688321.SH,SSE,科创板,深圳,化学制药,20190812,H,海鸥,黎建勋,44294.1287,20010321.0,广东,深圳市,1002.0,www.chipscreen.com,"主营业务:为患者提供可承受的,临床亟需的原创新分子实体药物,具备完整的从药物作用靶点发现与确证,先导分子的发现与评价到新药临床开发,产业化,学术推广及销售的能力.",False,C27医药制造业,证监会行业分类
688322,奥比中光-W,688322.SH,SSE,科创板,深圳,元器件,20220707,H,黄源浩,黄源浩,40114.424,20130118.0,广东,深圳市,687.0,www.orbbec.com.cn,"主营业务是3D视觉感知产品的设计,研发,生产和销售,主要产品包括3D视觉传感器,消费级应用设备和工业级应用设备.",False,C39计算机、通信和其他电子设备制造业,证监会行业分类
688323,瑞华泰,688323.SH,SSE,科创板,深圳,塑料,20210428,N,汤昌丹,汤昌丹,18000.1776,20041217.0,广东,深圳市,531.0,www.rayitek.com,"专业从事高性能PI薄膜的研发,生产和销售,主要产品系列包括热控PI薄膜,电子PI薄膜,电工PI薄膜等.",False,C29橡胶和塑料制品业,证监会行业分类
688325,赛微微电,688325.SH,SSE,科创板,广东,半导体,20220422,H,蒋燕波,蒋燕波,8613.9015,20091102.0,广东,东莞市,217.0,www.cellwise-semi.com,"主营业务为模拟芯片的研发和销售,主营产品以电池管理芯片为核心,并延展至更多种类的电源管理芯片,具体包括电池安全芯片,电池计量芯片和充电管理等其他芯片.",False,I65软件和信息技术服务业,证监会行业分类
688326,经纬恒润-W,688326.SH,SSE,科创板,北京,汽车配件,20220419,N,吉英存,吉英存,11994.096,20030918.0,北京,北京市,6681.0,www.hirain.com,"主营业务围绕电子系统展开,专注于为汽车,高端装备,无人运输等领域的客户提供电子产品,研发服务及解决方案和高级别智能驾驶整体解决方案.",False,C39计算机、通信和其他电子设备制造业,证监会行业分类
688327,云从科技-UW,688327.SH,SSE,科创板,广东,软件服务,20220527,H,周曦,周曦,103854.852,20150327.0,广东,广州市,453.0,www.cloudwalk.com,"主要提供人机协同操作系统及其应用软件,并面向智慧金融,智慧治理,智慧出行,智慧商业领域客户提供人工智能解决方案.致力于助推人工智能产业化进程和各行业智慧化转型升级.",False,I65软件和信息技术服务业,证监会行业分类
688328,XD深科达,688328.SH,SSE,科创板,深圳,专用机械,20210309,N,黄奕宏,黄奕宏,9445.6295,20040614.0,广东,深圳市,856.0,www.szskd.com,"主要从事平板显示器件生产设备的研发,生产和销售.公司产品广泛应用于平板显示器件中显示模组,触控模组,指纹识别模组等相关组件的自动化组装和智能化检测,并向半导体封测,摄像头微组装和智能装备关键零部件等领域延伸.",False,C35专用设备制造业,证监会行业分类
688329,艾隆科技,688329.SH,SSE,科创板,江苏,专用机械,20210329,N,徐立,徐立,7720.0,20060120.0,江苏,苏州市,700.0,www.iron-tech.cn,"目前主要为各级医疗服务机构提供医疗物资智能化管理整体解决方案,产品主要包括覆盖智慧药房,智慧病区,智慧物流三大板块的医疗物资智能管理设备及软件信息平台.",False,C35专用设备制造业,证监会行业分类
688330,宏力达,688330.SH,SSE,科创板,上海,电气设备,20201015,N,章辉,冷春田,14000.0,20111213.0,上海,上海市,413.0,www.holystar.com.cn,"产品及服务主要聚焦配电网领域,包括配电网智能设备,信息化服务和其他板块业务,主要从事配电网智能设备的研发,生产和销售,以及电力应用软件研发及实施等信息化服务,同时公司亦提供IoT通信模块,系统集成等产品和服务.",False,C38电气机械和器材制造业,证监会行业分类
688331,荣昌生物,688331.SH,SSE,科创板,山东,生物制药,20220331,H,王威东,房健民,56447.7483,20080704.0,山东,烟台市,3048.0,www.remegen.cn,"专注于抗体药物偶联物(ADC),抗体融合蛋白,单抗及双抗等治疗性抗体药物领域.公司致力于发现,开发与商业化创新,有特色的同类首创(first-in-class)与同类最佳(best-in-class)生物药物,以创造药物临床价值为导向,为自身免疫疾病,肿瘤疾病,眼科疾病等重大疾病领域提供安全,有效,可及的临床解决方案,以满足大量尚未被满足的临床需求.",False,C27医药制造业,证监会行业分类
688332,中科蓝讯,688332.SH,SSE,科创板,深圳,半导体,20220715,H,黄志强,刘助展,12059.82,20161219.0,广东,深圳市,344.0,www.bluetrum.com,"主营业务为无线音频SoC芯片的研发,设计与销售,主要产品包括TWS蓝牙耳机芯片,非TWS蓝牙耳机芯片,蓝牙音箱芯片等,产品可广泛运用于TWS蓝牙耳机,颈挂式耳机,头戴式耳机,商务单边蓝牙耳机,蓝牙音箱,车载蓝牙音响,电视音响等无线音频终端.",False,C39计算机、通信和其他电子设备制造业,证监会行业分类
688333,铂力特,688333.SH,SSE,科创板,陕西,机械基件,20190722,H,薛蕾,薛蕾,27432.2174,20110706.0,陕西,西安市,3392.0,www.xa-blt.com,"公司自主研制开发了激光选区熔化成形,激光高性能修复等系列金属3D打印设备,专注于工业级金属增材制造(3D打印)的高新技术企业.",False,C34通用设备制造业,证监会行业分类
688334,西高院,688334.SH,SSE,科创板,陕西,电气设备,20230619,H,张晋波,张晋波,31657.9466,20010930.0,陕西,西安市,700.0,www.xihari.com,主营业务为提供电气领域检验检测服务与其他技术服务.,False,M74专业技术服务业,证监会行业分类
688335,复洁科技,688335.SH,SSE,科创板,上海,环境保护,20200817,N,黄文俊,曲献伟,14803.4592,20111118.0,上海,上海市,256.0,www.ceo.sh.cn,"主要产品是低温真空脱水干化一体化技术装备,废气净化技术装备,主营业务是为城镇和工业(园区)污水处理厂(站)提供污泥脱水干化及废气净化技术装备及服务.",False,C35专用设备制造业,证监会行业分类
688336,三生国健,688336.SH,SSE,科创板,上海,生物制药,20200722,H,刘彦丽,刘彦丽,61808.6503,20020125.0,上海,上海市,1012.0,www.3s-guojian.com,"主要收入来源为“重组人II型肿瘤坏死因子受体-抗体融合蛋白”(商品名“益赛普”),包括12.5mg/瓶与25mg/瓶两种规格.",False,C27医药制造业,证监会行业分类
688337,普源精电,688337.SH,SSE,科创板,江苏,电器仪表,20220408,H,王宁,王宁,19387.4417,20090427.0,江苏,苏州市,699.0,www.rigol.com,"主要产品包括数字示波器,射频类仪器,波形发生器,电源及电子负载,万用表及数据采集器等产品,专注于通用电子测量仪器研发,生产及销售.",False,C40仪器仪表制造业,证监会行业分类
688338,赛科希德,688338.SH,SSE,科创板,北京,医疗保健,20200806,N,吴仕明,王海,10614.24,20030528.0,北京,北京市,278.0,www.succeeder.com.cn,"致力于血栓与止血体外诊断领域的检测仪器,试剂及耗材的研发,生产和销售",False,C27医药制造业,证监会行业分类
688339,亿华通-U,688339.SH,SSE,科创板,北京,汽车配件,20200810,H,张国强,张国强,24053.2081,20120712.0,北京,北京市,708.0,www.sinohytec.com,"燃料电池动力系统及相关技术开发,技术服务",False,C38电气机械和器材制造业,证监会行业分类
688343,云天励飞-U,688343.SH,SSE,科创板,深圳,软件服务,20230404,H,陈宁,陈宁,35960.338,20140827.0,广东,深圳市,920.0,www.intellif.com,"以人工智能算法,芯片技术为核心,并具备算法芯片化能力,研发和销售面向应用场景的人工智能产品及解决方案.",False,I65软件和信息技术服务业,证监会行业分类
688345,博力威,688345.SH,SSE,科创板,广东,电气设备,20210611,N,张志平,张志平,10114.95,20100408.0,广东,东莞市,2238.0,www.greenway-battery.cn,"产品主要为锂离子电池组和锂离子电芯,主营业务为锂离子电池研发,制造和销售.",False,C38电气机械和器材制造业,证监会行业分类
688347,华虹公司,688347.SH,SSE,科创板,上海,半导体,20230807,H,白鹏,白鹏,173763.2193,20050121.0,香港特别行政区,香港特别行政区,7628.0,www.huahonggrace.com,"主要向客户提供8英寸及12英寸晶圆的特色工艺代工服务,在不同工艺平台上,按照客户需求为其制造多种类的半导体产品;同时为客户提供包括IP设计,测试等配套服务.",False,C39计算机、通信和其他电子设备制造业,证监会行业分类
688348,昱能科技,688348.SH,SSE,科创板,浙江,电气设备,20220608,H,凌志敏,凌志敏,15627.7435,20100324.0,浙江,嘉兴市,532.0,china.apsystems.com,"主营业务是从事分布式光伏发电系统中组件级电力电子设备的研发,生产及销售,主要产品包括微型逆变器,智控关断器,能量通信及监控分析系统等.",False,C38电气机械和器材制造业,证监会行业分类
688349,三一重能,688349.SH,SSE,科创板,北京,电气设备,20220622,H,李强,李强,122640.4215,20080417.0,北京,北京市,6330.0,www.sanyre.com.cn,"主要产品及服务包括:(1)风机产品及运维服务:具体包括大型风力发电机组及其核心部件的研发,生产,销售,智能化运维;(2)新能源电站业务:具体包括风电场设计,建设,运营管理以及光伏电站运营管理业务.主营业务为风电机组的研发,制造与销售,风电场设计,建设,运营管理以及光伏电站运营管理业务.",False,C38电气机械和器材制造业,证监会行业分类
688350,富淼科技,688350.SH,SSE,科创板,江苏,化工原料,20210128,N,李平,钱鑫,14324.4628,20101216.0,江苏,苏州市,811.0,www.feymer.com,"产品和服务以亲水性功能高分子为核心,按照产品类型可以分为功能性单体,水溶性高分子,水处理膜及膜应用和能源外供.主要从事功能性单体,水溶性高分子,水处理膜及膜应用的研发,生产和销售,同时针对集中区内企业提供能源外供.",False,C26化学原料和化学制品制造业,证监会行业分类
688351,微电生理,688351.SH,SSE,科创板,上海,医疗保健,20220831,H,孙毅勇,孙毅勇,47060.0,20100831.0,上海,上海市,523.0,www.everpace.com,"主营业务是电生理介入诊疗与消融治疗领域创新医疗器械研发,生产和销售;主要产品为心脏电生理诊疗器械.",False,C35专用设备制造业,证监会行业分类
688352,颀中科技,688352.SH,SSE,科创板,安徽,半导体,20230420,H,杨宗铭,杨宗铭,118903.7288,20180118.0,安徽,合肥市,2192.0,www.chipmore.com.cn,"主要从事集成电路的先进封装与测试业务,目前主要聚焦于显示驱动芯片封测领域和以电源管理芯片,射频前端芯片为代表的非显示类芯片封测领域.可为客户提供全方位的集成电路封测综合服务,覆盖显示驱动芯片,电源管理芯片,射频前端芯片等多类产品.",False,C39计算机、通信和其他电子设备制造业,证监会行业分类
688353,华盛锂电,688353.SH,SSE,科创板,江苏,化工原料,20220713,H,沈鸣,沈鸣,15950.0,19970804.0,江苏,苏州市,1211.0,www.sinohsc.com,"专注于锂电池电解液添加剂的研发,生产和销售,产品主要有电子化学品及特殊有机硅两大系列.",False,C26化学原料和化学制品制造业,证监会行业分类
688355,明志科技,688355.SH,SSE,科创板,江苏,机械基件,20210512,N,吴勤芳,邱壑,12395.6072,20030114.0,江苏,苏州市,740.0,www.mingzhi-tech.com,"公司专注于砂型铸造领域,践行“做强铸造装备,做大铸件生产,做精铸造服务”的发展策略,以高端制芯装备和高品质铝合金铸件为两大业务,为客户提供高效智能制芯装备,铸件产品的研发与制造,致力于引领和推动我国铸造行业技术更新与产业升级,为铸造产业绿色智能发展赋能.",False,C33金属制品业,证监会行业分类
688356,键凯科技,688356.SH,SSE,科创板,北京,化学制药,20200826,H,赵宣,赵宣,6065.07,20011009.0,北京,北京市,284.0,www.jenkem.com,"主要从事医用药用聚乙二醇及其活性衍生物的研发,生产和销售.",False,C26化学原料和化学制品制造业,证监会行业分类
688357,建龙微纳,688357.SH,SSE,科创板,河南,化工原料,20191204,N,李建波,李怡成,10005.9875,19980727.0,河南,洛阳市,780.0,www.jalon.cn,"主要从事无机非金属多孔晶体材料分子筛吸附剂相关产品研发,生产,销售及技术服务的业务,主要产品为分子筛原粉,分子筛活化粉和成型分子筛三大类",False,C26化学原料和化学制品制造业,证监会行业分类
688358,祥生医疗,688358.SH,SSE,科创板,江苏,医疗保健,20191203,N,莫若理,莫若理,11212.5613,19960130.0,江苏,无锡市,537.0,www.chison.com,"超声医学影像设备的研发,制造和销售,为国内外医疗机构,科研机构,战略合作伙伴等提供各类超声医学影像设备和专业的技术开发服务",False,C35专用设备制造业,证监会行业分类
688359,三孚新科,688359.SH,SSE,科创板,广东,化工原料,20210521,H,上官文龙,上官文龙,9874.6147,20090413.0,广东,广州市,821.0,www.gzsanfu.com.cn;www.gzsf.com;www.gzsanfu.cn,"主要从事表面工程技术的研究及新型环保表面工程专用化学品的研发,生产和销售.主要有金属涂镀前处理系列产品,表面处理添加剂,电子化学品,通用电镀专用化学品",False,C26化学原料和化学制品制造业,证监会行业分类
688360,德马科技,688360.SH,SSE,科创板,浙江,机械基件,20200602,H,卓序,卓序,26374.5667,20010429.0,浙江,湖州市,1194.0,www.damon-group.cn,"主要从事智能物流输送分拣系统,关键设备及其核心部件的研发,设计,制造,销售和服务.",False,C34通用设备制造业,证监会行业分类
688361,中科飞测,688361.SH,SSE,科创板,深圳,半导体,20230519,H,陈鲁,陈鲁,35016.3237,20141231.0,广东,深圳市,1091.0,www.skyverse.cn,"专注于检测和量测两大类集成电路专用设备的研发,生产和销售,产品主要包括无图形晶圆缺陷检测设备系列,图形晶圆缺陷检测设备系列,三维形貌量测设备系列,薄膜膜厚量测设备系列等产品,已应用于国内28nm及以上制程的集成电路制造产线.",False,C35专用设备制造业,证监会行业分类
688362,甬矽电子,688362.SH,SSE,科创板,浙江,半导体,20221116,H,王顺波,王顺波,41049.0491,20171113.0,浙江,宁波市,5728.0,www.forehope-elec.com,"主营业务包括集成电路封装和测试方案开发,不同种类集成电路芯片的封装加工和成品测试服务,以及与集成电路封装和测试相关的配套服务.",False,C39计算机、通信和其他电子设备制造业,证监会行业分类
688363,华熙生物,688363.SH,SSE,科创板,山东,医疗保健,20191106,H,赵燕,赵燕,48167.8242,20000103.0,山东,济南市,4444.0,www.bloomagebiotech.com,"以微生物发酵和交联两大技术平台,开发有助于人类生命健康的生物活性材料,从原料到医疗终端产品,功能性护肤品及功能性食品的全产业链业务体系,服务于全球的医药,化妆品,食品制造企业,医疗机构及终端用户.",False,C26化学原料和化学制品制造业,证监会行业分类
688365,光云科技,688365.SH,SSE,科创板,浙江,软件服务,20200429,H,谭光华,谭光华,42582.4684,20130829.0,浙江,杭州市,1926.0,www.raycloud.com,"主营业务是基于电子商务平台为电商商家提供SaaS产品,在此基础上提供配套硬件,运营服务及CRM短信等增值产品.公司主要产品及服务包括以超级店长,快递助手为代表的电商SaaS产品,以快麦电子面单打印机为主的配套硬件,以快麦电商为代表的运营服务及以营销目的为主的CRM短信等.",False,I65软件和信息技术服务业,证监会行业分类
688366,昊海生科,688366.SH,SSE,科创板,上海,医疗保健,20191030,H,侯永泰,吴剑英,22998.0895,20070124.0,上海,上海市,2110.0,www.3healthcare.com,"致力于通过技术创新及转化,国内外资源整合及规模化生产,为市场提供创新医疗产品.公司的主要产品可分为眼科,整形美容与创面护理,骨科,防粘连及止血四大板块.",False,C35专用设备制造业,证监会行业分类
688367,工大高科,688367.SH,SSE,科创板,安徽,运输设备,20210628,N,魏臻,程运安,8762.46,20001226.0,安徽,合肥市,197.0,www.gocom.cn,"工业铁路信号控制与智能调度产品研发,生产,销售及技术服务;信息系统集成及技术服务",False,C37铁路、船舶、航空航天和其他运输设备制造业,证监会行业分类
688368,晶丰明源,688368.SH,SSE,科创板,上海,半导体,20191014,H,胡黎强,胡黎强,12885.2867,20081031.0,上海,上海市,619.0,www.bpsemi.com,"主营业务为电源管理驱动类芯片的研发与销售,公司产品包括LED照明驱动芯片,电机驱动芯片等电源管理驱动类芯片.",False,I65软件和信息技术服务业,证监会行业分类
688369,致远互联,688369.SH,SSE,科创板,北京,软件服务,20191031,N,徐石,徐石,11521.8071,20020402.0,北京,北京市,2366.0,www.seeyon.com,"协同软件产品研发,营销,服务及解决方案提供",False,I65软件和信息技术服务业,证监会行业分类
688370,丛麟科技,688370.SH,SSE,科创板,上海,环境保护,20220825,N,宋乐平,宋乐平,13710.7879,20170731.0,上海,上海市,692.0,www.cn-conglin.com,主营业务为危险废物的资源化利用和无害化处置,False,N77生态保护和环境治理业,证监会行业分类
688371,菲沃泰,688371.SH,SSE,科创板,江苏,元器件,20220802,H,宗坚,宗坚,33547.2356,20160816.0,江苏,无锡市,987.0,www.favoredtech.com,"公司致力于研究和发展适应复杂应用环境的纳米材料技术,主要从事高性能,多功能纳米薄膜的研发和制备,并基于自主研发的纳米镀膜设备,材料配方及制备工艺技术为客户提供基于纳米薄膜的定制化解决方案.",False,C39计算机、通信和其他电子设备制造业,证监会行业分类
688372,伟测科技,688372.SH,SSE,科创板,上海,半导体,20221026,H,骈文胜,骈文胜,16776.4661,20160506.0,上海,上海市,1913.0,www.v-test.com.cn,"主营业务包括晶圆测试,芯片成品测试以及与集成电路测试相关的配套服务.",False,M74专业技术服务业,证监会行业分类
688373,盟科药业-U,688373.SH,SSE,科创板,上海,化学制药,20220805,N,袁征宇,袁征宇,65622.838,20120807.0,上海,上海市,166.0,www.micurxchina.com,"公司是一家以治疗感染性疾病为核心,拥有全球自主知识产权和国际竞争力的创新药企业,公司的产品管线主要聚焦于治疗耐药革兰阳性和革兰阴性菌感染",False,C27医药制造业,证监会行业分类
688375,国博电子,688375.SH,SSE,科创板,江苏,元器件,20220722,H,陶洪琪,吴礼群,59601.49,20001127.0,江苏,南京市,1776.0,www.gbdz.net,"主要从事有源相控阵T/R组件和射频集成电路相关产品的研发,生产和销售,产品主要包括有源相控阵T/R组件,砷化镓基站射频集成电路等.",False,C39计算机、通信和其他电子设备制造业,证监会行业分类
688376,美埃科技,688376.SH,SSE,科创板,江苏,专用机械,20221118,H,叶伟强,叶伟强,13525.1944,20010621.0,江苏,南京市,1081.0,www.mayair.com.cn,"公司主营业务系空气净化产品,大气环境治理产品的研发,生产及销售.公司产品主要应用于洁净室空气净化,也广泛应用于暖通空调系统空气净化.公司产品主要为风机过滤单元,高效过滤器,初中效过滤器,化学过滤器,静电过滤器,空气净化器,工业除尘除油雾设备,VOCs治理设备.",False,C35专用设备制造业,证监会行业分类
688377,迪威尔,688377.SH,SSE,科创板,江苏,专用机械,20200708,H,张利,张利,19464.2722,20090819.0,江苏,南京市,1013.0,www.nj-develop.com,"公司专注于油气设备专用件的研发,生产和销售,为全球油气设备公司提供抗高压,耐腐蚀,高可靠性的专用零部件.主要产品包括:井口装置及采油树专用件,深海设备专用件,压裂设备专用件,钻采设备专用件.",False,C35专用设备制造业,证监会行业分类
688378,奥来德,688378.SH,SSE,科创板,吉林,专用机械,20200903,H,轩景泉,轩景泉,26142.5164,20050610.0,吉林,长春市,501.0,www.jl-oled.com,"主要从事OLED产业链上游环节中的有机发光材料的终端材料与蒸发源设备的研发,制造,销售及售后技术服务公司产品主要分为OLED中间体,OLED粗品,OLED升华品.",False,C39计算机、通信和其他电子设备制造业,证监会行业分类
688379,华光新材,688379.SH,SSE,科创板,浙江,机械基件,20200819,N,金李梅,黄魏青,9497.8561,19971119.0,浙江,杭州市,652.0,www.cn-huaguang.com,"主营业务为钎焊材料的研发,生产和销售,主要产品为铜基钎料和银钎料.",False,C33金属制品业,证监会行业分类
688380,中微半导,688380.SH,SSE,科创板,深圳,半导体,20220805,H,杨勇,杨勇,40036.5,20010622.0,广东,深圳市,459.0,www.mcu.com.cn,"主营业务是数模混合信号芯片,模拟芯片的研发,设计与销售;主要产品包括家电控制芯片,消费电子芯片,电机与电池芯片和传感器信号处理芯片.",False,C39计算机、通信和其他电子设备制造业,证监会行业分类
688381,帝奥微,688381.SH,SSE,科创板,江苏,半导体,20220823,H,鞠建宏,鞠建宏,24750.0,20100205.0,江苏,南通市,356.0,www.dioo.com,"产品主要包括信号链模拟芯片和电源管理模拟芯片两大系列,专注于从事高性能模拟芯片的研发,设计和销售.",False,C39计算机、通信和其他电子设备制造业,证监会行业分类
688382,益方生物-U,688382.SH,SSE,科创板,上海,生物制药,20220725,H,王耀林,王耀林,57834.8491,20130111.0,上海,上海市,185.0,www.inventisbio.com,"公司主要产品聚焦于肿瘤,代谢疾病等重大疾病领域.公司主要通过创新研发为患者提供安全,有效,可负担的优质药物,以解决尚未满足的临床需求.",False,C27医药制造业,证监会行业分类
688383,新益昌,688383.SH,SSE,科创板,深圳,专用机械,20210428,H,胡新荣,宋昌宁,10164.65,20060628.0,广东,深圳市,1479.0,www.hoson.com.cn,"主要从事LED,电容器,半导体,锂电池等行业智能制造装备的研发,生产和销售,为客户实现智能制造提供先进,稳定的装备及解决方案.",False,C35专用设备制造业,证监会行业分类
688385,复旦微电,688385.SH,SSE,科创板,上海,半导体,20210804,H,张卫,张卫,8237.1325,19980710.0,上海,上海市,1958.0,www.fmsh.com,"主要产品包括安全与识别芯片,非挥发存储器,智能电表芯片,FPGA芯片和集成电路测试服务,从事超大规模集成电路的设计,开发,测试,并为客户提供系统解决方案.",False,C39计算机、通信和其他电子设备制造业,证监会行业分类
688386,泛亚微透,688386.SH,SSE,科创板,江苏,化工原料,20201016,H,张云,张云,9960.8958,19951108.0,江苏,常州市,368.0,www.microvent.com.cn,"主要产品细分类别较多,可根据其主要功能分为ePTFE微透产品,吸隔声产品,气体管理产品,CMD,挡水膜,密封件以及机械设备7个大类,主要从事膨体聚四氟乙烯膜(ePTFE)等微观多孔材料及其改性衍生产品的研发,生产及销售.",False,C29橡胶和塑料制品业,证监会行业分类
688387,信科移动-U,688387.SH,SSE,科创板,湖北,通信设备,20220926,H,孙晓南,范志文,341875.0,19981229.0,湖北,武汉市,4457.0,www.cictmobile.com,"主要业务从事移动通信国际标准制定,核心技术研发和产业化.主要产品为移动通信网络设备及移动通信技术服务.",False,C39计算机、通信和其他电子设备制造业,证监会行业分类
688388,嘉元科技,688388.SH,SSE,科创板,广东,电气设备,20190722,H,杨剑文,杨剑文,45567.379,20010929.0,广东,梅州市,2411.0,www.gdjygf.com,"主要从事各类高性能电解铜箔的研究,生产和销售,主要产品为超薄锂电铜箔和极薄锂电铜箔.",False,C39计算机、通信和其他电子设备制造业,证监会行业分类
688389,普门科技,688389.SH,SSE,科创板,深圳,医疗保健,20191105,H,刘先成,胡明龙,42848.573,20080116.0,广东,深圳市,1756.0,www.lifotronic.com,"主营业务为治疗与康复产品,体外诊断设备及配套试剂的研发,生产和销售.主要产品分为治疗与康复类产品线和体外诊断类产品线两大系列医疗器械计算机软硬件,科学仪器的技术开发和销售(不含限制项目);医疗器械产品的研发;经营进出口业务(法律,行政法规,国务院决定禁止的项目除外,限制的项目须取得许可后方可经营);技术服务,技术开发,技术咨询,技术交流,技术转让,技术推广;软件开发;工程和技术研究和试验发展;机械设备研发;物联网技术研发;新材料技术研发;电子专用材料研发;仪器仪表制造;实验分析仪器制造;药物检测仪器制造;电子测量仪器制造;其他专用仪器制造;其他通用仪器制造;专用设备制造(不含许可类专业设备制造);机械电气设备制造;仪器仪表修理;专用设备修理;仪器仪表销售;实验分析仪器销售;药物检测仪器销售;电子测量仪器销售;机械电气设备销售;合成材料制造(不含危险化学品);专用化学产品制造(不含危险化学品);合成材料销售;专用化学产品销售(不含危险化学品);化工产品销售(不含许可类化工产品);其他化工产品批发;电子产品销售;电子专用材料销售;家用电器研发;家用电器制造;家用电器销售;化妆品批发;化妆品零售;贸易代理;国内贸易代理;非居住房地产租赁;物业管理;停车场服务;机动车充电销售.(除依法须经批准的项目外,凭营业执照依法自主开展经营活动).一类,二类,三类医疗器械的研发,生产和销售;餐饮服务.",False,C35专用设备制造业,证监会行业分类
688390,固德威,688390.SH,SSE,科创板,江苏,电气设备,20200904,H,黄敏,黄敏,24306.2217,20101105.0,江苏,苏州市,3843.0,www.goodwe.com,"主要产品包括光伏并网逆变器,光伏储能逆变器,智能数据采集器以及SEMS智慧能源管理系统.专注于太阳能,储能等新能源电力电源设备的研发,生产和销售,并致力于为家庭,工商业用户及地面电站提供智慧能源管理等整体解决方案.",False,C38电气机械和器材制造业,证监会行业分类
688391,钜泉科技,688391.SH,SSE,科创板,上海,半导体,20220913,N,杨士聪,郑文昌,11518.156,20050519.0,上海,上海市,281.0,www.hitrendtech.com,"主营业务为智能电网终端设备芯片的研发,设计与销售,主要产品包括电能计量芯片,载波通信芯片和智能电表MCU芯片等.",False,I65软件和信息技术服务业,证监会行业分类
688392,骄成超声,688392.SH,SSE,科创板,上海,专用机械,20220927,H,周宏建,周宏建,11573.336,20070213.0,上海,上海市,952.0,www.sbt-sh.com,"产品主要包括动力电池超声波焊接设备,汽车轮胎超声波裁切设备,其他领域超声波焊接设备及动力电池制造自动化系统等.主要从事超声波焊接,裁切设备的研发,设计,生产与销售,并提供新能源动力电池制造领域的自动化解决方案.",False,C35专用设备制造业,证监会行业分类
688393,安必平,688393.SH,SSE,科创板,广东,医疗保健,20200820,N,蔡向挺,蔡向挺,9356.7699,20050706.0,广东,广州市,796.0,www.gzlbp.com,"主要从事体外诊断试剂和仪器的研发,生产和销售",False,C27医药制造业,证监会行业分类
688395,正弦电气,688395.SH,SSE,科创板,深圳,机械基件,20210429,N,涂从欢,涂从欢,8659.772,20030403.0,广东,深圳市,563.0,www.sinee.cn,"通用变频器,一体化专机,伺服系统等,电机驱动和控制系统解决方案提供商.",False,C38电气机械和器材制造业,证监会行业分类
688396,华润微,688396.SH,SSE,科创板,江苏,半导体,20200227,H,李虹,,132821.068,20040319.0,,GrandCayman,11000.0,www.crmicro.com,"主营业务可分为产品与方案,制造与服务两大业务板块.",False,C39计算机、通信和其他电子设备制造业,证监会行业分类
688398,赛特新材,688398.SH,SSE,科创板,福建,矿物制品,20200211,N,汪坤明,严浪基,16781.4205,20071023.0,福建,龙岩市,1534.0,www.supertech-vip.com,"公司的主营业务为真空绝热材料的研发,生产和销售.公司的主要产品为真空绝热板,主要由芯材,阻隔膜和吸附剂三部分构成.",False,C30非金属矿物制品业,证监会行业分类
688399,硕世生物,688399.SH,SSE,科创板,江苏,医疗保健,20191205,H,王国强,王国强,8387.1721,20100412.0,江苏,泰州市,592.0,www.s-sbio.com,"公司是国内领先的体外诊断产品提供商,专注于体外诊断试剂,配套检测仪器等体外诊断产品的研发,生产和销售,并拓展到体外检测服务领域,实现“仪器+试剂+服务”的一体化经营模式.",False,C27医药制造业,证监会行业分类
688400,凌云光,688400.SH,SSE,科创板,北京,专用机械,20220706,H,姚毅,姚毅,47923.0395,20020813.0,北京,北京市,1850.0,www.lusterinc.com,"以光技术创新为基础,长期从事机器视觉及光通信业务,服务多个行业,目前战略聚焦机器视觉业务.",False,C39计算机、通信和其他电子设备制造业,证监会行业分类
688401,路维光电,688401.SH,SSE,科创板,深圳,半导体,20220817,H,杜武兵,杜武兵,19334.8695,20120326.0,广东,深圳市,329.0,www.newwaymask.com,"致力于掩膜版的研发,生产和销售,产品主要用于平板显示,半导体,触控和电路板等行业,是下游微电子制造过程中转移图形的基准和蓝本.",False,C39计算机、通信和其他电子设备制造业,证监会行业分类
688403,汇成股份,688403.SH,SSE,科创板,安徽,半导体,20220818,H,郑瑞俊,郑瑞俊,93110.2667,20151218.0,安徽,合肥市,1588.0,www.unionsemicon.com.cn,"公司主营业务以前段金凸块制造(Gold Bumping)为核心,并综合晶圆测试(CP)及后段玻璃覆晶封装(COG)和薄膜覆晶封装(COF)环节,形成显示驱动芯片全制程封装测试综合服务能力.",False,C39计算机、通信和其他电子设备制造业,证监会行业分类
688408,中信博,688408.SH,SSE,科创板,江苏,电气设备,20200828,H,蔡浩,蔡浩,21906.5886,20091120.0,江苏,苏州市,2005.0,www.arctechsolar.cn,"主营业务为光伏支架的研发,设计,生产和销售,主要产品为光伏跟踪支架,固定支架.",False,C38电气机械和器材制造业,证监会行业分类
688409,富创精密,688409.SH,SSE,科创板,辽宁,半导体,20221010,H,郑广文,郑广文,30621.0771,20080624.0,辽宁,沈阳市,3259.0,www.fortune-semi.com,"产品为半导体设备,泛半导体设备及其他领域的精密零部件,具体包括工艺零部件,结构零部件,模组产品和气体管路.",False,C34通用设备制造业,证监会行业分类
688410,山外山,688410.SH,SSE,科创板,重庆,医疗保健,20221226,N,高光勇,高光勇,31960.0622,20010326.0,重庆,重庆市,1102.0,www.swskj.com,"主要产品及服务包括血液净化设备,血液净化耗材以及连锁血液透析中心医疗服务.专业从事血液净化设备与耗材的研发,生产和销售.",False,C35专用设备制造业,证监会行业分类
688411,海博思创,688411.SH,SSE,科创板,北京,电气设备,20250127,H,张剑辉,张剑辉,18009.2492,20111104.0,北京,北京市,1066.0,www.hyperstrong.com,"公司的主营业务为储能系统和动力电池系统的研发,生产和销售.",False,C38电气机械和器材制造业,证监会行业分类
688416,恒烁股份,688416.SH,SSE,科创板,安徽,半导体,20220829,N,XIANGDONG LU,XIANGDONG LU,8300.5689,20150213.0,安徽,合肥市,186.0,www.zbitsemi.com,"公司是一家主营业务为存储芯片和MCU芯片研发,设计及销售的集成电路设计企业.公司现有主营产品包括NOR Flash存储芯片和通用32位MCU芯片.",False,C39计算机、通信和其他电子设备制造业,证监会行业分类
688418,震有科技,688418.SH,SSE,科创板,深圳,通信设备,20200722,H,吴闽华,吴闽华,19255.4634,20050404.0,广东,深圳市,1202.0,www.genew.com.cn,"公司是专业从事通信系统设备及技术解决方案的综合通信设备供应商,自设立以来,致力于通信系统设备的研发,设计,生产和销售,公司的主营产品包括软交换,接入网,光网络,应急调度及无线宽带通信设备,涵盖通信网络的核心层,汇聚层及接入层.",False,C39计算机、通信和其他电子设备制造业,证监会行业分类
688419,耐科装备,688419.SH,SSE,科创板,安徽,半导体,20221107,N,黄明玖,郑天勤,11455.1669,20051008.0,安徽,铜陵市,521.0,www.nextooling.com,"主要产品为塑料挤出成型模具及下游设备,半导体封装设备及模具.主要从事应用于塑料挤出成型及半导体封装领域的智能制造装备的研发,生产和销售,为客户提供定制化的智能制造装备及系统解决方案.",False,C35专用设备制造业,证监会行业分类
688420,美腾科技,688420.SH,SSE,科创板,天津,专用机械,20221209,N,李太友,梁兴国,8843.0,20150121.0,天津,天津市,505.0,www.tjmeiteng.com,"主营业务是提供工矿业智能装备与系统;主要产品包括智能装备,智能系统与仪器两大分类.",False,C35专用设备制造业,证监会行业分类
688425,铁建重工,688425.SH,SSE,科创板,湖南,工程机械,20210622,H,赵晖,贺勇军,533349.7,20061123.0,湖南,长沙市,4501.0,www.crchi.com,"主要从事掘进机装备,轨道交通设备和特种专业装备的设计,研发,制造,销售,租赁和服务.",False,C35专用设备制造业,证监会行业分类
688426,康为世纪,688426.SH,SSE,科创板,江苏,生物制药,20221025,N,王春香,王春香,11249.3716,20100903.0,江苏,泰州市,770.0,www.cwbio.com,"康为世纪立足分子检测底层核心技术的自主研发,公司的核心产品包括分子检测酶原料,核酸保存试剂,核酸提取纯化试剂以及分子诊断试剂盒",False,C27医药制造业,证监会行业分类
688428,诺诚健华,688428.SH,SSE,科创板,北京,生物制药,20220921,H,崔霁松,崔霁松,176464.3952,20151103.0,,GrandCayman,1259.0,www.innocarepharma.com,"公司的主要产品包括奥布替尼,ICP-192,ICP-723,ICP-332,ICP-189,ICP-490和Tafasitamab;主营业务是创新药的研发,生产及商业化.",False,C27医药制造业,证监会行业分类
688429,时创能源,688429.SH,SSE,科创板,江苏,电气设备,20230629,H,符黎明,方敏,40000.08,20091119.0,江苏,常州市,1377.0,www.shichuang.cc,"主要从事光伏湿制程辅助品,光伏设备和光伏电池的研发,生产和销售业务.主要产品包括光伏湿制程辅助品,光伏设备及光伏电池三类产品.",False,C38电气机械和器材制造业,证监会行业分类
688432,有研硅,688432.SH,SSE,科创板,北京,半导体,20221110,H,张果虎,张果虎,125030.1858,20010621.0,北京,北京市,902.0,www.gritek.com,"主要从事半导体硅材料的研发,生产和销售,主要产品包括半导体硅抛光片,刻蚀设备用硅材料,半导体区熔硅单晶等.",False,C39计算机、通信和其他电子设备制造业,证监会行业分类
688433,华曙高科,688433.SH,SSE,科创板,湖南,专用机械,20230417,H,侯培林,侯培林,41416.88,20091021.0,湖南,长沙市,737.0,www.farsoon.com,"主营业务为工业级增材制造设备的研发,生产与销售;致力于为全球客户提供金属(SLM)增材制造设备和高分子(SLS)增材制造设备,并提供3D打印材料,工艺及服务.主要产品为金属3D打印设备和高分子3D打印设备.",False,C34通用设备制造业,证监会行业分类
688435,英方软件,688435.SH,SSE,科创板,上海,软件服务,20230119,N,胡军擎,胡军擎,8350.0,20110812.0,上海,上海市,587.0,www.info2soft.com;www.info2soft.cn,"主营业务系为客户提供数据复制相关的软件,软硬件一体机及软件相关服务.公司产品主要为数据复制相关软件,软硬件一体机及软件相关服务.",False,I65软件和信息技术服务业,证监会行业分类
688439,振华风光,688439.SH,SSE,科创板,贵州,元器件,20220826,H,胡锐,胡锐,20000.0,20050831.0,贵州,贵阳市,860.0,www.semifg.com,"专注于高可靠集成电路设计,封装,测试及销售,主要产品包括信号链及电源管理器等系列产品.",False,C39计算机、通信和其他电子设备制造业,证监会行业分类
688443,智翔金泰-U,688443.SH,SSE,科创板,重庆,生物制药,20230620,H,刘志刚,刘志刚,36668.0,20151020.0,重庆,重庆市,743.0,www.genrixbio.com,"主营业务为抗体药物的研发,生产与销售,公司在研产品为单克隆抗体药物和双特异性抗体药物.",False,C27医药制造业,证监会行业分类
688448,磁谷科技,688448.SH,SSE,科创板,江苏,专用机械,20220921,N,吴立华,董继勇,7165.23,20060922.0,江苏,南京市,409.0,www.cigu.com.cn,"主要产品为磁悬浮离心式鼓风机,磁悬浮空气压缩机,磁悬浮冷水机组,具有传动无机械接触,高速高效,节能等技术优势,主要应用于污水处理,化工,印染,食品,制药,造纸,电子,机械制造,建筑等行业.主营业务为磁悬浮流体机械及磁悬浮轴承,高速电机,高速驱动等核心部件的研发,生产,销售.",False,C34通用设备制造业,证监会行业分类
688449,联芸科技,688449.SH,SSE,科创板,浙江,半导体,20241129,H,李国阳,李国阳,46000.0,20141107.0,浙江,杭州市,787.0,www.maxio-tech.com,"公司专注于数据存储主控芯片的研究及产业化,公司主要产品为数据存储主控芯片和AIoT信号处理及传输芯片,并提供相关的技术服务.",False,I65软件和信息技术服务业,证监会行业分类
688450,光格科技,688450.SH,SSE,科创板,江苏,电器仪表,20230724,N,姜明武,姜明武,6600.0,20100428.0,江苏,苏州市,359.0,www.agioe.com,"主营业务为新一代光纤传感网络与资产数字化运维管理系统研发,生产与销售;产品主要包括电力设施资产监控运维管理系统,海缆资产监控运维管理系统,综合管廊资产监控运维管理系统.",False,C39计算机、通信和其他电子设备制造业,证监会行业分类
688455,科捷智能,688455.SH,SSE,科创板,山东,机械基件,20220915,N,龙进军,龙进军,16803.0666,20150324.0,山东,青岛市,986.0,www.kengic.com,"主营业务是为国内和国外客户提供智慧物流与智能制造系统及产品的设计,研发,生产,销售及服务;主要产品包括智慧物流系统(含智能输送系统和智能分拣系统),智能制造系统(含智能仓储系统和智能工厂系统).",False,C34通用设备制造业,证监会行业分类
688456,有研粉材,688456.SH,SSE,科创板,北京,铜,20210317,N,贺会军,刘祥庆,10366.0,20040304.0,北京,北京市,628.0,www.gripm.com,"一直专注于先进有色金属粉体材料的设计,研发,生产和销售,主要产品包括先进铜基金属粉体材料,高端微电子锡基焊粉材料和3D打印粉体材料等.",False,C33金属制品业,证监会行业分类
688458,美芯晟,688458.SH,SSE,科创板,北京,半导体,20230522,N,程宝洪,程宝洪,11153.6629,20080311.0,北京,北京市,272.0,www.maxictech.com,"主要产品为高集成度MCU数字控制SoC电源——无线充电芯片,以及模拟电源——LED照明驱动芯片.专注于高性能模拟及数模混合芯片研发和销售.",False,C39计算机、通信和其他电子设备制造业,证监会行业分类
688459,哈铁科技,688459.SH,SSE,科创板,黑龙江,运输设备,20221012,N,郑彦涛,于雷,48000.0,19961031.0,黑龙江,哈尔滨市,1213.0,www.cr-tc.cn,"主要产品包括轨道交通安全监测检测类产品,铁路专业信息化产品及智能装备产品.专注于轨道交通安全监测检测,铁路专业信息化和智能装备业务.致力于保障轨道交通列车运行安全,提升高速运行,恶劣运行环境下的安全检测与智能设备运行效率,实现智能化,数字化交通管理.",False,C37铁路、船舶、航空航天和其他运输设备制造业,证监会行业分类
688466,金科环境,688466.SH,SSE,科创板,北京,环境保护,20200508,N,张慧春,张慧春,12215.4152,20040708.0,北京,北京市,423.0,www.greentech.com.cn,"依托公司自主研发的膜通用平台装备技术,膜系统应用技术,膜系统运营技术等三大核心技术,为客户提供装备及技术解决方案,运营服务以及资源化产品.",False,N77生态保护和环境治理业,证监会行业分类
688468,科美诊断,688468.SH,SSE,科创板,北京,医疗保健,20210409,N,李临,李临,40110.8,20070510.0,北京,北京市,629.0,www.chemclin.com,"产品主要为基于光激化学发光法的LiCA系列诊断试剂和基于酶促化学发光法的CC系列诊断试剂及仪器,主要从事临床免疫化学发光诊断检测试剂和仪器的研发,生产和销售.",False,C27医药制造业,证监会行业分类
688469,芯联集成-U,688469.SH,SSE,科创板,浙江,半导体,20230510,H,赵奇,赵奇,838268.7172,20180309.0,浙江,绍兴市,4857.0,www.unt-c.com,"主要从事MEMS和功率器件等领域的晶圆代工及模组封测业务,为客户提供一站式系统代工解决方案.",False,C39计算机、通信和其他电子设备制造业,证监会行业分类
688472,阿特斯,688472.SH,SSE,科创板,江苏,电气设备,20230609,H,瞿晓铧,庄岩,364314.0112,20090707.0,江苏,苏州市,15796.0,cn.csisolar.com,"主营业务为晶硅光伏组件的研发,生产和销售.",False,C38电气机械和器材制造业,证监会行业分类
688475,萤石网络,688475.SH,SSE,科创板,浙江,IT设备,20221228,H,蒋海青,蒋海青,78750.0,20150325.0,浙江,杭州市,4837.0,www.ys7.com;www.ezviz.com,"公司致力于成为可信赖的智能家居服务商及物联网云平台提供商.主要产品包括:智能家居产品,物联网云平台.",False,C39计算机、通信和其他电子设备制造业,证监会行业分类
688478,晶升股份,688478.SH,SSE,科创板,江苏,半导体,20230424,N,李辉,李辉,13836.6096,20120209.0,江苏,南京市,210.0,www.cgee.com.cn,"主要为半导体材料厂商及其他材料客户提供晶体生长设备,经过多年持续的研发投入和技术工艺积累,开发了包括半导体级单晶硅炉,碳化硅单晶炉,蓝宝石单晶炉及其他晶体生长设备等主要产品.主要从事晶体生长设备的研发,生产和销售.",False,C35专用设备制造业,证监会行业分类
688479,友车科技,688479.SH,SSE,科创板,上海,软件服务,20230511,N,王文京,桂昌厚,14431.74,20030313.0,上海,上海市,1054.0,www.yonyouqiche.com,"公司面向汽车行业,工程机械行业,摩托车行业的客户,聚焦营销与后市场服务领域,提供软件产品及服务,并打造汽车产业链上下游和跨行业融合的数字化生态体系平台,赋能汽车行业数字化转型",False,I65软件和信息技术服务业,证监会行业分类
688480,赛恩斯,688480.SH,SSE,科创板,湖南,环境保护,20221125,N,高伟荣,蒋国民,9532.6179,20090709.0,湖南,长沙市,1281.0,www.seshb.com,"主要业务为重金属污酸,废水,废渣治理和资源化利用,环境修复,药剂与设备生产销售,设计及技术服务,环保管家,环境咨询,环境检测等领域.主营业务对应的产品及服务主要为重金属污染防治综合解决方案,药剂产品,运营服务.",False,N77生态保护和环境治理业,证监会行业分类
688484,南芯科技,688484.SH,SSE,科创板,上海,半导体,20230407,H,阮晨杰,阮晨杰,42766.317,20150804.0,上海,上海市,1233.0,www.southchip.com,"产品覆盖端到端的完整应用,包括供电端的反激控制,同步整流,充电协议通信,设备终端内部的充电协议通信,充电管理,电池管理,以及各类DC-DC转换和显示屏电源管理等.主营业务为模拟与嵌入式芯片的研发,设计和销售,专注于电源及电池管理领域,为客户提供端到端的完整解决方案.",False,I65软件和信息技术服务业,证监会行业分类
688485,九州一轨,688485.SH,SSE,科创板,北京,运输设备,20230118,N,曹卫东,曹卫东,15029.2062,20100723.0,北京,北京市,192.0,www.jiuzhouyigui.com,"主营业务是减振降噪相关的技术开发,产品研制,工程设计,检测评估,项目服务和智慧运维.",False,N77生态保护和环境治理业,证监会行业分类
688486,龙迅股份,688486.SH,SSE,科创板,安徽,半导体,20230221,H,陈峰,陈峰,13332.7682,20061129.0,安徽,合肥市,256.0,www.lontiumsemi.com,高清视频桥接及处理芯片和高速信号传输芯片的研发设计和销售.,False,I65软件和信息技术服务业,证监会行业分类
688488,艾迪药业,688488.SH,SSE,科创板,江苏,生物制药,20200720,H,傅和亮,张杰,42078.2808,20091215.0,江苏,扬州市,735.0,www.aidea.com.cn,"主营业务为乌司他丁,尤瑞克林,尿激酶等人源蛋白产品以及蜡样芽孢杆菌片,番泻叶颗粒,头孢拉定胶囊等制剂品种的生产销售,此外还经销HIV诊断设备及试剂.",False,C27医药制造业,证监会行业分类
688489,三未信安,688489.SH,SSE,科创板,北京,IT设备,20221202,H,张岳公,张岳公,11520.9676,20080818.0,北京,北京市,817.0,www.sansec.com.cn,"主要产品包括密码芯片,密码板卡,密码整机和密码系统等,为关键信息基础设施和云计算,大数据,区块链,数字货币,物联网,V2X车联网,人工智能等新兴领域提供密码支撑和安全保障.专注于密码技术的创新和密码产品的研发,销售及服务,为网络信息安全领域提供全面的商用密码产品和解决方案.",False,C39计算机、通信和其他电子设备制造业,证监会行业分类
688496,*ST清越,688496.SH,SSE,科创板,江苏,元器件,20221228,N,高裕弟,陈钢,45000.0,20101230.0,江苏,苏州市,699.0,www.qingyue-tech.com,"专注于为客户提供个性化的中小尺寸显示系统整体解决方案.除主要产品PMOLED,电子纸模组,硅基OLED外,还提供TFT-LCD模组,CTP模组等辅助产品,以满足客户的综合性需求.",True,C39计算机、通信和其他电子设备制造业,证监会行业分类
688498,源杰科技,688498.SH,SSE,科创板,陕西,半导体,20221221,H,王昱玺,ZHANG XINGANG,8594.7726,20130128.0,陕西,咸阳市？,716.0,www.yj-semitech.com,"主营业务为光芯片的研发,设计,生产与销售,主要产品包括2.5G,10G和25G及更高速率激光器芯片系列产品等,目前主要应用于光纤接入,4G/5G移动通信网络和数据中心等领域.主要产品为2.5G,10G,25G及更高速率激光器芯片系列产品",False,C39计算机、通信和其他电子设备制造业,证监会行业分类
688499,利元亨,688499.SH,SSE,科创板,广东,专用机械,20210701,H,周俊雄,周俊雄,16872.851,20141119.0,广东,惠州市,5370.0,www.lyric-robot.com,"主要从事智能制造装备的研发,生产及销售,为锂电池,汽车零部件,精密电子,安防等行业提供高端装备和工厂自动化解决方案,公司产品包括锂电池制造设备,汽车零部件制造设备和其他行业制造设备.",False,C35专用设备制造业,证监会行业分类
688500,慧辰股份,688500.SH,SSE,科创板,北京,互联网,20200716,N,赵龙,赵龙,7529.671,20081114.0,北京,北京市,504.0,www.hcr.com.cn,"为行业头部企业和国内政府机构提供基于企业内外部数据,消费者态度与行为数据和行业数据的业务经营分析与应用,定制化行业分析应用解决方案等服务",False,I65软件和信息技术服务业,证监会行业分类
688501,青达环保,688501.SH,SSE,科创板,山东,环境保护,20210716,N,王勇,刘衍卉,12422.6,20061009.0,山东,青岛市,1156.0,www.daneng.cc,"致力于节能降耗,环保减排设备的设计,制造和销售,为电力,热力,化工,冶金,垃圾处理等领域的客户提供炉渣节能环保处理系统,烟气节能环保处理系统和清洁能源消纳系统解决方案.主要产品为炉渣节能环保处理系统,烟气节能环保处理系统,清洁能源消纳系统设备及零配件.",False,C35专用设备制造业,证监会行业分类
688502,茂莱光学,688502.SH,SSE,科创板,江苏,元器件,20230309,H,范一,范一,5280.0,19990824.0,江苏,南京市,1094.0,www.mloptic.com,"主要为客户提供定制化的精密光学器件,光学镜头和光学系统.",False,C40仪器仪表制造业,证监会行业分类
688503,聚和材料,688503.SH,SSE,科创板,江苏,电气设备,20221209,H,刘海东,敖毅伟,24203.3643,20150824.0,江苏,常州市,729.0,www.fusion-materials.com,"专业从事新型电子浆料的研发,生产和销售,主要产品为太阳能电池用正面银浆.",False,C38电气机械和器材制造业,证监会行业分类
688505,复旦张江,688505.SH,SSE,科创板,上海,化学制药,20200619,H,赵大君,赵大君,10365.721,19961111.0,上海,上海市,876.0,www.fd-zj.com,"主要从事生物医药的创新研究开发,生产制造和市场营销.",False,C27医药制造业,证监会行业分类
688506,百利天恒,688506.SH,SSE,科创板,四川,化学制药,20230106,H,朱义,朱义,41287.3817,20060817.0,四川,成都市,2521.0,www.baili-pharm.com,"主营业务为药品的研发,生产及销售.主要产品包括:好好黄芪(黄芪颗粒),新博柴黄(柴黄颗粒),杜拉宝(消旋卡多曲颗粒),新博林(利巴韦林颗粒),奥博林(奥硝唑胶囊),乐维静(丙泊酚注射液),派斯欣(注射用甲磺酸帕珠沙星)等.",False,C27医药制造业,证监会行业分类
688507,索辰科技,688507.SH,SSE,科创板,上海,软件服务,20230418,H,陈灏,陈灏,8910.8784,20060224.0,上海,上海市,323.0,www.demxs.com,"主营业务为CAE软件研发,销售和服务.主要产品分为工程仿真软件和仿真产品开发.",False,I65软件和信息技术服务业,证监会行业分类
688508,芯朋微,688508.SH,SSE,科创板,江苏,半导体,20200722,H,张立新,易扬波,13131.0346,20051223.0,江苏,无锡市,428.0,www.chipown.com.cn,"主要产品为电源管理芯片(Power Management Integrated Circuits),目前在产的电源管理芯片共计超过500个型号.主营业务为电源管理集成电路的研发和销售.",False,I65软件和信息技术服务业,证监会行业分类
688509,正元地信,688509.SH,SSE,科创板,北京,软件服务,20210730,N,辛永祺,辛永祺,77000.0,19990331.0,北京,北京市,1728.0,www.geniuses.com.cn,"主营业务包括测绘地理信息技术服务,地下管网安全运维保障技术服务,以及智慧城市建设运营服务,其业务实质为地理信息数据获取,分析处理及空间信息大数据综合应用.",False,M74专业技术服务业,证监会行业分类
688510,航亚科技,688510.SH,SSE,科创板,江苏,航空,20201216,H,严奇,朱宏大,25952.2608,20130130.0,江苏,无锡市,658.0,www.hyatech.cn,"专注于航空发动机关键零部件及医疗骨科植入锻件的研发,生产及销售,主要产品包括航空发动机压气机叶片,转动件及结构件(整体叶盘,盘环件,机匣,整流器等),医疗骨科植入锻件(髋臼杯,髋柄及胫骨平台等精锻件)等高性能零部件.",False,C37铁路、船舶、航空航天和其他运输设备制造业,证监会行业分类
688511,天微电子,688511.SH,SSE,科创板,四川,元器件,20210730,N,张超,张超,13367.7885,20010827.0,四川,成都市,300.0,www.sctwdz.cn,"公司主要产品包括灭火抑爆系统,放电管,熔断器等.",False,C39计算机、通信和其他电子设备制造业,证监会行业分类
688512,慧智微-U,688512.SH,SSE,科创板,广东,半导体,20230516,H,李阳,李阳,46684.3548,20111111.0,广东,广州市,258.0,www.smartermicro.com,"主要产品为射频前端模组的5G模组和4G模组.主营业务为射频前端芯片及模组的研发,设计和销售.",False,C39计算机、通信和其他电子设备制造业,证监会行业分类
688513,苑东生物,688513.SH,SSE,科创板,四川,化学制药,20200902,H,王颖,袁明旭,17653.2256,20090601.0,四川,成都市,1522.0,www.eastonpharma.cn,"化学原料药和化学药制剂的研发,生产与销售",False,C27医药制造业,证监会行业分类
688515,裕太微-U,688515.SH,SSE,科创板,江苏,半导体,20230210,H,史清,史清,8000.0,20170125.0,江苏,苏州市,383.0,www.motor-comm.com,"专注于高速有线通信芯片的研发,设计和销售,主要销售产品为以太网物理层芯片.",False,I65软件和信息技术服务业,证监会行业分类
688516,奥特维,688516.SH,SSE,科创板,江苏,专用机械,20200521,H,葛志勇,葛志勇,31533.0141,20100201.0,江苏,无锡市,4101.0,www.wxautowell.com,"自动化设备的设计,研发,制造与销售以及整体解决方案的供应商,主要为光伏,锂电池等节能环保及新能源行业的生产制造厂商提供设备及解决方案.",False,C35专用设备制造业,证监会行业分类
688517,金冠电气,688517.SH,SSE,科创板,河南,电气设备,20210618,N,樊崇,樊崇,13661.3184,20050328.0,河南,南阳市,437.0,www.nyjinguan.com,"专业从事输配电及控制设备研发,制造和销售,长期服务于以特高压为骨干网架,各级电网协调发展的坚强智能电网建设,主要为用户提供交,直流金属氧化物避雷器及智能配电网系列产品.",False,C38电气机械和器材制造业,证监会行业分类
688518,联赢激光,688518.SH,SSE,科创板,深圳,专用机械,20200622,H,韩金龙,贾松,34132.5095,20050922.0,广东,深圳市,4350.0,www.uwlaser.com,"专业从事精密激光焊接机及激光焊接自动化成套设备的研发,生产,销售.",False,C35专用设备制造业,证监会行业分类
688519,南亚新材,688519.SH,SSE,科创板,上海,元器件,20200818,H,包秀银,包欣洋,23477.1002,20000627.0,上海,上海市,1976.0,www.nouyatec.com,"覆铜板和粘结片等复合材料及其制品的设计,研发,生产及销售",False,C39计算机、通信和其他电子设备制造业,证监会行业分类
688520,神州细胞,688520.SH,SSE,科创板,北京,生物制药,20200622,H,谢良志,谢良志,47033.5714,20070423.0,北京,北京市,2277.0,www.sinocelltech.com,"专注于恶性肿瘤,自身免疫性疾病,感染性疾病和遗传病等多个治疗和预防领域的生物药产品研发和产业化.",False,C27医药制造业,证监会行业分类
688521,芯原股份,688521.SH,SSE,科创板,上海,半导体,20200818,H,戴伟民,戴伟民,52591.5273,20010821.0,上海,上海市,2057.0,www.verisilicon.com,"主要服务为面向消费电子,汽车电子,计算机及周边,工业,数据处理,物联网等广泛应用市场所提供的一站式芯片定制服务和半导体IP授权服务.主营业务的应用领域广泛包括消费电子,汽车电子,计算机及周边,工业,数据处理,物联网等,主要客户包括IDM,芯片设计公司,以及系统厂商,大型互联网公司等.",False,I65软件和信息技术服务业,证监会行业分类
688522,纳睿雷达,688522.SH,SSE,科创板,广东,通信设备,20230301,H,包晓军,包晓军,30299.5606,20140522.0,广东,珠海市,278.0,www.naruida.com,主营业务是提供全极化有源相控阵雷达系统解决方案;主要产品为X波段双极化(双偏振)有源相控阵雷达设备,False,C39计算机、通信和其他电子设备制造业,证监会行业分类
688523,航天环宇,688523.SH,SSE,科创板,湖南,航空,20230602,H,李完小,李完小,40688.0,20000310.0,湖南,长沙市,898.0,www.hthykj.com,"主要产品及服务集中应用于航空航天领域,按照用途可分为宇航产品,航空航天工艺装备,航空产品,卫星通信及测控测试设备四大板块.主营业务专注于宇航产品,航空航天工艺装备,航空产品和卫星通信及测控测试设备的研发和制造.",False,C37铁路、船舶、航空航天和其他运输设备制造业,证监会行业分类
688525,佰维存储,688525.SH,SSE,科创板,深圳,半导体,20221230,H,孙成思,何瀚,47083.671,20100906.0,广东,深圳市,2852.0,www.biwin.com.cn,"主要从事半导体存储器的研发,生产和销售,主要产品及服务包括智能终端存储芯片,消费级存储模组,工业级存储模组及先进封测服务.",False,C39计算机、通信和其他电子设备制造业,证监会行业分类
688526,科前生物,688526.SH,SSE,科创板,湖北,农业综合,20200922,H,陈慕琳,陈慕琳,46612.8056,20010111.0,湖北,武汉市,950.0,www.kqbio.com,"兽用生物制品研发,生产,销售及动物防疫技术服务,主要产品是猪用疫苗和禽用疫苗.",False,C27医药制造业,证监会行业分类
688528,秦川物联,688528.SH,SSE,科创板,四川,电器仪表,20200701,N,邵泽华,邵泽华,16800.0,20011230.0,四川,成都市,947.0,www.cdqckj.com,"从事智能燃气表及综合管理软件的研发,制造,销售和服务,公司的主要产品为IC卡智能燃气表,物联网智能燃气表及综合管理软件.",False,C40仪器仪表制造业,证监会行业分类
688529,豪森智能,688529.SH,SSE,科创板,辽宁,专用机械,20201109,N,董德熙,董德熙,16817.5953,20020904.0,辽宁,大连市,2446.0,www.haosen.com.cn,"产品主要包括发动机智能装配线,变速箱智能装配线和白车身焊装智能生产线;在新能源汽车领域,产品主要包括混合动力变速箱智能装配线,动力锂电池智能生产线,氢燃料电池智能生产线和新能源汽车驱动电机智能生产线等.主要从事智能生产线的规划,研发,设计,装配,调试集成,销售,服务和交钥匙工程等.",False,C35专用设备制造业,证监会行业分类
688530,欧莱新材,688530.SH,SSE,科创板,广东,半导体,20240509,N,文宏福,文宏福,16004.4824,20100511.0,广东,韶关市,529.0,www.omat.com.cn,"主营业务为高性能溅射靶材的研发,生产和销售,主要产品包括多种尺寸和各类形态的铜靶,铝靶,钼及钼合金靶和ITO靶等.",False,C39计算机、通信和其他电子设备制造业,证监会行业分类
688531,日联科技,688531.SH,SSE,科创板,江苏,专用机械,20230331,H,刘骏,叶俊超,16559.3939,20090722.0,江苏,无锡市,972.0,www.unicomp.cn,"主要产品包括工业X射线智能检测装备,影像软件和微焦点X射线源.主要从事微焦点和大功率X射线智能检测装备的研发,生产,销售与服务.",False,C35专用设备制造业,证监会行业分类
688533,上声电子,688533.SH,SSE,科创板,江苏,汽车配件,20210419,H,周建明,周建明,16498.7041,19920627.0,江苏,苏州市,3101.0,sonavox-group.com,"拥有声学产品,系统方案及相关算法的研发设计能力,产品主要涵盖车载扬声器系统,车载功放及AVAS,能够为客户提供全面的产品解决方案.",False,C39计算机、通信和其他电子设备制造业,证监会行业分类
688535,华海诚科,688535.SH,SSE,科创板,江苏,半导体,20230404,H,韩江龙,韩江龙,9601.4323,20101217.0,江苏,连云港市,971.0,www.hhck-em.com,主要产品为环氧塑封料和电子胶黏剂.专注于半导体封装材料的研发及产业化.,False,C39计算机、通信和其他电子设备制造业,证监会行业分类
688536,思瑞浦,688536.SH,SSE,科创板,江苏,半导体,20200921,H,吴建刚,吴建刚,13807.5483,20120423.0,江苏,苏州市,877.0,www.3peak.com,"主要产品为高性能模拟芯片,分为信号链模拟芯片和电源管理模拟芯片两大类,专注于模拟集成电路产品研发和销售.",False,I65软件和信息技术服务业,证监会行业分类
688538,和辉光电-U,688538.SH,SSE,科创板,上海,半导体,20210528,H,傅文彪,刘惠然,1380943.7625,20121029.0,上海,上海市,3469.0,www.everdisplay.com,"公司是国内知名的AMOLED半导体显示面板制造商,专注于中小尺寸AMOLED半导体显示面板的研发,生产及销售.",False,C39计算机、通信和其他电子设备制造业,证监会行业分类
688539,高华科技,688539.SH,SSE,科创板,江苏,电器仪表,20230418,H,李维平,李维平,18592.0,20000229.0,江苏,南京市,538.0,www.govagroup.com,"主营业务为高可靠性传感器及传感器网络系统的研发,设计,生产及销售;主要产品为各类压力,加速度,温湿度,位移等传感器,以及通过软件算法将上述传感器集成为传感器网络系统.",False,C39计算机、通信和其他电子设备制造业,证监会行业分类
688543,国科军工,688543.SH,SSE,科创板,江西,专用机械,20230621,H,余永安,黄军华,20884.2028,20071229.0,江西,南昌市,1138.0,www.guokegroup.com,"主营业务为导弹(火箭)固体发动机动力与控制产品及弹药装备的研发,生产与销售;产品涵盖各种导弹,火箭弹固体发动机动力模块,安全与控制模块,多型主战装备的主用弹药,特种弹药及其引信与智能控制产品",False,C37铁路、船舶、航空航天和其他运输设备制造业,证监会行业分类
688545,兴福电子,688545.SH,SSE,科创板,湖北,元器件,20250122,H,李少平,叶瑞,36000.0,20081114.0,湖北,宜昌市,881.0,www.sinophorus.com,"公司主要从事湿电子化学品的研发,生产和销售,主要产品包括电子级磷酸,电子级硫酸等通用湿电子化学品,以及蚀刻液,清洗剂,显影液,剥膜液,再生剂等功能湿电子化学品.",False,C39计算机、通信和其他电子设备制造业,证监会行业分类
688548,广钢气体,688548.SH,SSE,科创板,广东,化工原料,20230815,H,邓韬,贲志山,131939.8521,20140911.0,广东,广州市,1099.0,www.ggas.com,"主营业务为销售气体产品;主要产品包括氮气(N2),氦气(He),氧气(O2),氢气(H2),氩气(Ar),二氧化碳(CO2)等气体品种.",False,C39计算机、通信和其他电子设备制造业,证监会行业分类
688549,中巨芯-U,688549.SH,SSE,科创板,浙江,元器件,20230908,H,童继红,陈刚,147727.6,20171225.0,浙江,衢州市,712.0,www.grandit.com.cn,"主要产品为电子级氢氟酸,电子级硝酸,电子级硫酸,电子级盐酸,电子级氨水,缓冲氧化物刻蚀液,硅刻蚀液,高纯氯气,高纯氯化氢,高纯六氟化钨,高纯氟碳类气体,前驱体材料HCDS,BDEAS,TDMAT.主营业务为电子湿化学品,电子特种气体和前驱体材料的研发,生产和销售.",False,C39计算机、通信和其他电子设备制造业,证监会行业分类
688550,瑞联新材,688550.SH,SSE,科创板,陕西,化工原料,20200902,H,刘晓春,王小伟,17384.4438,19990415.0,陕西,西安市,1608.0,www.xarlm.com,"主要从事液晶显示材料,OLED显示材料及其它精细化学品的研发,生产和销售.主要产品:OLED材料,单体液晶,创新药中间体.",False,C26化学原料和化学制品制造业,证监会行业分类
688551,科威尔,688551.SH,SSE,科创板,安徽,专用机械,20200910,N,傅仕涛,傅仕涛,8407.0709,20110603.0,安徽,合肥市,672.0,www.kewell.com.cn,"是一家专注于测试电源设备制造的高新技术企业,坚持自主创新,依托电力电子技术平台,融合软件仿真算法与测控技术,为众多行业提供专业,可靠,高性能测试电源和系统.",False,C35专用设备制造业,证监会行业分类
688552,航天南湖,688552.SH,SSE,科创板,湖北,通信设备,20230518,H,罗辉华,丁柏,33724.8,19890629.0,湖北,荆州市,817.0,htnh.fyjs.casic.cn,"主要从事防空预警雷达研发,生产,销售和服务,产品主要包括雷达及配套装备.",False,C39计算机、通信和其他电子设备制造业,证监会行业分类
688553,汇宇制药-W,688553.SH,SSE,科创板,四川,化学制药,20211026,N,丁兆,丁兆,42360.0,20101012.0,四川,内江市,1382.0,www.huiyupharma.com,"主要从事抗肿瘤和注射剂药物的研发,生产和销售.",False,C27医药制造业,证监会行业分类
688556,高测股份,688556.SH,SSE,科创板,山东,专用机械,20200807,H,张顼,张秀涛,83077.3934,20061020.0,山东,青岛市,3219.0,www.gaoce.cc,"高硬脆材料切割设备,高硬脆材料切割耗材,轮胎检测设备及耗材的研发,生产,销售及其配套服务.",False,C35专用设备制造业,证监会行业分类
688557,兰剑智能,688557.SH,SSE,科创板,山东,专用机械,20201202,N,吴耀华,张小艺,10267.964,20010223.0,山东,济南市,1792.0,www.blueswords.com,"主要从事智能仓储物流自动化系统的研发,设计,生产,销售及服务",False,C34通用设备制造业,证监会行业分类
688558,国盛智科,688558.SH,SSE,科创板,江苏,机床制造,20200630,N,潘卫国,卫小虎,13200.0,19990831.0,江苏,南通市,894.0,www.ntgszk.com,"从事数控机床和机床附件制造,主营业务为数控机床,以机床设备为主的精密钣焊产品和精密机床铸件的研发,生产和销售.",False,C34通用设备制造业,证监会行业分类
688559,海目星,688559.SH,SSE,科创板,深圳,专用机械,20200909,H,赵盛宇,赵盛宇,24775.9044,20080403.0,广东,深圳市,5850.0,www.hymson.com,"主要从事消费电子,动力电池,钣金加工等行业激光及自动化设备的研发,设计,生产及销售",False,C35专用设备制造业,证监会行业分类
688560,明冠新材,688560.SH,SSE,科创板,江西,电气设备,20201224,N,闫洪嘉,闫洪嘉,20130.1918,20071130.0,江西,宜春市,419.0,www.mg-crown.com,"主要产品为太阳能电池背板,主营业务为新型复合膜材料的研发,生产和销售.",False,C29橡胶和塑料制品业,证监会行业分类
688561,奇安信-U,688561.SH,SSE,科创板,北京,软件服务,20200722,H,齐向东,吴云坤,68225.2725,20140616.0,北京,北京市,7570.0,www.qianxin.com,"产品体系包括三大类别:基础架构安全产品,新一代IT基础设施防护产品以及大数据智能安全检测与管控产品.主营业务为向政府,企业客户提供新一代企业级网络安全产品和服务.",False,I65软件和信息技术服务业,证监会行业分类
688562,航天软件,688562.SH,SSE,科创板,北京,软件服务,20230524,H,彭涛,蒋旭,40000.0,20001212.0,北京,北京市,1247.0,www.bjsasc.com,"以神通数据库和AVIDM Foundation为基础,构建了自主软件产品(基础软件,工业软件),信息技术服务(金审信息化服务,商密网云服务,信息化运维服务)和信息系统集成(主要面向航天及党政军领域)等三大主营业务.",False,I65软件和信息技术服务业,证监会行业分类
688563,航材股份,688563.SH,SSE,科创板,北京,航空,20230719,H,杨晖,刘其广,45000.0,20000410.0,北京,北京市,1109.0,baimtec.aecc.cn,"主要产品分别为钛合金铸件,橡胶与密封件,透明件和高温合金母合金.主要从事航空,航天用部件及材料研发,生产和销售.",False,C37铁路、船舶、航空航天和其他运输设备制造业,证监会行业分类
688565,力源科技,688565.SH,SSE,科创板,浙江,环境保护,20210513,N,沈家雯,沈家雯,14973.0,19990518.0,浙江,嘉兴市,196.0,www.psr-china.com,"水处理系统设备研发,设计和集成业务",False,C35专用设备制造业,证监会行业分类
688566,吉贝尔,688566.SH,SSE,科创板,江苏,化学制药,20200518,H,耿仲毅,耿仲毅,19943.0865,20011113.0,江苏,镇江市,1327.0,www.jbepharm.com,"专业从事化学药品制剂,中成药制剂,原料药的研发,生产和销售,",False,C27医药制造业,证监会行业分类
688567,孚能科技,688567.SH,SSE,科创板,江西,电气设备,20200717,H,谢勇,董立刚,122210.3885,20091218.0,江西,赣州市,6463.0,www.farasis.com,"专注于新能源车用锂离子动力电池及整车电池系统的研发,生产和销售,并为新能源汽车整车企业提供动力电池整体解决方案.",False,C38电气机械和器材制造业,证监会行业分类
688568,中科星图,688568.SH,SSE,科创板,北京,软件服务,20200708,H,许光銮,邵宗有,80807.8912,20060120.0,北京,北京市,3041.0,www.geovis.com.cn,"主营业务是面向国防,政府,企业,大众等用户提供数字地球产品和技术开发服务.主要产品包括GEOVIS数字地球基础平台产品和GEOVIS数字地球应用平台产品.",False,I65软件和信息技术服务业,证监会行业分类
688569,铁科轨道,688569.SH,SSE,科创板,北京,运输设备,20200831,H,李伟,田德柱,21066.67,20061030.0,北京,北京市,560.0,www.bjtkgd.com,"公司轨道扣件产品主要为高铁扣件和重载扣件,主营业务是以高铁扣件为核心的高铁工务工程产品的研发,生产和销售,致力于为高铁运营提供安全,稳定,可靠的工务工程产品.",False,C37铁路、船舶、航空航天和其他运输设备制造业,证监会行业分类
688570,天玛智控,688570.SH,SSE,科创板,北京,专用机械,20230605,H,刘治国,李明忠,43300.0,20010717.0,北京,北京市,599.0,www.tmic.com.cn,"专业从事煤矿无人化智能开采控制技术和装备的研发,生产,销售和服务.",False,C40仪器仪表制造业,证监会行业分类
688571,杭华股份,688571.SH,SSE,科创板,浙江,染料涂料,20201211,N,邱克家,邱克家,42417.07,19881205.0,浙江,杭州市,762.0,www.hhink.com,"主要从事符合国家环保战略方向的节能环保型油墨产品及数码材料,功能材料的研发,生产和销售,为客户提供完整的油墨相关产品和印刷解决方案.",False,C26化学原料和化学制品制造业,证监会行业分类
688573,信宇人,688573.SH,SSE,科创板,深圳,专用机械,20230817,N,杨志明,杨志明,9775.4388,20020808.0,广东,深圳市,884.0,www.xinyuren.com,"主要从事智能制造高端装备的研发,生产及销售,产品主要包括锂离子电池生产设备及其关键零部件和其他自动化设备,为锂离子电池,光电,医疗用品,氢燃料电池等行业客户提供高端装备和自动化解决方案.",False,C35专用设备制造业,证监会行业分类
688575,亚辉龙,688575.SH,SSE,科创板,深圳,医疗保健,20210517,H,宋永波,宋永波,57138.83,20080917.0,广东,深圳市,1753.0,www.szyhlo.com,"主营业务为以化学发光免疫分析法为主的体外诊断仪器及配套试剂的研发,生产和销售,及部分非自产医疗器械产品的代理销售业务.",False,C27医药制造业,证监会行业分类
688576,西山科技,688576.SH,SSE,科创板,重庆,医疗保健,20230606,N,郭毅军,郭毅军,4550.006,19991223.0,重庆,重庆市,641.0,www.xishantech.com.cn,"主要从事手术动力装置的研发,生产,销售,主要产品包括手术动力装置整机,耗材及配件等.",False,C35专用设备制造业,证监会行业分类
688577,浙海德曼,688577.SH,SSE,科创板,浙江,机床制造,20200916,H,高长泉,白生文,11127.9729,19930317.0,浙江,台州市,1031.0,www.headman.cn,"公司产品主要分为高端数控车床,自动化生产线和普及型数控车床三大品类,二十余种产品型号,专业从事数控车床研发,设计,生产和销售.",False,C34通用设备制造业,证监会行业分类
688578,艾力斯,688578.SH,SSE,科创板,上海,化学制药,20201202,H,杜锦豪,杜锦豪,45000.0,20040322.0,上海,上海市,1417.0,www.allist.com.cn,"致力于研发和生产具有自主知识产权,安全,有效,惠及大众的创新药物.",False,C27医药制造业,证监会行业分类
688579,地纬智能,688579.SH,SSE,科创板,山东,软件服务,20200717,N,隋进浩,史玉良,40001.0,19921119.0,山东,济南市,1486.0,www.dareway.com.cn,"面向智慧政务,智慧医保医疗,智能用电三大行业提供智慧人社,一体化政务服务平台,智慧医保,智慧医疗支付结算,智能用电信息采集及业务平台,智能用电大数据服务等六大整体解决方案.",False,I65软件和信息技术服务业,证监会行业分类
688580,伟思医疗,688580.SH,SSE,科创板,江苏,医疗保健,20200721,N,王志愚,王志愚,9577.1288,20010110.0,江苏,南京市,639.0,www.vishee.com,"主要产品包括电刺激类,磁刺激类,电生理类设备,耗材及配件等康复医疗器械及产品,是中国康复医疗器械行业的技术创新驱动型企业,致力于在盆底及产后康复,神经康复,精神康复等细分领域为医疗及专业机构提供安全,有效的康复产品及整体解决方案.",False,C35专用设备制造业,证监会行业分类
688581,安杰思,688581.SH,SSE,科创板,浙江,医疗保健,20230519,H,张承,张承,8112.2079,20101206.0,浙江,杭州市,744.0,www.bioags.com,"从事内镜微创诊疗器械的研发,生产与销售,主要产品应用于消化内镜诊疗领域,按治疗用途分为止血闭合类,EMR/ESD类,活检类,ERCP类和诊疗仪器类.",False,C35专用设备制造业,证监会行业分类
688582,芯动联科,688582.SH,SSE,科创板,安徽,元器件,20230630,H,林明,林明,40173.9056,20120730.0,安徽,蚌埠市,230.0,www.numems.com,"主营业务为高性能硅基MEMS惯性传感器的研发,测试与销售.主要产品为高性能MEMS惯性传感器.",False,C39计算机、通信和其他电子设备制造业,证监会行业分类
688583,思看科技,688583.SH,SSE,科创板,浙江,电器仪表,20250115,H,王江峰,王江峰,8840.0,20150323.0,浙江,杭州市,414.0,www.3d-scantech.com.cn,"公司主营业务为三维视觉数字化产品及系统的研发,生产和销售.公司产品主要覆盖工业级高精度和专业级高性价比两大差异化赛道,涵盖便携式3D视觉数字化产品,跟踪式3D视觉数字化产品,专业级彩色3D视觉数字化产品和工业级自动化3D视觉检测系统等产品.",False,C40仪器仪表制造业,证监会行业分类
688584,上海合晶,688584.SH,SSE,科创板,上海,半导体,20240208,H,毛瑞源,陈建纲,66545.8353,19941201.0,上海,上海市,1031.0,www.waferworks.com.cn,"主要从事半导体硅外延片的研发,生产,销售及加工服务.主要产品为半导体硅外延片",False,C39计算机、通信和其他电子设备制造业,证监会行业分类
688585,上纬新材,688585.SH,SSE,科创板,上海,化工原料,20200928,H,田华,田华,40336.1728,20001025.0,上海,上海市,424.0,www.swancor.com.cn,"主营业务为环保高性能耐腐蚀材料,风电叶片用材料,新型复合材料的研发,生产和销售",False,C26化学原料和化学制品制造业,证监会行业分类
688586,江航装备,688586.SH,SSE,科创板,安徽,航空,20200731,H,邓长权,刘文彪,79133.9156,20071228.0,安徽,合肥市,1292.0,www.jianghang.com,"公司在航空装备领域的主要产品覆盖航空氧气系统,机载油箱惰性化防护系统,飞机副油箱等,聚焦于航空装备及特种制冷领域,主要产品涵盖航空氧气系统,机载油箱惰性化防护系统,飞机副油箱等航空产品以及军民用特种制冷设备.",False,C37铁路、船舶、航空航天和其他运输设备制造业,证监会行业分类
688588,凌志软件,688588.SH,SSE,科创板,江苏,软件服务,20200511,H,张宝泉,张宝泉,40001.0003,20030103.0,江苏,苏州市,2928.0,www.linkstec.com,"致力于新兴技术在金融行业的应用,为客户提供咨询,设计,开发,维护等全方位的软件服务,业务范围涵盖了证券,保险,银行,信托,资产管理等金融领域",False,I65软件和信息技术服务业,证监会行业分类
688589,力合微,688589.SH,SSE,科创板,深圳,半导体,20200722,N,Liu Kun,Liu Kun,14532.8518,20020812.0,广东,深圳市,305.0,www.leaguerme.com,"自主研发物联网通信核心基础技术及底层算法并将研发成果集成到自主设计的物联网通信芯片中,主要产品包括电力物联网通信芯片,模块,整机及系统应用方案.",False,I65软件和信息技术服务业,证监会行业分类
688590,新致软件,688590.SH,SSE,科创板,上海,软件服务,20201207,H,郭玮,章晓峰,28151.7184,19940604.0,上海,上海市,6595.0,www.newtouch.com,"专注于为金融机构提供基于自有产品的信息化通用解决方案,为企业客户提供行业信息化定制解决方案以及向海外发包商提供软件外包服务.",False,I65软件和信息技术服务业,证监会行业分类
688591,泰凌微,688591.SH,SSE,科创板,上海,半导体,20230825,H,盛文军,盛文军,24074.3536,20100630.0,上海,上海市,425.0,www.telink-semi.cn,"主要从事无线物联网系统级芯片的研发,设计及销售,专注于无线物联网芯片领域的前沿技术开发与突破.主要产品包括电子价签,物联网网关,照明,遥控器,体重秤,智能手表手环,无线键鼠,无线音频设备等.",False,C39计算机、通信和其他电子设备制造业,证监会行业分类
688592,司南导航,688592.SH,SSE,科创板,上海,通信设备,20230816,N,王永泉,王永泉,8046.0614,20120228.0,上海,上海市,582.0,www.sinognss.com,"高精度北斗/GNSS芯片,板卡/模块,终端和系统解决方案",False,C39计算机、通信和其他电子设备制造业,证监会行业分类
688593,新相微,688593.SH,SSE,科创板,上海,半导体,20230601,H,肖宏,肖宏,45952.9412,20050329.0,上海,上海市,195.0,www.newvisionu.com.cn,"主营业务聚焦于显示芯片的研发,设计及销售,致力于提供完整的显示芯片系统解决方案.产品涵盖整合型显示芯片和分离型显示芯片.",False,I65软件和信息技术服务业,证监会行业分类
688595,芯海科技,688595.SH,SSE,科创板,深圳,半导体,20200928,H,卢国建,卢国建,14409.3508,20030927.0,广东,深圳市,546.0,www.chipsea.com,"专注于高精度ADC,高性能MCU,测量算法以及物联网一站式解决方案的研发设计",False,C39计算机、通信和其他电子设备制造业,证监会行业分类
688596,正帆科技,688596.SH,SSE,科创板,上海,专用机械,20200820,H,俞东雷,史可成,29413.1139,20091010.0,上海,上海市,1914.0,www.gentechindustries.com,"致力于为泛半导体,光纤通信,医药制造等行业客户提供工艺介质和工艺环境综合解决方案,包括(1)气体化学品供应系统的设计,生产,安装及配套服务;(2)高纯特种气体的生产,销售;(3)洁净厂房配套系统的设计,施工.",False,C35专用设备制造业,证监会行业分类
688597,煜邦电力,688597.SH,SSE,科创板,北京,电器仪表,20210617,N,周德勤,周德勤,33606.0276,19960517.0,北京,北京市,1217.0,www.yupont.com,"智能用电领域产品的研发,生产和销售,并向客户提供电能信息采集与管理整体解决方案和电网信息化技术开发与服务.主要产品包括单相智能电能表,三相智能电能表,集中器,采集器,专变终端,配电网自动化终端及故障指示器,采集装置,主站系统及相关软件的技术开发与服务等.",False,C40仪器仪表制造业,证监会行业分类
688598,金博股份,688598.SH,SSE,科创板,湖南,矿物制品,20200518,H,戴朝晖,戴朝晖,20757.3116,20050606.0,湖南,益阳市,633.0,www.kbcarbon.com,"主要从事先进碳基复合材料及产品的研发,生产和销售,主营业务产品为先进碳基复合材料及产品.",False,C30非金属矿物制品业,证监会行业分类
688599,天合光能,688599.SH,SSE,科创板,江苏,电气设备,20200610,H,高纪凡,高纪凡,234256.7686,19971226.0,江苏,常州市,29975.0,www.trinasolar.com,"主要业务包括光伏产品,光伏系统,智慧能源三大板块.光伏产品包括单,多晶的硅基光伏组件的研发,生产和销售;光伏系统包括电站业务及系统产品业务;智慧能源包括光伏发电及运维服务,智能微网及多能系统的开发和销售以及能源云平台运营等业务.",False,C38电气机械和器材制造业,证监会行业分类
688600,皖仪科技,688600.SH,SSE,科创板,安徽,电器仪表,20200703,N,臧牧,臧牧,13470.849,20030626.0,安徽,合肥市,1144.0,www.wayeal.com.cn,"专业从事环保在线监测仪器,检漏仪器,实验室分析仪器,电子测量仪器等分析检测仪器的研发,生产,销售和提供相关技术服务.以光谱,质谱,色谱,频谱技术为基础,形成了环保在线监测仪器,检漏仪器,实验室分析仪器,电子测量仪器四大产品体系,产品主要应用于环保,化工,电力,汽车制造,新能源锂电池,制冷,生物医药,科研等领域.",False,C40仪器仪表制造业,证监会行业分类
688601,力芯微,688601.SH,SSE,科创板,江苏,半导体,20210628,H,袁敏民,袁敏民,13369.27,20020528.0,江苏,无锡市,519.0,www.etek.com.cn,"致力于模拟芯片的研发及销售,主要通过高性能,高可靠性的电源管理芯片为客户提供高效的电源管理方案,并积极研发和推广智能组网延时管理单元,信号链芯片等其他类别产品.",False,C39计算机、通信和其他电子设备制造业,证监会行业分类
688602,康鹏科技,688602.SH,SSE,科创板,上海,化工原料,20230720,N,杨建华,袁云龙,51937.5,19961114.0,上海,上海市,992.0,www.chemspec.com.cn,"主要从事精细化学品的研发,生产和销售;产品主要为新材料及医药和农药化学品.",False,C26化学原料和化学制品制造业,证监会行业分类
688603,天承科技,688603.SH,SSE,科创板,上海,化工原料,20230710,H,童茂军,童茂军,12472.4524,20101119.0,上海,上海市,226.0,www.skychemcn.com,"产品主要包括水平沉铜专用化学品,电镀专用化学品,铜面处理专用化学品等,主要从事PCB所需要的专用电子化学品的研发,生产和销售.",False,C39计算机、通信和其他电子设备制造业,证监会行业分类
688605,先锋精科,688605.SH,SSE,科创板,江苏,半导体,20241212,H,游利,游利,20237.9856,20080320.0,江苏,泰州市,1522.0,www.sprint-tech.com,公司的产品为应用于半导体设备领域及其他领域的精密零部件.,False,C34通用设备制造业,证监会行业分类
688606,奥泰生物,688606.SH,SSE,科创板,浙江,医疗保健,20210325,H,高飞,高飞,7928.0855,20090417.0,浙江,杭州市,969.0,www.alltests.com.cn,"主营业务为体外诊断试剂的研发,生产和销售,主要产品为快速诊断试剂,包括毒品及药物滥用检测,传染病检测,妇女健康检测,肿瘤检测以及心脏标志物检测等五大系列.",False,C27医药制造业,证监会行业分类
688607,康众医疗,688607.SH,SSE,科创板,江苏,医疗保健,20210201,N,刘建强,刘建强,8812.9027,20070523.0,江苏,苏州市,285.0,careray.cn,"主要产品为数字化X射线平板探测器,专业从事数字化X射线平板探测器研发,生产,销售和服务.",False,C35专用设备制造业,证监会行业分类
688608,恒玄科技,688608.SH,SSE,科创板,上海,半导体,20201216,H,赵国光,赵国光,16869.3735,20150608.0,上海,上海市,744.0,www.bestechnic.com,"主营业务为智能音频SoC芯片的研发,设计与销售,为客户提供AIoT场景下具有语音交互能力的边缘智能主控平台芯片,产品广泛应用于智能蓝牙耳机,Type-C耳机,智能音箱等低功耗智能音频终端.",False,C39计算机、通信和其他电子设备制造业,证监会行业分类
688609,九联科技,688609.SH,SSE,科创板,广东,家用电器,20210323,H,詹启军,詹启军,50000.0,20011107.0,广东,惠州市,1507.0,www.unionman.com.cn,"家庭多媒体信息终端,智能家庭网络通信设备,物联网通信模块,光通讯模块,智能安防设备及相关软件系统与平台的研发,生产,销售与服务",False,C39计算机、通信和其他电子设备制造业,证监会行业分类
688610,埃科光电,688610.SH,SSE,科创板,安徽,电器仪表,20230719,N,董宁,董宁,6800.0,20110324.0,安徽,合肥市,418.0,www.i-tek.cn,"专业从事工业机器视觉成像部件产品设计,研发,生产和销售.主要产品包括作为工业机器视觉核心部件的工业相机及图像采集卡两大品类.",False,C40仪器仪表制造业,证监会行业分类
688611,杭州柯林,688611.SH,SSE,科创板,浙江,电气设备,20210412,H,谢东,谢东,15338.96,20021212.0,浙江,杭州市,299.0,www.kelinpower.com,"专业从事电气设备健康状态智能感知与诊断预警装置的研发,生产和销售",False,C38电气机械和器材制造业,证监会行业分类
688612,威迈斯,688612.SH,SSE,科创板,深圳,汽车配件,20230726,H,万仁春,刘钧,41918.8098,20050818.0,广东,深圳市,3782.0,www.vmaxpower.com.cn,"主要从事新能源汽车相关电力电子产品的研发,生产,销售和技术服务,主要产品包括车载电源的车载充电机,车载DC/DC变换器,车载电源集成产品,电驱系统的电机控制器,电驱总成,以及液冷充电桩模块等.",False,C36汽车制造业,证监会行业分类
688613,奥精医疗,688613.SH,SSE,科创板,北京,医疗保健,20210521,N,黄晚兰,仇志烨,13700.8584,20041222.0,北京,北京市,271.0,www.allgensmed.cn,"专注于高端生物医用材料及相关医疗器械产品的研发,生产及销售",False,C35专用设备制造业,证监会行业分类
688615,合合信息,688615.SH,SSE,科创板,上海,软件服务,20240926,H,镇立新,镇立新,14000.0,20060808.0,上海,上海市,1149.0,www.intsig.com,"是一家人工智能及大数据科技企业,基于自主研发的领先的智能文字识别及商业大数据核心技术,为全球C端用户和多元行业B端客户提供数字化,智能化的产品及服务.",False,I65软件和信息技术服务业,证监会行业分类
688616,西力科技,688616.SH,SSE,科创板,浙江,电器仪表,20210318,N,宋毅然,周小蕾,17937.8265,19991230.0,浙江,杭州市,390.0,www.cnxili.com,"专业从事智能电表,用电信息采集终端,电能计量箱等电能计量产品的研发,生产和销售,主要产品为包括单相智能表,三相智能表在内的智能电表,以及包括集中器,采集器,专变采集终端在内的用电信息采集终端和电能计量箱产品.",False,C40仪器仪表制造业,证监会行业分类
688617,惠泰医疗,688617.SH,SSE,科创板,深圳,医疗保健,20210107,H,葛昊,成正辉,14104.1779,20020617.0,广东,深圳市,3118.0,www.aptmed.com.cn,"已上市的产品包括电生理,冠脉通路和外周血管介入医疗器械,专注于电生理和血管介入医疗器械的研发,生产和销售.",False,C35专用设备制造业,证监会行业分类
688618,三旺通信,688618.SH,SSE,科创板,深圳,通信设备,20201230,N,熊伟,熊伟,11018.563,20010906.0,广东,深圳市,540.0,www.3onedata.com.cn,"致力于工业互联网通信产品的研发,生产和销售.",False,C39计算机、通信和其他电子设备制造业,证监会行业分类
688619,罗普特,688619.SH,SSE,科创板,福建,软件服务,20210223,N,陈延行,陈延行,18543.8042,20060317.0,福建,厦门市,263.0,www.ropeok.com,"主营业务包括社会安全系统解决方案设计实施,软硬件设计开发,产品销售及运维服务业务.",False,I65软件和信息技术服务业,证监会行业分类
688620,安凯微,688620.SH,SSE,科创板,广东,半导体,20230627,N,胡胜发,胡胜发,39200.0,20010410.0,广东,广州市,403.0,www.anyka.com,"主要从事物联网智能硬件核心SoC芯片的研发,设计,终测和销售,主要产品包括物联网摄像机芯片和物联网应用处理器芯片.",False,C39计算机、通信和其他电子设备制造业,证监会行业分类
688621,阳光诺和,688621.SH,SSE,科创板,北京,医疗保健,20210621,H,刘宇晶,刘宇晶,11200.0,20090309.0,北京,北京市,1359.0,www.sun-novo.com,"公司主营业务是为医药企业提供专业化研发外包服务,致力于协助中国医药制造企业加速实现进口替代和自主创新.主要产品:索磷布韦片,缬沙坦氢氯噻嗪片,缬沙坦氨氯地平片(Ⅰ),恩替卡韦片.",False,M73研究和试验发展,证监会行业分类
688622,*ST禾信,688622.SH,SSE,科创板,广东,电器仪表,20210913,N,周振,周振,7046.5521,20040624.0,广东,广州市,276.0,www.tofms.net,"专业从事质谱仪的研发,生产和销售.主要向客户提供质谱仪及相关技术服务.",True,C40仪器仪表制造业,证监会行业分类
688623,双元科技,688623.SH,SSE,科创板,浙江,专用机械,20230608,N,郑建,郑建,5914.27,20060321.0,浙江,杭州市,457.0,www.zjusy.com,"公司是生产过程质量检测及控制解决方案提供商,专注于为企业提供在线自动化检测及闭环控制系统和机器视觉智能检测系统.",False,C35专用设备制造业,证监会行业分类
688625,呈和科技,688625.SH,SSE,科创板,广东,化工原料,20210607,H,赵文林,张旭,18832.0951,20020131.0,广东,广州市,303.0,www.gchchem.com,"主营产品包括成核剂,合成水滑石和NDO复合助剂三大类型高分子材料助剂产品,主要为制造高性能树脂材料与改性塑料的企业提供环保,安全,高性能的高分子材料助剂产品.",False,C26化学原料和化学制品制造业,证监会行业分类
688626,翔宇医疗,688626.SH,SSE,科创板,河南,医疗保健,20210331,H,何永正,何永正,16000.0,20020320.0,河南,安阳市,2341.0,www.xyyl.com,"为全国各级医疗机构,养老机构,残疾人康复中心,福利院,教育系统等机构以及家庭提供系列康复产品及整体解决方案.",False,C35专用设备制造业,证监会行业分类
688627,精智达,688627.SH,SSE,科创板,深圳,专用机械,20230718,H,张滨,张滨,9401.1754,20110531.0,广东,深圳市,637.0,www.seichitech.com,"主要从事新型显示器件检测设备的研发,生产和销售业务.",False,C35专用设备制造业,证监会行业分类
688628,优利德,688628.SH,SSE,科创板,广东,电器仪表,20210201,N,洪少俊,洪少俊,11176.7588,20031205.0,广东,东莞市,1353.0,www.uni-trend.com.cn,"致力于测试测量仪器仪表的研发,生产和销售,主要产品包括电子电工测试仪表,温度及环境测试仪表,电力及高压测试仪表,测绘测量仪表和测试仪器等.",False,C40仪器仪表制造业,证监会行业分类
688629,华丰科技,688629.SH,SSE,科创板,四川,元器件,20230627,H,杨艳辉,刘太国,46099.2831,19941121.0,四川,绵阳市,2616.0,www.huafeng796.com,"主要从事光,电连接器及线缆组件的研发,生产,销售,并为客户提供系统解决方案.主要产品按应用领域分为三类:防务类连接产品,通讯类连接产品,工业类连接产品.",False,C39计算机、通信和其他电子设备制造业,证监会行业分类
688630,芯碁微装,688630.SH,SSE,科创板,安徽,专用机械,20210401,H,程卓,方林,13174.0716,20150630.0,安徽,合肥市,804.0,www.cfmee.cn,"主要产品及服务包括PCB直接成像设备及自动线系统,泛半导体直写光刻设备及自动线系统,其他激光直接成像设备以及上述产品的售后维保服务,产品功能涵盖微米到纳米的多领域光刻环节.专业从事以微纳直写光刻为技术核心的直接成像设备及直写光刻设备的研发,制造,销售以及相应的维保服务.",False,C35专用设备制造业,证监会行业分类
688631,莱斯信息,688631.SH,SSE,科创板,江苏,软件服务,20230628,H,程先峰,程先峰,16347.0,19880716.0,江苏,南京市,855.0,www.les.cn,"主要提供以指挥控制技术为核心的指挥信息系统整体解决方案和系列产品,长期服务于国家治理体系和治理能力的现代化建设.公司面向民航空中交通管理,城市道路交通管理,城市治理等领域的信息化需求,提供涵盖顶层设计,整体方案,产品研制,系统集成,服务运营等信息系统服务.",False,I65软件和信息技术服务业,证监会行业分类
688633,星球石墨,688633.SH,SSE,科创板,江苏,专用机械,20210324,N,钱淑娟,张艺,14376.9849,20011024.0,江苏,南通市,589.0,www.ntxingqiu.com,"主营业务为石墨设备的研发,生产,销售及维保服务,主要产品为石墨合成炉,石墨换热器,石墨塔器等各型号石墨设备及相关配件.",False,C35专用设备制造业,证监会行业分类
688636,智明达,688636.SH,SSE,科创板,四川,元器件,20210408,H,王勇,龙波,17390.6404,20020328.0,四川,成都市,512.0,www.zmdde.com,"主要面向军工领域客户,提供军用嵌入式计算机相关产品和解决方案.",False,C39计算机、通信和其他电子设备制造业,证监会行业分类
688638,誉辰智能,688638.SH,SSE,科创板,深圳,专用机械,20230712,N,张汉洪,张汉洪,5600.0,20121213.0,广东,深圳市,1138.0,www.utimes.cn,"主营业务为非标自动化智能装配设备,测试设备的研发,生产和销售.主要产品为锂离子电池智能制造装备与消费电子类智能制造设备.",False,C35专用设备制造业,证监会行业分类
688639,华恒生物,688639.SH,SSE,科创板,安徽,化学制药,20210422,H,郭恒华,郭恒华,25011.5693,20050413.0,安徽,合肥市,2252.0,www.huahengbio.com,"主要产品包括丙氨酸系列产品,D-泛酸钙和α-熊果苷,其中丙氨酸系列产品包括L-丙氨酸,DL-丙氨酸和β-丙氨酸.,主要从事氨基酸及其衍生物产品研发,生产,销售.",False,C26化学原料和化学制品制造业,证监会行业分类
688646,ST逸飞,688646.SH,SSE,科创板,湖北,专用机械,20230728,N,吴轩,吴轩,9416.2608,20051230.0,湖北,武汉市,1000.0,www.yifilaser.com,"专业从事精密激光加工智能装备研发,设计,生产和销售,主要产品包括锂电池电芯自动装配线,模组/PACK自动装配线等自动化产线及各类精密激光加工智能化专机.",True,C35专用设备制造业,证监会行业分类
688648,中邮科技,688648.SH,SSE,科创板,上海,机床制造,20231113,H,杨效良,杨效良,13600.0,20020705.0,上海,上海市,1237.0,www.cpte.com,"主要从事智能物流系统的研发,设计,生产,销售并提供相关服务,产品主要包括智能分拣系统,智能传输系统等.",False,C34通用设备制造业,证监会行业分类
688651,盛邦安全,688651.SH,SSE,科创板,北京,软件服务,20230726,N,权晓文,权晓文,7539.9,20101207.0,北京,北京市,616.0,www.webray.com.cn,"主营业务为网络安全产品的研发,生产和销售,并提供相关网络安全服务.",False,I65软件和信息技术服务业,证监会行业分类
688652,京仪装备,688652.SH,SSE,科创板,北京,半导体,20231129,H,沈洪亮,于浩,16800.0,20160630.0,北京,北京市,1016.0,www.baecltd.com.cn,"主要从事半导体专用设备的研发,生产和销售,主营产品包括半导体专用温控设备(Chiller),半导体专用工艺废气处理设备(Local Scrubber)和晶圆传片设备(Sorter).",False,C35专用设备制造业,证监会行业分类
688653,康希通信,688653.SH,SSE,科创板,上海,半导体,20231117,H,PING PENG,PING PENG,42448.0,20150811.0,上海,上海市,178.0,www.kxcomtech.com,"主要从事Wi-Fi射频前端芯片及模组的研发,设计及销售.公司产品包括Wi-Fi FEM及IoT FEM.",False,C39计算机、通信和其他电子设备制造业,证监会行业分类
688655,迅捷兴,688655.SH,SSE,科创板,深圳,元器件,20210511,N,马卓,马卓,13339.0,20050819.0,广东,深圳市,1515.0,www.jxpcb.com,"印制电路板的研发,生产和销售.",False,C39计算机、通信和其他电子设备制造业,证监会行业分类
688656,浩欧博,688656.SH,SSE,科创板,江苏,医疗保健,20210113,H,JOHN LI,JOHN LI,6347.974,20090608.0,江苏,苏州市,546.0,www.hob-biotech.com,"专业从事体外诊断试剂的研发,生产和销售.",False,C27医药制造业,证监会行业分类
688657,浩辰软件,688657.SH,SSE,科创板,江苏,软件服务,20231010,N,胡立新,陆翔,6551.4288,20011127.0,江苏,苏州市,833.0,www.gstarcad.com,主要从事CAD相关软件的研发及推广销售业务.,False,I65软件和信息技术服务业,证监会行业分类
688658,悦康药业,688658.SH,SSE,科创板,北京,化学制药,20201224,H,于伟仕,于飞,45000.0,20010814.0,北京,北京市,2870.0,www.youcareyk.com,"主营业务涵盖药品研发,制造,流通销售全产业链条,具备注射液,冻干粉针剂,片剂,胶囊剂等多种剂型以及部分原料药的生产能力,产品覆盖心脑血管,消化系统,抗感染,内分泌以及抗肿瘤等12个用药领域.",False,C27医药制造业,证监会行业分类
688659,元琛科技,688659.SH,SSE,科创板,安徽,环境保护,20210331,N,徐辉,梁燕,16000.0,20050516.0,安徽,合肥市,530.0,www.shychb.com;www.yckjgf.com,"主要从事过滤材料,烟气净化系列环保产品的研发,生产,销售和服务,主要产品为各类耐高温耐腐蚀滤袋和SCR脱硝催化剂.",False,C26化学原料和化学制品制造业,证监会行业分类
688660,电气风电,688660.SH,SSE,科创板,上海,电气设备,20210519,H,乔银平,王勇,133333.34,20060907.0,上海,上海市,1648.0,www.sewpg.com,"主营业务为风力发电设备设计,研发,制造和销售以及后市场配套服务.",False,C34通用设备制造业,证监会行业分类
688661,和林微纳,688661.SH,SSE,科创板,江苏,元器件,20210329,H,骆兴顺,骆兴顺,15188.7826,20120618.0,江苏,苏州市,896.0,www.uigreen.com,"主营业务为微型精密电子零部件和元器件的研发,设计,生产和销售,公司主要产品为微机电(MEMS)精微电子零部件系列产品以及半导体芯片测试探针系列产品;其中,微机电(MEMS)精微电子零部件系列产品主要包括精微屏蔽罩,精密结构件以及精微连接器及零部件.",False,C39计算机、通信和其他电子设备制造业,证监会行业分类
688662,富信科技,688662.SH,SSE,科创板,广东,元器件,20210401,N,刘富林,刘富林,8824.0,20030606.0,广东,佛山市,1408.0,www.fuxin-cn.com,"主营业务为半导体热电器件及以其为核心的热电系统,热电整机应用产品的研发,设计,制造与销售业务.",False,C39计算机、通信和其他电子设备制造业,证监会行业分类
688663,新风光,688663.SH,SSE,科创板,山东,电气设备,20210413,N,何洪臣,胡顺全,14147.46,20040810.0,山东,济宁市,1257.0,www.fengguang.com,"专业从事大功率电力电子节能控制技术及相关产品研发,生产,销售和服务,为客户量身打造调速节能,智能控制,改善电能质量等方面的产品及解决方案.产品包括高压动态无功补偿装置,各类高中低压变频器,轨道交通能量回馈装置,特种电源等.",False,C38电气机械和器材制造业,证监会行业分类
688665,四方光电,688665.SH,SSE,科创板,湖北,电器仪表,20210209,H,熊友辉,熊友辉,10119.2341,20030522.0,湖北,武汉市,1726.0,www.gassensor.com.cn,"专业从事气体传感器,气体分析仪器的研发,生产和销售.",False,C39计算机、通信和其他电子设备制造业,证监会行业分类
688667,菱电电控,688667.SH,SSE,科创板,湖北,汽车配件,20210312,N,王和平,吴章华,5269.5457,20050107.0,湖北,武汉市,883.0,www.whldqc.com,"主营业务包括汽车发动机管理系统,摩托车发动机管理系统,纯电动汽车动力电子控制系统,混合动力汽车动力电子控制系统的研发,生产,销售和技术服务,产品包括汽油车和摩托车的EMS,电动车的MCU,VCU,混合动力汽车的EMS,VCU,MCU和GCU.",False,C39计算机、通信和其他电子设备制造业,证监会行业分类
688668,鼎通科技,688668.SH,SSE,科创板,广东,通信设备,20201221,H,王成海,王成海,13927.0606,20030611.0,广东,东莞市,4747.0,www.dingtong.net.cn,"专注于通讯连接器精密组件和汽车连接器精密组件的研发,生产和销售.",False,C39计算机、通信和其他电子设备制造业,证监会行业分类
688669,聚石化学,688669.SH,SSE,科创板,广东,化工原料,20210125,N,陈钢,杨衷核,12133.3334,20070608.0,广东,清远市,2172.0,www.polyrocks.cn,"主营业务为阻燃剂,改性塑料粒子及制品的研发,生产和销售.",False,C29橡胶和塑料制品业,证监会行业分类
688670,金迪克,688670.SH,SSE,科创板,江苏,生物制药,20210802,N,余军,张良斌,12320.0,20081229.0,江苏,泰州市,452.0,www.gdkbio.com,"公司主要从事疫苗研发,生产,销售.公司主要产品(含在研)包括针对预防流行性感冒,狂犬病,水痘,带状疱疹和肺炎疾病等适应症的多种人用疫苗产品.",False,C27医药制造业,证监会行业分类
688671,碧兴物联,688671.SH,SSE,科创板,深圳,环境保护,20230809,N,何愿平,何愿平,7851.89,20120118.0,广东,深圳市,717.0,www.bx-tec.com,"主营业务为智慧环境监测,公共安全大数据.",False,C40仪器仪表制造业,证监会行业分类
688676,金盘科技,688676.SH,SSE,科创板,海南,电气设备,20210309,H,李辉,杨霞玲,45978.4364,19970603.0,海南,海口市,2286.0,www.jst.com.cn,"主要从事应用于新能源,高端装备,节能环保等领域的输配电及控制设备产品的研发,生产和销售,主要产品为干式变压器(包括特种干式变压器和标准干式变压器),干式电抗器,中低压成套开关设备,箱式变电站,一体化逆变并网装置,SVG等输配电及控制设备产品,广泛应用于新能源(含风能,太阳能,智能电网等),高端装备(含轨道交通,海洋工程),节能环保(含高效节能),工业企业电气配套,基础设施,民用住宅,传统发电及供电,新型基础设施(含数据中心,新能源汽车充电设施)等领域,其中新能源风能,高端装备轨道交通,节能环保-高效节能等三个领域为公司主要产品的重点应用领域.",False,C38电气机械和器材制造业,证监会行业分类
688677,海泰新光,688677.SH,SSE,科创板,山东,医疗保健,20210226,H,郑安民,郑耀,11987.7,20030611.0,山东,青岛市,841.0,www.novelbeam.com,"主要从事医用内窥镜器械和光学产品的研发,生产和销售.",False,C35专用设备制造业,证监会行业分类
688678,福立旺,688678.SH,SSE,科创板,江苏,元器件,20201223,H,许惠钧,许惠钧,28793.3215,20060518.0,江苏,苏州市,5408.0,www.freewon.com.cn,"精密金属零部件的研发,制造和销售,主要为3C,汽车,电动工具等下游应用行业的客户提供精密金属零部件产品.",False,C34通用设备制造业,证监会行业分类
688679,通源环境,688679.SH,SSE,科创板,安徽,环境保护,20201225,N,杨明,杨明,13168.9675,19990415.0,安徽,合肥市,877.0,www.ahtongyuan.com,"专注于固废污染阻隔修复,固废处理处置和水环境修复",False,N77生态保护和环境治理业,证监会行业分类
688680,海优新材,688680.SH,SSE,科创板,上海,塑料,20210122,N,李民,李民,9757.0958,20050922.0,上海,上海市,856.0,www.hiuv.com,"从事特种高分子薄膜的研发,生产和销售",False,C29橡胶和塑料制品业,证监会行业分类
688681,科汇股份,688681.SH,SSE,科创板,山东,电气设备,20210616,N,朱亦军,熊立新,10467.0,19931015.0,山东,淄博市,663.0,www.kehui.cn,"致力于电气自动化新技术,工业物联网技术的研发与产业化.",False,C38电气机械和器材制造业,证监会行业分类
688682,霍莱沃,688682.SH,SSE,科创板,上海,软件服务,20210420,N,李吉龙,李吉龙,10183.8895,20070710.0,上海,上海市,173.0,www.holly-wave.com,"致力于电磁场与微波技术各类应用技术的测试和仿真,主要从事无线通信和雷达领域的测试,仿真和整体设备系统的业务.具体而言,公司依托自主研发的电磁场仿真分析与相控阵校准测试核心算法,围绕相控阵的设计,研发,生产和应用阶段,提供相应软件,系统和相关产品.",False,I65软件和信息技术服务业,证监会行业分类
688683,莱尔科技,688683.SH,SSE,科创板,广东,元器件,20210412,N,伍仲乾,龚伟全,16109.78,20040402.0,广东,佛山市,863.0,www.leary.com.cn,"公司生产的功能性涂布胶膜材料主要有FFC多功能胶膜,补强板,LED柔性线路板膜等热熔胶膜,防爆装饰一体膜,制程保护膜,TP模组保护膜等压敏胶膜.公司生产的主要胶膜应用产品有FFC柔性扁平线缆和LED柔性线路板等.主营业务为功能性涂布胶膜材料及下游应用产品的研发,生产,销售.",False,C39计算机、通信和其他电子设备制造业,证监会行业分类
688685,迈信林,688685.SH,SSE,科创板,江苏,航空,20210513,H,王启,王启,14685.1667,20100315.0,江苏,苏州市,431.0,www.maixinlin.com,"公司专注于航空航天零部件的工艺研发和加工制造,在航空航天领域积累了丰富的研发,生产,运营经验,形成了精密制造技术.在立足航空航天领域的同时,公司将积累的精密制造技术逐步推展至多个行业,包括汽车,电子等.",False,C37铁路、船舶、航空航天和其他运输设备制造业,证监会行业分类
688686,奥普特,688686.SH,SSE,科创板,广东,电器仪表,20201231,H,卢治临,卢治临,12223.5455,20060324.0,广东,东莞市,3188.0,www.optmv.com,"主要生产和销售的产品包括光源,光源控制器,镜头,相机,视觉控制系统等机器视觉核心软硬件,并通过向下游客户提供专业的机器视觉解决方案带动产品的销售.从事机器视觉核心软硬件产品的研发,生产和销售.",False,C40仪器仪表制造业,证监会行业分类
688687,凯因科技,688687.SH,SSE,科创板,北京,生物制药,20210208,H,周德胜,周德胜,17094.4422,20080820.0,北京,北京市,600.0,www.kawin.com.cn,"专注于现有病毒病领域治疗药物的生产及销售为基础,同时积极开展创新药的研发.",False,C27医药制造业,证监会行业分类
688689,银河微电,688689.SH,SSE,科创板,江苏,半导体,20210127,N,杨森茂,刘军,12890.3899,20061008.0,江苏,常州市,1215.0,www.gmesemi.com,"专注于半导体分立器件的研发,生产和销售",False,C39计算机、通信和其他电子设备制造业,证监会行业分类
688690,纳微科技,688690.SH,SSE,科创板,江苏,化工原料,20210623,H,江必旺,牟一萍,40381.4765,20071022.0,江苏,苏州市,1198.0,www.nanomicro.com,"专门从事高性能纳米微球材料研发,规模化生产,销售及应用服务,为生物医药,平板显示,分析检测及体外诊断等领域客户提供核心微球材料及相关技术解决方案.",False,C26化学原料和化学制品制造业,证监会行业分类
688691,灿芯股份,688691.SH,SSE,科创板,上海,半导体,20240411,H,庄志青,庄志青,12000.0,20080717.0,上海,上海市,346.0,www.britesemi.com,"为客户提供一站式芯片定制服务,包括芯片定义,IP选型及授权,架构设计,逻辑设计,物理设计,设计数据校验,流片方案设计等全流程芯片设计服务.",False,I65软件和信息技术服务业,证监会行业分类
688692,达梦数据,688692.SH,SSE,科创板,湖北,软件服务,20240612,H,冯裕才,皮宇,11324.0,20001113.0,湖北,武汉市,1611.0,www.dameng.com,"主要产品及服务包括软件产品使用授权,数据及行业解决方案,运维服务等.主营业务为销售数据库管理系统软件及其相关产品,数据及行业解决方案.",False,I65软件和信息技术服务业,证监会行业分类
688693,锴威特,688693.SH,SSE,科创板,江苏,半导体,20230818,N,罗寅,罗寅,7368.4211,20150122.0,江苏,苏州市,244.0,www.convertsemi.com,"主营业务为功率半导体的设计,研发和销售,并提供相关技术服务.主要产品包含功率器件及功率IC两大类.",False,C39计算机、通信和其他电子设备制造业,证监会行业分类
688695,中创股份,688695.SH,SSE,科创板,山东,软件服务,20240313,N,景新海,高隆林,8505.1378,20021227.0,山东,济南市,379.0,www.inforbus.com,"主营业务为中间件软件销售,与中间件相关的定制化开发服务及运维服务.公司产品主要包括应用服务器中间件,消息中间件,工作流中间件,企业服务总线等基础中间件,以及业务信息和电子文件交换系统,物联网监管平台软件,PaaS平台软件等平台化中间件.",False,I65软件和信息技术服务业,证监会行业分类
688696,极米科技,688696.SH,SSE,科创板,四川,家用电器,20210303,H,钟波,肖适,7002.0,20131118.0,四川,成都市,1817.0,www.xgimi.com,"主营业务是智能投影产品的研发,生产及销售,同时向消费者提供围绕智能投影的配件产品及互联网增值服务.",False,C39计算机、通信和其他电子设备制造业,证监会行业分类
688697,纽威数控,688697.SH,SSE,科创板,江苏,机床制造,20210917,H,郭国新,胡春有,45733.338,19970429.0,江苏,苏州市,1390.0,www.newaycnc.com,"中高档数控机床的研发,生产及销售,现有大型加工中心,立式数控机床,卧式数控机床等系列200多种型号产品,广泛应用于汽车,工程机械,模具,阀门,自动化装备,电子设备,航空,船舶,通用设备等行业,部分产品根据客户特殊需求定制化开发.",False,C34通用设备制造业,证监会行业分类
688698,伟创电气,688698.SH,SSE,科创板,江苏,电气设备,20201229,H,胡智勇,胡智勇,21402.2774,20131017.0,江苏,苏州市,1742.0,www.veichi.cn,"主营业务为变频器,伺服系统与运动控制器等产品的研发,生产及销售.",False,C40仪器仪表制造业,证监会行业分类
688699,明微电子,688699.SH,SSE,科创板,深圳,半导体,20201218,N,王乐康,王乐康,11006.464,20031030.0,广东,深圳市,862.0,www.chinaasic.com,"主要从事集成电路研发设计,封装测试和销售,产品主要包括LED显示驱动芯片,LED照明驱动芯片,电源管理芯片等,产品广泛应用于LED显示屏,智能景观,照明,家电等领域.",False,I65软件和信息技术服务业,证监会行业分类
688700,东威科技,688700.SH,SSE,科创板,江苏,专用机械,20210615,H,刘建波,刘建波,29840.136,20051229.0,江苏,苏州市,1394.0,www.ksdwgroup.com,"主要从事高端精密电镀设备及其配套设备的研发,设计,生产及销售,主要产品包括应用于PCB电镀领域的VCP设备,水平式表面处理设备,以及应用于通用五金电镀领域的龙门式电镀设备,滚镀类设备.",False,C35专用设备制造业,证监会行业分类
688701,卓锦股份,688701.SH,SSE,科创板,浙江,环境保护,20210916,N,卓未龙,卓未龙,13427.7372,20030902.0,浙江,杭州市,173.0,www.zone-king.com,"从事环保综合治理服务,环保产品销售与服务,主营业务覆盖“环保综合治理服务”,“环保产品销售与服务”两类,其中环保综合治理服务主要包括土壤及地下水修复,水污染治理,水体修复,废气处理,固废处理与处置等五大业务条线,环保产品销售与服务主要向下游客户提供产品销售及维护服务.",False,N77生态保护和环境治理业,证监会行业分类
688702,盛科通信-U,688702.SH,SSE,科创板,江苏,半导体,20230914,H,吕宝利,孙剑勇,41000.0,20050131.0,江苏,苏州市,536.0,www.centec.com,"主要产品包括以太网交换芯片及配套产品.主营业务为以太网交换芯片及配套产品的研发,设计和销售.",False,I65软件和信息技术服务业,证监会行业分类
688707,振华新材,688707.SH,SSE,科创板,贵州,电气设备,20210914,H,左才凤,向黔新,50874.0205,20040426.0,贵州,贵阳市,2071.0,www.zh-echem.com,"专注于锂离子电池正极材料的研发,生产及销售,主要提供新能源汽车,消费电子及储能领域产品所用的锂离子电池正极材料.",False,C39计算机、通信和其他电子设备制造业,证监会行业分类
688708,佳驰科技,688708.SH,SSE,科创板,四川,化工原料,20241205,H,姚瑶,陈良,40001.0,20080718.0,四川,成都市,446.0,www.cdjc.com.cn,"国内主要的EMMS提供商,主要产品包括隐身功能涂层材料,隐身功能结构件,电磁兼容材料.",False,C41其他制造业,证监会行业分类
688709,成都华微,688709.SH,SSE,科创板,四川,半导体,20240207,H,王策,王策,63684.7026,20000309.0,四川,成都市,956.0,,"主要产品涵盖特种数字及模拟集成电路两大领域,其中数字集成电路产品包括以可编程逻辑器件(CPLD/FPGA)为代表的逻辑芯片,存储芯片及微控制器等,模拟集成电路产品包括数据转换(ADC/DAC),总线接口,电源管理及放大器等;主营业务为集成电路研发,设计,测试与销售,以提供信号处理与控制系统的整体解决方案.",False,C39计算机、通信和其他电子设备制造业,证监会行业分类
688710,益诺思,688710.SH,SSE,科创板,上海,生物制药,20240903,H,常艳,常艳,14097.9615,20100512.0,上海,上海市,1085.0,www.innostarbio.com,"公司服务主要涵盖生物医药早期成药性评价,非临床研究以及临床检测及转化研究三大板块,其中非临床研究板块具体包括非临床安全性评价,非临床药代动力学研究,非临床药效学研究.",False,M73研究和试验发展,证监会行业分类
688711,宏微科技,688711.SH,SSE,科创板,江苏,半导体,20210901,H,赵善麒,赵善麒,21309.2828,20060818.0,江苏,常州市,1093.0,www.macmicst.com,"以IGBT,FRED为主的功率半导体芯片,单管,模块和电源模组的设计,研发,生产和销售.",False,C39计算机、通信和其他电子设备制造业,证监会行业分类
688712,北芯生命,688712.SH,SSE,科创板,深圳,医疗保健,20260205,N,宋亮,宋亮,41700.0,20151211.0,广东,深圳市,632.0,www.insight-med.com,"公司致力于开发为冠状动脉疾病,外周血管疾病及房颤等心血管疾病诊疗带来变革的精准解决方案,产品覆盖IVUS系统,FFR系统,血管通路产品,冲击波球囊治疗系统及电生理解决方案五大产品类别.",False,C35专用设备制造业,证监会行业分类
688716,中研股份,688716.SH,SSE,科创板,吉林,化工原料,20230920,N,谢怀杰,谢怀杰,12168.0,20061222.0,吉林,长春市,379.0,www.zypeek.cn,"主要产品:封端聚醚醚酮(FD-PEEK)及其复合产品,产品型号:770G,770PF,550G,550PF,330G,330PF等.服务项目:产品的研发,生产,售后服务及产品销售.",False,C26化学原料和化学制品制造业,证监会行业分类
688717,艾罗能源,688717.SH,SSE,科创板,浙江,电气设备,20240103,H,李新富,李新富,16000.0,20120302.0,浙江,杭州市,3006.0,www.solaxpower.com.cn,"主要面向海外客户提供光伏储能逆变器,储能电池以及并网逆变器,应用于分布式光伏储能及并网领域.",False,C38电气机械和器材制造业,证监会行业分类
688718,唯赛勃,688718.SH,SSE,科创板,上海,塑料,20210728,N,谢建新,袁念慈,17375.4389,20010828.0,上海,上海市,444.0,www.wave-cyber.com,"公司主要产品包括反渗透膜及纳滤膜系列产品,膜元件压力容器和复合材料压力罐.",False,C35专用设备制造业,证监会行业分类
688719,爱科赛博,688719.SH,SSE,科创板,陕西,电气设备,20230928,N,白小青,白小青,11538.5418,19960119.0,陕西,西安市,1045.0,www.cnaction.com,"主营业务为电力电子变换和控制设备的研发,生产和销售,主要产品为精密测试电源,精密特种电源和电能质量控制设备.",False,C38电气机械和器材制造业,证监会行业分类
688720,艾森股份,688720.SH,SSE,科创板,江苏,半导体,20231206,N,沈鑫,向文胜,8813.3334,20100326.0,江苏,苏州市,207.0,www.asem.cn,"主要从事电子化学品的研发,生产和销售业务.",False,C39计算机、通信和其他电子设备制造业,证监会行业分类
688721,龙图光罩,688721.SH,SSE,科创板,深圳,半导体,20240806,H,叶小龙,叶小龙,13350.0,20100419.0,广东,深圳市,273.0,www.starmask.cn,"主营业务为半导体掩模版的研发,生产和销售;主要产品为掩模版.",False,C39计算机、通信和其他电子设备制造业,证监会行业分类
688722,同益中,688722.SH,SSE,科创板,北京,化纤,20211019,N,黄兴良,陈艳华,22466.67,19990210.0,北京,北京市,1396.0,www.bjtyz.com,"公司拥有超高分子量聚乙烯纤维行业全产业链布局,主要产品包括超高分子量聚乙烯纤维及其复合材料,其中复合材料分为无纬布和防弹制品两大类.超高分子量聚乙烯纤维是制作无纬布的主要原材料;公司又在无纬布的基础上,经特定工艺和材料制成防弹制品.",False,C28化学纤维制造业,证监会行业分类
688726,拉普拉斯,688726.SH,SSE,科创板,深圳,专用机械,20241029,H,林佳继,林佳继,40532.6189,20160509.0,广东,深圳市,2388.0,www.laplace-tech.cn,"公司主营业务为光伏电池片制造所需高性能热制程,镀膜及配套自动化设备的研发,生产与销售.",False,C38电气机械和器材制造业,证监会行业分类
688727,恒坤新材,688727.SH,SSE,科创板,福建,半导体,20251118,N,易荣坤,易荣坤,44931.96,20041210.0,福建,厦门市,376.0,www.hengkun.com,"公司产品包括SOC,BARC,i-Line光刻胶,KrF光刻胶等光刻材料以及TEOS等前驱体材料.",False,C39计算机、通信和其他电子设备制造业,证监会行业分类
688728,格科微,688728.SH,SSE,科创板,上海,半导体,20210818,H,赵立新,赵立新,260058.6667,20040706.0,,Grand Cayman,2073.0,www.gcoreinc.com,"主要产品包括CMOS图像传感器和显示驱动芯片,主营业务为CMOS图像传感器和显示驱动芯片的研发,设计和销售.",False,C39计算机、通信和其他电子设备制造业,证监会行业分类
688729,屹唐股份,688729.SH,SSE,科创板,北京,半导体,20250708,N,张文冬,陆郝安,295556.0,20151230.0,北京,北京市,1192.0,www.bestsemi.com,"主营业务是集成电路制造过程中所需晶圆加工设备的研发,生产和销售;主要产品是为集成电路制造企业提供干法去胶设备,快速热处理设备,干法刻蚀设备,并提供备品备件及相关服务",False,C35专用设备制造业,证监会行业分类
688733,壹石通,688733.SH,SSE,科创板,安徽,矿物制品,20210817,N,蒋学鑫,蒋学鑫,19977.519,20060106.0,安徽,蚌埠市,766.0,www.estonegroup.com,"主营业务为先进无机非金属复合材料的研发,生产和销售,主要产品包括锂电池主动安全材料,电子通信功能材料和低烟无卤阻燃材料等三大类.",False,C39计算机、通信和其他电子设备制造业,证监会行业分类
688737,中自科技,688737.SH,SSE,科创板,四川,汽车配件,20211022,N,陈启章,王云,11956.4509,20050715.0,四川,成都市,877.0,www.sinocat.com.cn,"专注于环保催化剂的研发,生产和销售.",False,C26化学原料和化学制品制造业,证监会行业分类
688739,成大生物,688739.SH,SSE,科创板,辽宁,生物制药,20211028,H,李宁,毛昱,41645.0,20020617.0,辽宁,沈阳市,1807.0,www.cdbio.cn,"人用狂犬病疫苗(Vero细胞),乙脑灭活疫苗(Vero细胞)",False,C27医药制造业,证监会行业分类
688750,金天钛业,688750.SH,SSE,科创板,湖南,小金属,20241120,H,李新罗,樊凯,46250.0,20040408.0,湖南,常德市,548.0,www.xtjtty.com,"主营产品为钛及钛合金棒材,锻坯及零部件,主要应用于航空,航天,舰船及兵器等高端装备领域.",False,C32有色金属冶炼和压延加工业,证监会行业分类
688755,汉邦科技,688755.SH,SSE,科创板,江苏,专用机械,20250516,N,张大兵,张大兵,8800.0,19981028.0,江苏,淮安市,651.0,www.hanbon.com.cn,"主要为制药,生命科学等领域提供专业的分离纯化装备,耗材,应用技术服务及相关的技术解决方案.",False,C35专用设备制造业,证监会行业分类
688757,胜科纳米,688757.SH,SSE,科创板,江苏,电器仪表,20250325,H,李晓旻,李晓旻,40331.1486,20120817.0,江苏,苏州市,566.0,www.wintech-nano.com,"公司主要从事半导体第三方检测分析服务,致力于打造专业高效的一站式检测分析平台,为半导体产业链客户提供失效分析,材料分析,可靠性分析等检测分析服务.",False,M74专业技术服务业,证监会行业分类
688758,赛分科技,688758.SH,SSE,科创板,江苏,化工原料,20250110,H,黄学英,黄学英,41646.4084,20090316.0,江苏,苏州市,399.0,www.sepax-tech.com.cn,"主要产品为色谱柱和色谱填料,公司核心产品为应用于生物大分子药物及小分子化学药物分析检测和分离纯化的色谱柱和色谱填料.",False,C26化学原料和化学制品制造业,证监会行业分类
688759,必贝特-U,688759.SH,SSE,科创板,广东,生物制药,20251028,N,钱长庚 QIAN CHANGGENG,钱长庚,45003.6657,20120119.0,广东,广州市,148.0,www.bebettermed.cn,"聚焦于肿瘤,自身免疫性疾病,代谢性疾病等重大疾病领域,依托自主研发构建的核心技术平台,持续开发临床急需的全球首创药物(First-in-Class)和针对未满足临床需求的创新药物.",False,C27医药制造业,证监会行业分类
688765,禾元生物-U,688765.SH,SSE,科创板,湖北,生物制药,20251028,N,杨代常,杨代常,35750.0,20061116.0,湖北,武汉市,213.0,www.oryzogen.com,"公司主要从事植物分子医药的研发,生产及商业化业务,产品主要包括药品,药用辅料以及科研试剂.",False,C27医药制造业,证监会行业分类
688766,普冉股份,688766.SH,SSE,科创板,上海,半导体,20210823,H,王楠,王楠,14804.9102,20160104.0,上海,上海市,574.0,www.puyasemi.com,"主要产品包括NORFlash和EEPROM两大类非易失性存储器芯片,属于通用型芯片,主营业务是非易失性存储器芯片的设计与销售.",False,C39计算机、通信和其他电子设备制造业,证监会行业分类
688767,博拓生物,688767.SH,SSE,科创板,浙江,医疗保健,20210908,H,陈音龙,吴淑江,14933.3334,20081128.0,浙江,杭州市,603.0,www.biotests.com.cn,公司的主要产品为POCT快速诊断试剂产品.,False,C27医药制造业,证监会行业分类
688768,容知日新,688768.SH,SSE,科创板,安徽,电器仪表,20210726,N,聂卫华,聂卫华,8798.8713,20070807.0,安徽,合肥市,695.0,www.ronds.com.cn,"公司主要产品为工业设备状态监测与故障诊断系统,按其终端产品的表现形式,主要包含有线系统,无线系统和手持系统三个系列.",False,C40仪器仪表制造业,证监会行业分类
688772,珠海冠宇,688772.SH,SSE,科创板,广东,电气设备,20211015,H,徐延铭,徐延铭,113218.5704,20070511.0,广东,珠海市,23255.0,www.cosmx.com,"主要产品为聚合物软包锂离子电池.主要从事消费类聚合物软包锂离子电池的研发,生产及销售.",False,C38电气机械和器材制造业,证监会行业分类
688775,影石创新,688775.SH,SSE,科创板,深圳,IT设备,20250611,N,刘靖康,刘亮,40100.0,20150709.0,广东,深圳市,2370.0,www.insta360.com,"公司主要产品包括消费级智能影像设备,专业级智能影像设备,配件及其他产品.",False,C39计算机、通信和其他电子设备制造业,证监会行业分类
688776,国光电气,688776.SH,SSE,科创板,四川,元器件,20210831,H,李泞,李泞,10838.3419,19811008.0,四川,成都市,933.0,www.chinaguoguang.com,"公司形成了微波器件,核工业设备及部件和其他民用产品三大应用产品体系.从事真空及微波应用产品研发,生产和销售.",False,C39计算机、通信和其他电子设备制造业,证监会行业分类
688777,中控技术,688777.SH,SSE,科创板,浙江,专用机械,20201124,H,CUI SHAN,CUI SHAN,79118.9527,19991207.0,浙江,杭州市,5552.0,www.supcon.com,"面向流程工业企业的“工业3.0+工业4.0”需求,提供以自动化控制系统为核心,涵盖工业软件,自动化仪表及运维服务的技术和产品,形成具有行业特点的智能制造解决方案,赋能用户提升自动化,数字化,智能化水平,实现工业企业高效自动化生产和智能化管理.",False,I65软件和信息技术服务业,证监会行业分类
688778,厦钨新能,688778.SH,SSE,科创板,福建,电气设备,20210805,H,杨金洪,姜龙,50469.1083,20161220.0,福建,厦门市,3344.0,www.xtc-xny.com,"公司的主营业务为锂离子电池正极材料的研发,生产和销售,主要产品为钴酸锂,镍钴锰三元材料等.",False,C39计算机、通信和其他电子设备制造业,证监会行业分类
688779,五矿新能,688779.SH,SSE,科创板,湖南,电气设备,20210811,H,胡柳泉,张臻,192921.96,20020618.0,湖南,长沙市,2064.0,www.cylico.com,"主要从事高效电池正极材料的研发,生产和销售",False,C39计算机、通信和其他电子设备制造业,证监会行业分类
688781,视涯科技-UW,688781.SH,SSE,科创板,安徽,元器件,20260325,N,顾铁,曾章和,100000.0,20161013.0,安徽,合肥市,722.0,www.seeya-tech.com,"公司核心产品为硅基OLED微型显示屏,并为客户提供包括战略产品开发,光学系统和XR整体解决方案等增值服务.",False,C39计算机、通信和其他电子设备制造业,证监会行业分类
688783,西安奕材-U,688783.SH,SSE,科创板,陕西,半导体,20251028,N,杨新元,刘还平,403780.0,20160316.0,陕西,西安市,1797.0,www.eswinsi.com,"公司始终专注于12英寸硅片的研发,生产和销售.",False,C39计算机、通信和其他电子设备制造业,证监会行业分类
688785,恒运昌,688785.SH,SSE,科创板,深圳,半导体,20260128,N,乐卫平,乐卫平,6770.1688,20130319.0,广东,深圳市,375.0,www.csl-vacuum.com,"公司主要从事等离子体射频电源系统,等离子体激发装置,等离子体直流电源,各种配件的研发,生产,销售及技术服务,并引进真空获得和流体控制等相关的核心零部件,围绕等离子体工艺提供核心零部件整体解决方案.",False,C35专用设备制造业,证监会行业分类
688786,悦安新材,688786.SH,SSE,科创板,江西,小金属,20210826,N,李上奎,王兵,14380.0003,20041110.0,江西,赣州市,577.0,www.yueanmetal.com,"产品为超细金属粉末及相关深加工制品,主要包括羰基铁粉系列产品,雾化合金粉系列产品,软磁粉系列产品,金属注射成型喂料系列产品,吸波材料系列产品等.主要从事羰基铁粉,雾化合金粉及相关粉体深加工产品的研发,生产与销售.",False,C33金属制品业,证监会行业分类
688787,海天瑞声,688787.SH,SSE,科创板,北京,软件服务,20210813,H,李科,李科,6032.518,20050511.0,北京,北京市,238.0,www.haitianruisheng.com,"主要从事AI训练数据的研发设计,生产及销售业务.主要产品,服务包含训练数据定制服务,训练数据产品及训练数据相关的应用服务三类.",False,I65软件和信息技术服务业,证监会行业分类
688788,科思科技,688788.SH,SSE,科创板,深圳,通信设备,20201022,H,刘宗林,沈健,15687.4408,20040227.0,广东,深圳市,748.0,www.consys.com.cn,"主要从事军用电子信息装备及相关模块的研发,生产和销售.",False,C39计算机、通信和其他电子设备制造业,证监会行业分类
688789,宏华数科,688789.SH,SSE,科创板,浙江,专用机械,20210708,H,金小团,金小团,18025.6107,19921010.0,浙江,杭州市,1070.0,www.atexco.com,"通过为客户提供数码喷印一体化综合解决方案从而实现设备,耗材应用推广,主要产品为数码直喷印花机,数码喷墨转移印花机,超高速工业喷印机及墨水等.",False,C35专用设备制造业,证监会行业分类
688790,昂瑞微-UW,688790.SH,SSE,科创板,北京,半导体,20251216,N,钱永学,钱永学,9953.1688,20120703.0,北京,北京市,441.0,www.onmicro.com.cn,"公司是一家专注于射频,模拟领域的集成电路设计企业;主要从事射频前端芯片,射频SoC芯片及其他模拟芯片的研发,设计与销售.",False,C39计算机、通信和其他电子设备制造业,证监会行业分类
688793,倍轻松,688793.SH,SSE,科创板,深圳,家用电器,20210715,N,马学军,马学军,8594.5419,20000705.0,广东,深圳市,952.0,www.breo.com,"主要从事智能便携按摩器的设计,研发,生产,销售及服务.",False,C38电气机械和器材制造业,证监会行业分类
688795,摩尔线程-U,688795.SH,SSE,科创板,北京,半导体,20251205,N,张建中,张建中,47002.8217,20200611.0,北京,北京市,1122.0,www.mthreads.com,"公司主要从事GPU及相关产品的研发,设计和销售.",False,C39计算机、通信和其他电子设备制造业,证监会行业分类
688796,百奥赛图,688796.SH,SSE,科创板,北京,生物制药,20251210,H,沈月雷,沈月雷,44689.842,20091113.0,北京,北京市,1443.0,www.biocytogen.com.cn,"公司是一家临床前CRO以及生物医药企业,基于自主开发的基因编辑技术提供各类创新模式动物以及临床前阶段的医药研发服务.",False,M73研究和试验发展,证监会行业分类
688798,艾为电子,688798.SH,SSE,科创板,上海,半导体,20210816,H,孙洪军,孙洪军,23312.8636,20080618.0,上海,上海市,968.0,www.awinic.com,"公司主要产品包括音频功放芯片,电源管理芯片,射频前端芯片,马达驱动芯片等",False,C39计算机、通信和其他电子设备制造业,证监会行业分类
688799,华纳药厂,688799.SH,SSE,科创板,湖南,化学制药,20210713,H,黄本东,黄本东,13132.0,20010430.0,湖南,长沙市,1238.0,www.warrant.com.cn,"主营业务为药品制剂和原料药的研发,生产和销售.",False,C27医药制造业,证监会行业分类
688800,瑞可达,688800.SH,SSE,科创板,江苏,元器件,20210722,H,吴世均,张杰,20567.4335,20060111.0,江苏,苏州市,2129.0,www.recodeal.com,"公司是从事连接系统产品的研发,生产,销售和售后服务的综合解决方案提供商,主要产品包括电子元件,光电连接器,传感器,线束,充电设备等,主要应用于无线通信,新能源汽车和工业等领域.经过十余年发展,公司已成为可同时提供电连接器,微波连接器,光器件连接系统产品的企业之一,能为客户提供产品协同设计,零部件模具开发,生产制造,售后服务等全流程服务.",False,C39计算机、通信和其他电子设备制造业,证监会行业分类
688802,沐曦股份-U,688802.SH,SSE,科创板,上海,半导体,20251217,N,陈维良,陈维良,40010.0,20200914.0,上海,上海市,925.0,www.metax-tech.com,"主营业务是研发,设计和销售应用于人工智能训练和推理,通用计算与图形渲染领域的全栈GPU产品,并围绕GPU芯片提供配套的软件栈与计算平台.",False,C39计算机、通信和其他电子设备制造业,证监会行业分类
688805,健信超导,688805.SH,SSE,科创板,浙江,医疗保健,20251224,N,许建益,姚海锋,16768.0,20131211.0,浙江,宁波市,618.0,www.healthcredit.cn,"主要从事医用磁共振成像(MRI)设备核心部件的研发,生产和销售,主要产品包括超导磁体,永磁体和梯度线圈.",False,C35专用设备制造业,证监会行业分类
688807,优迅股份,688807.SH,SSE,科创板,福建,半导体,20251219,N,柯炳粦,柯腾隆,8000.0,20030210.0,福建,厦门市,157.0,www.uxfastic.com,"公司专注于光通信前端收发电芯片的研发,设计与销售.公司主要产品包括激光驱动器芯片(LDD),跨阻放大器芯片(TIA),限幅放大器芯片(LA),光通信收发合一芯片等.",False,C39计算机、通信和其他电子设备制造业,证监会行业分类
688808,联讯仪器,688808.SH,SSE,科创板,江苏,电器仪表,20260424,N,胡海洋,黄建军,7700.0,20170315.0,江苏,苏州市,1095.0,www.semight.com,"主营业务为电子测量仪器和半导体测试设备的研发,制造,销售及服务",False,C40仪器仪表制造业,证监会行业分类
688809,强一股份,688809.SH,SSE,科创板,江苏,半导体,20251230,N,周明,刘明星,12955.93,20150828.0,江苏,苏州市,797.0,www.maxonesemi.com,"公司专注于服务半导体设计与制造,聚焦晶圆测试核心硬件探针卡的研发,设计,生产与销售.公司主要产品包括2D MEMS探针卡,悬臂探针卡,垂直探针卡以及薄膜探针卡.",False,C39计算机、通信和其他电子设备制造业,证监会行业分类
688811,有研复材,688811.SH,SSE,科创板,北京,小金属,20260410,N,樊建中,陈春生,50167.3605,20190919.0,北京,北京市,475.0,www.grimct.com,"主要从事金属复合材料及制品,特种有色金属合金制品的研发,生产和销售.",False,C32有色金属冶炼和压延加工业,证监会行业分类
688813,泰金新能,688813.SH,SSE,科创板,陕西,专用机械,20260331,N,冯庆,康轩齐,16000.0,20001120.0,陕西,西安市,591.0,www.tj-mmo.com,"公司主要从事高端绿色电解成套装备,钛电极以及金属玻璃封接制品的研发,设计,生产及销售.",False,C35专用设备制造业,证监会行业分类
688816,易思维,688816.SH,SSE,科创板,浙江,专用机械,20260211,N,郭寅,郭寅,10000.0,20171219.0,浙江,杭州市,547.0,www.isv-tech.com,"公司专注于汽车制造机器视觉设备的研发,生产及销售,为汽车整车及零部件制造过程的各工艺环节提供机器视觉解决方案.",False,C40仪器仪表制造业,证监会行业分类
688818,电科蓝天,688818.SH,SSE,科创板,天津,航空,20260210,N,郑宏宇,朱立宏,173692.389,19921012.0,天津,天津市,1147.0,www.lantiantech.com.cn,"公司主营业务涵盖宇航电源,特种电源,新能源应用及服务三大板块.",False,C37铁路、船舶、航空航天和其他运输设备制造业,证监会行业分类
688819,天能股份,688819.SH,SSE,科创板,浙江,电气设备,20210118,H,杨建芬,杨建芬,97210.0,20030313.0,浙江,湖州市,18933.0,www.cn-tn.com,"以电动轻型车动力电池业务为主,集电动特种车动力电池,新能源汽车动力电池,汽车起动启停电池,储能电池,3C电池,备用电池等多品类电池的研发,生产,销售",False,C38电气机械和器材制造业,证监会行业分类
688820,盛合晶微,688820.SH,SSE,科创板,江苏,半导体,20260421,N,,崔东,1.8628,,,Grand Cayman,5962.0,,,False,C39计算机、通信和其他电子设备制造业,证监会行业分类
688981,中芯国际,688981.SH,SSE,科创板,上海,半导体,20200716,H,刘训峰,,801312.4659,20040226.0,,GrandCayman,19952.0,www.smics.com,"主要为客户提供0.35微米至14纳米多种技术节点,不同工艺平台的集成电路晶圆代工及配套服务",False,C39计算机、通信和其他电子设备制造业,证监会行业分类
689009,九号公司-WD,689009.SH,SSE,科创板,北京,摩托车,20201029,N,高禄峰,陈中元,7.2266,20141210.0,,GrandCayman,6995.0,www.ninebot.com,"主营业务为各类智能短程移动设备的设计,研发,生产,销售及服务.公司主要产品分为智能电动平衡车,智能电动滑板车,服务类机器人及其他产品系列.",False,C39计算机、通信和其他电子设备制造业,证监会行业分类
920000,安徽凤凰,920000.BJ,BSE,北交所,安徽,汽车配件,20201223,N,巫界树,,9168.0,,,,,,,False,,
920001,纬达光电,920001.BJ,BSE,北交所,广东,元器件,20221227,N,李铭全,,15365.6204,,,,,,,False,,
920002,万达轴承,920002.BJ,BSE,北交所,江苏,工程机械,20240530,N,徐群生,,6370.4155,,,,,,,False,,
920003,中诚咨询,920003.BJ,BSE,北交所,江苏,建筑工程,20251107,N,陆俊,,6471.4286,,,,,,,False,,
920005,鼎佳精密,920005.BJ,BSE,北交所,江苏,元器件,20250731,N,李结平,,8300.0,,,,,,,False,,
920006,晟楠科技,920006.BJ,BSE,北交所,江苏,航空,20230518,N,叶学俊,,9028.72,,,,,,,False,,
920007,酉立智能,920007.BJ,BSE,北交所,江苏,电气设备,20250808,N,杨俊,,4453.245,,,,,,,False,,
920008,成电光信,920008.BJ,BSE,北交所,四川,通信设备,20240829,N,解军,,6375.0,,,,,,,False,,
920009,丹娜生物,920009.BJ,BSE,北交所,天津,医疗保健,20251103,N,ZHOU ZEQI,,7754.6,,,,,,,False,,
920010,凯添燃气,920010.BJ,BSE,北交所,宁夏,供气供热,20200727,N,龚晓科,,23450.0,,,,,,,False,,
920011,晨光电机,920011.BJ,BSE,北交所,浙江,电气设备,20260408,N,吴永宽,,8266.6667,,,,,,,False,,
920012,创达新材,920012.BJ,BSE,北交所,江苏,元器件,20260413,N,张俊,,4931.738,,,,,,,False,,
920014,特瑞斯,920014.BJ,BSE,北交所,江苏,专用机械,20221213,N,许颉,,12185.6743,,,,,,,False,,
920015,锦华新材,920015.BJ,BSE,北交所,浙江,化工原料,20250925,N,雷俊,,13556.6667,,,,,,,False,,
920016,XD中草香,920016.BJ,BSE,北交所,安徽,日用化工,20240913,N,李莉,,7698.1929,,,,,,,False,,
920017,星昊医药,920017.BJ,BSE,北交所,北京,化学制药,20230531,N,殷岚,,12483.228,,,,,,,False,,
920018,宏远股份,920018.BJ,BSE,北交所,辽宁,电气设备,20250820,N,杨绪清,,12732.9564,,,,,,,False,,
920019,铜冠矿建,920019.BJ,BSE,北交所,安徽,建筑工程,20241011,N,王卫生,,21026.67,,,,,,,False,,
920020,泰凯英,920020.BJ,BSE,北交所,山东,汽车配件,20251028,N,王传铸,,22494.5,,,,,,,False,,
920021,流金科技,920021.BJ,BSE,北交所,北京,影视音像,20200727,N,王俭,,30899.9983,,,,,,,False,,
920022,世昌股份,920022.BJ,BSE,北交所,河北,汽车配件,20250919,N,高士昌,,6032.1,,,,,,,False,,
920023,*ST田野,920023.BJ,BSE,北交所,广西,食品,20230202,N,姚玖志,,32730.4,,,,,,,True,,
920026,卓兆点胶,920026.BJ,BSE,北交所,江苏,机械基件,20231019,N,谢凌志,,8207.7246,,,,,,,False,,
920027,交大铁发,920027.BJ,BSE,北交所,四川,运输设备,20250610,N,王鹏翔,,7920.35,,,,,,,False,,
920028,新恒泰,920028.BJ,BSE,北交所,浙江,塑料,20260320,N,陈春平,,16436.0,,,,,,,False,,
920029,开发科技,920029.BJ,BSE,北交所,四川,电器仪表,20250328,N,莫尚云,,20694.1133,,,,,,,False,,
920030,德众汽车,920030.BJ,BSE,北交所,湖南,汽车服务,20201127,N,段坤良,,17883.9681,,,,,,,False,,
920033,康普化学,920033.BJ,BSE,北交所,重庆,化工原料,20221221,N,邹潜,,11913.525,,,,,,,False,,
920035,精创电气,920035.BJ,BSE,北交所,江苏,专用机械,20251202,N,李超飞,,6942.0,,,,,,,False,,
920036,觅睿科技,920036.BJ,BSE,北交所,浙江,IT设备,20260309,N,袁海忠,,5442.1827,,,,,,,False,,
920037,广信科技,920037.BJ,BSE,北交所,湖南,电气设备,20250626,N,魏雅琴,,12804.8071,,,,,,,False,,
920039,国义招标,920039.BJ,BSE,北交所,广东,建筑工程,20210818,N,陈鋆,,15382.0,,,,,,,False,,
920045,蘅东光,920045.BJ,BSE,北交所,深圳,通信设备,20251231,N,陈建伟,,6807.1548,,,,,,,False,,
920046,亿能电力,920046.BJ,BSE,北交所,江苏,电气设备,20221013,N,黄彩霞,,10115.0,,,,,,,False,,
920047,诺思兰德,920047.BJ,BSE,北交所,北京,生物制药,20201124,N,许松山,,27427.1974,,,,,,,False,,
920050,爱舍伦,920050.BJ,BSE,北交所,江苏,医疗保健,20260121,N,张勇,,6767.9334,,,,,,,False,,
920055,隆源股份,920055.BJ,BSE,北交所,浙江,汽车配件,20260331,N,林国栋,,6800.0,,,,,,,False,,
920056,能之光,920056.BJ,BSE,北交所,浙江,塑料,20250822,N,张发饶,,8169.17,,,,,,,False,,
920057,百甲科技,920057.BJ,BSE,北交所,江苏,钢加工,20230314,N,刘甲铭,,18126.3297,,,,,,,False,,
920058,华洋赛车,920058.BJ,BSE,北交所,浙江,摩托车,20230810,N,戴鹏,,5605.611,,,,,,,False,,
920060,万源通,920060.BJ,BSE,北交所,江苏,元器件,20241119,N,王雪根,,15204.4663,,,,,,,False,,
920061,西磁科技,920061.BJ,BSE,北交所,浙江,专用机械,20231221,N,吴望蕤,,7079.0,,,,,,,False,,
920062,科润智控,920062.BJ,BSE,北交所,浙江,电气设备,20220713,N,王荣,,18870.6277,,,,,,,False,,
920066,科拜尔,920066.BJ,BSE,北交所,安徽,塑料,20241031,N,姜之涛,,6285.3326,,,,,,,False,,
920068,天工股份,920068.BJ,BSE,北交所,江苏,小金属,20250513,N,蒋荣军,,65560.0015,,,,,,,False,,
920069,普昂医疗,920069.BJ,BSE,北交所,浙江,医疗保健,20260327,N,胡超宇,,5291.4,,,,,,,False,,
920075,柏星龙,920075.BJ,BSE,北交所,深圳,广告包装,20221214,N,赵国义,,6481.5,,,,,,,False,,
920076,国亮新材,920076.BJ,BSE,北交所,河北,其他建材,20260122,N,董国亮,,11708.8287,,,,,,,False,,
920077,吉林碳谷,920077.BJ,BSE,北交所,吉林,化纤,20210831,N,陈海军,,58768.1817,,,,,,,False,,
920078,族兴新材,920078.BJ,BSE,北交所,湖南,小金属,20260318,N,梁晓斌,,12000.0,,,,,,,False,,
920080,奥美森,920080.BJ,BSE,北交所,广东,专用机械,20251010,N,龙晓斌,,8300.0,,,,,,,False,,
920082,方正阀门,920082.BJ,BSE,北交所,浙江,机械基件,20241226,N,王奕彤,,20349.7,,,,,,,False,,
920086,科马材料,920086.BJ,BSE,北交所,浙江,汽车配件,20260116,N,王宗和,,8368.0,,,,,,,False,,
920087,秋乐种业,920087.BJ,BSE,北交所,河南,种植业,20221207,N,李敏,,16520.0,,,,,,,False,,
920088,科力股份,920088.BJ,BSE,北交所,新疆,石油开采,20241029,N,赵波,,8807.15,,,,,,,False,,
920089,禾昌聚合,920089.BJ,BSE,北交所,江苏,塑料,20211109,N,赵茜菁,,15066.8,,,,,,,False,,
920090,*ST同辉,920090.BJ,BSE,北交所,北京,IT设备,20210809,N,赵起高,,19933.3546,,,,,,,True,,
920091,大鹏工业,920091.BJ,BSE,北交所,黑龙江,专用机械,20251121,N,李鹏堂,,6146.52,,,,,,,False,,
920092,汉鑫科技,920092.BJ,BSE,北交所,山东,软件服务,20211115,N,刘文义,,6207.97,,,,,,,False,,
920096,嘉晨智能,920096.BJ,BSE,北交所,河南,电器仪表,20260518,N,姚欣,,6900.0,,,,,,,False,,
920098,科隆新材,920098.BJ,BSE,北交所,陕西,橡胶,20241205,N,邹威文,,8132.0369,,,,,,,False,,
920099,瑞华技术,920099.BJ,BSE,北交所,江苏,石油加工,20240925,N,徐志刚,,7839.9998,,,,,,,False,,
920100,三协电机,920100.BJ,BSE,北交所,江苏,电气设备,20250908,N,李华,,10333.302,,,,,,,False,,
920101,志高机械,920101.BJ,BSE,北交所,浙江,专用机械,20250814,N,谢存,,8914.8174,,,,,,,False,,
920106,林泰新材,920106.BJ,BSE,北交所,江苏,汽车配件,20241218,N,刘健,,5659.35,,,,,,,False,,
920108,宏海科技,920108.BJ,BSE,北交所,湖北,家用电器,20250206,N,周宏,,17220.0,,,,,,,False,,
920110,雷特科技,920110.BJ,BSE,北交所,广东,电气设备,20221206,N,雷建文,,3900.0,,,,,,,False,,
920111,聚星科技,920111.BJ,BSE,北交所,浙江,电气设备,20241111,N,陈静,,15515.45,,,,,,,False,,
920112,巴兰仕,920112.BJ,BSE,北交所,上海,专用机械,20250828,N,蔡喜林,,8485.0,,,,,,,False,,
920116,星图测控,920116.BJ,BSE,北交所,安徽,软件服务,20250102,N,牛威,,22368.5,,,,,,,False,,
920118,太湖远大,920118.BJ,BSE,北交所,浙江,塑料,20240822,N,俞丽琴,,5171.1,,,,,,,False,,
920119,美德乐,920119.BJ,BSE,北交所,辽宁,专用机械,20260130,N,张永新,,10097.2573,,,,,,,False,,
920121,江天科技,920121.BJ,BSE,北交所,江苏,广告包装,20251225,N,滕琪,,6606.8183,,,,,,,False,,
920122,中纺标,920122.BJ,BSE,北交所,北京,综合类,20220927,N,李斌,,9224.2108,,,,,,,False,,
920123,芭薇股份,920123.BJ,BSE,北交所,广东,日用化工,20240329,N,冷群英,,11154.0,,,,,,,False,,
920124,南特科技,920124.BJ,BSE,北交所,广东,机械基件,20251127,N,蔡恒,,14873.3315,,,,,,,False,,
920125,鸿仕达,920125.BJ,BSE,北交所,江苏,专用机械,20260424,N,胡海东,,5616.0,,,,,,,False,,
920128,胜业电气,920128.BJ,BSE,北交所,广东,元器件,20241129,N,魏国锋,,8119.0,,,,,,,False,,
920130,立方控股,920130.BJ,BSE,北交所,浙江,软件服务,20231102,N,周林健,,9224.3236,,,,,,,False,,
920132,泰鹏智能,920132.BJ,BSE,北交所,山东,家居用品,20231116,N,石峰,,8282.4,,,,,,,False,,
920139,华岭股份,920139.BJ,BSE,北交所,上海,半导体,20221028,N,沈磊,,26950.7392,,,,,,,False,,
920145,恒合股份,920145.BJ,BSE,北交所,北京,环境保护,20211115,N,李玉健,,7055.0,,,,,,,False,,
920146,华阳变速,920146.BJ,BSE,北交所,湖北,汽车配件,20210720,N,陈敬平,,13499.0443,,,,,,,False,,
920149,旭杰科技,920149.BJ,BSE,北交所,江苏,建筑工程,20200727,N,金炜,,7648.318,,,,,,,False,,
920152,昆工科技,920152.BJ,BSE,北交所,云南,小金属,20220901,N,郭忠诚,,11134.17,,,,,,,False,,
920156,海昌智能,920156.BJ,BSE,北交所,河南,专用机械,20260427,N,杨勇军,,10412.0,,,,,,,False,,
920158,长江能科,920158.BJ,BSE,北交所,江苏,专用机械,20251016,N,刘建春,,19961.2,,,,,,,False,,
920159,农大科技,920159.BJ,BSE,北交所,山东,农药化肥,20260128,N,马学文,,7600.0,,,,,,,False,,
920160,北矿检测,920160.BJ,BSE,北交所,北京,电器仪表,20251118,N,刘全民,,11328.0,,,,,,,False,,
920163,方大新材,920163.BJ,BSE,北交所,河北,塑料,20200727,N,杨志,,12871.516,,,,,,,False,,
920166,海圣医疗,920166.BJ,BSE,北交所,浙江,医疗保健,20260212,N,黄海生,,7529.4118,,,,,,,False,,
920167,同享科技,920167.BJ,BSE,北交所,江苏,小金属,20200727,N,陆利斌,,11002.65,,,,,,,False,,
920168,通宝光电,920168.BJ,BSE,北交所,江苏,汽车配件,20260226,N,刘国学,,7517.34,,,,,,,False,,
920169,七丰精工,920169.BJ,BSE,北交所,浙江,机械基件,20220415,N,陈跃忠,,8080.009,,,,,,,False,,
920171,志晟信息,920171.BJ,BSE,北交所,河北,软件服务,20211115,N,穆志刚,,10023.3235,,,,,,,False,,
920174,五新隧装,920174.BJ,BSE,北交所,湖南,工程机械,20210820,N,王薪程,,21690.4891,,,,,,,False,,
920175,东方碳素,920175.BJ,BSE,北交所,河南,化工原料,20230630,N,杨遂运,,11900.0,,,,,,,False,,
920177,恒道科技,920177.BJ,BSE,北交所,浙江,专用机械,20260416,N,王洪潮,,5232.0,,,,,,,False,,
920178,锐翔智能,920178.BJ,BSE,北交所,广东,专用机械,20260515,N,陈良华,,6593.8073,,,,,,,False,,
920179,凯德石英,920179.BJ,BSE,北交所,北京,矿物制品,20220304,N,张忠恕,,7497.0,,,,,,,False,,
920180,爱得科技,920180.BJ,BSE,北交所,江苏,医疗保健,20260210,N,陆强,,11812.3046,,,,,,,False,,
920181,赛英电子,920181.BJ,BSE,北交所,江苏,元器件,20260410,N,陈国贤,,4320.0,,,,,,,False,,
920183,海菲曼,920183.BJ,BSE,北交所,江苏,IT设备,20260304,N,边仿,,4895.2,,,,,,,False,,
920184,国源科技,920184.BJ,BSE,北交所,北京,软件服务,20200727,N,董利成,,13261.3709,,,,,,,False,,
920185,贝特瑞,920185.BJ,BSE,北交所,深圳,化工原料,20200727,N,贺雪琴,,113819.0398,,,,,,,False,,
920186,中科仪,920186.BJ,BSE,北交所,辽宁,机械基件,20260429,N,郭东民,,22383.91,,,,,,,False,,
920187,通领科技,920187.BJ,BSE,北交所,上海,汽车配件,20260305,N,项建武,,9048.0,,,,,,,False,,
920188,悦龙科技,920188.BJ,BSE,北交所,山东,橡胶,20260330,N,徐锦诚,,8299.3198,,,,,,,False,,
920190,雷神科技,920190.BJ,BSE,北交所,山东,IT设备,20221223,N,路凯林,,10000.0001,,,,,,,False,,
920191,瑞尔竞达,920191.BJ,BSE,北交所,安徽,其他建材,20260420,N,徐瑞图,,17739.54,,,,,,,False,,
920195,三祥科技,920195.BJ,BSE,北交所,山东,汽车配件,20221230,N,魏增祥,,9803.0,,,,,,,False,,
920198,微创光电,920198.BJ,BSE,北交所,湖北,IT设备,20200727,N,陈军,,16136.3872,,,,,,,False,,
920199,倍益康,920199.BJ,BSE,北交所,四川,家用电器,20221201,N,张文,,6810.93,,,,,,,False,,
920200,振宏股份,920200.BJ,BSE,北交所,江苏,电气设备,20260507,N,赵正洪,,10156.0,,,,,,,False,,
920204,沪江材料,920204.BJ,BSE,北交所,江苏,塑料,20220118,N,章育骏,,9428.7797,,,,,,,False,,
920207,众诚科技,920207.BJ,BSE,北交所,河南,软件服务,20220923,N,梁侃,,9219.5,,,,,,,False,,
920208,青矩技术,920208.BJ,BSE,北交所,北京,建筑工程,20230629,N,张超,,13380.4554,,,,,,,False,,
920212,智新电子,920212.BJ,BSE,北交所,山东,元器件,20210608,N,赵庆福,,10610.0,,,,,,,False,,
920220,朗信电气,920220.BJ,BSE,北交所,江苏,汽车配件,20260522,N,陈子强,,6620.6262,,,,,,,False,,
920221,易实精密,920221.BJ,BSE,北交所,江苏,汽车配件,20230608,N,徐爱明,,11604.0,,,,,,,False,,
920223,荣亿精密,920223.BJ,BSE,北交所,浙江,机械基件,20220609,N,唐旭文,,15728.5,,,,,,,False,,
920225,利通科技,920225.BJ,BSE,北交所,河南,橡胶,20210225,N,赵洪亮,,12691.8894,,,,,,,False,,
920227,美登科技,920227.BJ,BSE,北交所,浙江,软件服务,20221228,N,马原,,3894.15,,,,,,,False,,
920230,欧康医药,920230.BJ,BSE,北交所,四川,生物制药,20221209,N,赵卓君,,10071.7495,,,,,,,False,,
920237,力佳科技,920237.BJ,BSE,北交所,湖北,电气设备,20221125,N,王启明,,9503.208,,,,,,,False,,
920239,长虹能源,920239.BJ,BSE,北交所,四川,电气设备,20210209,N,无法定代表人,,18207.4204,,,,,,,False,,
920242,建邦科技,920242.BJ,BSE,北交所,山东,汽车配件,20200727,N,钟永铎,,6667.05,,,,,,,False,,
920245,威博液压,920245.BJ,BSE,北交所,江苏,机械基件,20220106,N,马金星,,4967.7,,,,,,,False,,
920247,华密新材,920247.BJ,BSE,北交所,河北,橡胶,20221223,N,李藏稳,,18905.2999,,,,,,,False,,
920249,利尔达,920249.BJ,BSE,北交所,浙江,元器件,20230217,N,叶文光,,42163.0,,,,,,,False,,
920252,天宏锂电,920252.BJ,BSE,北交所,浙江,电气设备,20230119,N,都伟云,,10265.0665,,,,,,,False,,
920260,中寰股份,920260.BJ,BSE,北交所,四川,专用机械,20211115,N,张迪,,10355.0,,,,,,,False,,
920261,一诺威,920261.BJ,BSE,北交所,山东,化工原料,20230403,N,李健,,29113.2748,,,,,,,False,,
920262,太湖雪,920262.BJ,BSE,北交所,江苏,纺织,20221230,N,胡毓芳,,8293.7022,,,,,,,False,,
920263,中航泰达,920263.BJ,BSE,北交所,北京,环境保护,20200727,N,刘斌,,14124.2896,,,,,,,False,,
920266,生物谷,920266.BJ,BSE,北交所,云南,中成药,20200727,N,林弘威,,12400.0007,,,,,,,False,,
920267,鑫汇科,920267.BJ,BSE,北交所,深圳,元器件,20220527,N,蔡棋荣,,4998.2941,,,,,,,False,,
920270,天铭科技,920270.BJ,BSE,北交所,浙江,汽车配件,20220902,N,张松,,10461.6,,,,,,,False,,
920271,邦德股份,920271.BJ,BSE,北交所,山东,汽车配件,20220602,N,吴国良,,13082.3,,,,,,,False,,
920273,一致魔芋,920273.BJ,BSE,北交所,湖北,食品,20230221,N,吴平,,10317.0886,,,,,,,False,,
920274,宏裕包材,920274.BJ,BSE,北交所,湖北,广告包装,20230818,N,朱少华,,8133.3334,,,,,,,False,,
920275,驱动力,920275.BJ,BSE,北交所,广东,农业综合,20210125,N,刘平祥,,15937.76,,,,,,,False,,
920278,鹿得医疗,920278.BJ,BSE,北交所,江苏,医疗保健,20200727,N,项友亮,,17450.0,,,,,,,False,,
920284,灵鸽科技,920284.BJ,BSE,北交所,江苏,专用机械,20231219,N,王洪良,,10478.5645,,,,,,,False,,
920299,灿能电力,920299.BJ,BSE,北交所,江苏,电气设备,20220610,N,章晓敏,,9010.9276,,,,,,,False,,
920300,辰光医疗,920300.BJ,BSE,北交所,上海,医疗保健,20221207,N,王杰,,8584.7126,,,,,,,False,,
920304,迪尔化工,920304.BJ,BSE,北交所,山东,化工原料,20230418,N,高斌,,16953.8,,,,,,,False,,
920305,*ST云创,920305.BJ,BSE,北交所,江苏,软件服务,20210826,N,刘鹏,,13237.6125,,,,,,,True,,
920339,恒太照明,920339.BJ,BSE,北交所,江苏,家用电器,20221117,N,李彭晴,,22020.38,,,,,,,False,,
920344,三元基因,920344.BJ,BSE,北交所,北京,生物制药,20210108,N,程永庆,,12181.0,,,,,,,False,,
920346,威贸电子,920346.BJ,BSE,北交所,上海,元器件,20220223,N,周豪良,,8065.3103,,,,,,,False,,
920351,华光源海,920351.BJ,BSE,北交所,湖南,仓储物流,20221229,N,李卫红,,8803.5439,,,,,,,False,,
920357,雅葆轩,920357.BJ,BSE,北交所,安徽,元器件,20221118,N,胡啸宇,,10410.4,,,,,,,False,,
920363,莱赛激光,920363.BJ,BSE,北交所,江苏,电器仪表,20231228,N,陆建红,,12402.2,,,,,,,False,,
920367,新赣江,920367.BJ,BSE,北交所,江西,化学制药,20230209,N,张爱江,,7086.125,,,,,,,False,,
920368,连城数控,920368.BJ,BSE,北交所,辽宁,专用机械,20200727,N,李小锋,,23478.044,,,,,,,False,,
920370,新安洁,920370.BJ,BSE,北交所,重庆,环境保护,20200727,N,魏延田,,30028.3343,,,,,,,False,,
920371,欧福蛋业,920371.BJ,BSE,北交所,江苏,食品,20230118,N,亨瑞克.彼得森,,20544.5536,,,,,,,False,,
920374,云里物里,920374.BJ,BSE,北交所,深圳,通信设备,20221129,N,庄严,,8151.8,,,,,,,False,,
920375,派诺科技,920375.BJ,BSE,北交所,广东,电气设备,20231214,N,李健,,10865.385,,,,,,,False,,
920378,泰德股份,920378.BJ,BSE,北交所,山东,汽车配件,20220620,N,张春山,,15552.6,,,,,,,False,,
920392,佳合科技,920392.BJ,BSE,北交所,江苏,广告包装,20221230,N,董洪江,,7667.49,,,,,,,False,,
920394,民士达,920394.BJ,BSE,北交所,山东,造纸,20230425,N,宋西全,,14625.0,,,,,,,False,,
920395,朗鸿科技,920395.BJ,BSE,北交所,浙江,IT设备,20220901,N,忻宏,,15258.5704,,,,,,,False,,
920396,常辅股份,920396.BJ,BSE,北交所,江苏,电器仪表,20201118,N,杜发平,,7222.1136,,,,,,,False,,
920402,硅烷科技,920402.BJ,BSE,北交所,河南,化工原料,20220928,N,蔡前进,,42206.0067,,,,,,,False,,
920403,康农种业,920403.BJ,BSE,北交所,湖北,种植业,20240118,N,方燕丽,,9936.108,,,,,,,False,,
920405,海希通讯,920405.BJ,BSE,北交所,上海,电器仪表,20211105,N,王小刚,,14026.0,,,,,,,False,,
920407,驰诚股份,920407.BJ,BSE,北交所,河南,电器仪表,20230216,N,徐卫锋,,8538.4,,,,,,,False,,
920414,欧普泰,920414.BJ,BSE,北交所,上海,电器仪表,20221212,N,王振,,7974.8171,,,,,,,False,,
920415,恒拓开源,920415.BJ,BSE,北交所,河南,软件服务,20200727,N,刘德永,,14051.1487,,,,,,,False,,
920418,苏轴股份,920418.BJ,BSE,北交所,江苏,汽车配件,20200727,N,张文华,,16248.96,,,,,,,False,,
920419,路斯股份,920419.BJ,BSE,北交所,山东,饲料,20220311,N,郭百礼,,10330.64,,,,,,,False,,
920422,润普食品,920422.BJ,BSE,北交所,江苏,食品,20230301,N,潘如龙,,8848.271,,,,,,,False,,
920425,乐创技术,920425.BJ,BSE,北交所,四川,专用机械,20230130,N,赵钧,,7093.6548,,,,,,,False,,
920427,华维设计,920427.BJ,BSE,北交所,江西,建筑工程,20210205,N,廖宜强,,10309.5,,,,,,,False,,
920429,康比特,920429.BJ,BSE,北交所,北京,食品,20221215,N,白厚增,,12447.6,,,,,,,False,,
920433,大唐药业,920433.BJ,BSE,北交所,内蒙,中成药,20200727,N,郝艳涛,,25591.9681,,,,,,,False,,
920436,大地电气,920436.BJ,BSE,北交所,江苏,汽车配件,20211115,N,蒋明泉,,9447.6,,,,,,,False,,
920438,戈碧迦,920438.BJ,BSE,北交所,湖北,元器件,20240325,N,虞国强,,14547.5,,,,,,,False,,
920445,龙竹科技,920445.BJ,BSE,北交所,福建,家居用品,20200727,N,连健昌,,14789.3025,,,,,,,False,,
920454,同心传动,920454.BJ,BSE,北交所,河南,汽车配件,20211115,N,陈红凯,,10510.0,,,,,,,False,,
920455,汇隆活塞,920455.BJ,BSE,北交所,辽宁,专用机械,20230621,N,李训发,,17745.0,,,,,,,False,,
920469,富恒新材,920469.BJ,BSE,北交所,深圳,塑料,20230918,N,姚秀珠,,14094.6,,,,,,,False,,
920471,美邦科技,920471.BJ,BSE,北交所,河北,化工原料,20230525,N,高文杲,,8320.0,,,,,,,False,,
920475,三友科技,920475.BJ,BSE,北交所,浙江,专用机械,20200727,N,吴用,,10106.0,,,,,,,False,,
920476,海能技术,920476.BJ,BSE,北交所,山东,电器仪表,20221014,N,张振方,,8517.98,,,,,,,False,,
920478,峆一药业,920478.BJ,BSE,北交所,安徽,化学制药,20230223,N,董来山,,11019.218,,,,,,,False,,
920489,佳先股份,920489.BJ,BSE,北交所,安徽,化工原料,20200727,N,李兑,,13645.92,,,,,,,False,,
920491,奥迪威,920491.BJ,BSE,北交所,广东,元器件,20220614,N,张曙光,,14114.318,,,,,,,False,,
920493,并行科技,920493.BJ,BSE,北交所,北京,软件服务,20231101,N,陈健,,6041.091,,,,,,,False,,
920496,许昌智能,920496.BJ,BSE,北交所,河南,电气设备,20240126,N,张洪涛,,16557.5,,,,,,,False,,
920504,博迅生物,920504.BJ,BSE,北交所,上海,医疗保健,20230817,N,吕明杰,,4333.31,,,,,,,False,,
920505,XD九菱科,920505.BJ,BSE,北交所,湖北,机械基件,20221221,N,徐洪林,,6478.5465,,,,,,,False,,
920508,殷图网联,920508.BJ,BSE,北交所,北京,电气设备,20200727,N,郑三立,,6000.0,,,,,,,False,,
920509,同惠电子,920509.BJ,BSE,北交所,江苏,电器仪表,20210111,N,赵浩华,,16030.5696,,,,,,,False,,
920510,丰光精密,920510.BJ,BSE,北交所,山东,机械基件,20201228,N,李军,,18421.3929,,,,,,,False,,
920519,万德股份,920519.BJ,BSE,北交所,陕西,化工原料,20230915,N,王育斌,,8925.8104,,,,,,,False,,
920522,纳科诺尔,920522.BJ,BSE,北交所,河北,专用机械,20231116,N,付建新,,21945.1008,,,,,,,False,,
920523,德瑞锂电,920523.BJ,BSE,北交所,广东,电气设备,20210603,N,潘文硕,,10130.1369,,,,,,,False,,
920526,凯华材料,920526.BJ,BSE,北交所,天津,化工原料,20221222,N,任志成,,8270.0,,,,,,,False,,
920527,夜光明,920527.BJ,BSE,北交所,浙江,化工原料,20221027,N,陈国顺,,6004.27,,,,,,,False,,
920533,骏创科技,920533.BJ,BSE,北交所,江苏,汽车配件,20220524,N,沈安居,,13075.7328,,,,,,,False,,
920541,铁大科技,920541.BJ,BSE,北交所,上海,运输设备,20230310,N,邵思钟,,13670.0,,,,,,,False,,
920547,无锡晶海,920547.BJ,BSE,北交所,江苏,化学制药,20231212,N,李松年,,7768.8,,,,,,,False,,
920553,凯腾精工,920553.BJ,BSE,北交所,北京,专用机械,20210806,N,李京,,14369.046,,,,,,,False,,
920556,雅达股份,920556.BJ,BSE,北交所,广东,电器仪表,20230317,N,王煌英,,16131.52,,,,,,,False,,
920564,天润科技,920564.BJ,BSE,北交所,陕西,软件服务,20220617,N,陈利,,8910.3621,,,,,,,False,,
920566,梓橦宫,920566.BJ,BSE,北交所,四川,化学制药,20210813,N,唐铣,,14546.338,,,,,,,False,,
920570,坤博精工,920570.BJ,BSE,北交所,浙江,机械基件,20231123,N,厉全明,,5016.9821,,,,,,,False,,
920571,国航远洋,920571.BJ,BSE,北交所,福建,水运,20221215,N,王炎平,,55540.7453,,,,,,,False,,
920575,*ST康乐,920575.BJ,BSE,北交所,北京,生物制药,20230315,N,陶然,,28094.0,,,,,,,True,,
920576,天力复合,920576.BJ,BSE,北交所,陕西,小金属,20230712,N,樊科社,,10895.0,,,,,,,False,,
920578,巨能股份,920578.BJ,BSE,北交所,宁夏,专用机械,20230512,N,孙文靖,,7647.9097,,,,,,,False,,
920579,机科股份,920579.BJ,BSE,北交所,北京,机械基件,20231130,N,吴进军,,12948.0,,,,,,,False,,
920580,科创新材,920580.BJ,BSE,北交所,河南,其他建材,20220513,N,蔚文绪,,8600.0,,,,,,,False,,
920592,华信永道,920592.BJ,BSE,北交所,北京,软件服务,20230710,N,刘景郁,,8079.5,,,,,,,False,,
920593,鼎智科技,920593.BJ,BSE,北交所,江苏,机械基件,20230413,N,丁泉军,,19030.4392,,,,,,,False,,
920599,同力股份,920599.BJ,BSE,北交所,陕西,工程机械,20210222,N,樊斌,,46252.5,,,,,,,False,,
920608,丰安股份,920608.BJ,BSE,北交所,浙江,机械基件,20221216,N,黄健民,,6224.0,,,,,,,False,,
920627,力王股份,920627.BJ,BSE,北交所,广东,电气设备,20230907,N,李维海,,9445.0,,,,,,,False,,
920634,XD新威凌,920634.BJ,BSE,北交所,湖南,铅锌,20221124,N,陈志强,,6390.8766,,,,,,,False,,
920639,晨光电缆,920639.BJ,BSE,北交所,浙江,电气设备,20220712,N,朱水良,,20160.0,,,,,,,False,,
920640,富士达,920640.BJ,BSE,北交所,陕西,通信设备,20200727,N,武向文,,18772.8,,,,,,,False,,
920641,格利尔,920641.BJ,BSE,北交所,江苏,矿物制品,20221202,N,陈克皇,,7507.5,,,,,,,False,,
920642,通易航天,920642.BJ,BSE,北交所,江苏,航空,20210816,N,张欣戎,,10367.0278,,,,,,,False,,
920651,天罡股份,920651.BJ,BSE,北交所,山东,电器仪表,20230627,N,付涛,,6100.0,,,,,,,False,,
920656,海昇药业,920656.BJ,BSE,北交所,浙江,化学制药,20240202,N,叶山海,,10000.0,,,,,,,False,,
920662,方盛股份,920662.BJ,BSE,北交所,江苏,机械基件,20221128,N,丁云龙,,8755.0002,,,,,,,False,,
920663,明阳科技,920663.BJ,BSE,北交所,江苏,汽车配件,20230315,N,王明祥,,13355.251,,,,,,,False,,
920665,科强股份,920665.BJ,BSE,北交所,江苏,橡胶,20230926,N,周明,,12999.0,,,,,,,False,,
920670,数字人,920670.BJ,BSE,北交所,山东,软件服务,20201208,N,徐以发,,10618.24,,,,,,,False,,
920675,秉扬科技,920675.BJ,BSE,北交所,四川,矿物制品,20201228,N,樊荣,,17216.4,,,,,,,False,,
920679,前进科技,920679.BJ,BSE,北交所,浙江,机械基件,20231110,N,杨杰,,5585.0,,,,,,,False,,
920682,球冠电缆,920682.BJ,BSE,北交所,浙江,电气设备,20200727,N,陈永明,,38937.6,,,,,,,False,,
920685,新芝生物,920685.BJ,BSE,北交所,浙江,电器仪表,20221010,N,周芳,,9151.5941,,,,,,,False,,
920689,克莱特,920689.BJ,BSE,北交所,山东,专用机械,20220321,N,盛军岭,,7340.0,,,,,,,False,,
920690,捷众科技,920690.BJ,BSE,北交所,浙江,汽车配件,20240105,N,孙秋根,,8619.0,,,,,,,False,,
920693,阿为特,920693.BJ,BSE,北交所,上海,机械基件,20231027,N,汪彬慧,,7270.0,,,,,,,False,,
920694,中裕科技,920694.BJ,BSE,北交所,江苏,塑料,20230424,N,黄裕中,,13208.8476,,,,,,,False,,
920699,海达尔,920699.BJ,BSE,北交所,江苏,家用电器,20230509,N,朱光达,,4562.53,,,,,,,False,,
920701,豪声电子,920701.BJ,BSE,北交所,浙江,元器件,20230719,N,徐瑞根,,13720.0,,,,,,,False,,
920703,广厦环能,920703.BJ,BSE,北交所,北京,专用机械,20231205,N,韩军,,15072.4,,,,,,,False,,
920706,铁拓机械,920706.BJ,BSE,北交所,福建,工程机械,20240308,N,王希仁,,9240.5245,,,,,,,False,,
920717,瑞星股份,920717.BJ,BSE,北交所,河北,专用机械,20230703,N,谷红军,,11468.0,,,,,,,False,,
920718,合肥高科,920718.BJ,BSE,北交所,安徽,家用电器,20221222,N,胡翔,,9066.67,,,,,,,False,,
920719,宁新新材,920719.BJ,BSE,北交所,江西,化工原料,20230526,N,李海航,,9309.34,,,,,,,False,,
920720,吉冈精密,920720.BJ,BSE,北交所,江苏,机械基件,20211124,N,周延,,26489.134,,,,,,,False,,
920725,惠丰钻石,920725.BJ,BSE,北交所,河南,矿物制品,20220718,N,王来福,,9127.5,,,,,,,False,,
920726,XD朱老六,920726.BJ,BSE,北交所,吉林,食品,20210527,N,朱先明,,10167.0,,,,,,,False,,
920729,永顺生物,920729.BJ,BSE,北交所,广东,农业综合,20200727,N,谭德明,,27335.0,,,,,,,False,,
920735,德源药业,920735.BJ,BSE,北交所,江苏,化学制药,20210219,N,陈学民,,12904.7589,,,,,,,False,,
920748,路桥信息,920748.BJ,BSE,北交所,福建,软件服务,20230816,N,林秀总,,7674.0,,,,,,,False,,
920751,惠同新材,920751.BJ,BSE,北交所,湖南,小金属,20230717,N,吴晓春,,8678.0,,,,,,,False,,
920753,天纺标,920753.BJ,BSE,北交所,天津,纺织,20221031,N,吕刚,,8140.4368,,,,,,,False,,
920765,美之高,920765.BJ,BSE,北交所,深圳,家居用品,20210705,N,黄华侨,,8692.0077,,,,,,,False,,
920768,拾比佰,920768.BJ,BSE,北交所,广东,家用电器,20210628,N,杜国栋,,15535.8,,,,,,,False,,
920770,艾能聚,920770.BJ,BSE,北交所,浙江,电气设备,20230228,N,姚华,,13013.2175,,,,,,,False,,
920779,武汉蓝电,920779.BJ,BSE,北交所,湖北,电器仪表,20230601,N,吴伟,,8007.472,,,,,,,False,,
920781,瑞奇智造,920781.BJ,BSE,北交所,四川,专用机械,20221226,N,江伟,,15456.7054,,,,,,,False,,
920786,骑士乳业,920786.BJ,BSE,北交所,内蒙,乳制品,20231013,N,党涌涛,,20905.3,,,,,,,False,,
920790,联迪信息,920790.BJ,BSE,北交所,江苏,软件服务,20220902,N,沈荣明,,7896.702,,,,,,,False,,
920792,东和新材,920792.BJ,BSE,北交所,辽宁,其他建材,20230330,N,毕一明,,16554.0,,,,,,,False,,
920799,艾融软件,920799.BJ,BSE,北交所,上海,软件服务,20200727,N,张岩,,20914.54,,,,,,,False,,
920802,保丽洁,920802.BJ,BSE,北交所,江苏,环境保护,20230206,N,钱振清,,8200.829,,,,,,,False,,
920806,云星宇,920806.BJ,BSE,北交所,北京,软件服务,20240111,N,谢宇,,30073.6667,,,,,,,False,,
920807,奔朗新材,920807.BJ,BSE,北交所,广东,机械基件,20221220,N,尹育航,,18188.0,,,,,,,False,,
920808,曙光数创,920808.BJ,BSE,北交所,北京,IT设备,20221118,N,何继盛,,20000.0001,,,,,,,False,,
920809,安达科技,920809.BJ,BSE,北交所,贵州,电气设备,20230323,N,刘建波,,59905.0,,,,,,,False,,
920810,春光智能,920810.BJ,BSE,北交所,辽宁,专用机械,20221216,N,毕春光,,9590.0,,,,,,,False,,
920819,颖泰生物,920819.BJ,BSE,北交所,北京,农药化肥,20200727,N,陈伯阳,,122580.0,,,,,,,False,,
920821,则成电子,920821.BJ,BSE,北交所,深圳,元器件,20220706,N,薛兴韩,,13836.1899,,,,,,,False,,
920826,盖世食品,920826.BJ,BSE,北交所,辽宁,食品,20210112,N,盖泉泓,,14051.5814,,,,,,,False,,
920832,齐鲁华信,920832.BJ,BSE,北交所,山东,化工原料,20210223,N,明伟,,13876.3865,,,,,,,False,,
920833,美心翼申,920833.BJ,BSE,北交所,重庆,汽车配件,20231108,N,徐争鸣,,8236.0,,,,,,,False,,
920834,三维装备,920834.BJ,BSE,北交所,江苏,塑料,20220822,N,李悦,,12000.0005,,,,,,,False,,
920837,华原股份,920837.BJ,BSE,北交所,广西,汽车配件,20230515,N,邓福生,,15171.2787,,,,,,,False,,
920839,万通液压,920839.BJ,BSE,北交所,山东,工程机械,20201109,N,王万法,,11820.9971,,,,,,,False,,
920855,浙江大农,920855.BJ,BSE,北交所,浙江,机床制造,20221229,N,王靖,,7473.3333,,,,,,,False,,
920856,浩淼科技,920856.BJ,BSE,北交所,安徽,专用机械,20201225,N,倪军,,9512.6628,,,,,,,False,,
920857,泓禧科技,920857.BJ,BSE,北交所,重庆,元器件,20220228,N,谭震,,7400.7152,,,,,,,False,,
920866,绿亨科技,920866.BJ,BSE,北交所,广东,农药化肥,20221209,N,刘铁斌,,18020.59,,,,,,,False,,
920870,恒进感应,920870.BJ,BSE,北交所,湖北,机床制造,20220705,N,周祥成,,13400.0,,,,,,,False,,
920871,派特尔,920871.BJ,BSE,北交所,广东,塑料,20220722,N,陈宇,,8501.5641,,,,,,,False,,
920873,中设咨询,920873.BJ,BSE,北交所,重庆,建筑工程,20211115,N,黄华华,,15338.7002,,,,,,,False,,
920876,慧为智能,920876.BJ,BSE,北交所,深圳,元器件,20221109,N,李晓辉,,6418.0659,,,,,,,False,,
920879,基康技术,920879.BJ,BSE,北交所,北京,电器仪表,20221220,N,袁双红,,20086.8814,,,,,,,False,,
920885,星辰科技,920885.BJ,BSE,北交所,广西,电器仪表,20210708,N,吕虹,,17081.99,,,,,,,False,,
920892,广咨国际,920892.BJ,BSE,北交所,广东,建筑工程,20211028,N,江婷,,17035.1353,,,,,,,False,,
920895,花溪科技,920895.BJ,BSE,北交所,河南,农用机械,20230406,N,景建群,,5652.4,,,,,,,False,,
920896,旺成科技,920896.BJ,BSE,北交所,重庆,汽车配件,20230419,N,吴银剑,,10122.424,,,,,,,False,,
920906,舜宇精工,920906.BJ,BSE,北交所,浙江,汽车配件,20230222,N,倪文军,,6497.0,,,,,,,False,,
920914,远航精密,920914.BJ,BSE,北交所,江苏,小金属,20221111,N,周林峰,,9968.3,,,,,,,False,,
920924,广脉科技,920924.BJ,BSE,北交所,浙江,通信设备,20211103,N,赵国民,,10729.65,,,,,,,False,,
920925,锦好医疗,920925.BJ,BSE,北交所,广东,医疗保健,20211025,N,王敏,,9866.0643,,,,,,,False,,
920926,鸿智科技,920926.BJ,BSE,北交所,广东,家用电器,20230808,N,游进,,8836.1737,,,,,,,False,,
920931,无锡鼎邦,920931.BJ,BSE,北交所,江苏,化工机械,20240408,N,王凯,,9393.0,,,,,,,False,,
920932,科达自控,920932.BJ,BSE,北交所,山西,软件服务,20211115,N,付国军,,10535.035,,,,,,,False,,
920942,恒立钻具,920942.BJ,BSE,北交所,湖北,机械基件,20221208,N,余立新,,6132.71,,,,,,,False,,
920943,优机股份,920943.BJ,BSE,北交所,四川,机械基件,20220624,N,罗辑,,10152.1378,,,,,,,False,,
920946,森萱医药,920946.BJ,BSE,北交所,江苏,化学制药,20200727,N,吴玉祥,,42691.834,,,,,,,False,,
920950,迅安科技,920950.BJ,BSE,北交所,江苏,元器件,20230111,N,高为人,,7332.0,,,,,,,False,,
920953,国子软件,920953.BJ,BSE,北交所,山东,软件服务,20230823,N,韩承志,,12811.599,,,,,,,False,,
920957,汉维科技,920957.BJ,BSE,北交所,广东,化工原料,20221214,N,周述辉,,10730.1334,,,,,,,False,,
920961,创远信科,920961.BJ,BSE,北交所,上海,电器仪表,20200727,N,冯跃军,,14284.0508,,,,,,,False,,
920964,润农节水,920964.BJ,BSE,北交所,河北,建筑工程,20200727,N,丁辉俊,,26120.8,,,,,,,False,,
920970,大禹生物,920970.BJ,BSE,北交所,山西,饲料,20220518,N,闫和平,,11080.08,,,,,,,False,,
920971,天马新材,920971.BJ,BSE,北交所,河南,化工原料,20220927,N,马淑云,,10508.8002,,,,,,,False,,
920974,凯大催化,920974.BJ,BSE,北交所,浙江,化工原料,20230308,N,姚洪,,16380.0,,,,,,,False,,
920976,视声智能,920976.BJ,BSE,北交所,广东,通信设备,20230901,N,朱湘军,,7095.34,,,,,,,False,,
920978,开特股份,920978.BJ,BSE,北交所,湖北,汽车配件,20230928,N,郑海法,,18002.8468,,,,,,,False,,
920981,晶赛科技,920981.BJ,BSE,北交所,安徽,元器件,20211115,N,刘岩,,7646.8,,,,,,,False,,
920982,锦波生物,920982.BJ,BSE,北交所,山西,医疗保健,20230720,N,杨霞,,11506.534,,,,,,,False,,
920985,海泰新能,920985.BJ,BSE,北交所,河北,电气设备,20220808,N,王永,,30947.62,,,,,,,False,,
920992,中科美菱,920992.BJ,BSE,北交所,安徽,医疗保健,20221018,N,方荣新,,9673.0934,,,,,,,False,,
