source,target,weight
汽车整车,C37铁路、船舶、航空航天和其他运输设备制造业,0.30163
C37铁路、船舶、航空航天和其他运输设备制造业,汽车整车,0.30163
软饮料,酒店餐饮,0.25668
红黄酒,酒店餐饮,0.25668
白酒,酒店餐饮,0.25668
啤酒,酒店餐饮,0.25668
渔业,红黄酒,0.222992
渔业,软饮料,0.222992
渔业,白酒,0.222992
渔业,啤酒,0.222992
摩托车,C37铁路、船舶、航空航天和其他运输设备制造业,0.212475
摩托车,汽车整车,0.212475
电信运营,影视音像,0.211519
渔业,酒店餐饮,0.207414
种植业,软饮料,0.20328
种植业,红黄酒,0.20328
种植业,白酒,0.20328
种植业,啤酒,0.20328
C37铁路、船舶、航空航天和其他运输设备制造业,摩托车,0.201347
汽车整车,摩托车,0.201347
影视音像,电信运营,0.199593
水泥,玻璃,0.19045
玻璃,水泥,0.19045
乳制品,酒店餐饮,0.188694
化纤,橡胶,0.179792
化纤,染料涂料,0.175327
饲料,酒店餐饮,0.17137
农业综合,酒店餐饮,0.170656
特种钢,机床制造,0.170356
渔业,饲料,0.164431
互联网,电信运营,0.162938
橡胶,化纤,0.162875
铅锌,钢加工,0.158586
普钢,钢加工,0.158586
种植业,酒店餐饮,0.156425
染料涂料,化纤,0.155841
化纤,陶瓷,0.154808
焦炭加工,钢加工,0.154023
种植业,饲料,0.15238
染料涂料,橡胶,0.151987
橡胶,染料涂料,0.151715
种植业,渔业,0.150175
路桥,水运,0.149728
空运,水运,0.149728
铁路,空运,0.149728
路桥,铁路,0.149728
铁路,水运,0.149728
铁路,港口,0.149728
路桥,港口,0.149728
空运,港口,0.149728
路桥,空运,0.149728
空运,路桥,0.149728
空运,铁路,0.149728
铁路,路桥,0.149728
水运,路桥,0.149728
港口,空运,0.149728
港口,水运,0.149728
水运,港口,0.149728
水运,空运,0.149728
港口,铁路,0.149728
港口,路桥,0.149728
水运,铁路,0.149728
渔业,乳制品,0.14906
农业综合,啤酒,0.146399
农业综合,白酒,0.146399
农业综合,红黄酒,0.146399
农业综合,软饮料,0.146399
特种钢,钢加工,0.146246
渔业,农业综合,0.146103
食品,酒店餐饮,0.144299
机床制造,轻工机械,0.142101
机床制造,化工机械,0.142101
化纤,日用化工,0.140948
电信运营,互联网,0.140947
种植业,乳制品,0.136905
船舶,电信运营,0.136347
橡胶,农业综合,0.135967
中成药,化纤,0.134466
农药化肥,化纤,0.134466
农药化肥,染料涂料,0.133829
中成药,染料涂料,0.133829
种植业,农业综合,0.133446
橡胶,陶瓷,0.133341
农药化肥,橡胶,0.132221
中成药,橡胶,0.132221
陶瓷,水泥,0.132148
陶瓷,玻璃,0.132148
化纤,塑料,0.130413
特种钢,化工机械,0.130024
特种钢,轻工机械,0.130024
软件服务,电信运营,0.12883
电信运营,公共交通,0.128764
染料涂料,陶瓷,0.128435
橡胶,日用化工,0.126961
铁路,仓储物流,0.124958
路桥,仓储物流,0.124958
港口,仓储物流,0.124958
空运,仓储物流,0.124958
水运,仓储物流,0.124958
化纤,农药化肥,0.123559
化纤,中成药,0.123559
农业综合,渔业,0.122479
软饮料,白酒,0.121502
红黄酒,软饮料,0.121502
白酒,啤酒,0.121502
软饮料,红黄酒,0.121502
白酒,红黄酒,0.121502
红黄酒,啤酒,0.121502
红黄酒,白酒,0.121502
啤酒,白酒,0.121502
啤酒,红黄酒,0.121502
啤酒,软饮料,0.121502
白酒,软饮料,0.121502
软饮料,啤酒,0.121502
电信运营,软件服务,0.120752
互联网,影视音像,0.12074
橡胶,白酒,0.120234
橡胶,啤酒,0.120234
橡胶,红黄酒,0.120234
橡胶,软饮料,0.120234
仓储物流,铁路,0.120072
仓储物流,水运,0.120072
仓储物流,港口,0.120072
仓储物流,空运,0.120072
仓储物流,路桥,0.120072
染料涂料,日用化工,0.119753
陶瓷,化纤,0.117975
铅锌,特种钢,0.11797
普钢,特种钢,0.11797
农药化肥,陶瓷,0.117925
中成药,陶瓷,0.117925
日用化工,化纤,0.117376
渔业,食品,0.117366
摩托车,船舶,0.116928
火力发电,水力发电,0.116871
橡胶,化学制药,0.116773
新型电力,水力发电,0.115603
陶瓷,橡胶,0.115352
钢加工,特种钢,0.115301
火力发电,新型电力,0.115179
日用化工,橡胶,0.114766
橡胶,食品,0.114519
渔业,种植业,0.114117
焦炭加工,特种钢,0.113761
陶瓷,染料涂料,0.113731
染料涂料,塑料,0.113408
商品城,其他商业,0.112612
船舶,C37铁路、船舶、航空航天和其他运输设备制造业,0.112099
船舶,汽车整车,0.112099
橡胶,塑料,0.111452
农业综合,饲料,0.110934
新型电力,火力发电,0.110745
船舶,摩托车,0.110267
软饮料,渔业,0.110222
红黄酒,渔业,0.110222
白酒,渔业,0.110222
啤酒,渔业,0.110222
种植业,食品,0.110217
日用化工,染料涂料,0.109626
化纤,化学制药,0.109536
橡胶,农药化肥,0.108803
橡胶,中成药,0.108803
塑料,化纤,0.106035
化学制药,橡胶,0.105616
电信运营,船舶,0.105213
染料涂料,农药化肥,0.104728
染料涂料,中成药,0.104728
塑料,染料涂料,0.104556
中成药,日用化工,0.103832
农药化肥,日用化工,0.103832
塑料,橡胶,0.103763
通信设备,电信运营,0.103615
钢加工,机床制造,0.103548
塑料,陶瓷,0.10347
橡胶,渔业,0.103344
银行,证券,0.102755
银行,保险,0.102755
证券,保险,0.102755
保险,证券,0.102755
证券,银行,0.102755
保险,银行,0.102755
公共交通,电信运营,0.102656
IT设备,电信运营,0.102261
橡胶,饲料,0.102014
水力发电,火力发电,0.101984
化学制药,化纤,0.101721
水力发电,新型电力,0.101691
汽车整车,船舶,0.100947
C37铁路、船舶、航空航天和其他运输设备制造业,船舶,0.100947
中成药,塑料,0.100771
农药化肥,塑料,0.100771
轻工机械,机床制造,0.100618
化工机械,机床制造,0.100618
超市连锁,林业,0.100555
百货,林业,0.100555
批发业,林业,0.100555
石油贸易,林业,0.100555
医药商业,林业,0.100555
日用化工,陶瓷,0.099201
化工机械,轻工机械,0.099168
轻工机械,化工机械,0.099168
机床制造,特种钢,0.099122
化纤,广告包装,0.098332
化纤,医疗保健,0.09823
农业综合,乳制品,0.097998
化纤,化工原料,0.097652
水泥,陶瓷,0.097599
玻璃,陶瓷,0.097599
铝,钢加工,0.097227
陶瓷,塑料,0.09706
化纤,纺织,0.09668
农业综合,食品,0.096431
染料涂料,纺织机械,0.096265
港口,公路,0.095867
水运,公路,0.095867
路桥,公路,0.095867
空运,公路,0.095867
铁路,公路,0.095867
钢加工,铝,0.095701
船舶,影视音像,0.095556
摩托车,IT设备,0.095325
船舶,IT设备,0.095264
乳制品,红黄酒,0.095219
乳制品,白酒,0.095219
乳制品,啤酒,0.095219
乳制品,软饮料,0.095219
石油加工,化纤,0.095106
化纤,其他建材,0.095032
机床制造,农用机械,0.094786
化学制药,染料涂料,0.094773
影视音像,互联网,0.094285
农业综合,橡胶,0.094006
商品城,房产服务,0.09347
商品城,旅游服务,0.093107
商品城,石油贸易,0.092526
商品城,医药商业,0.092526
商品城,百货,0.092526
商品城,超市连锁,0.092526
商品城,批发业,0.092526
石油加工,橡胶,0.09205
普钢,铅锌,0.092035
铅锌,普钢,0.092035
中成药,农药化肥,0.092017
农药化肥,中成药,0.092017
染料涂料,化学制药,0.091694
软件服务,影视音像,0.091607
橡胶,医疗保健,0.091555
染料涂料,化工原料,0.091318
陶瓷,日用化工,0.091207
IT设备,船舶,0.090742
互联网,船舶,0.090597
化纤,生物制药,0.090023
电信运营,通信设备,0.089774
纺织机械,纺织,0.08969
生物制药,化纤,0.089644
化纤,造纸,0.089302
橡胶,广告包装,0.089273
生物制药,染料涂料,0.089219
软饮料,农业综合,0.088689
红黄酒,农业综合,0.088689
白酒,农业综合,0.088689
啤酒,农业综合,0.088689
生物制药,橡胶,0.088147
石油加工,染料涂料,0.087863
橡胶,纺织,0.087806
染料涂料,家用电器,0.087586
化纤,石油加工,0.087533
中成药,纺织,0.087174
农药化肥,纺织,0.087174
食品,橡胶,0.086871
影视音像,公共交通,0.086869
供气供热,水力发电,0.086774
焦炭加工,普钢,0.086753
焦炭加工,铅锌,0.086753
特种钢,农用机械,0.086711
船舶,互联网,0.086677
商品城,互联网,0.086568
橡胶,造纸,0.086276
农业综合,种植业,0.086178
化纤,农业综合,0.08616
商品城,电信运营,0.086121
互联网,软件服务,0.085967
IT设备,C37铁路、船舶、航空航天和其他运输设备制造业,0.085437
IT设备,汽车整车,0.085437
普钢,铝,0.085225
铅锌,铝,0.085225
IT设备,摩托车,0.085134
化学制药,陶瓷,0.085109
橡胶,化工原料,0.084714
港口,火力发电,0.084699
铁路,火力发电,0.084699
路桥,火力发电,0.084699
水运,火力发电,0.084699
空运,火力发电,0.084699
商品城,汽车服务,0.084698
乳制品,渔业,0.084366
钢加工,化工机械,0.084303
钢加工,轻工机械,0.084303
白酒,饲料,0.084191
红黄酒,饲料,0.084191
啤酒,饲料,0.084191
软饮料,饲料,0.084191
化工原料,染料涂料,0.084142
火力发电,供气供热,0.083867
焦炭加工,铝,0.083853
陶瓷,其他建材,0.083852
供气供热,火力发电,0.083772
农药化肥,化学制药,0.083529
中成药,化学制药,0.083529
染料涂料,医疗保健,0.083468
水泥,装修装饰,0.083458
玻璃,装修装饰,0.083458
农药化肥,广告包装,0.082959
中成药,广告包装,0.082959
化纤,家居用品,0.08276
供气供热,新型电力,0.082177
塑料,日用化工,0.081841
汽车整车,路桥,0.081737
C37铁路、船舶、航空航天和其他运输设备制造业,铁路,0.081737
汽车整车,水运,0.081737
C37铁路、船舶、航空航天和其他运输设备制造业,路桥,0.081737
汽车整车,空运,0.081737
汽车整车,铁路,0.081737
C37铁路、船舶、航空航天和其他运输设备制造业,空运,0.081737
C37铁路、船舶、航空航天和其他运输设备制造业,水运,0.081737
C37铁路、船舶、航空航天和其他运输设备制造业,港口,0.081737
汽车整车,港口,0.081737
日用化工,塑料,0.081645
红黄酒,乳制品,0.081579
啤酒,乳制品,0.081579
软饮料,乳制品,0.081579
白酒,乳制品,0.081579
化纤,家用电器,0.081566
饲料,啤酒,0.081224
饲料,红黄酒,0.081224
饲料,软饮料,0.081224
饲料,白酒,0.081224
农用机械,机床制造,0.081214
橡胶,其他建材,0.081168
铅锌,焦炭加工,0.080896
普钢,焦炭加工,0.080896
影视音像,软件服务,0.080892
证券,多元金融,0.080777
银行,多元金融,0.080777
保险,多元金融,0.080777
农用机械,轻工机械,0.080743
农用机械,化工机械,0.080743
橡胶,乳制品,0.080376
公路,空运,0.080366
公路,铁路,0.080366
公路,路桥,0.080366
公路,港口,0.080366
公路,水运,0.080366
啤酒,种植业,0.08028
白酒,种植业,0.08028
软饮料,种植业,0.08028
红黄酒,种植业,0.08028
特种钢,铝,0.080254
商品城,旅游景点,0.080204
火力发电,空运,0.08002
火力发电,路桥,0.08002
火力发电,铁路,0.08002
火力发电,港口,0.08002
火力发电,水运,0.08002
公路,供气供热,0.079996
钢加工,铜,0.079805
石油加工,陶瓷,0.07968
种植业,林业,0.079612
汽车整车,IT设备,0.079436
C37铁路、船舶、航空航天和其他运输设备制造业,IT设备,0.079436
食品,农业综合,0.079408
电信运营,IT设备,0.079253
铜,钢加工,0.079225
橡胶,生物制药,0.078985
陶瓷,中成药,0.078806
陶瓷,农药化肥,0.078806
中成药,医疗保健,0.078648
农药化肥,医疗保健,0.078648
生物制药,陶瓷,0.078616
中成药,造纸,0.078384
农药化肥,造纸,0.078384
日用化工,中成药,0.078362
日用化工,农药化肥,0.078362
日用化工,其他建材,0.078333
化学制药,日用化工,0.07827
染料涂料,广告包装,0.078225
仓储物流,公路,0.078141
化工原料,化纤,0.077912
染料涂料,其他建材,0.077825
旅游服务,商品城,0.077647
染料涂料,生物制药,0.077554
焦炭加工,铜,0.07727
橡胶,石油加工,0.077099
港口,机场,0.077049
空运,机场,0.077049
铁路,机场,0.077049
路桥,机场,0.077049
水运,机场,0.077049
钢加工,建筑工程,0.076769
橡胶,家居用品,0.076465
机场,铁路,0.076418
机场,路桥,0.076418
机场,港口,0.076418
机场,水运,0.076418
机场,空运,0.076418
焦炭加工,机床制造,0.076339
啤酒,出版业,0.07625
白酒,出版业,0.07625
红黄酒,出版业,0.07625
软饮料,出版业,0.07625
化工原料,橡胶,0.07601
商品城,多元金融,0.07598
食品,红黄酒,0.075941
食品,啤酒,0.075941
食品,白酒,0.075941
食品,软饮料,0.075941
其他建材,陶瓷,0.075879
化纤,纺织机械,0.075837
钢加工,小金属,0.075836
公共交通,影视音像,0.075582
商品城,影视音像,0.075547
农药化肥,化工原料,0.075308
中成药,化工原料,0.075308
互联网,公共交通,0.075198
化纤,汽车配件,0.075157
船舶,软件服务,0.074845
中成药,其他建材,0.07484
农药化肥,其他建材,0.07484
玻璃,建筑工程,0.074822
水泥,建筑工程,0.074822
化纤,水务,0.0748
互联网,IT设备,0.074581
普钢,机床制造,0.074467
铅锌,机床制造,0.074467
其他商业,林业,0.074275
农药化肥,林业,0.073952
中成药,林业,0.073952
日用化工,化工原料,0.073943
化纤,食品,0.073902
饲料,渔业,0.0739
通信设备,影视音像,0.073854
化工原料,日用化工,0.0735
橡胶,种植业,0.073451
新型电力,供气供热,0.07345
食品,渔业,0.073415
矿物制品,钢加工,0.073386
染料涂料,石油加工,0.073302
互联网,通信设备,0.073214
钢加工,航空,0.073207
石油加工,日用化工,0.07271
陶瓷,医疗保健,0.07264
其他商业,商品城,0.072616
农药化肥,家居用品,0.072398
中成药,家居用品,0.072398
食品,化纤,0.072253
铅锌,铜,0.072223
普钢,铜,0.072223
食品,染料涂料,0.072118
特种钢,工程机械,0.071994
塑料,农药化肥,0.071869
塑料,中成药,0.071869
乳制品,农业综合,0.071814
多元金融,保险,0.071675
多元金融,证券,0.071675
多元金融,银行,0.071675
IT设备,影视音像,0.071671
软件服务,互联网,0.071465
其他建材,水泥,0.071285
其他建材,玻璃,0.071285
染料涂料,纺织,0.071039
银行,铁路,0.070814
证券,港口,0.070814
保险,港口,0.070814
保险,铁路,0.070814
银行,路桥,0.070814
证券,水运,0.070814
银行,空运,0.070814
证券,空运,0.070814
保险,路桥,0.070814
保险,水运,0.070814
证券,路桥,0.070814
银行,港口,0.070814
证券,铁路,0.070814
银行,水运,0.070814
保险,空运,0.070814
中成药,家用电器,0.070743
农药化肥,家用电器,0.070743
影视音像,船舶,0.070429
玻璃,全国地产,0.070224
水泥,全国地产,0.070224
供气供热,公路,0.070173
化学制药,塑料,0.070162
农药化肥,农业综合,0.070128
中成药,农业综合,0.070128
陶瓷,化学制药,0.069948
矿物制品,玻璃,0.069744
矿物制品,水泥,0.069744
仓储物流,火力发电,0.069704
特种钢,家用电器,0.069644
钢加工,其他建材,0.069358
生物制药,日用化工,0.069222
农业综合,化纤,0.069096
多元金融,商品城,0.069077
农业综合,化学制药,0.069076
特种钢,机械基件,0.069061
染料涂料,汽车配件,0.069048
化工原料,陶瓷,0.069028
焦炭加工,小金属,0.069027
钢加工,机械基件,0.068744
互联网,商品城,0.068728
商品城,区域地产,0.068636
运输设备,电信运营,0.068593
日用化工,化学制药,0.06847
商品城,供气供热,0.068408
染料涂料,农业综合,0.068346
汽车服务,林业,0.068293
水力发电,供气供热,0.06824
普钢,小金属,0.068174
铅锌,小金属,0.068174
化学制药,农药化肥,0.068167
化学制药,中成药,0.068167
批发业,纺织,0.068162
超市连锁,纺织,0.068162
医药商业,纺织,0.068162
石油贸易,纺织,0.068162
百货,纺织,0.068162
乳制品,饲料,0.068123
铝,特种钢,0.068089
钢加工,普钢,0.068067
钢加工,铅锌,0.068067
中成药,纺织机械,0.06806
农药化肥,纺织机械,0.06806
染料涂料,造纸,0.067957
水力发电,水务,0.067748
中成药,生物制药,0.067716
农药化肥,生物制药,0.067716
陶瓷,家用电器,0.067473
钢加工,工程机械,0.067463
染料涂料,半导体,0.067431
火力发电,仓储物流,0.067358
生物制药,塑料,0.067181
橡胶,林业,0.06718
机场,仓储物流,0.067114
特种钢,铅锌,0.067016
特种钢,普钢,0.067016
乳制品,出版业,0.066951
船舶,运输设备,0.066805
摩托车,运输设备,0.066801
塑料,水泥,0.066739
塑料,玻璃,0.066739
仓储物流,机场,0.066722
公路,仓储物流,0.066616
商品城,装修装饰,0.066444
化纤,玻璃,0.06639
化纤,水泥,0.06639
染料涂料,元器件,0.066281
轻工机械,农用机械,0.066142
化工机械,农用机械,0.066142
船舶,通信设备,0.066108
橡胶,纺织机械,0.066028
特种钢,小金属,0.066007
IT设备,互联网,0.065969
特种钢,铜,0.065912
广告包装,造纸,0.065807
农药化肥,石油加工,0.065436
中成药,石油加工,0.065436
电信运营,综合类,0.065305
化纤,半导体,0.065288
化纤,文教休闲,0.065206
石油加工,化学制药,0.065157
塑料,医疗保健,0.065121
银行,仓储物流,0.065062
保险,仓储物流,0.065062
证券,仓储物流,0.065062
广告包装,化纤,0.065054
农药化肥,汽车配件,0.065052
中成药,汽车配件,0.065052
船舶,公共交通,0.065045
染料涂料,家居用品,0.064922
日用化工,造纸,0.064898
工程机械,电信运营,0.064875
染料涂料,电气设备,0.064858
石油加工,塑料,0.064822
农业综合,染料涂料,0.064784
日用化工,医疗保健,0.064741
特种钢,焦炭加工,0.064736
服饰,纺织,0.064709
C37铁路、船舶、航空航天和其他运输设备制造业,仓储物流,0.064589
汽车整车,仓储物流,0.064589
电器仪表,电信运营,0.064568
软饮料,食品,0.064387
啤酒,食品,0.064387
白酒,食品,0.064387
红黄酒,食品,0.064387
其他建材,日用化工,0.064337
特种钢,航空,0.064278
染料涂料,船舶,0.064112
化纤,服饰,0.06395
化纤,电气设备,0.063942
陶瓷,化工原料,0.063815
塑料,化学制药,0.06379
钢加工,焦炭加工,0.063727
石油加工,中成药,0.063727
石油加工,农药化肥,0.063727
橡胶,家用电器,0.063702
运输设备,汽车整车,0.063559
运输设备,C37铁路、船舶、航空航天和其他运输设备制造业,0.063559
小金属,钢加工,0.063452
橡胶,水务,0.063307
运输设备,船舶,0.06326
水运,玻璃,0.063202
水运,水泥,0.063202
铁路,玻璃,0.063202
铁路,水泥,0.063202
路桥,水泥,0.063202
港口,水泥,0.063202
路桥,玻璃,0.063202
港口,玻璃,0.063202
空运,玻璃,0.063202
空运,水泥,0.063202
塑料,家用电器,0.063149
橡胶,汽车配件,0.063143
塑料,其他建材,0.063027
染料涂料,水务,0.063014
商品城,园区开发,0.063008
商品城,商贸代理,0.062977
食品,陶瓷,0.062893
焦炭加工,航空,0.062795
染料涂料,矿物制品,0.062626
水运,石油贸易,0.062512
空运,百货,0.062512
空运,医药商业,0.062512
路桥,超市连锁,0.062512
水运,医药商业,0.062512
水运,批发业,0.062512
水运,百货,0.062512
路桥,医药商业,0.062512
水运,超市连锁,0.062512
港口,医药商业,0.062512
港口,批发业,0.062512
港口,百货,0.062512
空运,批发业,0.062512
路桥,百货,0.062512
港口,超市连锁,0.062512
港口,石油贸易,0.062512
空运,石油贸易,0.062512
铁路,石油贸易,0.062512
铁路,批发业,0.062512
铁路,医药商业,0.062512
空运,超市连锁,0.062512
铁路,百货,0.062512
铁路,超市连锁,0.062512
路桥,批发业,0.062512
路桥,石油贸易,0.062512
汽车整车,航空,0.062488
C37铁路、船舶、航空航天和其他运输设备制造业,航空,0.062488
染料涂料,摩托车,0.062455
煤炭开采,焦炭加工,0.062445
软件服务,船舶,0.062399
玻璃,矿物制品,0.062335
水泥,矿物制品,0.062335
日用化工,广告包装,0.062316
航空,汽车整车,0.062154
航空,C37铁路、船舶、航空航天和其他运输设备制造业,0.062154
化纤,元器件,0.061989
乳制品,种植业,0.061982
铅锌,航空,0.061839
普钢,航空,0.061839
运输设备,摩托车,0.061581
染料涂料,机械基件,0.061371
生物制药,中成药,0.061345
生物制药,农药化肥,0.061345
机械基件,机床制造,0.061308
化学制药,农业综合,0.061305
农药化肥,食品,0.061199
中成药,食品,0.061199
焦炭加工,机械基件,0.061154
化纤,环境保护,0.061143
焦炭加工,矿物制品,0.060909
化纤,林业,0.060651
铝,机床制造,0.06062
广告包装,橡胶,0.060573
焦炭加工,轻工机械,0.060423
焦炭加工,化工机械,0.060423
其他建材,化纤,0.060417
路桥,公共交通,0.060412
铁路,公共交通,0.060412
港口,公共交通,0.060412
水运,公共交通,0.060412
空运,公共交通,0.060412
电信运营,工程机械,0.060407
矿物制品,铝,0.060406
摩托车,航空,0.060358
钢加工,元器件,0.060212
影视音像,通信设备,0.060197
仓储物流,医药商业,0.060147
仓储物流,超市连锁,0.060147
仓储物流,石油贸易,0.060147
仓储物流,百货,0.060147
仓储物流,批发业,0.060147
通信设备,互联网,0.060134
橡胶,酒店餐饮,0.060127
超市连锁,摩托车,0.060009
医药商业,摩托车,0.060009
批发业,摩托车,0.060009
石油贸易,摩托车,0.060009
百货,摩托车,0.060009
家居用品,林业,0.059968
电信运营,商品城,0.059803
证券,水务,0.059675
银行,水务,0.059675
保险,水务,0.059675
化纤,工程机械,0.059458
饲料,农业综合,0.059455
公共交通,路桥,0.059388
公共交通,水运,0.059388
公共交通,港口,0.059388
公共交通,空运,0.059388
公共交通,铁路,0.059388
互联网,电器仪表,0.059342
塑料,化工原料,0.059087
铝,小金属,0.059052
其他建材,橡胶,0.059034
陶瓷,矿物制品,0.05903
家用电器,染料涂料,0.05902
染料涂料,IT设备,0.058983
铅锌,化工机械,0.058973
普钢,化工机械,0.058973
铅锌,轻工机械,0.058973
普钢,轻工机械,0.058973
农药化肥,玻璃,0.058935
农药化肥,水泥,0.058935
中成药,玻璃,0.058935
中成药,水泥,0.058935
运输设备,IT设备,0.058869
焦炭加工,其他建材,0.058834
陶瓷,广告包装,0.058792
广告包装,染料涂料,0.058788
食品,饲料,0.058763
其他建材,染料涂料,0.058678
证券,机场,0.058672
银行,机场,0.058672
保险,机场,0.058672
铝,铜,0.058662
染料涂料,工程机械,0.058598
染料涂料,食品,0.058459
特种钢,元器件,0.05833
普钢,机械基件,0.058285
铅锌,机械基件,0.058285
铜,铝,0.058141
通信设备,船舶,0.058131
陶瓷,家居用品,0.058129
生物制药,纺织,0.058116
农药化肥,服饰,0.0581
中成药,服饰,0.0581
通信设备,软件服务,0.058091
石油贸易,汽车整车,0.058056
石油贸易,C37铁路、船舶、航空航天和其他运输设备制造业,0.058056
百货,C37铁路、船舶、航空航天和其他运输设备制造业,0.058056
百货,汽车整车,0.058056
超市连锁,汽车整车,0.058056
医药商业,C37铁路、船舶、航空航天和其他运输设备制造业,0.058056
批发业,汽车整车,0.058056
批发业,C37铁路、船舶、航空航天和其他运输设备制造业,0.058056
医药商业,汽车整车,0.058056
超市连锁,C37铁路、船舶、航空航天和其他运输设备制造业,0.058056
铝,航空,0.058038
化工原料,塑料,0.057944
塑料,广告包装,0.057881
路桥,区域地产,0.05783
港口,区域地产,0.05783
铁路,区域地产,0.05783
空运,区域地产,0.05783
水运,区域地产,0.05783
软件服务,公共交通,0.057689
航空,摩托车,0.057657
橡胶,服饰,0.05763
IT设备,软件服务,0.057629
染料涂料,通信设备,0.057579
仓储物流,其他商业,0.057514
染料涂料,文教休闲,0.05743
中成药,文教休闲,0.057407
农药化肥,文教休闲,0.057407
染料涂料,环境保护,0.057317
橡胶,文教休闲,0.05723
陶瓷,生物制药,0.057172
食品,化学制药,0.057145
房产服务,商品城,0.057043
陶瓷,石油加工,0.057033
日用化工,家居用品,0.057007
旅游服务,其他商业,0.057001
机床制造,家用电器,0.056949
铜,特种钢,0.056872
中成药,半导体,0.056811
农药化肥,半导体,0.056811
矿物制品,特种钢,0.056811
商品城,中成药,0.056793
商品城,农药化肥,0.056793
日用化工,生物制药,0.056706
石油贸易,造纸,0.056547
百货,造纸,0.056547
批发业,造纸,0.056547
超市连锁,造纸,0.056547
医药商业,造纸,0.056547
化纤,机械基件,0.0565
公共交通,互联网,0.056409
塑料,纺织,0.056392
航空,钢加工,0.056372
中成药,电气设备,0.056311
农药化肥,电气设备,0.056311
染料涂料,专用机械,0.056272
黄金,铅锌,0.056266
黄金,普钢,0.056266
生物制药,化学制药,0.056249
钢加工,农用机械,0.056215
化学制药,酒店餐饮,0.056115
农业综合,陶瓷,0.056014
IT设备,运输设备,0.05592
食品,日用化工,0.055852
火力发电,综合类,0.055811
互联网,运输设备,0.055764
钢加工,通信设备,0.055689
农药化肥,元器件,0.055656
中成药,元器件,0.055656
多元金融,仓储物流,0.055654
仓储物流,区域地产,0.055649
医疗保健,橡胶,0.055631
食品,种植业,0.055536
渔业,林业,0.055528
煤炭开采,水泥,0.055522
煤炭开采,玻璃,0.055522
仓储物流,玻璃,0.055482
仓储物流,水泥,0.055482
路桥,汽车服务,0.055475
铁路,汽车服务,0.055475
空运,汽车服务,0.055475
水运,汽车服务,0.055475
港口,汽车服务,0.055475
摩托车,港口,0.055471
摩托车,空运,0.055471
摩托车,路桥,0.055471
摩托车,铁路,0.055471
摩托车,水运,0.055471
机床制造,运输设备,0.055467
综合类,酒店餐饮,0.055463
日用化工,石油加工,0.055454
石油加工,化工原料,0.05543
生物制药,广告包装,0.055306
仓储物流,公共交通,0.055291
特种钢,运输设备,0.055255
日用化工,纺织,0.05522
种植业,化学制药,0.055187
中成药,水务,0.055181
农药化肥,水务,0.055181
铝,通信设备,0.055151
综合类,电信运营,0.055117
渔业,化学制药,0.054999
商品城,公共交通,0.054956
多元金融,水运,0.054929
多元金融,铁路,0.054929
多元金融,路桥,0.054929
多元金融,空运,0.054929
多元金融,港口,0.054929
钢加工,新型电力,0.054922
钢加工,家用电器,0.054885
乳制品,食品,0.054855
电信运营,运输设备,0.054812
电信运营,电器仪表,0.054801
C37铁路、船舶、航空航天和其他运输设备制造业,运输设备,0.0548
汽车整车,运输设备,0.0548
仓储物流,汽车服务,0.054795
矿物制品,小金属,0.054691
化纤,专用机械,0.054669
医疗保健,化纤,0.054643
农业综合,日用化工,0.05464
饲料,乳制品,0.054627
塑料,纺织机械,0.054625
港口,其他商业,0.054602
水运,其他商业,0.054602
空运,其他商业,0.054602
路桥,其他商业,0.054602
铁路,其他商业,0.054602
家用电器,化工机械,0.054526
家用电器,轻工机械,0.054526
纺织,服饰,0.054521
铝,轻工机械,0.054446
铝,化工机械,0.054446
商品城,出版业,0.054398
特种钢,汽车整车,0.054387
特种钢,C37铁路、船舶、航空航天和其他运输设备制造业,0.054387
商品城,工程机械,0.054382
化学制药,化工原料,0.054236
多元金融,其他商业,0.054077
食品,塑料,0.05403
公路,火力发电,0.054023
广告包装,陶瓷,0.053967
橡胶,环境保护,0.053953
饲料,种植业,0.053952
医疗保健,染料涂料,0.053939
塑料,家居用品,0.053935
多元金融,旅游服务,0.053932
机械基件,轻工机械,0.053863
机械基件,化工机械,0.053863
特种钢,其他建材,0.053834
陶瓷,纺织,0.05367
商品城,软件服务,0.053636
渔业,橡胶,0.05357
机械基件,家用电器,0.053477
医疗保健,陶瓷,0.053455
焦炭加工,建筑工程,0.053433
银行,商品城,0.053357
证券,商品城,0.053357
保险,商品城,0.053357
染料涂料,电器仪表,0.053262
其他建材,塑料,0.053248
塑料,造纸,0.053231
纺织机械,IT设备,0.053206
化学制药,医疗保健,0.053148
影视音像,IT设备,0.053124
焦炭加工,工程机械,0.053078
家用电器,纺织机械,0.053014
化工机械,特种钢,0.052898
轻工机械,特种钢,0.052898
陶瓷,汽车配件,0.052895
塑料,生物制药,0.052838
煤炭开采,水力发电,0.052776
化工原料,农药化肥,0.052742
化工原料,中成药,0.052742
石油贸易,酒店餐饮,0.052721
百货,酒店餐饮,0.052721
超市连锁,酒店餐饮,0.052721
医药商业,酒店餐饮,0.052721
批发业,酒店餐饮,0.052721
软件服务,IT设备,0.052669
生物制药,医疗保健,0.052633
特种钢,建筑工程,0.052631
公共交通,仓储物流,0.052588
软件服务,通信设备,0.052579
矿物制品,家用电器,0.052579
区域地产,商品城,0.052543
石油贸易,纺织机械,0.052508
批发业,纺织机械,0.052508
超市连锁,纺织机械,0.052508
百货,纺织机械,0.052508
医药商业,纺织机械,0.052508
陶瓷,农业综合,0.052489
水泥,其他建材,0.052481
玻璃,其他建材,0.052481
种植业,橡胶,0.05246
纺织机械,船舶,0.052427
中成药,环境保护,0.052425
农药化肥,环境保护,0.052425
特种钢,新型电力,0.052409
特种钢,半导体,0.052401
陶瓷,建筑工程,0.052383
船舶,电器仪表,0.052375
食品,出版业,0.052373
机床制造,工程机械,0.052361
供气供热,商品城,0.052327
化纤,矿物制品,0.05226
生物制药,造纸,0.052256
仓储物流,商品城,0.05225
百货,广告包装,0.052215
批发业,广告包装,0.052215
石油贸易,广告包装,0.052215
超市连锁,广告包装,0.052215
医药商业,广告包装,0.052215
铅锌,矿物制品,0.052143
普钢,矿物制品,0.052143
化学制药,广告包装,0.052116
食品,乳制品,0.052103
火力发电,公路,0.051958
保险,火力发电,0.051958
证券,火力发电,0.051958
银行,火力发电,0.051958
小金属,铝,0.051945
特种钢,汽车配件,0.051929
农药化肥,工程机械,0.051897
中成药,工程机械,0.051897
旅游景点,商品城,0.051853
家用电器,机床制造,0.051735
批发业,家居用品,0.051673
百货,家居用品,0.051673
医药商业,家居用品,0.051673
超市连锁,家居用品,0.051673
石油贸易,家居用品,0.051673
路桥,陶瓷,0.051668
铁路,陶瓷,0.051668
空运,陶瓷,0.051668
水运,陶瓷,0.051668
港口,陶瓷,0.051668
其他商业,纺织,0.051596
化学制药,其他建材,0.051587
日用化工,农业综合,0.051566
橡胶,电气设备,0.051463
塑料,汽车配件,0.051453
IT设备,通信设备,0.05144
橡胶,半导体,0.051396
饲料,出版业,0.051394
家用电器,陶瓷,0.051383
港口,中成药,0.051323
水运,中成药,0.051323
空运,农药化肥,0.051323
空运,中成药,0.051323
港口,农药化肥,0.051323
铁路,中成药,0.051323
路桥,中成药,0.051323
路桥,农药化肥,0.051323
铁路,农药化肥,0.051323
水运,农药化肥,0.051323
塑料,石油加工,0.051316
铝,机械基件,0.051304
装修装饰,商品城,0.051281
陶瓷,造纸,0.051181
陶瓷,元器件,0.051181
钢加工,汽车配件,0.05102
工程机械,机床制造,0.050948
超市连锁,染料涂料,0.050832
批发业,染料涂料,0.050832
石油贸易,染料涂料,0.050832
百货,染料涂料,0.050832
医药商业,染料涂料,0.050832
火力发电,玻璃,0.050822
火力发电,水泥,0.050822
陶瓷,电气设备,0.050813
其他商业,房产服务,0.050803
其他商业,汽车整车,0.050768
其他商业,C37铁路、船舶、航空航天和其他运输设备制造业,0.050768
互联网,工程机械,0.050745
矿物制品,铜,0.05074
商贸代理,林业,0.05062
陶瓷,装修装饰,0.05062
生物制药,化工原料,0.050487
煤炭开采,火力发电,0.05048
商品城,综合类,0.050475
电器仪表,船舶,0.050421
煤炭开采,新型电力,0.050384
其他商业,出版业,0.050369
矿物制品,机械基件,0.050295
仓储物流,林业,0.050277
工程机械,轻工机械,0.050248
工程机械,化工机械,0.050248
农药化肥,机械基件,0.05021
中成药,机械基件,0.05021
普钢,其他建材,0.050073
铅锌,其他建材,0.050073
染料涂料,运输设备,0.050026
塑料,农业综合,0.050023
化学制药,食品,0.049996
机场,百货,0.049976
机场,批发业,0.049976
机场,石油贸易,0.049976
机场,医药商业,0.049976
机场,超市连锁,0.049976
化工原料,其他建材,0.049962
化学制药,生物制药,0.049923
染料涂料,水泥,0.049917
染料涂料,玻璃,0.049917
生物制药,其他建材,0.049894
区域地产,其他商业,0.049832
机械基件,电信运营,0.049754
其他商业,摩托车,0.049747
其他商业,旅游景点,0.049743
橡胶,玻璃,0.049735
橡胶,水泥,0.049735
通信设备,IT设备,0.049713
造纸,广告包装,0.04967
保险,旅游服务,0.049653
银行,旅游服务,0.049653
证券,旅游服务,0.049653
食品,农药化肥,0.049644
食品,中成药,0.049644
商品城,仓储物流,0.049609
火力发电,普钢,0.049578
火力发电,铅锌,0.049578
机械基件,通信设备,0.049523
多元金融,机场,0.049499
食品,广告包装,0.049437
其他商业,旅游服务,0.04943
生物制药,林业,0.049302
广告包装,日用化工,0.04927
商品城,机场,0.049243
其他商业,互联网,0.049243
旅游服务,水务,0.049231
仓储物流,中成药,0.049208
仓储物流,农药化肥,0.049208
矿物制品,通信设备,0.049166
农药化肥,专用机械,0.049116
中成药,专用机械,0.049116
染料涂料,铜,0.049107
超市连锁,家用电器,0.049096
医药商业,家用电器,0.049096
批发业,家用电器,0.049096
百货,家用电器,0.049096
石油贸易,家用电器,0.049096
半导体,染料涂料,0.04905
钢加工,电气设备,0.049042
工程机械,影视音像,0.049001
化学制药,石油加工,0.048966
染料涂料,服饰,0.048965
商品城,水务,0.048938
小金属,特种钢,0.048924
家用电器,水泥,0.048868
家用电器,玻璃,0.048868
IT设备,公共交通,0.048822
中成药,矿物制品,0.048796
农药化肥,矿物制品,0.048796
机场,公路,0.048794
多元金融,水务,0.048781
特种钢,电气设备,0.048583
其他商业,广告包装,0.04858
区域地产,百货,0.048476
区域地产,医药商业,0.048476
区域地产,超市连锁,0.048476
区域地产,石油贸易,0.048476
区域地产,批发业,0.048476
多元金融,区域地产,0.04842
机械基件,钢加工,0.048404
铝,摩托车,0.048398
铜,机床制造,0.048377
医药商业,出版业,0.048354
超市连锁,出版业,0.048354
百货,出版业,0.048354
石油贸易,出版业,0.048354
批发业,出版业,0.048354
火力发电,水务,0.048347
焦炭加工,汽车配件,0.048307
多元金融,房产服务,0.048271
生物制药,家居用品,0.048265
钢加工,矿物制品,0.048258
商品城,全国地产,0.04825
特种钢,矿物制品,0.048245
运输设备,影视音像,0.048198
钢加工,装修装饰,0.048112
汽车服务,建筑工程,0.048082
渔业,出版业,0.048038
医疗保健,纺织,0.048022
房产服务,其他商业,0.048015
家居用品,造纸,0.048008
焦炭加工,空运,0.047988
焦炭加工,铁路,0.047988
焦炭加工,路桥,0.047988
焦炭加工,水运,0.047988
焦炭加工,港口,0.047988
证券,区域地产,0.047962
银行,区域地产,0.047962
保险,区域地产,0.047962
石油加工,其他建材,0.047915
工程机械,化纤,0.047892
日用化工,服饰,0.047847
机械基件,特种钢,0.047839
电器仪表,IT设备,0.047833
超市连锁,船舶,0.047804
百货,船舶,0.047804
批发业,船舶,0.047804
医药商业,船舶,0.047804
石油贸易,船舶,0.047804
铅锌,建筑工程,0.047796
普钢,建筑工程,0.047796
广告包装,塑料,0.047771
染料涂料,小金属,0.047771
焦炭加工,元器件,0.047765
其他商业,装修装饰,0.04774
钢加工,半导体,0.047715
旅游服务,房产服务,0.047715
矿物制品,摩托车,0.0477
日用化工,家用电器,0.047689
铝,家用电器,0.047685
半导体,C37铁路、船舶、航空航天和其他运输设备制造业,0.047648
半导体,汽车整车,0.047648
广告包装,农药化肥,0.047623
广告包装,中成药,0.047623
铝,IT设备,0.047594
矿物制品,船舶,0.047582
橡胶,工程机械,0.047581
焦炭加工,家用电器,0.047576
塑料,电气设备,0.047567
广告包装,林业,0.047536
家用电器,塑料,0.047515
塑料,半导体,0.047473
陶瓷,水务,0.047456
电器仪表,影视音像,0.047419
商品城,电器仪表,0.047396
铝,船舶,0.047368
公共交通,软件服务,0.047247
商品城,文教休闲,0.047247
化纤,石油开采,0.047221
农业综合,塑料,0.04722
日用化工,水务,0.047215
医疗保健,日用化工,0.0472
百货,IT设备,0.047197
超市连锁,IT设备,0.047197
石油贸易,IT设备,0.047197
批发业,IT设备,0.047197
医药商业,IT设备,0.047197
生物制药,家用电器,0.047162
其他商业,船舶,0.047158
橡胶,元器件,0.047123
陶瓷,半导体,0.047059
化工原料,化学制药,0.047019
矿物制品,机床制造,0.046994
机械基件,染料涂料,0.046937
通信设备,公共交通,0.046929
铝,矿物制品,0.046916
汽车服务,纺织,0.046912
水泥,园区开发,0.046906
玻璃,园区开发,0.046906
仓储物流,陶瓷,0.046875
普钢,工程机械,0.046801
铅锌,工程机械,0.046801
机械基件,船舶,0.046781
铝,元器件,0.046775
生物制药,农业综合,0.046752
机械基件,IT设备,0.04669
旅游服务,百货,0.046678
旅游服务,超市连锁,0.046678
旅游服务,石油贸易,0.046678
旅游服务,批发业,0.046678
旅游服务,医药商业,0.046678
陶瓷,纺织机械,0.046671
陶瓷,机械基件,0.046669
港口,林业,0.046657
路桥,林业,0.046657
铁路,林业,0.046657
水运,林业,0.046657
空运,林业,0.046657
食品,医疗保健,0.046656
区域地产,机场,0.046635
电器仪表,软件服务,0.046627
焦炭加工,新型电力,0.046609
多元金融,超市连锁,0.046576
多元金融,石油贸易,0.046576
多元金融,百货,0.046576
多元金融,医药商业,0.046576
多元金融,批发业,0.046576
塑料,元器件,0.046554
农业综合,医疗保健,0.046545
航空,铝,0.046535
多元金融,旅游景点,0.04651
农业综合,广告包装,0.046486
农业综合,农药化肥,0.046463
农业综合,中成药,0.046463
食品,纺织,0.046461
机械基件,工程机械,0.046414
石油贸易,服饰,0.0464
超市连锁,服饰,0.0464
批发业,服饰,0.0464
百货,服饰,0.0464
医药商业,服饰,0.0464
综合类,影视音像,0.046385
石油开采,石油加工,0.046365
矿物制品,元器件,0.046285
铜,小金属,0.046234
区域地产,仓储物流,0.046233
互联网,其他商业,0.04622
综合类,水泥,0.046114
综合类,玻璃,0.046114
染料涂料,铝,0.046106
石油加工,医疗保健,0.046053
日用化工,汽车配件,0.04605
商品城,农用机械,0.045997
证券,其他商业,0.045959
保险,其他商业,0.045959
银行,其他商业,0.045959
商品城,乳制品,0.045955
农药化肥,摩托车,0.045951
中成药,摩托车,0.045951
石油加工,公路,0.045925
商品城,船舶,0.045866
铝,其他建材,0.045797
石油加工,广告包装,0.045773
火力发电,陶瓷,0.045755
元器件,机床制造,0.045744
路桥,化纤,0.045728
铁路,化纤,0.045728
港口,化纤,0.045728
水运,化纤,0.045728
空运,化纤,0.045728
空运,塑料,0.045707
水运,塑料,0.045707
铁路,塑料,0.045707
港口,塑料,0.045707
路桥,塑料,0.045707
摩托车,仓储物流,0.045665
元器件,染料涂料,0.045645
农用机械,特种钢,0.045639
供气供热,综合类,0.045599
汽车服务,装修装饰,0.045551
矿物制品,建筑工程,0.045541
石油加工,生物制药,0.045467
其他商业,影视音像,0.045457
旅游服务,旅游景点,0.045414
空运,农用机械,0.045386
路桥,农用机械,0.045386
铁路,农用机械,0.045386
港口,农用机械,0.045386
水运,农用机械,0.045386
矿物制品,IT设备,0.045384
生物制药,纺织机械,0.045373
林业,家居用品,0.04534
特种钢,通信设备,0.045294
农业综合,出版业,0.045241
铝,工程机械,0.045203
元器件,家用电器,0.045203
火力发电,钢加工,0.045189
互联网,综合类,0.045186
机械基件,元器件,0.045162
日用化工,文教休闲,0.045129
中成药,C37铁路、船舶、航空航天和其他运输设备制造业,0.045097
农药化肥,C37铁路、船舶、航空航天和其他运输设备制造业,0.045097
中成药,汽车整车,0.045097
农药化肥,汽车整车,0.045097
化工原料,医疗保健,0.045091
空运,汽车配件,0.045038
路桥,汽车配件,0.045038
铁路,汽车配件,0.045038
港口,汽车配件,0.045038
水运,汽车配件,0.045038
供气供热,水务,0.044971
半导体,摩托车,0.044927
互联网,摩托车,0.044912
商品城,保险,0.044863
商品城,银行,0.044863
商品城,证券,0.044863
批发业,汽车配件,0.04484
石油贸易,汽车配件,0.04484
百货,汽车配件,0.04484
超市连锁,汽车配件,0.04484
医药商业,汽车配件,0.04484
橡胶,专用机械,0.044832
其他商业,IT设备,0.044831
酒店餐饮,商品城,0.044808
区域地产,港口,0.044808
区域地产,空运,0.044808
区域地产,路桥,0.044808
区域地产,铁路,0.044808
区域地产,水运,0.044808
矿物制品,航空,0.044786
纺织机械,摩托车,0.044672
陶瓷,食品,0.044663
医疗保健,塑料,0.044663
IT设备,电器仪表,0.044649
运输设备,互联网,0.044587
钢加工,C37铁路、船舶、航空航天和其他运输设备制造业,0.044581
钢加工,汽车整车,0.044581
电器仪表,互联网,0.044467
铝,纺织机械,0.044431
船舶,纺织机械,0.044423
化工原料,广告包装,0.044168
石油贸易,陶瓷,0.044157
超市连锁,陶瓷,0.044157
批发业,陶瓷,0.044157
百货,陶瓷,0.044157
医药商业,陶瓷,0.044157
摩托车,纺织机械,0.044145
其他商业,造纸,0.04413
影视音像,综合类,0.044126
保险,商贸代理,0.044105
证券,商贸代理,0.044105
银行,商贸代理,0.044105
种植业,造纸,0.044047
铅锌,新型电力,0.044041
普钢,新型电力,0.044041
超市连锁,玻璃,0.044024
石油贸易,玻璃,0.044024
批发业,水泥,0.044024
石油贸易,水泥,0.044024
医药商业,水泥,0.044024
超市连锁,水泥,0.044024
百货,玻璃,0.044024
百货,水泥,0.044024
医药商业,玻璃,0.044024
批发业,玻璃,0.044024
染料涂料,软件服务,0.044019
仓储物流,农用机械,0.044013
种植业,纺织,0.044
影视音像,出版业,0.043998
新型电力,综合类,0.043974
特种钢,专用机械,0.043956
化学制药,纺织,0.043942
石油贸易,轻工机械,0.043891
批发业,轻工机械,0.043891
医药商业,化工机械,0.043891
医药商业,轻工机械,0.043891
超市连锁,轻工机械,0.043891
百货,轻工机械,0.043891
石油贸易,化工机械,0.043891
批发业,化工机械,0.043891
超市连锁,化工机械,0.043891
百货,化工机械,0.043891
IT设备,纺织机械,0.043872
旅游服务,互联网,0.043867
电信运营,文教休闲,0.043854
家用电器,IT设备,0.043806
电器仪表,通信设备,0.043779
日用化工,食品,0.043769
钢加工,专用机械,0.043765
仓储物流,化纤,0.043738
机械基件,玻璃,0.043729
机械基件,水泥,0.043729
通信设备,电器仪表,0.043724
焦炭加工,半导体,0.043696
塑料,水务,0.043695
房产服务,出版业,0.043666
水运,商贸代理,0.043661
港口,商贸代理,0.043661
路桥,商贸代理,0.043661
铁路,商贸代理,0.043661
空运,商贸代理,0.043661
生物制药,石油加工,0.043624
其他商业,文教休闲,0.043622
铜,通信设备,0.043543
旅游服务,电信运营,0.043523
仓储物流,塑料,0.043506
房产服务,超市连锁,0.043501
房产服务,批发业,0.043501
房产服务,百货,0.043501
房产服务,医药商业,0.043501
房产服务,石油贸易,0.043501
软件服务,电器仪表,0.0435
农用机械,家用电器,0.043456
铜,轻工机械,0.043421
铜,化工机械,0.043421
机械基件,运输设备,0.043396
橡胶,机械基件,0.043369
生物制药,汽车配件,0.043368
塑料,矿物制品,0.04333
路桥,矿物制品,0.043323
水运,矿物制品,0.043323
空运,家居用品,0.043323
铁路,家居用品,0.043323
空运,矿物制品,0.043323
铁路,矿物制品,0.043323
水运,家居用品,0.043323
港口,家居用品,0.043323
港口,矿物制品,0.043323
路桥,家居用品,0.043323
机械基件,纺织机械,0.043317
运输设备,软件服务,0.043292
新型电力,水务,0.043278
其他建材,医疗保健,0.043269
水运,造纸,0.043268
路桥,造纸,0.043268
港口,造纸,0.043268
铁路,造纸,0.043268
空运,造纸,0.043268
其他商业,电器仪表,0.043267
装修装饰,房产服务,0.043267
其他商业,家居用品,0.043226
工程机械,染料涂料,0.043193
运输设备,轻工机械,0.04319
运输设备,化工机械,0.04319
塑料,食品,0.043185
机场,火力发电,0.043182
饲料,食品,0.043169
火力发电,矿物制品,0.043144
火力发电,机场,0.043142
广告包装,家居用品,0.043121
化工原料,家用电器,0.043047
其他商业,电信运营,0.043001
超市连锁,元器件,0.042991
百货,元器件,0.042991
批发业,元器件,0.042991
石油贸易,元器件,0.042991
医药商业,元器件,0.042991
纺织机械,服饰,0.042987
装修装饰,全国地产,0.042986
铜,航空,0.042973
染料涂料,互联网,0.04297
机械基件,陶瓷,0.042967
矿物制品,化工机械,0.042892
矿物制品,轻工机械,0.042892
仓储物流,商贸代理,0.042882
农用机械,纺织机械,0.042867
化工原料,纺织机械,0.042854
机场,其他商业,0.042793
其他商业,服饰,0.042787
空运,钢加工,0.042772
铁路,钢加工,0.042772
港口,钢加工,0.042772
水运,钢加工,0.042772
路桥,钢加工,0.042772
旅游服务,汽车服务,0.042766
普钢,元器件,0.042715
铅锌,元器件,0.042715
多元金融,商贸代理,0.042681
机械基件,半导体,0.042678
塑料,环境保护,0.042675
航空,船舶,0.042665
百货,啤酒,0.042653
医药商业,啤酒,0.042653
百货,白酒,0.042653
百货,软饮料,0.042653
超市连锁,软饮料,0.042653
石油贸易,啤酒,0.042653
石油贸易,白酒,0.042653
医药商业,白酒,0.042653
批发业,啤酒,0.042653
超市连锁,啤酒,0.042653
批发业,白酒,0.042653
医药商业,红黄酒,0.042653
批发业,红黄酒,0.042653
批发业,软饮料,0.042653
石油贸易,红黄酒,0.042653
医药商业,软饮料,0.042653
石油贸易,软饮料,0.042653
超市连锁,红黄酒,0.042653
超市连锁,白酒,0.042653
百货,红黄酒,0.042653
其他商业,工程机械,0.042644
仓储物流,汽车配件,0.042625
汽车服务,摩托车,0.042614
其他商业,酒店餐饮,0.042613
其他商业,区域地产,0.042598
玻璃,家用电器,0.042557
水泥,家用电器,0.042557
区域地产,房产服务,0.042499
元器件,化工机械,0.042439
元器件,轻工机械,0.042439
铝,运输设备,0.042436
批发业,机床制造,0.042405
超市连锁,机床制造,0.042405
百货,机床制造,0.042405
医药商业,机床制造,0.042405
石油贸易,机床制造,0.042405
矿物制品,纺织机械,0.04236
机械基件,电气设备,0.042354
化纤,小金属,0.042338
化工原料,造纸,0.042326
汽车配件,染料涂料,0.042322
医药商业,运输设备,0.042308
百货,运输设备,0.042308
批发业,运输设备,0.042308
石油贸易,运输设备,0.042308
超市连锁,运输设备,0.042308
半导体,化纤,0.042296
互联网,旅游服务,0.042279
日用化工,纺织机械,0.042278
证券,医药商业,0.04226
保险,百货,0.04226
证券,百货,0.04226
保险,医药商业,0.04226
银行,批发业,0.04226
银行,医药商业,0.04226
保险,石油贸易,0.04226
银行,百货,0.04226
银行,石油贸易,0.04226
银行,超市连锁,0.04226
证券,超市连锁,0.04226
证券,批发业,0.04226
证券,石油贸易,0.04226
保险,超市连锁,0.04226
保险,批发业,0.04226
仓储物流,家居用品,0.042243
农业综合,纺织,0.042182
综合类,新型电力,0.042166
铜,机械基件,0.042144
铝,电器仪表,0.042143
小金属,机床制造,0.042135
其他商业,汽车服务,0.042107
钢加工,家居用品,0.042101
煤炭开采,供气供热,0.042101
互联网,机械基件,0.04208
商品城,环境保护,0.042073
软件服务,运输设备,0.042065
机械基件,塑料,0.04205
工程机械,塑料,0.042044
船舶,航空,0.042043
火力发电,焦炭加工,0.042026
汽车配件,C37铁路、船舶、航空航天和其他运输设备制造业,0.042022
汽车配件,汽车整车,0.042022
仓储物流,装修装饰,0.042019
日用化工,水泥,0.042013
日用化工,玻璃,0.042013
家居用品,纺织,0.041992
工程机械,橡胶,0.04199
铝,建筑工程,0.041951
其他建材,建筑工程,0.041945
仓储物流,造纸,0.041931
塑料,机械基件,0.041907
区域地产,汽车服务,0.041904
火力发电,特种钢,0.041877
石油贸易,矿物制品,0.041867
批发业,矿物制品,0.041867
医药商业,矿物制品,0.041867
超市连锁,矿物制品,0.041867
百货,矿物制品,0.041867
日用化工,环境保护,0.041866
港口,特种钢,0.041852
水运,特种钢,0.041852
铁路,特种钢,0.041852
路桥,特种钢,0.041852
空运,特种钢,0.041852
机械基件,电器仪表,0.04185
铅锌,家用电器,0.04181
普钢,家用电器,0.04181
石油贸易,文教休闲,0.041809
超市连锁,文教休闲,0.041809
百货,文教休闲,0.041809
医药商业,文教休闲,0.041809
批发业,文教休闲,0.041809
商品城,生物制药,0.041803
陶瓷,全国地产,0.041791
陶瓷,小金属,0.041675
半导体,船舶,0.041668
公共交通,船舶,0.04165
汽车服务,汽车整车,0.04162
汽车服务,C37铁路、船舶、航空航天和其他运输设备制造业,0.04162
机械基件,摩托车,0.041593
电气设备,染料涂料,0.041582
机械基件,软件服务,0.041567
摩托车,互联网,0.041557
仓储物流,广告包装,0.041546
互联网,房产服务,0.041525
红黄酒,橡胶,0.04152
白酒,橡胶,0.04152
啤酒,橡胶,0.04152
软饮料,橡胶,0.04152
批发业,塑料,0.041487
医药商业,塑料,0.041487
超市连锁,塑料,0.041487
百货,塑料,0.041487
石油贸易,塑料,0.041487
家用电器,摩托车,0.04147
船舶,商品城,0.041462
特种钢,摩托车,0.041436
多元金融,汽车服务,0.041419
公路,机场,0.041382
半导体,IT设备,0.041369
其他建材,家用电器,0.041341
商品城,广告包装,0.04131
机械基件,铝,0.041284
铜,矿物制品,0.04128
塑料,文教休闲,0.041243
机械基件,小金属,0.041235
百货,电器仪表,0.041202
医药商业,电器仪表,0.041202
石油贸易,电器仪表,0.041202
批发业,电器仪表,0.041202
超市连锁,电器仪表,0.041202
路桥,元器件,0.041148
港口,元器件,0.041148
水运,元器件,0.041148
铁路,元器件,0.041148
空运,元器件,0.041148
化学制药,造纸,0.041146
家用电器,化纤,0.041099
农业综合,造纸,0.041088
C37铁路、船舶、航空航天和其他运输设备制造业,公路,0.04108
汽车整车,公路,0.04108
商品城,通信设备,0.041075
种植业,出版业,0.041065
多元金融,火力发电,0.041063
汽车整车,火力发电,0.041059
C37铁路、船舶、航空航天和其他运输设备制造业,火力发电,0.041059
C37铁路、船舶、航空航天和其他运输设备制造业,机场,0.041052
汽车整车,机场,0.041052
石油贸易,电气设备,0.041048
批发业,电气设备,0.041048
医药商业,电气设备,0.041048
百货,电气设备,0.041048
超市连锁,电气设备,0.041048
化工原料,石油加工,0.041017
半导体,机床制造,0.040967
化纤,铜,0.040942
普钢,汽车配件,0.040932
铅锌,汽车配件,0.040932
机场,汽车服务,0.040907
综合类,火力发电,0.040876
半导体,家用电器,0.040876
文教休闲,纺织,0.040805
生物制药,食品,0.040799
矿物制品,装修装饰,0.040792
电信运营,其他商业,0.040785
食品,化工原料,0.040773
仓储物流,矿物制品,0.040739
半导体,化工机械,0.040719
半导体,轻工机械,0.040719
互联网,纺织机械,0.040712
供气供热,其他商业,0.040712
化学制药,水务,0.040692
矿物制品,其他建材,0.04069
运输设备,机床制造,0.040681
工程机械,互联网,0.040675
化学制药,家用电器,0.040675
石油加工,农业综合,0.040668
其他商业,通信设备,0.040665
焦炭加工,农用机械,0.040659
文教休闲,电信运营,0.040658
农业综合,林业,0.040656
其他商业,纺织机械,0.040655
轻工机械,家用电器,0.040636
化工机械,家用电器,0.040636
食品,造纸,0.040628
互联网,文教休闲,0.040609
其他建材,化工原料,0.040576
小金属,铜,0.04057
影视音像,工程机械,0.040561
仓储物流,元器件,0.040514
证券,公路,0.040507
保险,公路,0.040507
银行,公路,0.040507
日用化工,专用机械,0.040503
小金属,家用电器,0.040497
超市连锁,通信设备,0.04046
批发业,通信设备,0.04046
石油贸易,通信设备,0.04046
百货,通信设备,0.04046
医药商业,通信设备,0.04046
公路,水泥,0.04045
公路,玻璃,0.04045
塑料,工程机械,0.04043
工程机械,农用机械,0.040427
石油开采,公路,0.040411
小金属,航空,0.040379
其他建材,中成药,0.040361
其他建材,农药化肥,0.040361
小金属,矿物制品,0.040356
农用机械,运输设备,0.040347
元器件,陶瓷,0.040301
互联网,旅游景点,0.0403
纺织机械,电器仪表,0.04028
其他商业,染料涂料,0.040267
焦炭加工,通信设备,0.040253
综合类,水力发电,0.040248
航空,特种钢,0.040243
其他商业,运输设备,0.040233
机械基件,矿物制品,0.040227
家用电器,元器件,0.040215
日用化工,铝,0.040209
造纸,商品城,0.040207
区域地产,园区开发,0.040199
食品,其他建材,0.040166
机场,区域地产,0.040121
铝,普钢,0.040121
铝,铅锌,0.040121
机械基件,建筑工程,0.040118
矿物制品,电器仪表,0.040115
特种钢,IT设备,0.040102
商品城,IT设备,0.040097
多元金融,装修装饰,0.040097
空运,食品,0.040093
铁路,食品,0.040093
港口,食品,0.040093
水运,食品,0.040093
路桥,食品,0.040093
农药化肥,小金属,0.040086
中成药,小金属,0.040086
造纸,出版业,0.040085
其他建材,家居用品,0.040081
空运,乳制品,0.040079
路桥,乳制品,0.040079
水运,乳制品,0.040079
港口,乳制品,0.040079
铁路,乳制品,0.040079
火力发电,黄金,0.040076
机械基件,其他建材,0.040075
其他商业,元器件,0.040071
铁路,其他建材,0.040071
港口,其他建材,0.040071
水运,其他建材,0.040071
路桥,其他建材,0.040071
空运,其他建材,0.040071
化学制药,家居用品,0.040061
乳制品,橡胶,0.04004
汽车配件,陶瓷,0.040037
半导体,塑料,0.040022
其他商业,软件服务,0.039998
工程机械,软件服务,0.03999
影视音像,商品城,0.039957
其他商业,家用电器,0.039929
仓储物流,乳制品,0.039924
小金属,建筑工程,0.039894
其他商业,百货,0.039891
其他商业,超市连锁,0.039891
其他商业,石油贸易,0.039891
其他商业,医药商业,0.039891
其他商业,批发业,0.039891
汽车配件,家用电器,0.039885
超市连锁,半导体,0.039859
石油贸易,半导体,0.039859
百货,半导体,0.039859
医药商业,半导体,0.039859
批发业,半导体,0.039859
元器件,纺织机械,0.039857
火力发电,化纤,0.039853
种植业,综合类,0.039827
家用电器,运输设备,0.039809
水运,广告包装,0.039807
路桥,广告包装,0.039807
铁路,广告包装,0.039807
港口,广告包装,0.039807
空运,广告包装,0.039807
焦炭加工,电气设备,0.039775
航空,IT设备,0.039767
化工原料,纺织,0.039762
商品城,食品,0.039731
铁路,机械基件,0.039725
路桥,机械基件,0.039725
港口,机械基件,0.039725
水运,机械基件,0.039725
空运,机械基件,0.039725
家用电器,橡胶,0.039716
半导体,橡胶,0.039678
水力发电,综合类,0.039671
化工原料,家居用品,0.039607
日用化工,半导体,0.039605
铅锌,半导体,0.039581
普钢,半导体,0.039581
铜,普钢,0.039549
铜,铅锌,0.039549
家用电器,矿物制品,0.039538
银行,水力发电,0.039526
证券,水力发电,0.039526
保险,水力发电,0.039526
仓储物流,食品,0.03951
渔业,综合类,0.039493
医药商业,医疗保健,0.039484
百货,医疗保健,0.039484
批发业,医疗保健,0.039484
超市连锁,医疗保健,0.039484
石油贸易,医疗保健,0.039484
保险,房产服务,0.039472
证券,房产服务,0.039472
化学制药,汽车配件,0.039472
银行,房产服务,0.039472
汽车配件,机床制造,0.039471
小金属,机械基件,0.039428
化工机械,运输设备,0.039367
轻工机械,运输设备,0.039367
普钢,通信设备,0.039333
铅锌,通信设备,0.039333
铅锌,农用机械,0.039319
普钢,农用机械,0.039319
家用电器,船舶,0.039303
铜,家用电器,0.039294
生物制药,玻璃,0.03929
生物制药,水泥,0.03929
通信设备,运输设备,0.039285
黄金,钢加工,0.039285
证券,旅游景点,0.039278
银行,旅游景点,0.039278
保险,旅游景点,0.039278
铁路,家用电器,0.039275
空运,家用电器,0.039275
水运,家用电器,0.039275
路桥,家用电器,0.039275
港口,家用电器,0.039275
汽车配件,纺织机械,0.03927
装修装饰,园区开发,0.039256
汽车配件,摩托车,0.039247
陶瓷,环境保护,0.039238
石油加工,焦炭加工,0.039237
化纤,新型电力,0.039235
纺织机械,互联网,0.039177
铝,专用机械,0.039171
小金属,通信设备,0.03913
食品,林业,0.039085
化学制药,渔业,0.039062
化工原料,生物制药,0.03904
仓储物流,机械基件,0.039022
电信运营,机械基件,0.039018
火力发电,农药化肥,0.039017
火力发电,中成药,0.039017
农药化肥,铜,0.038978
中成药,铜,0.038978
机床制造,C37铁路、船舶、航空航天和其他运输设备制造业,0.03896
机床制造,汽车整车,0.03896
机械基件,汽车配件,0.038944
仓储物流,旅游服务,0.038933
钢加工,运输设备,0.038928
商品城,化纤,0.038926
化纤,摩托车,0.038921
铝,半导体,0.03891
小金属,玻璃,0.038908
小金属,水泥,0.038908
家用电器,电器仪表,0.038882
工程机械,陶瓷,0.038879
工程机械,中成药,0.038856
工程机械,农药化肥,0.038856
中成药,石油开采,0.038851
农药化肥,石油开采,0.038851
其他商业,仓储物流,0.038851
仓储物流,服饰,0.038834
塑料,专用机械,0.038808
汽车服务,造纸,0.038807
汽车配件,纺织,0.038793
元器件,水泥,0.038783
元器件,玻璃,0.038783
水运,商品城,0.03878
港口,商品城,0.03878
铁路,商品城,0.03878
空运,商品城,0.03878
路桥,商品城,0.03878
多元金融,互联网,0.038773
汽车配件,化工机械,0.038771
汽车配件,轻工机械,0.038771
玻璃,小金属,0.03876
水泥,小金属,0.03876
染料涂料,新型电力,0.038754
多元金融,园区开发,0.03875
生物制药,服饰,0.038733
其他商业,半导体,0.038722
塑料,服饰,0.038713
家用电器,半导体,0.03869
广告包装,其他建材,0.038678
食品,文教休闲,0.038664
旅游服务,多元金融,0.038661
铜,摩托车,0.038631
火力发电,铜,0.038625
化纤,汽车整车,0.038618
化纤,C37铁路、船舶、航空航天和其他运输设备制造业,0.038618
旅游服务,商贸代理,0.038616
小金属,化工机械,0.038588
小金属,轻工机械,0.038588
化纤,渔业,0.038584
路桥,装修装饰,0.038553
铁路,装修装饰,0.038553
港口,装修装饰,0.038553
水运,装修装饰,0.038553
空运,装修装饰,0.038553
其他商业,汽车配件,0.038538
互联网,半导体,0.038459
塑料,新型电力,0.038456
其他商业,塑料,0.038432
纺织机械,运输设备,0.038411
医药商业,装修装饰,0.038388
超市连锁,装修装饰,0.038388
百货,装修装饰,0.038388
批发业,装修装饰,0.038388
石油贸易,装修装饰,0.038388
旅游服务,影视音像,0.038363
房产服务,影视音像,0.038361
家用电器,电气设备,0.038345
特种钢,环境保护,0.038318
煤炭开采,石油加工,0.038299
仓储物流,家用电器,0.038293
装修装饰,其他商业,0.03829
食品,家居用品,0.038285
生物制药,文教休闲,0.038271
食品,家用电器,0.038263
汽车服务,服饰,0.038237
矿物制品,运输设备,0.038226
其他商业,中成药,0.038219
广告包装,化学制药,0.038219
其他商业,农药化肥,0.038219
旅游景点,房产服务,0.03821
空运,机床制造,0.038207
港口,机床制造,0.038207
水运,机床制造,0.038207
铁路,机床制造,0.038207
路桥,机床制造,0.038207
铝,电气设备,0.038192
矿物制品,电气设备,0.038175
机械基件,农用机械,0.038171
旅游景点,其他商业,0.038149
铁路,服饰,0.038119
水运,服饰,0.038119
港口,服饰,0.038119
路桥,服饰,0.038119
空运,服饰,0.038119
石油贸易,农业综合,0.038063
医药商业,农业综合,0.038063
批发业,农业综合,0.038063
超市连锁,农业综合,0.038063
百货,农业综合,0.038063
工程机械,IT设备,0.038062
轻工机械,纺织机械,0.038047
化工机械,纺织机械,0.038047
煤炭开采,陶瓷,0.038039
医药商业,专用机械,0.038009
批发业,专用机械,0.038009
石油贸易,专用机械,0.038009
超市连锁,专用机械,0.038009
百货,专用机械,0.038009
仓储物流,钢加工,0.038005
铜,IT设备,0.037983
其他建材,广告包装,0.037975
机械基件,新型电力,0.037966
农用机械,IT设备,0.037961
文教休闲,C37铁路、船舶、航空航天和其他运输设备制造业,0.037951
文教休闲,汽车整车,0.037951
新型电力,电气设备,0.037934
钢加工,广告包装,0.03793
仓储物流,特种钢,0.037916
铝,焦炭加工,0.037915
焦炭加工,装修装饰,0.037904
汽车配件,塑料,0.037878
生物制药,半导体,0.037874
半导体,电信运营,0.037871
铜,元器件,0.037865
其他商业,农用机械,0.037856
焦炭加工,仓储物流,0.037831
铜,船舶,0.037823
陶瓷,文教休闲,0.037815
船舶,半导体,0.037803
纺织机械,通信设备,0.037793
公共交通,通信设备,0.037791
染料涂料,电信运营,0.037785
房产服务,旅游景点,0.037783
工程机械,家用电器,0.037723
机械基件,铜,0.03772
其他商业,电气设备,0.037718
旅游景点,出版业,0.03768
石油贸易,航空,0.037668
超市连锁,航空,0.037668
百货,航空,0.037668
医药商业,航空,0.037668
批发业,航空,0.037668
船舶,铁路,0.037647
船舶,空运,0.037647
船舶,路桥,0.037647
船舶,港口,0.037647
船舶,水运,0.037647
火力发电,电气设备,0.037645
百货,机械基件,0.037628
石油贸易,机械基件,0.037628
批发业,机械基件,0.037628
超市连锁,机械基件,0.037628
医药商业,机械基件,0.037628
纺织机械,染料涂料,0.037608
生物制药,电气设备,0.03754
电器仪表,纺织机械,0.037532
化工原料,汽车配件,0.037523
电信运营,出版业,0.037518
软件服务,工程机械,0.037514
橡胶,矿物制品,0.0375
矿物制品,陶瓷,0.037498
日用化工,小金属,0.037497
半导体,纺织机械,0.037425
日用化工,电气设备,0.037414
其他商业,化纤,0.037383
农用机械,林业,0.037379
摩托车,通信设备,0.03737
其他商业,环境保护,0.03735
火力发电,超市连锁,0.037347
火力发电,石油贸易,0.037347
火力发电,百货,0.037347
火力发电,批发业,0.037347
火力发电,医药商业,0.037347
橡胶,石油开采,0.037325
其他商业,乳制品,0.037292
家用电器,农用机械,0.03725
种植业,广告包装,0.037238
矿物制品,半导体,0.037234
房产服务,汽车服务,0.037221
医疗保健,中成药,0.037215
医疗保健,农药化肥,0.037215
染料涂料,航空,0.0372
染料涂料,石油开采,0.037187
中成药,通信设备,0.037167
农药化肥,通信设备,0.037167
其他商业,机械基件,0.037153
铁路,建筑工程,0.037145
空运,建筑工程,0.037145
港口,建筑工程,0.037145
水运,建筑工程,0.037145
路桥,建筑工程,0.037145
食品,生物制药,0.03713
工程机械,商品城,0.037117
电气设备,陶瓷,0.037109
其他商业,食品,0.037105
生物制药,元器件,0.037104
元器件,塑料,0.037098
火力发电,其他建材,0.037091
石油贸易,橡胶,0.03708
批发业,橡胶,0.03708
医药商业,橡胶,0.03708
百货,橡胶,0.03708
超市连锁,橡胶,0.03708
元器件,建筑工程,0.037061
互联网,汽车服务,0.037025
工程机械,运输设备,0.037013
汽车服务,纺织机械,0.036996
服饰,造纸,0.036994
摩托车,电信运营,0.036983
广告包装,医疗保健,0.036973
小金属,元器件,0.036961
机械基件,影视音像,0.036953
医药商业,铁路,0.036945
批发业,铁路,0.036945
批发业,路桥,0.036945
批发业,空运,0.036945
医药商业,路桥,0.036945
医药商业,水运,0.036945
批发业,水运,0.036945
批发业,港口,0.036945
医药商业,空运,0.036945
医药商业,港口,0.036945
石油贸易,港口,0.036945
石油贸易,路桥,0.036945
百货,空运,0.036945
超市连锁,空运,0.036945
石油贸易,空运,0.036945
超市连锁,港口,0.036945
百货,路桥,0.036945
百货,铁路,0.036945
百货,港口,0.036945
石油贸易,铁路,0.036945
石油贸易,水运,0.036945
超市连锁,铁路,0.036945
超市连锁,路桥,0.036945
百货,水运,0.036945
超市连锁,水运,0.036945
摩托车,半导体,0.036944
供气供热,旅游服务,0.036929
水运,焦炭加工,0.036915
港口,焦炭加工,0.036915
路桥,焦炭加工,0.036915
空运,焦炭加工,0.036915
铁路,焦炭加工,0.036915
其他商业,轻工机械,0.036838
其他商业,化工机械,0.036838
百货,建筑工程,0.036829
超市连锁,建筑工程,0.036829
石油贸易,建筑工程,0.036829
批发业,建筑工程,0.036829
医药商业,建筑工程,0.036829
公共交通,公路,0.036824
铁路,轻工机械,0.036823
港口,轻工机械,0.036823
空运,轻工机械,0.036823
水运,轻工机械,0.036823
路桥,化工机械,0.036823
港口,化工机械,0.036823
铁路,化工机械,0.036823
路桥,轻工机械,0.036823
水运,化工机械,0.036823
影视音像,运输设备,0.036823
空运,化工机械,0.036823
铝,农用机械,0.036819
互联网,染料涂料,0.036812
半导体,工程机械,0.036812
影视音像,电器仪表,0.036809
仓储物流,园区开发,0.036807
种植业,旅游景点,0.036794
农药化肥,新型电力,0.036791
中成药,新型电力,0.036791
仓储物流,机床制造,0.03679
生物制药,水务,0.036787
仓储物流,旅游景点,0.036779
船舶,工程机械,0.036779
百货,工程机械,0.036775
石油贸易,工程机械,0.036775
超市连锁,工程机械,0.036775
批发业,工程机械,0.036775
医药商业,工程机械,0.036775
机械基件,航空,0.036762
其他建材,小金属,0.03675
仓储物流,其他建材,0.03671
纺织机械,电信运营,0.036706
电器仪表,运输设备,0.036689
半导体,陶瓷,0.03668
农业综合,化工原料,0.036655
保险,园区开发,0.036646
证券,园区开发,0.036646
银行,园区开发,0.036646
多元金融,供气供热,0.036641
家用电器,机械基件,0.036635
水运,医疗保健,0.036634
铁路,医疗保健,0.036634
空运,医疗保健,0.036634
路桥,医疗保健,0.036634
港口,医疗保健,0.036634
仓储物流,工程机械,0.036628
塑料,林业,0.03662
批发业,化纤,0.036611
石油贸易,化纤,0.036611
医药商业,化纤,0.036611
超市连锁,化纤,0.036611
百货,化纤,0.036611
农用机械,工程机械,0.03661
农药化肥,渔业,0.036608
装修装饰,区域地产,0.036608
中成药,渔业,0.036608
化工原料,矿物制品,0.036589
运输设备,通信设备,0.03658
半导体,运输设备,0.036547
轻工机械,工程机械,0.036527
化工机械,工程机械,0.036527
石油加工,家用电器,0.036523
仓储物流,纺织,0.036517
石油加工,汽车配件,0.036516
航空,机床制造,0.036481
焦炭加工,玻璃,0.036471
焦炭加工,水泥,0.036471
陶瓷,服饰,0.036468
电器仪表,摩托车,0.03646
工程机械,通信设备,0.036459
商品城,半导体,0.036449
火力发电,塑料,0.036431
路桥,生物制药,0.036411
港口,生物制药,0.036411
空运,生物制药,0.036411
水运,生物制药,0.036411
铁路,生物制药,0.036411
汽车配件,化纤,0.03641
日用化工,元器件,0.036398
其他商业,陶瓷,0.036384
橡胶,旅游服务,0.036375
铝,汽车配件,0.036374
互联网,出版业,0.036343
元器件,摩托车,0.036343
渔业,旅游景点,0.036332
乳制品,林业,0.036329
仓储物流,建筑工程,0.036328
铝,软件服务,0.036316
钢加工,全国地产,0.036309
其他建材,化学制药,0.036283
食品,纺织机械,0.036254
化工原料,农业综合,0.036252
其他商业,水泥,0.036222
其他商业,玻璃,0.036222
商品城,机械基件,0.036201
船舶,染料涂料,0.0362
商品城,汽车整车,0.036191
商品城,C37铁路、船舶、航空航天和其他运输设备制造业,0.036191
路桥,铅锌,0.036184
铁路,普钢,0.036184
空运,铅锌,0.036184
路桥,普钢,0.036184
水运,铅锌,0.036184
水运,普钢,0.036184
铁路,铅锌,0.036184
空运,普钢,0.036184
港口,铅锌,0.036184
港口,普钢,0.036184
旅游景点,旅游服务,0.036175
农业综合,家居用品,0.036154
农药化肥,轻工机械,0.03615
中成药,轻工机械,0.03615
中成药,化工机械,0.03615
农药化肥,化工机械,0.03615
机场,公共交通,0.03614
仓储物流,电器仪表,0.036086
商品城,运输设备,0.036082
区域地产,全国地产,0.036061
农药化肥,IT设备,0.036061
中成药,IT设备,0.036061
黄金,焦炭加工,0.036047
元器件,电器仪表,0.036037
电气设备,C37铁路、船舶、航空航天和其他运输设备制造业,0.036014
电气设备,汽车整车,0.036014
纺织机械,软件服务,0.036013
其他商业,白酒,0.035992
其他商业,啤酒,0.035992
其他商业,红黄酒,0.035992
日用化工,机械基件,0.035992
其他商业,软饮料,0.035992
石油贸易,饲料,0.035986
批发业,饲料,0.035986
医药商业,饲料,0.035986
超市连锁,饲料,0.035986
百货,饲料,0.035986
机械基件,专用机械,0.035982
铜,工程机械,0.03598
农药化肥,运输设备,0.035973
汽车服务,广告包装,0.035973
中成药,运输设备,0.035973
焦炭加工,塑料,0.035968
汽车服务,酒店餐饮,0.035966
电信运营,旅游景点,0.035952
其他商业,矿物制品,0.035948
仓储物流,化工机械,0.035946
仓储物流,轻工机械,0.035946
焦炭加工,专用机械,0.035945
仓储物流,供气供热,0.035932
石油加工,纺织,0.035925
汽车服务,染料涂料,0.03592
中成药,电器仪表,0.035919
农药化肥,电器仪表,0.035919
特种钢,纺织机械,0.035915
其他建材,矿物制品,0.035903
石油开采,焦炭加工,0.035889
仓储物流,医疗保健,0.035888
路桥,小金属,0.035884
港口,小金属,0.035884
铁路,小金属,0.035884
空运,小金属,0.035884
机械基件,装修装饰,0.035884
水运,小金属,0.035884
铝,新型电力,0.03588
黄金,特种钢,0.035864
其他建材,元器件,0.035862
小金属,新型电力,0.035859
其他商业,专用机械,0.035839
汽车服务,家居用品,0.035836
其他商业,机床制造,0.035828
机械基件,互联网,0.035811
百货,食品,0.035793
批发业,食品,0.035793
超市连锁,食品,0.035793
医药商业,食品,0.035793
石油贸易,食品,0.035793
元器件,电气设备,0.035778
其他建材,钢加工,0.035717
房产服务,电信运营,0.035708
陶瓷,工程机械,0.035704
焦炭加工,C37铁路、船舶、航空航天和其他运输设备制造业,0.03568
焦炭加工,汽车整车,0.03568
文教休闲,影视音像,0.035675
仓储物流,互联网,0.035656
其他商业,医疗保健,0.035595
医药商业,小金属,0.035581
超市连锁,小金属,0.035581
百货,小金属,0.035581
批发业,小金属,0.035581
石油贸易,小金属,0.035581
日用化工,工程机械,0.035576
商品城,服饰,0.035559
小金属,摩托车,0.035557
种植业,家居用品,0.035536
电气设备,化纤,0.035531
医疗保健,其他建材,0.035527
食品,汽车配件,0.035526
化纤,通信设备,0.03552
房产服务,互联网,0.035477
汽车服务,电器仪表,0.035463
焦炭加工,家居用品,0.035457
广告包装,化工原料,0.035431
仓储物流,生物制药,0.035421
铁路,铜,0.035402
水运,铜,0.035402
港口,铜,0.035402
路桥,铜,0.035402
空运,铜,0.035402
铜,纺织机械,0.035395
摩托车,电器仪表,0.035378
摩托车,软件服务,0.035349
食品,石油加工,0.035337
旅游服务,供气供热,0.035319
矿物制品,铅锌,0.035317
矿物制品,普钢,0.035317
纺织机械,轻工机械,0.035258
纺织机械,化工机械,0.035258
家用电器,通信设备,0.035255
玻璃,区域地产,0.035254
水泥,区域地产,0.035254
石油加工,水运,0.035245
石油加工,港口,0.035245
石油加工,空运,0.035245
石油加工,铁路,0.035245
石油加工,路桥,0.035245
塑料,小金属,0.035227
日用化工,矿物制品,0.035222
医疗保健,化学制药,0.03522
其他商业,航空,0.035211
机场,园区开发,0.035205
陶瓷,专用机械,0.035191
火力发电,小金属,0.03518
电信运营,旅游服务,0.035169
石油加工,家居用品,0.035128
化学制药,文教休闲,0.035123
石油加工,食品,0.035115
路桥,园区开发,0.035108
空运,园区开发,0.035108
水运,园区开发,0.035108
铁路,园区开发,0.035108
港口,园区开发,0.035108
机场,中成药,0.035103
机场,农药化肥,0.035103
仓储物流,综合类,0.035097
旅游服务,区域地产,0.035086
特种钢,家居用品,0.035054
超市连锁,铜,0.035051
批发业,铜,0.035051
医药商业,铜,0.035051
石油贸易,铜,0.035051
百货,铜,0.035051
广告包装,生物制药,0.035049
半导体,通信设备,0.035048
工程机械,半导体,0.035048
电气设备,摩托车,0.035017
运输设备,纺织机械,0.035007
船舶,仓储物流,0.034996
机床制造,IT设备,0.034995
特种钢,塑料,0.034992
汽车服务,元器件,0.03499
批发业,环境保护,0.034988
超市连锁,环境保护,0.034988
石油贸易,环境保护,0.034988
百货,环境保护,0.034988
医药商业,环境保护,0.034988
化工原料,玻璃,0.034973
化工原料,水泥,0.034973
互联网,石油贸易,0.034967
互联网,批发业,0.034967
互联网,医药商业,0.034967
互联网,超市连锁,0.034967
互联网,百货,0.034967
染料涂料,轻工机械,0.034965
染料涂料,化工机械,0.034965
生物制药,环境保护,0.03495
化学制药,水泥,0.034944
化学制药,玻璃,0.034944
其他商业,公共交通,0.03492
家用电器,汽车配件,0.034916
船舶,文教休闲,0.034914
普钢,C37铁路、船舶、航空航天和其他运输设备制造业,0.034907
铅锌,C37铁路、船舶、航空航天和其他运输设备制造业,0.034907
普钢,汽车整车,0.034907
铅锌,汽车整车,0.034907
供气供热,百货,0.034904
供气供热,批发业,0.034904
供气供热,石油贸易,0.034904
供气供热,超市连锁,0.034904
供气供热,医药商业,0.034904
小金属,其他建材,0.034903
塑料,建筑工程,0.034899
工程机械,日用化工,0.034898
其他商业,供气供热,0.034895
其他商业,园区开发,0.034872
焦炭加工,广告包装,0.034864
其他商业,建筑工程,0.034859
航空,铜,0.034855
电信运营,房产服务,0.034848
房产服务,旅游服务,0.034842
医疗保健,水泥,0.03484
医疗保健,玻璃,0.03484
多元金融,全国地产,0.034837
农业综合,其他建材,0.034816
其他建材,装修装饰,0.034787
航空,小金属,0.034771
农药化肥,船舶,0.034764
中成药,船舶,0.034764
矿物制品,工程机械,0.034754
广告包装,文教休闲,0.034734
其他建材,汽车配件,0.034722
汽车服务,家用电器,0.034702
纺织机械,家用电器,0.034697
钢加工,摩托车,0.034688
特种钢,电器仪表,0.03468
互联网,电气设备,0.034673
家用电器,医疗保健,0.034662
种植业,旅游服务,0.034659
化学制药,纺织机械,0.034645
农业综合,文教休闲,0.034631
C37铁路、船舶、航空航天和其他运输设备制造业,文教休闲,0.034608
汽车整车,文教休闲,0.034608
生物制药,工程机械,0.034598
航空,建筑工程,0.034556
汽车配件,橡胶,0.034552
区域地产,旅游服务,0.034549
医疗保健,纺织机械,0.034534
医药商业,旅游景点,0.034513
石油贸易,旅游景点,0.034513
百货,旅游景点,0.034513
超市连锁,旅游景点,0.034513
批发业,旅游景点,0.034513
元器件,IT设备,0.034472
元器件,半导体,0.034466
家居用品,广告包装,0.034464
石油贸易,其他建材,0.034457
批发业,其他建材,0.034457
医药商业,其他建材,0.034457
超市连锁,其他建材,0.034457
百货,其他建材,0.034457
矿物制品,软件服务,0.034434
矿物制品,焦炭加工,0.034433
农业综合,生物制药,0.034429
汽车服务,船舶,0.034416
钢加工,电器仪表,0.03441
商贸代理,纺织,0.034404
家用电器,工程机械,0.034385
摩托车,染料涂料,0.03437
汽车服务,汽车配件,0.03436
半导体,机械基件,0.034353
化工原料,半导体,0.034331
公共交通,IT设备,0.034328
半导体,电气设备,0.034318
铅锌,电气设备,0.034302
普钢,电气设备,0.034302
工程机械,机械基件,0.0343
水运,综合类,0.034292
铁路,综合类,0.034292
路桥,综合类,0.034292
港口,综合类,0.034292
空运,综合类,0.034292
多元金融,公路,0.034289
软件服务,商品城,0.034286
空运,纺织,0.034251
路桥,纺织,0.034251
水运,纺织,0.034251
铁路,纺织,0.034251
港口,纺织,0.034251
仓储物流,电气设备,0.03425
汽车服务,半导体,0.034245
工程机械,船舶,0.034233
商品城,元器件,0.034231
矿物制品,新型电力,0.034223
石油加工,造纸,0.034212
其他建材,造纸,0.034207
新型电力,家用电器,0.034203
机械基件,汽车整车,0.03419
机械基件,C37铁路、船舶、航空航天和其他运输设备制造业,0.03419
农用机械,汽车整车,0.034156
农用机械,C37铁路、船舶、航空航天和其他运输设备制造业,0.034156
火力发电,汽车配件,0.034154
家居用品,陶瓷,0.034144
园区开发,林业,0.034133
多元金融,公共交通,0.034124
矿物制品,汽车配件,0.0341
汽车服务,IT设备,0.034084
玻璃,塑料,0.034064
水泥,塑料,0.034064
旅游景点,水务,0.034062
特种钢,装修装饰,0.034045
水泥,元器件,0.03404
玻璃,元器件,0.03404
仓储物流,铜,0.034034
电气设备,橡胶,0.034013
互联网,装修装饰,0.033987
塑料,轻工机械,0.033956
塑料,化工机械,0.033956
汽车服务,电气设备,0.033929
家用电器,新型电力,0.033929
仓储物流,小金属,0.033922
其他建材,电气设备,0.033915
火力发电,公共交通,0.033895
仓储物流,染料涂料,0.033881
机床制造,纺织机械,0.033877
旅游服务,装修装饰,0.033873
银行,汽车服务,0.033863
保险,汽车服务,0.033863
证券,汽车服务,0.033863
银行,全国地产,0.033839
保险,全国地产,0.033839
证券,全国地产,0.033839
供气供热,房产服务,0.033798
电气设备,塑料,0.03379
医药商业,农用机械,0.033785
石油贸易,农用机械,0.033785
批发业,农用机械,0.033785
超市连锁,农用机械,0.033785
百货,农用机械,0.033785
航空,化工机械,0.033778
航空,轻工机械,0.033778
铜,运输设备,0.033772
元器件,通信设备,0.033704
仓储物流,文教休闲,0.033692
工程机械,广告包装,0.033688
房产服务,多元金融,0.033685
其他建材,铝,0.033681
建筑工程,全国地产,0.033668
化学制药,半导体,0.033662
仓储物流,汽车整车,0.033662
仓储物流,C37铁路、船舶、航空航天和其他运输设备制造业,0.033662
公共交通,综合类,0.033654
水运,电气设备,0.033649
空运,电气设备,0.033649
铁路,电气设备,0.033649
路桥,电气设备,0.033649
港口,电气设备,0.033649
IT设备,航空,0.033645
港口,工程机械,0.033644
空运,工程机械,0.033644
铁路,工程机械,0.033644
路桥,工程机械,0.033644
水运,工程机械,0.033644
工程机械,文教休闲,0.033607
运输设备,电器仪表,0.033604
化工原料,元器件,0.033591
其他商业,多元金融,0.033573
橡胶,水力发电,0.033572
电气设备,家用电器,0.033564
区域地产,互联网,0.033558
小金属,装修装饰,0.033537
工程机械,电气设备,0.033519
空运,染料涂料,0.033514
铁路,染料涂料,0.033514
水运,染料涂料,0.033514
港口,染料涂料,0.033514
路桥,染料涂料,0.033514
铜,电器仪表,0.033513
火力发电,家居用品,0.033503
小金属,IT设备,0.033501
化纤,种植业,0.033496
铁路,供气供热,0.033485
空运,供气供热,0.033485
路桥,供气供热,0.033485
港口,供气供热,0.033485
水运,供气供热,0.033485
生物制药,机械基件,0.033473
医药商业,仓储物流,0.033472
百货,仓储物流,0.033472
超市连锁,仓储物流,0.033472
批发业,仓储物流,0.033472
石油贸易,仓储物流,0.033472
元器件,装修装饰,0.033467
塑料,石油开采,0.033467
通信设备,工程机械,0.033458
汽车服务,医疗保健,0.033457
铜,建筑工程,0.033449
汽车配件,玻璃,0.03344
汽车配件,水泥,0.03344
新型电力,特种钢,0.033439
陶瓷,石油开采,0.033403
中成药,建筑工程,0.033386
农药化肥,建筑工程,0.033386
半导体,汽车配件,0.033367
工程机械,纺织机械,0.033364
运输设备,公共交通,0.033363
机械基件,化纤,0.033351
水运,电器仪表,0.033348
路桥,电器仪表,0.033348
空运,电器仪表,0.033348
港口,电器仪表,0.033348
铁路,电器仪表,0.033348
化工机械,IT设备,0.033343
轻工机械,IT设备,0.033343
中成药,饲料,0.033336
农药化肥,饲料,0.033336
仓储物流,半导体,0.033333
石油贸易,铝,0.033317
医药商业,铝,0.033317
超市连锁,铝,0.033317
批发业,铝,0.033317
百货,铝,0.033317
区域地产,装修装饰,0.033287
乳制品,旅游景点,0.033281
化纤,电器仪表,0.033278
其他建材,机械基件,0.033259
互联网,专用机械,0.033248
化工原料,文教休闲,0.033221
影视音像,文教休闲,0.03322
航空,运输设备,0.033207
其他商业,综合类,0.033187
石油贸易,软件服务,0.033179
百货,软件服务,0.033179
医药商业,软件服务,0.033179
超市连锁,软件服务,0.033179
批发业,软件服务,0.033179
公共交通,火力发电,0.033162
石油加工,水务,0.033141
火力发电,日用化工,0.033123
橡胶,商贸代理,0.033117
船舶,电气设备,0.033109
钢加工,环境保护,0.033107
汽车配件,其他建材,0.033106
公共交通,商品城,0.033087
其他商业,商贸代理,0.033068
种植业,医疗保健,0.033057
家居用品,水泥,0.033052
家居用品,玻璃,0.033052
其他商业,铁路,0.03305
其他商业,港口,0.03305
其他商业,路桥,0.03305
其他商业,水运,0.03305
其他商业,空运,0.03305
工程机械,电器仪表,0.033049
汽车配件,元器件,0.033042
农业综合,石油加工,0.033036
半导体,元器件,0.033026
船舶,机械基件,0.033015
园区开发,全国地产,0.033003
多元金融,水力发电,0.032991
化工原料,电气设备,0.032987
小金属,船舶,0.032987
百货,乳制品,0.03296
医药商业,乳制品,0.03296
批发业,乳制品,0.03296
超市连锁,乳制品,0.03296
石油贸易,乳制品,0.03296
医疗保健,化工原料,0.032941
元器件,船舶,0.032917
房产服务,园区开发,0.032917
航空,通信设备,0.032889
电气设备,船舶,0.032882
石油加工,玻璃,0.032875
石油加工,水泥,0.032875
装修装饰,机场,0.032864
机床制造,元器件,0.032845
医疗保健,家用电器,0.032841
铜,焦炭加工,0.032838
火力发电,铝,0.032827
染料涂料,C37铁路、船舶、航空航天和其他运输设备制造业,0.032815
染料涂料,汽车整车,0.032815
化纤,运输设备,0.032805
火力发电,煤炭开采,0.032796
IT设备,工程机械,0.032757
多元金融,农药化肥,0.032748
多元金融,中成药,0.032748
生物制药,专用机械,0.032744
其他商业,饲料,0.032743
商贸代理,水务,0.032733
林业,广告包装,0.032715
小金属,电器仪表,0.032712
农药化肥,航空,0.03271
中成药,航空,0.03271
仓储物流,房产服务,0.032697
半导体,特种钢,0.032691
农用机械,摩托车,0.032684
汽车服务,航空,0.032666
红黄酒,旅游景点,0.032665
啤酒,旅游景点,0.032665
白酒,旅游景点,0.032665
软饮料,旅游景点,0.032665
文教休闲,造纸,0.032659
超市连锁,渔业,0.032655
百货,渔业,0.032655
医药商业,渔业,0.032655
石油贸易,渔业,0.032655
批发业,渔业,0.032655
元器件,运输设备,0.032613
电信运营,仓储物流,0.032582
矿物制品,染料涂料,0.032579
新型电力,铅锌,0.032541
新型电力,普钢,0.032541
生物制药,矿物制品,0.032531
超市连锁,商品城,0.032531
百货,商品城,0.032531
石油贸易,商品城,0.032531
医药商业,商品城,0.032531
批发业,商品城,0.032531
仓储物流,环境保护,0.032525
半导体,日用化工,0.032523
机床制造,环境保护,0.032521
区域地产,商贸代理,0.032516
家用电器,日用化工,0.032511
装修装饰,旅游服务,0.032504
汽车配件,半导体,0.032486
火力发电,橡胶,0.032486
区域地产,公共交通,0.032479
仓储物流,出版业,0.032471
摩托车,电气设备,0.032465
电气设备,IT设备,0.032464
汽车服务,出版业,0.032461
机床制造,半导体,0.03245
水泥,综合类,0.032426
小金属,普钢,0.032426
玻璃,综合类,0.032426
小金属,铅锌,0.032426
广告包装,工程机械,0.032424
半导体,电器仪表,0.032403
食品,水务,0.032399
火力发电,商贸代理,0.032393
仓储物流,普钢,0.032383
仓储物流,铅锌,0.032383
工程机械,医疗保健,0.03237
汽车配件,钢加工,0.032364
其他商业,全国地产,0.032363
中成药,机床制造,0.032348
农药化肥,机床制造,0.032348
工程机械,其他建材,0.032343
化工原料,机械基件,0.032336
元器件,化纤,0.032333
机械基件,医疗保健,0.032329
商品城,塑料,0.032323
机械基件,家居用品,0.032314
火力发电,机械基件,0.032306
互联网,区域地产,0.032295
旅游景点,影视音像,0.03229
化纤,轻工机械,0.03228
化纤,化工机械,0.03228
水力发电,普钢,0.032275
水力发电,铅锌,0.032275
特种钢,水泥,0.032258
特种钢,玻璃,0.032258
化工原料,专用机械,0.032253
火力发电,染料涂料,0.032249
电气设备,新型电力,0.032234
证券,供气供热,0.032219
银行,供气供热,0.032219
保险,供气供热,0.032219
机场,商贸代理,0.032218
铁路,橡胶,0.032206
港口,橡胶,0.032206
水运,橡胶,0.032206
路桥,橡胶,0.032206
空运,橡胶,0.032206
新型电力,小金属,0.0322
化学制药,电气设备,0.032191
仓储物流,航空,0.032179
元器件,机械基件,0.032161
区域地产,多元金融,0.03212
公路,公共交通,0.032109
汽车配件,电气设备,0.032099
化工原料,铝,0.032096
钢加工,塑料,0.032082
火力发电,区域地产,0.032079
化工原料,服饰,0.032072
旅游服务,园区开发,0.032041
工程机械,环境保护,0.032041
火力发电,其他商业,0.032032
火力发电,汽车服务,0.03203
区域地产,农药化肥,0.032028
区域地产,中成药,0.032028
化纤,饲料,0.03201
染料涂料,林业,0.031995
农业综合,旅游景点,0.031972
工程机械,公共交通,0.031961
电信运营,汽车服务,0.031958
仓储物流,焦炭加工,0.031956
纺织机械,矿物制品,0.031949
医疗保健,农业综合,0.031931
中成药,酒店餐饮,0.031919
农药化肥,酒店餐饮,0.031919
机场,水泥,0.031911
机场,玻璃,0.031911
医药商业,新型电力,0.031905
百货,新型电力,0.031905
超市连锁,新型电力,0.031905
石油贸易,新型电力,0.031905
批发业,新型电力,0.031905
公共交通,其他商业,0.031892
铁路,煤炭开采,0.031888
水运,煤炭开采,0.031888
港口,煤炭开采,0.031888
空运,煤炭开采,0.031888
路桥,煤炭开采,0.031888
家用电器,其他建材,0.031885
供气供热,旅游景点,0.031885
证券,装修装饰,0.031884
银行,装修装饰,0.031884
保险,装修装饰,0.031884
区域地产,旅游景点,0.031863
化工原料,环境保护,0.031853
元器件,汽车配件,0.031848
化学制药,环境保护,0.031842
机械基件,环境保护,0.031839
IT设备,半导体,0.031837
摩托车,文教休闲,0.031832
化学制药,软饮料,0.031824
化学制药,红黄酒,0.031824
化学制药,白酒,0.031824
化学制药,啤酒,0.031824
港口,旅游服务,0.031795
铁路,旅游服务,0.031795
空运,旅游服务,0.031795
水运,旅游服务,0.031795
路桥,旅游服务,0.031795
装修装饰,批发业,0.031794
装修装饰,医药商业,0.031794
装修装饰,石油贸易,0.031794
装修装饰,百货,0.031794
装修装饰,超市连锁,0.031794
农药化肥,铝,0.031783
中成药,铝,0.031783
医疗保健,广告包装,0.031751
互联网,元器件,0.031749
综合类,陶瓷,0.031729
空运,半导体,0.031727
港口,半导体,0.031727
水运,半导体,0.031727
路桥,半导体,0.031727
铁路,半导体,0.031727
公共交通,机场,0.031719
铜,半导体,0.031694
焦炭加工,陶瓷,0.031684
多元金融,出版业,0.031667
化纤,建筑工程,0.031665
火力发电,造纸,0.03166
综合类,互联网,0.031642
其他商业,铜,0.031637
汽车配件,特种钢,0.031631
铁路,化工原料,0.031623
空运,化工原料,0.031623
水运,化工原料,0.031623
港口,化工原料,0.031623
路桥,化工原料,0.031623
造纸,家居用品,0.031607
工程机械,元器件,0.031596
家用电器,小金属,0.031591
空运,航空,0.031578
港口,航空,0.031578
铁路,航空,0.031578
水运,航空,0.031578
路桥,航空,0.031578
铜,其他建材,0.03156
仓储物流,多元金融,0.03156
家用电器,专用机械,0.03155
塑料,摩托车,0.031532
汽车服务,化工机械,0.031522
汽车服务,轻工机械,0.031522
医药商业,化学制药,0.031515
批发业,化学制药,0.031515
超市连锁,化学制药,0.031515
石油贸易,化学制药,0.031515
百货,化学制药,0.031515
商品城,专用机械,0.031497
仓储物流,纺织机械,0.031488
家用电器,环境保护,0.031461
公共交通,工程机械,0.031455
机械基件,橡胶,0.031447
医疗保健,服饰,0.031445
供气供热,互联网,0.0314
化工原料,食品,0.031386
船舶,专用机械,0.031384
小金属,半导体,0.031383
摩托车,公共交通,0.031379
化学制药,种植业,0.031371
全国地产,园区开发,0.031341
铅锌,家居用品,0.031327
普钢,家居用品,0.031327
IT设备,商品城,0.03132
医疗保健,家居用品,0.031316
钢加工,IT设备,0.031309
旅游景点,石油贸易,0.031298
旅游景点,超市连锁,0.031298
旅游景点,医药商业,0.031298
旅游景点,批发业,0.031298
旅游景点,百货,0.031298
公共交通,石油贸易,0.031294
公共交通,医药商业,0.031294
公共交通,百货,0.031294
公共交通,批发业,0.031294
公共交通,超市连锁,0.031294
汽车配件,机械基件,0.03129
汽车服务,全国地产,0.031286
汽车配件,建筑工程,0.031285
其他商业,农业综合,0.031281
食品,半导体,0.031278
元器件,矿物制品,0.031277
电信运营,医药商业,0.031276
电信运营,石油贸易,0.031276
电信运营,批发业,0.031276
电信运营,超市连锁,0.031276
电信运营,百货,0.031276
广告包装,纺织,0.031261
公路,百货,0.031259
公路,超市连锁,0.031259
公路,批发业,0.031259
公路,医药商业,0.031259
元器件,橡胶,0.031259
公路,石油贸易,0.031259
专用机械,汽车整车,0.031244
专用机械,C37铁路、船舶、航空航天和其他运输设备制造业,0.031244
汽车服务,陶瓷,0.031243
其他商业,机场,0.031237
互联网,多元金融,0.031236
互联网,仓储物流,0.031213
互联网,家用电器,0.031194
小金属,电气设备,0.031193
公路,陶瓷,0.031185
酒店餐饮,出版业,0.031137
机床制造,机械基件,0.031136
化工原料,小金属,0.031136
广告包装,水务,0.03113
化工原料,水务,0.031129
化学制药,工程机械,0.031123
百货,特种钢,0.031122
批发业,特种钢,0.031122
医药商业,特种钢,0.031122
石油贸易,特种钢,0.031122
超市连锁,特种钢,0.031122
摩托车,汽车配件,0.031114
供气供热,汽车服务,0.031103
食品,服饰,0.031096
火力发电,石油开采,0.031091
塑料,装修装饰,0.031062
商品城,电气设备,0.031056
商品城,种植业,0.031034
仓储物流,专用机械,0.031025
工程机械,专用机械,0.031024
石油加工,半导体,0.031021
空运,种植业,0.03102
铁路,种植业,0.03102
路桥,种植业,0.03102
港口,种植业,0.03102
水运,种植业,0.03102
化纤,铝,0.031016
乳制品,化学制药,0.031013
半导体,软件服务,0.031008
半导体,航空,0.030974
铝,C37铁路、船舶、航空航天和其他运输设备制造业,0.03097
铝,汽车整车,0.03097
运输设备,农用机械,0.030953
铜,电气设备,0.030946
食品,电气设备,0.030937
食品,水泥,0.030925
食品,玻璃,0.030925
汽车配件,IT设备,0.030924
元器件,医疗保健,0.030924
石油加工,矿物制品,0.030921
商品城,建筑工程,0.030918
汽车服务,玻璃,0.030907
汽车服务,水泥,0.030907
区域地产,公路,0.030882
橡胶,小金属,0.030881
铝,染料涂料,0.030868
电气设备,纺织机械,0.030865
广告包装,家用电器,0.030846
农业综合,纺织机械,0.030841
仓储物流,化工原料,0.030835
家居用品,服饰,0.030823
仓储物流,摩托车,0.03081
农药化肥,种植业,0.030792
中成药,种植业,0.030792
电器仪表,家用电器,0.030781
啤酒,化学制药,0.030762
红黄酒,化学制药,0.030762
白酒,化学制药,0.030762
软饮料,化学制药,0.030762
半导体,中成药,0.030759
半导体,农药化肥,0.030759
矿物制品,互联网,0.030756
工程机械,汽车配件,0.030754
半导体,医疗保健,0.030751
运输设备,工程机械,0.030742
仓储物流,橡胶,0.030731
塑料,电器仪表,0.030713
石油加工,石油开采,0.030708
火力发电,广告包装,0.030688
水运,铝,0.03068
路桥,铝,0.03068
空运,铝,0.03068
铁路,铝,0.03068
港口,铝,0.03068
普钢,专用机械,0.030677
铅锌,专用机械,0.030677
塑料,C37铁路、船舶、航空航天和其他运输设备制造业,0.030665
塑料,汽车整车,0.030665
其他建材,半导体,0.030661
汽车配件,工程机械,0.030654
小金属,纺织机械,0.030648
多元金融,影视音像,0.030644
生物制药,摩托车,0.030634
渔业,造纸,0.030629
百货,化工原料,0.030621
批发业,化工原料,0.030621
石油贸易,化工原料,0.030621
医药商业,化工原料,0.030621
超市连锁,化工原料,0.030621
化学制药,元器件,0.030614
电信运营,半导体,0.030611
食品,旅游景点,0.030601
医疗保健,造纸,0.030594
供气供热,电信运营,0.030583
批发业,互联网,0.030581
医药商业,互联网,0.030581
百货,互联网,0.030581
石油贸易,互联网,0.030581
超市连锁,互联网,0.030581
软件服务,综合类,0.030567
汽车配件,医疗保健,0.030567
其他商业,小金属,0.030551
软件服务,机床制造,0.03055
家用电器,软件服务,0.030548
水泥,机械基件,0.030547
玻璃,机械基件,0.030547
矿物制品,全国地产,0.03054
房产服务,区域地产,0.03053
摩托车,专用机械,0.030524
水运,环境保护,0.030523
铁路,环境保护,0.030523
港口,环境保护,0.030523
空运,环境保护,0.030523
路桥,环境保护,0.030523
元器件,工程机械,0.030515
广告包装,商品城,0.030496
化纤,IT设备,0.030493
机械基件,广告包装,0.03048
渔业,旅游服务,0.030479
电器仪表,轻工机械,0.030464
电器仪表,化工机械,0.030464
啤酒,房产服务,0.030462
白酒,房产服务,0.030462
红黄酒,房产服务,0.030462
软饮料,房产服务,0.030462
汽车服务,运输设备,0.030453
广告包装,石油加工,0.030448
化学制药,矿物制品,0.030436
航空,机械基件,0.03043
商品城,水力发电,0.030428
多元金融,软件服务,0.030416
石油贸易,影视音像,0.030412
百货,影视音像,0.030412
医药商业,影视音像,0.030412
超市连锁,影视音像,0.030412
批发业,影视音像,0.030412
路桥,纺织机械,0.030408
空运,纺织机械,0.030408
港口,纺织机械,0.030408
铁路,纺织机械,0.030408
水运,纺织机械,0.030408
农药化肥,软饮料,0.030381
中成药,软饮料,0.030381
中成药,啤酒,0.030381
中成药,红黄酒,0.030381
农药化肥,红黄酒,0.030381
农药化肥,白酒,0.030381
中成药,白酒,0.030381
农药化肥,啤酒,0.030381
影视音像,旅游景点,0.030369
其他商业,新型电力,0.030366
公路,区域地产,0.030365
化工原料,工程机械,0.030362
火力发电,化工原料,0.03036
商贸代理,摩托车,0.030326
仓储物流,种植业,0.030318
医疗保健,汽车配件,0.030302
汽车服务,矿物制品,0.0303
商品城,航空,0.030298
造纸,文教休闲,0.030295
铝,互联网,0.030291
纺织,纺织机械,0.030286
广告包装,服饰,0.030283
家用电器,化工原料,0.030276
半导体,专用机械,0.030275
互联网,矿物制品,0.030271
保险,公共交通,0.030254
银行,公共交通,0.030254
证券,公共交通,0.030254
矿物制品,专用机械,0.030233
化纤,航空,0.03023
化纤,黄金,0.030217
广告包装,农业综合,0.030213
食品,元器件,0.030184
摩托车,商品城,0.03015
多元金融,电信运营,0.030132
乳制品,房产服务,0.030131
全国地产,机场,0.030124
化学制药,饲料,0.030096
铁路,文教休闲,0.03008
路桥,文教休闲,0.03008
水运,文教休闲,0.03008
港口,文教休闲,0.03008
空运,文教休闲,0.03008
生物制药,C37铁路、船舶、航空航天和其他运输设备制造业,0.030065
生物制药,汽车整车,0.030065
综合类,供气供热,0.030055
水泥,电气设备,0.030053
玻璃,电气设备,0.030053
汽车服务,机床制造,0.029955
专用机械,摩托车,0.029955
供气供热,普钢,0.029949
供气供热,铅锌,0.029949
航空,元器件,0.029933
空运,旅游景点,0.029919
铁路,旅游景点,0.029919
水运,旅游景点,0.029919
路桥,旅游景点,0.029919
港口,旅游景点,0.029919
小金属,运输设备,0.029918
元器件,其他建材,0.02991
其他商业,橡胶,0.029896
机床制造,电气设备,0.029863
其他建材,生物制药,0.029858
汽车服务,专用机械,0.029827
元器件,软件服务,0.029823
仓储物流,啤酒,0.029812
仓储物流,软饮料,0.029812
仓储物流,白酒,0.029812
仓储物流,红黄酒,0.029812
化学制药,服饰,0.029811
路桥,专用机械,0.029782
空运,专用机械,0.029782
港口,专用机械,0.029782
铁路,专用机械,0.029782
水运,专用机械,0.029782
火力发电,林业,0.029764
半导体,其他建材,0.02975
钢加工,水泥,0.029747
钢加工,玻璃,0.029747
化学制药,石油开采,0.02974
汽车配件,矿物制品,0.029726
其他建材,工程机械,0.02971
半导体,农用机械,0.029708
航空,半导体,0.029696
食品,环境保护,0.029692
新型电力,机床制造,0.029676
种植业,纺织机械,0.029667
电气设备,化工机械,0.029653
电气设备,轻工机械,0.029653
汽车服务,塑料,0.029651
铜,汽车配件,0.029643
影视音像,房产服务,0.029632
其他建材,专用机械,0.029626
广告包装,汽车配件,0.029622
仓储物流,酒店餐饮,0.029617
电气设备,电信运营,0.02961
小金属,工程机械,0.02961
塑料,铜,0.02961
汽车服务,啤酒,0.029607
汽车服务,红黄酒,0.029607
汽车服务,软饮料,0.029607
汽车服务,白酒,0.029607
百货,日用化工,0.0296
医药商业,日用化工,0.0296
超市连锁,日用化工,0.0296
批发业,日用化工,0.0296
石油贸易,日用化工,0.0296
旅游景点,电信运营,0.029595
农业综合,综合类,0.029593
纺织机械,铝,0.02959
元器件,农用机械,0.029585
批发业,区域地产,0.029579
医药商业,区域地产,0.029579
超市连锁,区域地产,0.029579
百货,区域地产,0.029579
石油贸易,区域地产,0.029579
旅游景点,互联网,0.029565
电气设备,半导体,0.029526
新型电力,塑料,0.029508
文教休闲,化纤,0.029501
汽车配件,航空,0.029493
综合类,软饮料,0.029485
综合类,白酒,0.029485
综合类,啤酒,0.029485
综合类,红黄酒,0.029485
铅锌,装修装饰,0.029481
普钢,装修装饰,0.029481
元器件,专用机械,0.029475
食品,工程机械,0.029473
医药商业,房产服务,0.02947
超市连锁,房产服务,0.02947
百货,房产服务,0.02947
石油贸易,房产服务,0.02947
批发业,房产服务,0.02947
汽车配件,运输设备,0.029469
多元金融,环境保护,0.029463
公共交通,电器仪表,0.029459
IT设备,文教休闲,0.029454
仓储物流,运输设备,0.029444
半导体,钢加工,0.02942
元器件,环境保护,0.029408
火力发电,家用电器,0.029389
橡胶,综合类,0.029378
铜,农用机械,0.029366
装修装饰,互联网,0.029354
商贸代理,C37铁路、船舶、航空航天和其他运输设备制造业,0.029349
商贸代理,汽车整车,0.029349
其他建材,石油加工,0.029337
其他商业,生物制药,0.029336
汽车服务,文教休闲,0.02933
仓储物流,铝,0.02931
电器仪表,半导体,0.0293
化工原料,铜,0.029286
专用机械,船舶,0.029275
商贸代理,造纸,0.029275
文教休闲,服饰,0.029273
种植业,服饰,0.029268
汽车服务,软件服务,0.029258
其他商业,其他建材,0.029238
公共交通,汽车服务,0.029228
工程机械,特种钢,0.029227
电器仪表,公共交通,0.029223
商品城,摩托车,0.029223
广告包装,食品,0.029217
综合类,船舶,0.029217
化学制药,机械基件,0.029213
焦炭加工,运输设备,0.029212
专用机械,电信运营,0.029205
其他商业,化工原料,0.029188
乳制品,影视音像,0.029185
机场,房产服务,0.029181
空运,C37铁路、船舶、航空航天和其他运输设备制造业,0.029174
港口,C37铁路、船舶、航空航天和其他运输设备制造业,0.029174
港口,汽车整车,0.029174
路桥,汽车整车,0.029174
水运,C37铁路、船舶、航空航天和其他运输设备制造业,0.029174
铁路,汽车整车,0.029174
水运,汽车整车,0.029174
铁路,C37铁路、船舶、航空航天和其他运输设备制造业,0.029174
空运,汽车整车,0.029174
路桥,C37铁路、船舶、航空航天和其他运输设备制造业,0.029174
仓储物流,新型电力,0.029173
元器件,新型电力,0.029171
证券,煤炭开采,0.029162
银行,煤炭开采,0.029162
保险,煤炭开采,0.029162
机场,农用机械,0.029154
文教休闲,船舶,0.02914
多元金融,林业,0.029137
矿物制品,农用机械,0.029135
通信设备,机械基件,0.029129
家用电器,特种钢,0.029123
石油加工,电气设备,0.029088
工程机械,生物制药,0.029083
特种钢,广告包装,0.029081
IT设备,化工机械,0.029078
IT设备,轻工机械,0.029078
IT设备,染料涂料,0.029054
农业综合,汽车配件,0.029042
化纤,旅游服务,0.029038
铁路,新型电力,0.029031
水运,新型电力,0.029031
路桥,新型电力,0.029031
港口,新型电力,0.029031
空运,新型电力,0.029031
汽车配件,日用化工,0.029024
电信运营,多元金融,0.029023
火力发电,元器件,0.029005
装修装饰,旅游景点,0.028992
装修装饰,汽车服务,0.028968
铜,新型电力,0.028937
石油贸易,农药化肥,0.028932
超市连锁,农药化肥,0.028932
橡胶,铜,0.028932
批发业,中成药,0.028932
石油贸易,中成药,0.028932
百货,农药化肥,0.028932
百货,中成药,0.028932
批发业,农药化肥,0.028932
超市连锁,中成药,0.028932
医药商业,农药化肥,0.028932
医药商业,中成药,0.028932
综合类,出版业,0.028923
综合类,软件服务,0.028909
铜,软件服务,0.028892
航空,家用电器,0.028889
摩托车,家用电器,0.028878
火力发电,食品,0.028874
铁路,软饮料,0.028863
路桥,红黄酒,0.028863
空运,白酒,0.028863
路桥,软饮料,0.028863
铁路,啤酒,0.028863
水运,啤酒,0.028863
水运,红黄酒,0.028863
水运,软饮料,0.028863
空运,软饮料,0.028863
铁路,白酒,0.028863
铁路,红黄酒,0.028863
水运,白酒,0.028863
港口,软饮料,0.028863
路桥,白酒,0.028863
空运,啤酒,0.028863
港口,红黄酒,0.028863
港口,白酒,0.028863
路桥,啤酒,0.028863
空运,红黄酒,0.028863
港口,啤酒,0.028863
装修装饰,电信运营,0.02884
通信设备,摩托车,0.028838
塑料,通信设备,0.028835
船舶,综合类,0.028828
汽车服务,通信设备,0.028823
港口,化学制药,0.02881
铁路,化学制药,0.02881
路桥,化学制药,0.02881
空运,化学制药,0.02881
水运,化学制药,0.02881
环境保护,化工机械,0.028807
环境保护,轻工机械,0.028807
旅游服务,农药化肥,0.028797
旅游服务,中成药,0.028797
电气设备,运输设备,0.02879
汽车服务,环境保护,0.028767
旅游服务,公共交通,0.028749
农用机械,半导体,0.028749
专用机械,IT设备,0.028748
化工原料,石油开采,0.028747
汽车配件,小金属,0.028734
铝,装修装饰,0.028722
旅游景点,汽车服务,0.028719
区域地产,电信运营,0.02871
日用化工,航空,0.028694
农业综合,水务,0.028684
船舶,家用电器,0.028652
陶瓷,铜,0.028614
工程机械,化工原料,0.028613
其他建材,环境保护,0.028612
石油加工,工程机械,0.028601
家居用品,其他建材,0.028598
啤酒,影视音像,0.028572
白酒,影视音像,0.028572
软饮料,影视音像,0.028572
红黄酒,影视音像,0.028572
仓储物流,IT设备,0.028564
小金属,焦炭加工,0.028564
其他建材,纺织,0.028558
区域地产,火力发电,0.028557
中成药,旅游服务,0.028556
农药化肥,旅游服务,0.028556
港口,农业综合,0.028553
铁路,农业综合,0.028553
空运,农业综合,0.028553
水运,农业综合,0.028553
路桥,农业综合,0.028553
汽车配件,船舶,0.028542
农药化肥,旅游景点,0.028536
中成药,旅游景点,0.028536
纺织机械,汽车配件,0.028535
软件服务,机械基件,0.028532
橡胶,新型电力,0.028528
家居用品,染料涂料,0.028528
元器件,小金属,0.02852
房产服务,机场,0.02852
水运,日用化工,0.028517
港口,日用化工,0.028517
铁路,日用化工,0.028517
路桥,日用化工,0.028517
空运,日用化工,0.028517
火力发电,医疗保健,0.028504
农药化肥,出版业,0.028496
中成药,出版业,0.028496
供气供热,中成药,0.028453
供气供热,农药化肥,0.028453
农用机械,汽车配件,0.028451
家用电器,装修装饰,0.028439
新型电力,矿物制品,0.028429
机场,商品城,0.028429
文教休闲,商品城,0.028429
家居用品,日用化工,0.028419
仓储物流,饲料,0.028414
石油加工,文教休闲,0.028413
铝,家居用品,0.028404
渔业,纺织,0.028396
石油加工,纺织机械,0.028392
仓储物流,农业综合,0.028387
机床制造,软件服务,0.028386
小金属,汽车配件,0.028383
橡胶,旅游景点,0.028373
C37铁路、船舶、航空航天和其他运输设备制造业,汽车配件,0.028361
汽车整车,汽车配件,0.028361
电气设备,水泥,0.028357
电气设备,玻璃,0.028357
仓储物流,煤炭开采,0.028346
IT设备,水运,0.02834
IT设备,铁路,0.02834
IT设备,空运,0.02834
IT设备,港口,0.02834
IT设备,路桥,0.02834
焦炭加工,环境保护,0.028321
电气设备,日用化工,0.028319
农用机械,电器仪表,0.028312
航空,矿物制品,0.02831
机床制造,摩托车,0.028308
家用电器,农药化肥,0.028299
家用电器,中成药,0.028299
医疗保健,生物制药,0.028297
种植业,文教休闲,0.028272
电信运营,港口,0.028263
电信运营,水运,0.028263
电信运营,空运,0.028263
电信运营,铁路,0.028263
电信运营,路桥,0.028263
塑料,IT设备,0.028255
摩托车,机场,0.028245
化纤,船舶,0.028244
文教休闲,摩托车,0.028238
石油加工,环境保护,0.028236
电器仪表,电气设备,0.028225
供气供热,商贸代理,0.028217
日用化工,铜,0.028216
化工原料,摩托车,0.028192
渔业,广告包装,0.028163
航空,电器仪表,0.028147
航空,电气设备,0.02812
互联网,供气供热,0.028099
电气设备,机床制造,0.028095
电器仪表,元器件,0.028092
中成药,装修装饰,0.028085
综合类,公共交通,0.028085
农药化肥,装修装饰,0.028085
火力发电,服饰,0.028084
铝,环境保护,0.028078
机床制造,汽车配件,0.028076
房产服务,商贸代理,0.028071
家用电器,建筑工程,0.028066
IT设备,电气设备,0.028063
饲料,橡胶,0.028056
其他建材,全国地产,0.028055
焦炭加工,区域地产,0.028052
旅游服务,出版业,0.028041
汽车整车,半导体,0.028034
C37铁路、船舶、航空航天和其他运输设备制造业,半导体,0.028034
环境保护,机床制造,0.028019
空运,互联网,0.028016
铁路,互联网,0.028016
陶瓷,园区开发,0.028016
港口,互联网,0.028016
路桥,互联网,0.028016
水运,互联网,0.028016
乳制品,广告包装,0.028014
工程机械,旅游服务,0.028
运输设备,家用电器,0.02799
区域地产,影视音像,0.027971
日用化工,石油开采,0.02797
文教休闲,日用化工,0.027958
小金属,专用机械,0.02795
农用机械,电气设备,0.027946
矿物制品,汽车整车,0.027935
矿物制品,C37铁路、船舶、航空航天和其他运输设备制造业,0.027935
航空,工程机械,0.02793
种植业,水力发电,0.027923
摩托车,火力发电,0.02792
农用机械,元器件,0.027916
其他商业,铝,0.027905
新型电力,化工机械,0.027895
新型电力,轻工机械,0.027895
其他建材,纺织机械,0.027886
摩托车,公路,0.027881
新型电力,黄金,0.027881
铝,电信运营,0.027879
焦炭加工,摩托车,0.027874
元器件,C37铁路、船舶、航空航天和其他运输设备制造业,0.027866
元器件,汽车整车,0.027866
广告包装,环境保护,0.027862
铜,专用机械,0.027855
互联网,航空,0.02783
广告包装,元器件,0.027826
陶瓷,新型电力,0.027824
石油加工,仓储物流,0.027821
火力发电,生物制药,0.02782
农业综合,服饰,0.027819
机场,全国地产,0.027819
商品城,医疗保健,0.027816
仓储物流,化学制药,0.027814
汽车配件,家居用品,0.027794
公共交通,区域地产,0.027793
其他商业,特种钢,0.027779
新型电力,机械基件,0.027769
C37铁路、船舶、航空航天和其他运输设备制造业,公共交通,0.027765
汽车整车,公共交通,0.027765
汽车配件,农用机械,0.02776
广告包装,半导体,0.027752
公路,汽车服务,0.027751
仓储物流,通信设备,0.02774
塑料,运输设备,0.027738
软件服务,半导体,0.027734
多元金融,工程机械,0.027731
机床制造,专用机械,0.027723
旅游服务,工程机械,0.027723
水力发电,黄金,0.027711
半导体,环境保护,0.027697
多元金融,广告包装,0.027687
食品,机械基件,0.027686
特种钢,软件服务,0.027673
机场,化纤,0.027667
船舶,铝,0.027663
港口,石油开采,0.027654
水运,石油开采,0.027654
供气供热,影视音像,0.027654
半导体,影视音像,0.027654
空运,石油开采,0.027654
铁路,石油开采,0.027654
路桥,石油开采,0.027654
石油加工,元器件,0.027648
电气设备,元器件,0.027642
园区开发,房产服务,0.02763
房产服务,全国地产,0.027626
矿物制品,塑料,0.027625
半导体,矿物制品,0.027616
钢加工,纺织机械,0.027606
石油贸易,旅游服务,0.027592
医药商业,旅游服务,0.027592
超市连锁,旅游服务,0.027592
百货,旅游服务,0.027592
批发业,旅游服务,0.027592
火力发电,农用机械,0.027582
矿物制品,电信运营,0.027581
家用电器,汽车整车,0.027574
家用电器,C37铁路、船舶、航空航天和其他运输设备制造业,0.027574
广告包装,电气设备,0.027573
农业综合,家用电器,0.027571
IT设备,家用电器,0.027569
航空,专用机械,0.027567
家居用品,塑料,0.027559
染料涂料,影视音像,0.027546
船舶,矿物制品,0.02754
普钢,运输设备,0.027523
铅锌,运输设备,0.027523
水运,饲料,0.027511
港口,饲料,0.027511
路桥,饲料,0.027511
铁路,饲料,0.027511
空运,饲料,0.027511
园区开发,机场,0.027494
机械基件,文教休闲,0.027475
新型电力,半导体,0.02747
水泥,医疗保健,0.027467
玻璃,医疗保健,0.027467
汽车服务,区域地产,0.027464
汽车配件,铝,0.02746
其他建材,铜,0.027449
互联网,铝,0.027435
石油开采,供气供热,0.027426
环境保护,水务,0.027418
电气设备,工程机械,0.027394
半导体,铝,0.027385
煤炭开采,化学制药,0.027379
种植业,商贸代理,0.027366
化学制药,专用机械,0.027364
商品城,黄金,0.027361
造纸,旅游景点,0.027358
路桥,多元金融,0.027355
空运,多元金融,0.027355
水运,多元金融,0.027355
港口,多元金融,0.027355
铁路,多元金融,0.027355
半导体,文教休闲,0.027354
农用机械,环境保护,0.027353
影视音像,其他商业,0.027339
IT设备,专用机械,0.027333
公路,其他商业,0.027331
化纤,机床制造,0.02732
互联网,农用机械,0.027309
半导体,新型电力,0.027292
半导体,广告包装,0.02729
商品城,新型电力,0.027289
普钢,广告包装,0.027288
铅锌,广告包装,0.027288
铅锌,摩托车,0.027284
普钢,摩托车,0.027284
汽车配件,专用机械,0.027282
电气设备,通信设备,0.027279
区域地产,供气供热,0.027269
其他商业,种植业,0.027268
C37铁路、船舶、航空航天和其他运输设备制造业,区域地产,0.027264
汽车整车,区域地产,0.027264
供气供热,黄金,0.027257
日用化工,钢加工,0.027254
汽车配件,铜,0.027253
旅游服务,软件服务,0.027244
半导体,互联网,0.027244
新型电力,环境保护,0.027243
百货,钢加工,0.027222
石油贸易,钢加工,0.027222
超市连锁,钢加工,0.027222
医药商业,钢加工,0.027222
批发业,钢加工,0.027222
航空,其他建材,0.027217
乳制品,文教休闲,0.027217
工程机械,化学制药,0.027216
仓储物流,日用化工,0.027195
火力发电,航空,0.027159
造纸,房产服务,0.027155
半导体,化工原料,0.027141
家居用品,化纤,0.027137
航空,纺织机械,0.027132
染料涂料,渔业,0.027122
其他建材,农业综合,0.027113
公共交通,运输设备,0.0271
机械基件,日用化工,0.027067
其他商业,化学制药,0.027056
软件服务,轻工机械,0.027014
软件服务,化工机械,0.027014
火力发电,环境保护,0.027011
石油加工,机械基件,0.027011
半导体,小金属,0.026972
铁路,酒店餐饮,0.02697
水运,酒店餐饮,0.02697
港口,酒店餐饮,0.02697
空运,酒店餐饮,0.02697
农用机械,专用机械,0.02697
路桥,酒店餐饮,0.02697
电器仪表,工程机械,0.026953
其他商业,水务,0.026941
航空,汽车配件,0.026925
通信设备,纺织机械,0.026924
食品,专用机械,0.026896
电气设备,医疗保健,0.026889
工程机械,家居用品,0.026889
纺织机械,铜,0.026889
火力发电,纺织,0.026876
铁路,黄金,0.026872
空运,黄金,0.026872
路桥,黄金,0.026872
水运,黄金,0.026872
港口,黄金,0.026872
工程机械,水务,0.026862
汽车服务,机械基件,0.02686
仓储物流,石油开采,0.026858
其他建材,服饰,0.026858
渔业,医疗保健,0.026852
火力发电,石油加工,0.026847
元器件,航空,0.026837
电气设备,电器仪表,0.026837
医疗保健,食品,0.026833
商品城,石油开采,0.02683
造纸,服饰,0.026828
农用机械,塑料,0.026827
半导体,铜,0.026825
医疗保健,半导体,0.02682
新型电力,汽车整车,0.026818
新型电力,C37铁路、船舶、航空航天和其他运输设备制造业,0.026818
商贸代理,广告包装,0.026805
半导体,建筑工程,0.026796
酒店餐饮,旅游景点,0.026792
电器仪表,染料涂料,0.026782
通信设备,电气设备,0.026778
多元金融,建筑工程,0.026777
运输设备,半导体,0.026773
电气设备,汽车配件,0.026746
供气供热,多元金融,0.02674
商贸代理,酒店餐饮,0.026736
生物制药,小金属,0.026724
证券,黄金,0.026722
保险,黄金,0.026722
银行,黄金,0.026722
汽车服务,农业综合,0.026719
全国地产,房产服务,0.02671
综合类,通信设备,0.026698
食品,矿物制品,0.026696
多元金融,文教休闲,0.026685
工程机械,装修装饰,0.026666
摩托车,矿物制品,0.026621
通信设备,半导体,0.026619
医疗保健,石油加工,0.026619
陶瓷,林业,0.026608
商贸代理,纺织机械,0.026593
公路,中成药,0.026589
公路,农药化肥,0.026589
多元金融,综合类,0.026574
多元金融,农用机械,0.02657
乳制品,纺织,0.026553
装修装饰,影视音像,0.02655
建筑工程,装修装饰,0.026544
广告包装,专用机械,0.026535
家用电器,铜,0.026528
文教休闲,IT设备,0.026495
新型电力,铜,0.026494
区域地产,出版业,0.026491
铁路,石油加工,0.026486
空运,石油加工,0.026486
水运,石油加工,0.026486
路桥,石油加工,0.026486
港口,石油加工,0.026486
广告包装,出版业,0.026481
煤炭开采,综合类,0.026481
农业综合,环境保护,0.026479
农药化肥,农用机械,0.026473
中成药,农用机械,0.026473
染料涂料,旅游服务,0.026466
新型电力,电器仪表,0.026463
小金属,农用机械,0.02646
汽车配件,装修装饰,0.026449
航空,装修装饰,0.026438
环境保护,化纤,0.026421
新型电力,元器件,0.026416
汽车服务,橡胶,0.026414
汽车配件,电器仪表,0.026411
摩托车,铝,0.026399
机场,乳制品,0.026389
广告包装,纺织机械,0.026387
仓储物流,船舶,0.026385
仓储物流,软件服务,0.026381
化工原料,船舶,0.026374
汽车服务,化纤,0.02637
IT设备,仓储物流,0.026354
商品城,火力发电,0.026345
商品城,家居用品,0.026334
染料涂料,机床制造,0.026332
区域地产,农用机械,0.026326
商品城,化工原料,0.026322
元器件,特种钢,0.026321
汽车服务,工程机械,0.026318
公共交通,机械基件,0.026315
商贸代理,家居用品,0.026313
互联网,环境保护,0.026313
文教休闲,互联网,0.026307
IT设备,机械基件,0.026299
家居用品,纺织机械,0.026298
其他商业,渔业,0.026294
影视音像,机械基件,0.026284
文教休闲,染料涂料,0.026277
多元金融,乳制品,0.026273
综合类,渔业,0.026271
商品城,饲料,0.026256
旅游服务,综合类,0.026244
家居用品,橡胶,0.026244
工程机械,其他商业,0.026229
港口,摩托车,0.026208
路桥,摩托车,0.026208
空运,摩托车,0.026208
水运,摩托车,0.026208
铁路,摩托车,0.026208
家用电器,家居用品,0.026205
港口,运输设备,0.026194
空运,运输设备,0.026194
水运,运输设备,0.026194
路桥,运输设备,0.026194
铁路,运输设备,0.026194
汽车配件,环境保护,0.02619
汽车配件,农药化肥,0.026186
汽车配件,中成药,0.026186
医疗保健,电气设备,0.026177
水运,出版业,0.026169
空运,出版业,0.026169
港口,出版业,0.026169
铁路,出版业,0.026169
路桥,出版业,0.026169
汽车配件,新型电力,0.026168
旅游服务,环境保护,0.026152
汽车配件,通信设备,0.026136
电器仪表,装修装饰,0.026134
焦炭加工,火力发电,0.026112
电气设备,其他建材,0.026104
火力发电,化学制药,0.0261
综合类,矿物制品,0.02608
机场,陶瓷,0.026071
种植业,染料涂料,0.026058
汽车配件,广告包装,0.026057
焦炭加工,公路,0.026056
文教休闲,广告包装,0.026019
旅游景点,多元金融,0.026007
证券,农药化肥,0.026005
银行,农药化肥,0.026005
银行,中成药,0.026005
证券,中成药,0.026005
保险,农药化肥,0.026005
保险,中成药,0.026005
生物制药,铜,0.025986
供气供热,区域地产,0.025955
商品城,汽车配件,0.025935
元器件,日用化工,0.025925
生物制药,石油开采,0.025901
旅游景点,商贸代理,0.025897
通信设备,商品城,0.025885
互联网,C37铁路、船舶、航空航天和其他运输设备制造业,0.025883
互联网,汽车整车,0.025883
综合类,装修装饰,0.025882
农药化肥,黄金,0.025881
中成药,黄金,0.025881
专用机械,轻工机械,0.025877
专用机械,化工机械,0.025877
化工原料,通信设备,0.025873
汽车整车,商品城,0.025867
C37铁路、船舶、航空航天和其他运输设备制造业,商品城,0.025867
机场,多元金融,0.025867
医疗保健,文教休闲,0.025853
电气设备,机械基件,0.025845
装修装饰,多元金融,0.025839
多元金融,化纤,0.025834
石油加工,铜,0.025829
供气供热,电气设备,0.025826
广告包装,机械基件,0.0258
文教休闲,橡胶,0.025795
商贸代理,染料涂料,0.025781
电气设备,软件服务,0.025779
普钢,水泥,0.02575
铅锌,玻璃,0.02575
铅锌,水泥,0.02575
普钢,玻璃,0.02575
互联网,铜,0.025749
广告包装,旅游景点,0.025748
渔业,水力发电,0.025742
仓储物流,黄金,0.025725
机场,塑料,0.025719
化纤,商贸代理,0.025716
文教休闲,出版业,0.025709
汽车配件,服饰,0.025683
元器件,家居用品,0.025679
多元金融,电器仪表,0.025664
电器仪表,机械基件,0.025663
小金属,全国地产,0.025654
汽车服务,铜,0.025653
电器仪表,专用机械,0.025599
酒店餐饮,房产服务,0.025597
供气供热,玻璃,0.025586
供气供热,水泥,0.025586
银行,互联网,0.025572
保险,互联网,0.025572
证券,互联网,0.025572
铜,染料涂料,0.025568
其他建材,航空,0.025568
新型电力,航空,0.025551
化纤,旅游景点,0.025548
其他建材,文教休闲,0.025536
铅锌,塑料,0.025525
普钢,塑料,0.025525
环境保护,日用化工,0.025524
新型电力,钢加工,0.025523
小金属,C37铁路、船舶、航空航天和其他运输设备制造业,0.025516
小金属,汽车整车,0.025516
机械基件,全国地产,0.025493
旅游服务,仓储物流,0.025481
医疗保健,元器件,0.025475
特种钢,全国地产,0.025467
广告包装,玻璃,0.025448
广告包装,水泥,0.025448
焦炭加工,电器仪表,0.025441
家居用品,建筑工程,0.025436
房产服务,农药化肥,0.025422
房产服务,中成药,0.025422
互联网,商贸代理,0.025398
超市连锁,种植业,0.025386
医药商业,种植业,0.025386
百货,种植业,0.025386
批发业,种植业,0.025386
石油贸易,种植业,0.025386
汽车服务,食品,0.025383
机械基件,化工原料,0.025381
广告包装,旅游服务,0.025381
通信设备,元器件,0.025375
汽车服务,水运,0.025371
汽车服务,铁路,0.025371
汽车服务,路桥,0.025371
汽车服务,港口,0.025371
汽车服务,空运,0.025371
旅游服务,机场,0.025356
其他商业,日用化工,0.025353
小金属,软件服务,0.025342
农业综合,旅游服务,0.025338
运输设备,航空,0.025321
饲料,旅游景点,0.025318
环境保护,塑料,0.025317
互联网,广告包装,0.025313
化工原料,林业,0.025311
焦炭加工,全国地产,0.025311
家居用品,家用电器,0.025303
汽车服务,小金属,0.025302
软件服务,电气设备,0.025297
新型电力,摩托车,0.025295
软件服务,汽车服务,0.025281
电气设备,建筑工程,0.025271
商品城,铁路,0.025261
商品城,水运,0.025261
商品城,路桥,0.025261
商品城,空运,0.025261
商品城,港口,0.025261
医疗保健,酒店餐饮,0.025258
供气供热,化纤,0.025228
汽车服务,饲料,0.025213
保险,铅锌,0.025213
保险,普钢,0.025213
银行,普钢,0.025213
证券,普钢,0.025213
证券,铅锌,0.025213
银行,铅锌,0.025213
农用机械,纺织,0.025205
电气设备,农药化肥,0.025202
电气设备,中成药,0.025202
摩托车,影视音像,0.025198
专用机械,运输设备,0.025189
电信运营,区域地产,0.025175
化工原料,IT设备,0.025173
IT设备,矿物制品,0.025166
化纤,水力发电,0.025159
半导体,家居用品,0.025138
仓储物流,全国地产,0.025138
商品城,公路,0.025136
家用电器,铝,0.025136
互联网,林业,0.025132
电器仪表,建筑工程,0.025116
家居用品,医疗保健,0.025084
煤炭开采,矿物制品,0.025079
食品,摩托车,0.025057
化工原料,航空,0.025056
石油加工,服饰,0.025055
家用电器,化学制药,0.025031
其他建材,水务,0.025026
商贸代理,出版业,0.025019
公路,塑料,0.025012
纺织机械,影视音像,0.025003
房产服务,供气供热,0.024974
石油加工,黄金,0.024972
农用机械,机械基件,0.024972
机场,生物制药,0.024963
环境保护,染料涂料,0.024947
多元金融,黄金,0.024947
半导体,化学制药,0.024946
火力发电,乳制品,0.024935
文教休闲,纺织机械,0.024934
新型电力,汽车配件,0.024923
电信运营,电气设备,0.024916
元器件,全国地产,0.024911
其他商业,公路,0.024906
商贸代理,家用电器,0.024905
元器件,铜,0.024903
超市连锁,公共交通,0.024902
医药商业,公共交通,0.024902
石油贸易,公共交通,0.024902
批发业,公共交通,0.024902
百货,公共交通,0.024902
电器仪表,新型电力,0.024899
火力发电,半导体,0.024898
区域地产,乳制品,0.024894
化学制药,铜,0.024883
其他商业,钢加工,0.024877
通信设备,综合类,0.024871
家居用品,装修装饰,0.024867
机场,食品,0.024849
综合类,农业综合,0.024842
橡胶,运输设备,0.024829
商品城,铜,0.024809
元器件,铝,0.024808
公路,矿物制品,0.024793
百货,公路,0.024791
医药商业,公路,0.024791
石油贸易,公路,0.024791
超市连锁,公路,0.024791
批发业,公路,0.024791
元器件,化工原料,0.024785
生物制药,通信设备,0.024778
公共交通,文教休闲,0.024771
船舶,元器件,0.024756
橡胶,建筑工程,0.024736
旅游服务,全国地产,0.024722
铜,C37铁路、船舶、航空航天和其他运输设备制造业,0.02472
铜,汽车整车,0.02472
染料涂料,种植业,0.0247
电气设备,专用机械,0.024686
火力发电,机床制造,0.024673
区域地产,综合类,0.024632
酒店餐饮,旅游服务,0.02462
家用电器,航空,0.024614
汽车服务,农用机械,0.024595
专用机械,机床制造,0.024587
多元金融,煤炭开采,0.024586
园区开发,出版业,0.024584
医疗保健,建筑工程,0.024574
石油加工,专用机械,0.024567
家用电器,互联网,0.024549
百货,综合类,0.024543
批发业,综合类,0.024543
医药商业,综合类,0.024543
超市连锁,综合类,0.024543
石油贸易,综合类,0.024543
综合类,IT设备,0.024532
生物制药,新型电力,0.024528
仓储物流,石油加工,0.02451
工程机械,建筑工程,0.024506
通信设备,专用机械,0.024502
机械基件,中成药,0.024497
机械基件,农药化肥,0.024497
汽车服务,其他建材,0.024469
供气供热,钢加工,0.024468
塑料,机床制造,0.024458
供气供热,矿物制品,0.024446
电气设备,环境保护,0.024442
汽车服务,园区开发,0.024438
多元金融,食品,0.024435
火力发电,旅游服务,0.024421
石油贸易,全国地产,0.02442
批发业,全国地产,0.02442
超市连锁,全国地产,0.02442
百货,全国地产,0.02442
医药商业,全国地产,0.02442
工程机械,旅游景点,0.024418
仓储物流,影视音像,0.024415
生物制药,渔业,0.024405
专用机械,软件服务,0.024381
矿物制品,家居用品,0.02438
房产服务,装修装饰,0.024372
火力发电,工程机械,0.024367
中成药,钢加工,0.024363
农药化肥,钢加工,0.024363
汽车配件,化工原料,0.024358
电气设备,矿物制品,0.024357
互联网,中成药,0.02435
互联网,农药化肥,0.02435
通信设备,家用电器,0.024343
互联网,铁路,0.024334
互联网,水运,0.024334
钢加工,医疗保健,0.024334
互联网,路桥,0.024334
互联网,港口,0.024334
互联网,空运,0.024334
日用化工,林业,0.024319
软件服务,文教休闲,0.024308
陶瓷,综合类,0.024302
塑料,全国地产,0.024294
公路,汽车配件,0.024292
化学制药,铁路,0.024291
化学制药,空运,0.024291
化学制药,港口,0.024291
化学制药,水运,0.024291
化学制药,路桥,0.024291
焦炭加工,机场,0.024276
商贸代理,船舶,0.024271
医疗保健,环境保护,0.024271
食品,C37铁路、船舶、航空航天和其他运输设备制造业,0.024269
食品,汽车整车,0.024269
新型电力,通信设备,0.024267
软件服务,纺织机械,0.024262
公路,化纤,0.024254
渔业,商贸代理,0.024251
造纸,影视音像,0.024251
化纤,白酒,0.024245
化纤,啤酒,0.024245
化纤,软饮料,0.024245
化纤,红黄酒,0.024245
旅游服务,文教休闲,0.024239
水力发电,钢加工,0.024237
多元金融,服饰,0.024237
农药化肥,软件服务,0.024225
中成药,软件服务,0.024225
钢加工,园区开发,0.024219
航空,软件服务,0.024218
纺织机械,农用机械,0.024197
园区开发,区域地产,0.024195
公路,钢加工,0.024192
电信运营,专用机械,0.024181
其他商业,火力发电,0.024179
汽车服务,化学制药,0.02417
铜,互联网,0.024167
中成药,特种钢,0.024156
农药化肥,特种钢,0.024156
软件服务,农用机械,0.024156
染料涂料,农用机械,0.024144
运输设备,电气设备,0.024139
专用机械,染料涂料,0.024125
商品城,矿物制品,0.02411
互联网,汽车配件,0.024101
生物制药,化工机械,0.0241
生物制药,轻工机械,0.0241
旅游服务,电器仪表,0.024081
机械基件,造纸,0.024058
电器仪表,航空,0.024044
生物制药,IT设备,0.024041
新型电力,焦炭加工,0.024036
塑料,航空,0.024024
半导体,生物制药,0.024024
火力发电,纺织机械,0.024004
文教休闲,中成药,0.023993
文教休闲,农药化肥,0.023993
水力发电,焦炭加工,0.023988
生物制药,运输设备,0.023982
商贸代理,IT设备,0.023967
航空,普钢,0.023961
航空,铅锌,0.023961
生物制药,电器仪表,0.023946
火力发电,专用机械,0.023939
综合类,电气设备,0.023914
电气设备,化工原料,0.023899
多元金融,专用机械,0.023889
软件服务,专用机械,0.023887
乳制品,染料涂料,0.023883
黄金,铜,0.023878
家居用品,汽车配件,0.023871
农用机械,船舶,0.023858
纺织机械,元器件,0.023851
船舶,汽车配件,0.023845
供气供热,工程机械,0.023836
塑料,农用机械,0.023816
文教休闲,陶瓷,0.023813
化工原料,电器仪表,0.023812
区域地产,化纤,0.023803
区域地产,工程机械,0.023803
软件服务,装修装饰,0.0238
机场,林业,0.023795
供气供热,陶瓷,0.023794
综合类,饲料,0.023785
火力发电,文教休闲,0.023784
医疗保健,矿物制品,0.023774
商贸代理,运输设备,0.023765
橡胶,通信设备,0.023758
环境保护,家用电器,0.023754
陶瓷,通信设备,0.023748
汽车配件,文教休闲,0.023742
半导体,装修装饰,0.023736
家用电器,文教休闲,0.023728
食品,房产服务,0.023722
软件服务,其他商业,0.023721
多元金融,生物制药,0.023717
商贸代理,汽车配件,0.023704
电气设备,水务,0.023703
互联网,园区开发,0.023695
焦炭加工,医疗保健,0.023693
文教休闲,公共交通,0.023686
其他商业,石油开采,0.023686
多元金融,饲料,0.023676
环境保护,橡胶,0.023671
渔业,家居用品,0.023661
日用化工,铅锌,0.023657
日用化工,普钢,0.023657
种植业,化纤,0.023655
乳制品,综合类,0.023653
商贸代理,服饰,0.023651
元器件,广告包装,0.023646
旅游景点,供气供热,0.023646
汽车服务,铝,0.023625
供气供热,园区开发,0.023624
机场,家居用品,0.023612
多元金融,汽车配件,0.023611
汽车服务,旅游景点,0.023599
船舶,旅游服务,0.023596
农用机械,造纸,0.023577
农用机械,矿物制品,0.023572
特种钢,船舶,0.023571
旅游景点,区域地产,0.023571
火力发电,农业综合,0.023557
影视音像,旅游服务,0.023554
铅锌,电器仪表,0.023549
普钢,电器仪表,0.023549
电信运营,装修装饰,0.023541
路桥,IT设备,0.023537
空运,IT设备,0.023537
铁路,IT设备,0.023537
水运,IT设备,0.023537
港口,IT设备,0.023537
轻工机械,环境保护,0.023536
化工机械,环境保护,0.023536
多元金融,普钢,0.02352
多元金融,半导体,0.02352
多元金融,铅锌,0.02352
铝,广告包装,0.023514
专用机械,通信设备,0.023499
农业综合,电气设备,0.023486
互联网,化工机械,0.02348
互联网,轻工机械,0.02348
多元金融,运输设备,0.023478
公路,新型电力,0.023473
电器仪表,矿物制品,0.023473
机场,互联网,0.023459
装修装饰,供气供热,0.023449
商品城,普钢,0.023435
商品城,铅锌,0.023435
保险,环境保护,0.023417
证券,环境保护,0.023417
银行,环境保护,0.023417
专用机械,家用电器,0.023411
电器仪表,农用机械,0.023406
公路,其他建材,0.023404
路桥,通信设备,0.023397
空运,通信设备,0.023397
港口,通信设备,0.023397
铁路,通信设备,0.023397
水运,通信设备,0.023397
铜,装修装饰,0.023395
橡胶,黄金,0.023379
旅游服务,农用机械,0.023378
中成药,水运,0.023368
农药化肥,路桥,0.023368
农药化肥,港口,0.023368
中成药,铁路,0.023368
农药化肥,铁路,0.023368
农药化肥,水运,0.023368
中成药,路桥,0.023368
农药化肥,空运,0.023368
中成药,空运,0.023368
中成药,港口,0.023368
纺织机械,半导体,0.023364
农用机械,文教休闲,0.023362
染料涂料,建筑工程,0.023353
公路,林业,0.023343
旅游服务,乳制品,0.023339
多元金融,新型电力,0.023319
医疗保健,水务,0.023319
汽车服务,乳制品,0.023318
工程机械,造纸,0.02331
房产服务,公共交通,0.023302
旅游服务,船舶,0.023302
工程机械,食品,0.023294
运输设备,专用机械,0.023291
工程机械,铜,0.023289
钢加工,造纸,0.023278
软件服务,摩托车,0.023264
专用机械,电器仪表,0.023254
供气供热,装修装饰,0.023241
工程机械,汽车服务,0.023241
火力发电,建筑工程,0.023235
工程机械,综合类,0.023232
石油加工,供气供热,0.023231
多元金融,塑料,0.023225
园区开发,纺织,0.02321
啤酒,综合类,0.023208
白酒,综合类,0.023208
红黄酒,综合类,0.023208
软饮料,综合类,0.023208
化工机械,半导体,0.023194
轻工机械,半导体,0.023194
互联网,小金属,0.02319
塑料,船舶,0.023189
中成药,商贸代理,0.023182
农药化肥,商贸代理,0.023182
铝,日用化工,0.023179
焦炭加工,IT设备,0.023178
机场,机械基件,0.023177
生物制药,船舶,0.023176
机械基件,公共交通,0.02317
公路,农用机械,0.023163
区域地产,生物制药,0.023159
文教休闲,塑料,0.023153
供气供热,铜,0.02315
装修装饰,建筑工程,0.023149
汽车服务,化工原料,0.023143
多元金融,矿物制品,0.02314
其他建材,食品,0.023136
水泥,家居用品,0.023135
玻璃,家居用品,0.023135
摩托车,化工机械,0.023126
摩托车,轻工机械,0.023126
工程机械,钢加工,0.023125
汽车服务,仓储物流,0.02311
水运,房产服务,0.023107
铁路,房产服务,0.023107
空运,房产服务,0.023107
港口,房产服务,0.023107
路桥,房产服务,0.023107
园区开发,酒店餐饮,0.023104
医药商业,生物制药,0.023103
批发业,生物制药,0.023103
超市连锁,生物制药,0.023103
石油贸易,生物制药,0.023103
百货,生物制药,0.023103
公路,家居用品,0.023097
石油贸易,火力发电,0.023096
百货,火力发电,0.023096
批发业,火力发电,0.023096
超市连锁,火力发电,0.023096
医药商业,火力发电,0.023096
机场,元器件,0.023092
通信设备,化工机械,0.023087
通信设备,轻工机械,0.023087
多元金融,机械基件,0.023087
机场,汽车配件,0.023087
家用电器,广告包装,0.023084
航空,农用机械,0.023082
染料涂料,黄金,0.023076
文教休闲,工程机械,0.023074
机场,综合类,0.023072
纺织机械,文教休闲,0.023045
电气设备,装修装饰,0.023045
石油加工,普钢,0.023041
石油加工,铅锌,0.023041
建筑工程,园区开发,0.023001
旅游服务,水力发电,0.022995
旅游服务,保险,0.022994
旅游服务,证券,0.022994
旅游服务,银行,0.022994
C37铁路、船舶、航空航天和其他运输设备制造业,电气设备,0.022984
汽车整车,电气设备,0.022984
多元金融,船舶,0.022983
农业综合,半导体,0.022978
广告包装,装修装饰,0.022977
新型电力,玻璃,0.022971
新型电力,水泥,0.022971
综合类,乳制品,0.022941
乳制品,医疗保健,0.022937
化纤,钢加工,0.022934
化纤,装修装饰,0.022933
新型电力,铝,0.022926
家居用品,文教休闲,0.022921
饲料,水务,0.02292
综合类,机械基件,0.022907
机场,出版业,0.022906
食品,影视音像,0.022881
新型电力,专用机械,0.022871
汽车服务,新型电力,0.022869
IT设备,铝,0.022862
运输设备,机械基件,0.022852
元器件,中成药,0.022847
元器件,农药化肥,0.022847
汽车服务,渔业,0.022846
商贸代理,饲料,0.022829
化纤,农用机械,0.022817
工程机械,房产服务,0.022813
钢加工,煤炭开采,0.02281
渔业,文教休闲,0.0228
乳制品,摩托车,0.022778
化工原料,运输设备,0.022777
装修装饰,商贸代理,0.022761
专用机械,纺织机械,0.022754
公路,特种钢,0.022752
化学制药,黄金,0.02275
仓储物流,渔业,0.022734
商品城,化工机械,0.022732
商品城,轻工机械,0.022732
软件服务,旅游服务,0.022726
汽车配件,造纸,0.022721
通信设备,新型电力,0.022706
旅游景点,装修装饰,0.022704
火力发电,轻工机械,0.0227
火力发电,化工机械,0.0227
塑料,渔业,0.022694
电器仪表,C37铁路、船舶、航空航天和其他运输设备制造业,0.022688
电器仪表,汽车整车,0.022688
商品城,机床制造,0.022675
商品城,白酒,0.02267
商品城,啤酒,0.02267
商品城,软饮料,0.02267
商品城,红黄酒,0.02267
工程机械,纺织,0.022656
特种钢,造纸,0.022652
区域地产,电器仪表,0.022645
公路,造纸,0.022643
陶瓷,电器仪表,0.02263
房产服务,证券,0.022628
房产服务,保险,0.022628
房产服务,银行,0.022628
中成药,乳制品,0.022627
农药化肥,乳制品,0.022627
专用机械,工程机械,0.022613
商贸代理,环境保护,0.02261
港口,渔业,0.022608
铁路,渔业,0.022608
空运,渔业,0.022608
水运,渔业,0.022608
路桥,渔业,0.022608
铅锌,IT设备,0.022606
普钢,IT设备,0.022606
多元金融,元器件,0.022603
铅锌,黄金,0.022597
普钢,黄金,0.022597
化学制药,小金属,0.022592
陶瓷,区域地产,0.02259
商贸代理,旅游景点,0.022568
区域地产,食品,0.022566
环境保护,农用机械,0.022558
公共交通,旅游服务,0.022556
供气供热,仓储物流,0.022548
IT设备,农用机械,0.022544
医疗保健,机械基件,0.02252
医疗保健,专用机械,0.022518
综合类,建筑工程,0.022517
农用机械,软件服务,0.022516
公共交通,农药化肥,0.022498
公共交通,中成药,0.022498
特种钢,医疗保健,0.022497
新型电力,建筑工程,0.022491
摩托车,区域地产,0.02248
酒店餐饮,公共交通,0.022478
仓储物流,水力发电,0.022477
电器仪表,环境保护,0.022466
软件服务,多元金融,0.022464
商贸代理,陶瓷,0.022461
机场,广告包装,0.022458
农业综合,工程机械,0.022455
服饰,出版业,0.02244
普钢,环境保护,0.022438
铅锌,环境保护,0.022438
半导体,造纸,0.022436
汽车配件,化学制药,0.022431
机场,装修装饰,0.022431
多元金融,家居用品,0.022418
多元金融,电气设备,0.022403
商品城,酒店餐饮,0.022395
火力发电,旅游景点,0.022395
广告包装,房产服务,0.022394
商贸代理,水泥,0.022391
商贸代理,玻璃,0.022391
专用机械,日用化工,0.022379
航空,焦炭加工,0.022377
运输设备,文教休闲,0.022376
房产服务,文教休闲,0.022372
供气供热,焦炭加工,0.022355
焦炭加工,石油开采,0.022343
新型电力,纺织机械,0.02234
摩托车,元器件,0.022337
塑料,铝,0.022323
焦炭加工,黄金,0.022322
商贸代理,化工机械,0.022307
商贸代理,轻工机械,0.022307
电气设备,航空,0.022301
铜,电信运营,0.022295
铅锌,全国地产,0.022288
普钢,全国地产,0.022288
小金属,塑料,0.02228
纺织机械,专用机械,0.022278
工程机械,石油加工,0.022276
环境保护,陶瓷,0.022263
机床制造,电器仪表,0.022263
汽车服务,互联网,0.022262
生物制药,建筑工程,0.022258
小金属,家居用品,0.022257
纺织,出版业,0.022257
机场,服饰,0.022255
多元金融,种植业,0.022243
水运,水力发电,0.022239
港口,水力发电,0.022239
空运,水力发电,0.022239
路桥,水力发电,0.022239
铁路,水力发电,0.022239
船舶,其他商业,0.022238
百货,机场,0.022234
医药商业,机场,0.022234
石油贸易,机场,0.022234
批发业,机场,0.022234
超市连锁,机场,0.022234
农用机械,家居用品,0.022233
汽车服务,特种钢,0.022231
生物制药,饲料,0.022224
新型电力,运输设备,0.022216
供气供热,特种钢,0.022215
水力发电,矿物制品,0.022212
电气设备,水力发电,0.022208
化工机械,C37铁路、船舶、航空航天和其他运输设备制造业,0.022206
轻工机械,汽车整车,0.022206
化工机械,汽车整车,0.022206
轻工机械,C37铁路、船舶、航空航天和其他运输设备制造业,0.022206
区域地产,建筑工程,0.022204
公共交通,旅游景点,0.022181
园区开发,装修装饰,0.022179
水力发电,电气设备,0.022179
专用机械,半导体,0.022179
纺织机械,航空,0.022178
陶瓷,摩托车,0.022177
公路,元器件,0.022172
汽车服务,影视音像,0.022171
新型电力,陶瓷,0.022167
种植业,汽车配件,0.022161
电气设备,化学制药,0.022156
船舶,铜,0.022151
供气供热,环境保护,0.022136
元器件,化学制药,0.022124
化纤,普钢,0.022122
化纤,铅锌,0.022122
食品,小金属,0.022119
超市连锁,石油开采,0.022113
石油贸易,石油开采,0.022113
医药商业,石油开采,0.022113
百货,石油开采,0.022113
批发业,石油开采,0.022113
多元金融,水泥,0.022111
多元金融,玻璃,0.022111
新型电力,农用机械,0.022109
公路,商贸代理,0.022105
多元金融,铜,0.022104
工程机械,C37铁路、船舶、航空航天和其他运输设备制造业,0.022099
工程机械,汽车整车,0.022099
农药化肥,水力发电,0.022089
中成药,水力发电,0.022089
服饰,纺织机械,0.022061
火力发电,种植业,0.02206
证券,建筑工程,0.022046
保险,建筑工程,0.022046
银行,建筑工程,0.022046
供气供热,公共交通,0.022046
焦炭加工,造纸,0.02204
影视音像,仓储物流,0.022032
焦炭加工,染料涂料,0.022018
电气设备,文教休闲,0.022008
家用电器,生物制药,0.022006
软件服务,仓储物流,0.021983
装修装饰,出版业,0.021969
纺织机械,电气设备,0.021963
纺织机械,机械基件,0.021963
专用机械,影视音像,0.021933
机场,旅游景点,0.021932
互联网,机场,0.021919
汽车服务,商品城,0.021913
文教休闲,旅游景点,0.02191
医疗保健,装修装饰,0.021909
供气供热,文教休闲,0.021905
机场,造纸,0.021903
区域地产,广告包装,0.021902
家居用品,元器件,0.021893
橡胶,铝,0.021892
商贸代理,电气设备,0.021882
铝,塑料,0.021878
工程机械,服饰,0.02187
化工机械,电器仪表,0.021867
轻工机械,电器仪表,0.021867
商贸代理,元器件,0.021866
房产服务,软件服务,0.021852
机场,矿物制品,0.021851
互联网,服饰,0.021846
IT设备,综合类,0.021834
小金属,环境保护,0.021811
食品,铜,0.021806
生物制药,航空,0.021806
橡胶,汽车整车,0.021801
橡胶,C37铁路、船舶、航空航天和其他运输设备制造业,0.021801
供气供热,出版业,0.021797
船舶,区域地产,0.021784
食品,综合类,0.021784
公路,机械基件,0.021775
工程机械,石油开采,0.021772
证券,软件服务,0.021755
银行,软件服务,0.021755
保险,软件服务,0.021755
种植业,日用化工,0.021745
农业综合,水力发电,0.021734
食品,通信设备,0.021734
软件服务,元器件,0.021733
区域地产,文教休闲,0.021732
航空,新型电力,0.021726
水力发电,铜,0.021719
商品城,林业,0.021717
通信设备,机床制造,0.021716
家用电器,全国地产,0.021713
供气供热,广告包装,0.021693
机械基件,普钢,0.021675
机械基件,铅锌,0.021675
公路,家用电器,0.021672
商贸代理,矿物制品,0.021663
商贸代理,白酒,0.02166
商贸代理,啤酒,0.02166
商贸代理,软饮料,0.02166
多元金融,IT设备,0.02166
商贸代理,红黄酒,0.02166
公共交通,商贸代理,0.021659
新型电力,染料涂料,0.021658
乳制品,C37铁路、船舶、航空航天和其他运输设备制造业,0.021646
乳制品,汽车整车,0.021646
公路,综合类,0.021643
运输设备,商品城,0.021642
专用机械,航空,0.021641
供气供热,机械基件,0.021638
广告包装,建筑工程,0.021634
火力发电,饲料,0.021633
新型电力,医疗保健,0.021624
橡胶,摩托车,0.021618
矿物制品,环境保护,0.021604
汽车整车,专用机械,0.0216
C37铁路、船舶、航空航天和其他运输设备制造业,专用机械,0.0216
商品城,家用电器,0.021596
小金属,陶瓷,0.021592
医疗保健,工程机械,0.021578
电气设备,影视音像,0.021571
化学制药,乳制品,0.02157
生物制药,机床制造,0.021565
商贸代理,机床制造,0.021557
种植业,环境保护,0.021555
陶瓷,铝,0.021553
专用机械,造纸,0.021544
综合类,食品,0.021542
商贸代理,文教休闲,0.02152
机场,钢加工,0.02152
化纤,酒店餐饮,0.021518
影视音像,汽车服务,0.021514
纺织机械,小金属,0.02151
农用机械,医疗保健,0.021508
旅游景点,园区开发,0.021508
全国地产,区域地产,0.021503
渔业,房产服务,0.021484
专用机械,电气设备,0.021481
机床制造,塑料,0.021458
轻工机械,专用机械,0.021451
化工机械,专用机械,0.021451
农用机械,铜,0.021448
石油加工,小金属,0.021447
机场,旅游服务,0.021444
超市连锁,电信运营,0.021441
医药商业,电信运营,0.021441
百货,电信运营,0.021441
石油贸易,电信运营,0.021441
批发业,电信运营,0.021441
钢加工,软件服务,0.021436
文教休闲,家居用品,0.021435
公共交通,出版业,0.021433
区域地产,软件服务,0.021419
其他建材,机床制造,0.021419
火力发电,园区开发,0.021413
港口,全国地产,0.021405
铁路,全国地产,0.021405
路桥,全国地产,0.021405
水运,全国地产,0.021405
空运,全国地产,0.021405
火力发电,商品城,0.021402
运输设备,特种钢,0.021398
专用机械,互联网,0.021398
小金属,染料涂料,0.021397
供气供热,机场,0.021397
轻工机械,电气设备,0.021394
化工机械,电气设备,0.021394
电气设备,互联网,0.02139
环境保护,医疗保健,0.021389
水力发电,特种钢,0.021381
电气设备,广告包装,0.021367
房产服务,综合类,0.021365
综合类,种植业,0.021363
旅游服务,生物制药,0.021362
其他建材,通信设备,0.021356
旅游服务,广告包装,0.021352
公共交通,玻璃,0.021352
公共交通,水泥,0.021352
商贸代理,旅游服务,0.021343
摩托车,铜,0.021341
纺织机械,工程机械,0.021326
种植业,陶瓷,0.021324
其他建材,化工机械,0.021323
其他建材,轻工机械,0.021323
汽车服务,日用化工,0.021311
多元金融,通信设备,0.021307
通信设备,装修装饰,0.021298
电气设备,农用机械,0.021283
生物制药,酒店餐饮,0.021279
区域地产,水泥,0.021274
区域地产,玻璃,0.021274
供气供热,塑料,0.021265
综合类,其他建材,0.02125
百货,石油加工,0.021242
超市连锁,石油加工,0.021242
石油贸易,石油加工,0.021242
批发业,石油加工,0.021242
医药商业,石油加工,0.021242
种植业,房产服务,0.021236
文教休闲,软件服务,0.021229
日用化工,新型电力,0.021224
生物制药,铝,0.021189
机场,电器仪表,0.021189
机械基件,化学制药,0.021172
汽车服务,农药化肥,0.02116
汽车服务,中成药,0.02116
机械基件,林业,0.021159
区域地产,塑料,0.021147
陶瓷,渔业,0.021145
工程机械,农业综合,0.021126
农用机械,水泥,0.021125
农用机械,玻璃,0.021125
商贸代理,塑料,0.021123
IT设备,铜,0.021123
多元金融,纺织,0.021117
新型电力,IT设备,0.021104
机场,特种钢,0.021097
商品城,特种钢,0.021092
家用电器,电信运营,0.021073
农用机械,染料涂料,0.021054
影视音像,石油贸易,0.02103
影视音像,医药商业,0.02103
影视音像,批发业,0.02103
影视音像,超市连锁,0.02103
影视音像,百货,0.02103
矿物制品,石油开采,0.021025
农用机械,广告包装,0.021018
家居用品,电气设备,0.021015
综合类,文教休闲,0.021013
公路,广告包装,0.021003
焦炭加工,日用化工,0.021001
造纸,旅游服务,0.020995
IT设备,汽车配件,0.020993
商贸代理,电器仪表,0.020984
环境保护,工程机械,0.020977
工程机械,区域地产,0.020973
环境保护,半导体,0.020971
环境保护,农药化肥,0.020967
环境保护,中成药,0.020967
电气设备,小金属,0.020962
饲料,房产服务,0.020961
旅游服务,通信设备,0.020944
中成药,普钢,0.020923
中成药,铅锌,0.020923
农药化肥,铅锌,0.020923
农药化肥,普钢,0.020923
电信运营,商贸代理,0.020906
农业综合,专用机械,0.020906
文教休闲,汽车配件,0.020904
农用机械,航空,0.020903
矿物制品,园区开发,0.0209
火力发电,装修装饰,0.020887
互联网,塑料,0.020885
文教休闲,房产服务,0.020884
文教休闲,医疗保健,0.020884
软件服务,旅游景点,0.020871
多元金融,C37铁路、船舶、航空航天和其他运输设备制造业,0.02087
多元金融,汽车整车,0.02087
橡胶,电器仪表,0.020865
公共交通,半导体,0.020861
电器仪表,机床制造,0.020857
工程机械,航空,0.020847
区域地产,半导体,0.020846
机场,酒店餐饮,0.020841
商品城,陶瓷,0.020839
铅锌,造纸,0.020833
普钢,造纸,0.020833
工程机械,玻璃,0.020829
工程机械,水泥,0.020829
区域地产,机械基件,0.020824
百货,汽车服务,0.020811
医药商业,汽车服务,0.020811
批发业,汽车服务,0.020811
石油贸易,汽车服务,0.020811
超市连锁,汽车服务,0.020811
超市连锁,园区开发,0.020805
医药商业,园区开发,0.020805
石油贸易,园区开发,0.020805
批发业,园区开发,0.020805
百货,园区开发,0.020805
通信设备,航空,0.020804
公共交通,装修装饰,0.020793
综合类,林业,0.020791
电器仪表,汽车配件,0.020786
工程机械,百货,0.020785
工程机械,石油贸易,0.020785
工程机械,超市连锁,0.020785
工程机械,批发业,0.020785
工程机械,医药商业,0.020785
饲料,化学制药,0.020778
其他商业,水力发电,0.020776
元器件,文教休闲,0.020776
文教休闲,运输设备,0.020773
供气供热,石油开采,0.020768
乳制品,造纸,0.020764
食品,石油开采,0.020763
供气供热,生物制药,0.020757
染料涂料,饲料,0.020756
化学制药,林业,0.020737
日用化工,特种钢,0.02072
港口,软件服务,0.020705
路桥,软件服务,0.020705
空运,软件服务,0.020705
铁路,软件服务,0.020705
水运,软件服务,0.020705
商贸代理,建筑工程,0.020704
食品,运输设备,0.020704
互联网,乳制品,0.020698
多元金融,医疗保健,0.020689
化纤,特种钢,0.020673
综合类,工程机械,0.020671
通信设备,文教休闲,0.02067
工程机械,矿物制品,0.020666
通信设备,建筑工程,0.020663
旅游服务,运输设备,0.020653
中成药,仓储物流,0.020649
农药化肥,仓储物流,0.020649
影视音像,半导体,0.020648
食品,新型电力,0.020643
医疗保健,小金属,0.020641
商贸代理,通信设备,0.020637
元器件,纺织,0.020627
家居用品,小金属,0.02062
商品城,玻璃,0.020618
商品城,水泥,0.020618
农业综合,元器件,0.020617
火力发电,酒店餐饮,0.020612
房产服务,工程机械,0.020611
软件服务,家用电器,0.020603
农业综合,商贸代理,0.020601
互联网,化工原料,0.020597
其他商业,黄金,0.020593
电气设备,家居用品,0.020566
软件服务,区域地产,0.020565
通信设备,铝,0.020558
工程机械,小金属,0.020557
服饰,家居用品,0.020552
新型电力,家居用品,0.020552
公路,食品,0.020548
电器仪表,文教休闲,0.020546
IT设备,元器件,0.020545
石油开采,化学制药,0.020535
生物制药,种植业,0.020528
玻璃,汽车配件,0.020527
水泥,汽车配件,0.020527
软件服务,路桥,0.020523
软件服务,空运,0.020523
软件服务,港口,0.020523
软件服务,铁路,0.020523
软件服务,水运,0.020523
多元金融,陶瓷,0.020515
通信设备,旅游服务,0.020515
摩托车,机械基件,0.020506
新型电力,石油开采,0.020501
黄金,铝,0.020493
商品城,小金属,0.020492
船舶,机场,0.020475
乳制品,纺织机械,0.020468
机械基件,综合类,0.020464
电信运营,供气供热,0.02046
焦炭加工,化纤,0.020455
家用电器,造纸,0.020449
电器仪表,汽车服务,0.020435
元器件,互联网,0.02043
互联网,机床制造,0.020429
机械基件,纺织,0.020428
园区开发,摩托车,0.020426
旅游服务,IT设备,0.020417
电气设备,生物制药,0.020417
多元金融,酒店餐饮,0.020409
专用机械,元器件,0.020403
环境保护,元器件,0.020392
食品,轻工机械,0.020391
食品,化工机械,0.020391
船舶,旅游景点,0.020389
仓储物流,电信运营,0.020388
半导体,全国地产,0.020386
轻工机械,元器件,0.020378
化工机械,元器件,0.020378
铜,水泥,0.020373
铜,玻璃,0.020373
汽车配件,生物制药,0.020373
中成药,综合类,0.02036
农药化肥,综合类,0.02036
水泥,半导体,0.020354
玻璃,半导体,0.020354
商贸代理,半导体,0.020351
商贸代理,专用机械,0.020349
日用化工,渔业,0.020348
公路,水力发电,0.020316
区域地产,元器件,0.020311
其他建材,特种钢,0.020309
水力发电,陶瓷,0.020304
家居用品,专用机械,0.0203
农业综合,玻璃,0.020298
农业综合,水泥,0.020298
综合类,电器仪表,0.020297
运输设备,染料涂料,0.020277
农用机械,通信设备,0.020267
化工机械,汽车配件,0.020257
轻工机械,汽车配件,0.020257
生物制药,啤酒,0.020254
生物制药,红黄酒,0.020254
生物制药,软饮料,0.020254
生物制药,白酒,0.020254
机场,其他建材,0.020246
火力发电,电器仪表,0.020244
机场,种植业,0.020236
旅游服务,食品,0.020233
食品,IT设备,0.020233
环境保护,电气设备,0.020224
乳制品,家用电器,0.020221
综合类,运输设备,0.02022
机场,医疗保健,0.020217
区域地产,服饰,0.020214
专用机械,环境保护,0.020213
染料涂料,商贸代理,0.020197
旅游景点,公共交通,0.020193
商品城,钢加工,0.020186
家用电器,石油加工,0.020177
电气设备,火力发电,0.02017
其他商业,铅锌,0.020161
其他商业,普钢,0.020161
电器仪表,铝,0.020158
旅游景点,文教休闲,0.020144
出版业,影视音像,0.020144
广告包装,通信设备,0.020143
综合类,家用电器,0.020138
小金属,互联网,0.020133
铜,环境保护,0.020133
商贸代理,医疗保健,0.02013
软件服务,房产服务,0.020113
机场,工程机械,0.020112
公路,小金属,0.020107
装修装饰,公共交通,0.020105
医疗保健,新型电力,0.020101
公路,乳制品,0.02009
环境保护,电器仪表,0.020083
钢加工,船舶,0.020058
环境保护,纺织机械,0.02004
元器件,生物制药,0.020035
服饰,文教休闲,0.020034
船舶,轻工机械,0.020026
公路,焦炭加工,0.020026
船舶,化工机械,0.020026
通信设备,环境保护,0.020014
文教休闲,旅游服务,0.02001
乳制品,家居用品,0.020005
互联网,生物制药,0.020001
染料涂料,旅游景点,0.02
元器件,林业,0.019998
煤炭开采,其他建材,0.019994
电气设备,铜,0.019991
工程机械,摩托车,0.019974
专用机械,塑料,0.019961
乳制品,陶瓷,0.019961
塑料,种植业,0.019953
铝,化工原料,0.019952
房产服务,仓储物流,0.019937
其他建材,石油开采,0.019934
房产服务,农用机械,0.019931
软饮料,文教休闲,0.01992
啤酒,文教休闲,0.01992
红黄酒,文教休闲,0.01992
白酒,文教休闲,0.01992
酒店餐饮,多元金融,0.019917
电器仪表,商品城,0.019903
机场,家用电器,0.019898
多元金融,摩托车,0.019896
医药商业,其他商业,0.019893
石油贸易,其他商业,0.019893
超市连锁,其他商业,0.019893
百货,其他商业,0.019893
批发业,其他商业,0.019893
铝,造纸,0.01989
新型电力,日用化工,0.019885
供气供热,其他建材,0.019883
公路,机床制造,0.019882
供气供热,软件服务,0.019872
家居用品,半导体,0.019872
软件服务,银行,0.019864
软件服务,证券,0.019864
软件服务,保险,0.019864
区域地产,证券,0.019861
区域地产,银行,0.019861
区域地产,保险,0.019861
汽车服务,房产服务,0.019859
综合类,旅游景点,0.019856
旅游服务,化纤,0.019856
食品,电器仪表,0.019854
汽车服务,生物制药,0.019853
机场,供气供热,0.019848
化工原料,新型电力,0.019846
商贸代理,装修装饰,0.019845
铜,家居用品,0.019838
工程机械,商贸代理,0.019834
机场,半导体,0.019823
服饰,林业,0.01982
新型电力,装修装饰,0.019817
陶瓷,C37铁路、船舶、航空航天和其他运输设备制造业,0.019813
陶瓷,汽车整车,0.019813
公路,普钢,0.019811
公路,铅锌,0.019811
矿物制品,医疗保健,0.019801
塑料,黄金,0.019779
医疗保健,林业,0.019772
供气供热,小金属,0.019766
电器仪表,铜,0.019761
焦炭加工,纺织机械,0.019753
农药化肥,区域地产,0.019753
中成药,区域地产,0.019753
化纤,软件服务,0.019747
专用机械,文教休闲,0.019739
文教休闲,化工原料,0.019735
家居用品,机械基件,0.019728
橡胶,航空,0.019724
食品,旅游服务,0.019714
电器仪表,小金属,0.019703
房产服务,乳制品,0.019694
元器件,造纸,0.01969
园区开发,汽车整车,0.019679
园区开发,C37铁路、船舶、航空航天和其他运输设备制造业,0.019679
食品,船舶,0.019679
装修装饰,中成药,0.019672
装修装饰,农药化肥,0.019672
半导体,石油加工,0.019669
运输设备,铁路,0.019662
运输设备,路桥,0.019662
运输设备,空运,0.019662
运输设备,港口,0.019662
运输设备,水运,0.019662
文教休闲,半导体,0.01964
服饰,广告包装,0.019635
公共交通,电气设备,0.01961
医疗保健,渔业,0.019602
水力发电,玻璃,0.019599
水力发电,水泥,0.019599
航空,环境保护,0.019594
影视音像,多元金融,0.019581
船舶,房产服务,0.01958
通信设备,染料涂料,0.019577
环境保护,专用机械,0.019576
路桥,船舶,0.019569
空运,船舶,0.019569
铁路,船舶,0.019569
港口,船舶,0.019569
园区开发,广告包装,0.019569
水运,船舶,0.019569
广告包装,铜,0.019565
广告包装,矿物制品,0.019565
通信设备,农用机械,0.019563
铝,全国地产,0.019552
家居用品,化工原料,0.019549
其他建材,新型电力,0.019545
种植业,运输设备,0.019542
半导体,玻璃,0.019529
半导体,水泥,0.019529
商贸代理,农业综合,0.019526
公共交通,房产服务,0.019524
专用机械,机械基件,0.019509
轻工机械,塑料,0.019497
化工机械,塑料,0.019497
化学制药,仓储物流,0.019495
化学制药,普钢,0.019489
化学制药,铅锌,0.019489
农业综合,房产服务,0.019481
公路,商品城,0.019475
其他商业,石油加工,0.019469
机械基件,生物制药,0.019466
供气供热,食品,0.019463
饲料,影视音像,0.019441
全国地产,医药商业,0.019434
全国地产,批发业,0.019434
新型电力,船舶,0.019434
全国地产,石油贸易,0.019434
全国地产,超市连锁,0.019434
全国地产,百货,0.019434
汽车服务,钢加工,0.019427
公路,医疗保健,0.019425
机场,机床制造,0.01942
多元金融,石油开采,0.019416
农业综合,机械基件,0.01941
半导体,公共交通,0.019406
橡胶,轻工机械,0.019396
橡胶,化工机械,0.019396
旅游景点,中成药,0.019395
旅游景点,农药化肥,0.019395
家用电器,纺织,0.019393
互联网,医疗保健,0.019384
软件服务,环境保护,0.019369
摩托车,工程机械,0.019368
互联网,建筑工程,0.019364
专用机械,汽车配件,0.019362
多元金融,航空,0.01936
广告包装,石油开采,0.019359
机械基件,区域地产,0.019357
机械基件,焦炭加工,0.019351
综合类,小金属,0.019351
特种钢,陶瓷,0.019348
船舶,小金属,0.019338
化学制药,出版业,0.019332
多元金融,造纸,0.019327
专用机械,农用机械,0.019327
园区开发,造纸,0.01932
机场,建筑工程,0.019318
塑料,饲料,0.019317
种植业,塑料,0.019316
文教休闲,其他建材,0.019314
公路,装修装饰,0.019305
区域地产,环境保护,0.019299
商品城,造纸,0.019297
运输设备,元器件,0.019294
保险,综合类,0.019285
证券,综合类,0.019285
银行,综合类,0.019285
广告包装,影视音像,0.019265
机械基件,园区开发,0.019258
公路,服饰,0.019257
文教休闲,专用机械,0.019252
综合类,橡胶,0.019248
商品城,煤炭开采,0.019246
综合类,塑料,0.019243
农用机械,小金属,0.019241
水力发电,日用化工,0.019235
广告包装,小金属,0.019231
公路,电气设备,0.019215
影视音像,空运,0.019211
影视音像,铁路,0.019211
影视音像,港口,0.019211
影视音像,路桥,0.019211
影视音像,水运,0.019211
商贸代理,航空,0.01921
半导体,纺织,0.019209
染料涂料,水力发电,0.019209
商贸代理,机械基件,0.019206
出版业,旅游景点,0.019202
出版业,房产服务,0.019199
园区开发,建筑工程,0.019194
铝,影视音像,0.019191
汽车配件,软件服务,0.019186
区域地产,通信设备,0.019174
焦炭加工,橡胶,0.019168
汽车服务,旅游服务,0.019168
家居用品,矿物制品,0.019167
化工原料,汽车整车,0.019156
化工原料,C37铁路、船舶、航空航天和其他运输设备制造业,0.019156
石油开采,玻璃,0.019152
石油开采,水泥,0.019152
综合类,半导体,0.019147
新型电力,其他建材,0.019146
中成药,互联网,0.019143
农药化肥,互联网,0.019143
商品城,染料涂料,0.019135
特种钢,文教休闲,0.019133
证券,新型电力,0.019133
银行,新型电力,0.019133
保险,新型电力,0.019133
专用机械,铝,0.019121
公路,轻工机械,0.019115
公路,化工机械,0.019115
商贸代理,橡胶,0.019104
运输设备,汽车配件,0.019103
船舶,火力发电,0.019103
石油加工,火力发电,0.019102
化工原料,钢加工,0.019102
家居用品,新型电力,0.019098
公路,铜,0.019097
商贸代理,路桥,0.019096
文教休闲,通信设备,0.019096
商贸代理,铁路,0.019096
商贸代理,空运,0.019096
商贸代理,水运,0.019096
商贸代理,港口,0.019096
陶瓷,航空,0.019093
环境保护,汽车配件,0.019085
房产服务,电器仪表,0.019084
综合类,水务,0.019074
日用化工,通信设备,0.019055
公路,建筑工程,0.019047
农用机械,石油开采,0.019043
汽车配件,全国地产,0.019042
互联网,化纤,0.019041
家居用品,中成药,0.019038
家居用品,农药化肥,0.019038
环境保护,化工原料,0.019037
生物制药,旅游服务,0.019037
生物制药,旅游景点,0.019024
轻工机械,摩托车,0.019022
化工机械,摩托车,0.019022
航空,互联网,0.019008
船舶,公路,0.019002
机场,文教休闲,0.018999
生物制药,出版业,0.018998
乳制品,船舶,0.018997
普钢,纺织机械,0.018979
铅锌,纺织机械,0.018979
公共交通,农用机械,0.018974
铝,文教休闲,0.018964
乳制品,商品城,0.018962
互联网,食品,0.018957
公共交通,多元金融,0.018952
酒店餐饮,其他商业,0.018951
元器件,服饰,0.01895
乳制品,汽车配件,0.018947
铜,塑料,0.01892
供气供热,化工原料,0.018919
商贸代理,工程机械,0.018919
农用机械,陶瓷,0.018918
供气供热,农用机械,0.018905
火力发电,运输设备,0.018902
乳制品,化纤,0.018897
工程机械,新型电力,0.018894
食品,建筑工程,0.018894
中成药,全国地产,0.018889
农药化肥,全国地产,0.018889
食品,机床制造,0.018887
互联网,新型电力,0.018874
汽车配件,水务,0.018832
公路,生物制药,0.018825
供气供热,日用化工,0.018824
运输设备,矿物制品,0.018822
商品城,其他建材,0.018799
园区开发,家居用品,0.018798
其他建材,园区开发,0.018787
铝,医疗保健,0.018779
互联网,家居用品,0.018775
旅游景点,工程机械,0.018772
多元金融,特种钢,0.018769
工程机械,园区开发,0.018764
化工原料,普钢,0.018752
化工原料,铅锌,0.018752
机场,化工机械,0.018743
机场,轻工机械,0.018743
矿物制品,影视音像,0.018741
种植业,商品城,0.01874
航空,染料涂料,0.018739
火力发电,白酒,0.01873
火力发电,软饮料,0.01873
火力发电,啤酒,0.01873
火力发电,红黄酒,0.01873
生物制药,装修装饰,0.018723
专用机械,其他建材,0.018723
钢加工,区域地产,0.018718
摩托车,小金属,0.018717
证券,饲料,0.018713
保险,饲料,0.018713
银行,饲料,0.018713
工程机械,铝,0.018711
多元金融,小金属,0.018709
商贸代理,化纤,0.018699
渔业,服饰,0.018692
乳制品,塑料,0.018689
家居用品,工程机械,0.018684
广告包装,其他商业,0.018673
供气供热,半导体,0.018669
乳制品,IT设备,0.018669
环境保护,建筑工程,0.018661
新型电力,化纤,0.018656
旅游服务,半导体,0.018646
化工机械,机械基件,0.018644
轻工机械,机械基件,0.018644
陶瓷,种植业,0.018632
供气供热,乳制品,0.018616
房产服务,生物制药,0.018615
多元金融,钢加工,0.018608
黄金,矿物制品,0.018604
化学制药,新型电力,0.018598
多元金融,染料涂料,0.018595
区域地产,家居用品,0.018594
多元金融,家用电器,0.018592
化纤,出版业,0.018568
旅游景点,软件服务,0.018553
化工原料,软件服务,0.01855
医疗保健,全国地产,0.018545
多元金融,化工原料,0.018533
装修装饰,工程机械,0.018531
银行,出版业,0.018527
证券,出版业,0.018527
保险,出版业,0.018527
石油贸易,铅锌,0.018524
百货,铅锌,0.018524
百货,普钢,0.018524
医药商业,铅锌,0.018524
超市连锁,普钢,0.018524
石油贸易,普钢,0.018524
批发业,铅锌,0.018524
医药商业,普钢,0.018524
批发业,普钢,0.018524
超市连锁,铅锌,0.018524
种植业,影视音像,0.018516
环境保护,其他建材,0.018508
家居用品,环境保护,0.018502
旅游服务,机械基件,0.018492
环境保护,特种钢,0.018485
机场,焦炭加工,0.018477
电气设备,特种钢,0.018477
软件服务,建筑工程,0.018471
商品城,纺织,0.018465
互联网,酒店餐饮,0.018462
通信设备,旅游景点,0.018454
其他商业,证券,0.018453
其他商业,保险,0.018453
其他商业,银行,0.018453
软件服务,医药商业,0.018439
软件服务,石油贸易,0.018439
软件服务,百货,0.018439
软件服务,超市连锁,0.018439
软件服务,批发业,0.018439
广告包装,钢加工,0.018434
专用机械,化纤,0.018432
环境保护,运输设备,0.018432
区域地产,陶瓷,0.018427
通信设备,汽车服务,0.018427
旅游服务,汽车整车,0.018417
旅游服务,C37铁路、船舶、航空航天和其他运输设备制造业,0.018417
园区开发,船舶,0.018411
日用化工,焦炭加工,0.018405
装修装饰,水务,0.018378
化学制药,旅游景点,0.018374
广告包装,电器仪表,0.018368
园区开发,半导体,0.018355
水力发电,石油开采,0.018348
火力发电,出版业,0.018343
综合类,全国地产,0.018335
酒店餐饮,装修装饰,0.018327
家用电器,农业综合,0.018321
商贸代理,铜,0.01832
新型电力,全国地产,0.018316
新型电力,化工原料,0.018311
食品,航空,0.018301
供气供热,铝,0.018296
钢加工,陶瓷,0.018292
通信设备,小金属,0.018282
综合类,医疗保健,0.01828
供气供热,航空,0.018279
化工原料,化工机械,0.018272
化工原料,轻工机械,0.018272
装修装饰,软件服务,0.018271
化纤,综合类,0.018269
商贸代理,小金属,0.018266
保险,种植业,0.018265
证券,种植业,0.018265
银行,种植业,0.018265
商贸代理,食品,0.018264
区域地产,汽车配件,0.018263
运输设备,仓储物流,0.018262
综合类,商品城,0.018258
供气供热,电器仪表,0.018256
陶瓷,黄金,0.018249
陶瓷,运输设备,0.018247
旅游服务,服饰,0.018231
IT设备,旅游服务,0.01823
环境保护,装修装饰,0.01823
机械基件,服饰,0.018223
区域地产,船舶,0.018216
农用机械,建筑工程,0.01821
半导体,农业综合,0.018195
乳制品,服饰,0.018195
综合类,染料涂料,0.018184
环境保护,新型电力,0.01817
汽车配件,铁路,0.018154
汽车配件,空运,0.018154
汽车配件,港口,0.018154
汽车配件,水运,0.018154
农用机械,酒店餐饮,0.018154
汽车配件,路桥,0.018154
机场,普钢,0.018152
机场,铅锌,0.018152
小金属,医疗保健,0.018141
超市连锁,供气供热,0.018138
批发业,供气供热,0.018138
医药商业,供气供热,0.018138
百货,供气供热,0.018138
石油贸易,供气供热,0.018138
日用化工,种植业,0.018137
商品城,化学制药,0.018136
汽车服务,种植业,0.018129
文教休闲,其他商业,0.018128
电器仪表,综合类,0.01812
机场,小金属,0.018117
家用电器,石油开采,0.018113
超市连锁,商贸代理,0.018113
批发业,商贸代理,0.018113
石油贸易,商贸代理,0.018113
百货,商贸代理,0.018113
医药商业,商贸代理,0.018113
公共交通,专用机械,0.018101
公共交通,化纤,0.0181
食品,铝,0.018099
装修装饰,综合类,0.018097
供气供热,元器件,0.018096
公共交通,供气供热,0.018095
电气设备,全国地产,0.018094
旅游景点,综合类,0.018086
综合类,元器件,0.018086
医疗保健,化工机械,0.018086
医疗保健,轻工机械,0.018086
互联网,全国地产,0.01806
渔业,影视音像,0.018056
综合类,房产服务,0.018052
塑料,旅游服务,0.018046
区域地产,种植业,0.018041
房产服务,广告包装,0.018026
汽车配件,石油加工,0.018022
电气设备,铝,0.018021
电信运营,保险,0.018012
电信运营,银行,0.018012
电信运营,证券,0.018012
航空,全国地产,0.018011
园区开发,纺织机械,0.018003
供气供热,服饰,0.018001
公路,染料涂料,0.018001
供气供热,全国地产,0.017984
石油加工,机场,0.017966
新型电力,煤炭开采,0.017966
旅游服务,饲料,0.017964
互联网,纺织,0.017953
元器件,钢加工,0.017951
多元金融,纺织机械,0.017947
机场,化工原料,0.01794
铝,水泥,0.017933
铝,玻璃,0.017933
机场,电气设备,0.017931
供气供热,船舶,0.017924
工程机械,多元金融,0.017923
电器仪表,塑料,0.017922
黄金,小金属,0.017921
矿物制品,区域地产,0.017912
元器件,园区开发,0.017899
化学制药,旅游服务,0.017896
银行,生物制药,0.017893
保险,生物制药,0.017893
证券,生物制药,0.017893
半导体,水务,0.017891
农用机械,服饰,0.01789
保险,化纤,0.017877
银行,化纤,0.017877
证券,化纤,0.017877
水力发电,铝,0.017873
医疗保健,石油开采,0.017871
农药化肥,商品城,0.017867
中成药,商品城,0.017867
染料涂料,装修装饰,0.017861
园区开发,服饰,0.01786
机场,铜,0.017858
公路,工程机械,0.01784
小金属,园区开发,0.017837
区域地产,医疗保健,0.017822
电气设备,石油加工,0.017815
运输设备,环境保护,0.017807
小金属,电信运营,0.017806
汽车服务,综合类,0.017804
农用机械,新型电力,0.017802
房产服务,船舶,0.0178
文教休闲,生物制药,0.0178
综合类,广告包装,0.017797
火力发电,互联网,0.017791
水力发电,煤炭开采,0.01779
房产服务,水务,0.017788
通信设备,铜,0.017786
火力发电,汽车整车,0.017784
火力发电,C37铁路、船舶、航空航天和其他运输设备制造业,0.017784
农用机械,装修装饰,0.017783
电器仪表,医疗保健,0.01778
房产服务,通信设备,0.017772
综合类,家居用品,0.017764
汽车服务,公共交通,0.017761
工程机械,全国地产,0.017754
乳制品,机床制造,0.017752
旅游服务,建筑工程,0.017748
电信运营,机场,0.017743
家用电器,水务,0.017739
旅游景点,环境保护,0.017737
乳制品,运输设备,0.017726
乳制品,化工机械,0.017719
乳制品,轻工机械,0.017719
商品城,农业综合,0.017717
水力发电,小金属,0.017714
园区开发,IT设备,0.017711
供气供热,煤炭开采,0.017699
种植业,专用机械,0.017696
专用机械,陶瓷,0.017695
汽车服务,石油开采,0.017691
保险,农用机械,0.01769
银行,农用机械,0.01769
水力发电,商贸代理,0.01769
证券,农用机械,0.01769
乳制品,通信设备,0.017687
家居用品,化学制药,0.017677
公共交通,广告包装,0.017671
塑料,特种钢,0.017659
化工原料,特种钢,0.017653
渔业,纺织机械,0.017652
生物制药,农用机械,0.017649
软件服务,染料涂料,0.017646
焦炭加工,化工原料,0.01764
半导体,服饰,0.017638
专用机械,建筑工程,0.017633
供气供热,家居用品,0.01763
公路,园区开发,0.017626
家居用品,全国地产,0.017607
商贸代理,其他建材,0.017599
家居用品,铝,0.017597
新型电力,工程机械,0.017593
广告包装,化工机械,0.017592
广告包装,轻工机械,0.017592
元器件,电信运营,0.017589
供气供热,汽车配件,0.017583
煤炭开采,化工原料,0.017581
医疗保健,电器仪表,0.017567
园区开发,通信设备,0.017561
船舶,农用机械,0.017559
区域地产,林业,0.017555
染料涂料,综合类,0.017552
塑料,水力发电,0.01754
专用机械,医疗保健,0.017539
专用机械,小金属,0.017537
供气供热,染料涂料,0.017536
公共交通,陶瓷,0.017527
文教休闲,电气设备,0.017523
机场,纺织,0.01752
商贸代理,商品城,0.01752
区域地产,电气设备,0.017509
化工机械,石油开采,0.017507
日用化工,黄金,0.017507
轻工机械,石油开采,0.017507
互联网,保险,0.017496
互联网,银行,0.017496
互联网,证券,0.017496
软件服务,特种钢,0.017494
旅游服务,元器件,0.017486
银行,乳制品,0.017483
保险,乳制品,0.017483
证券,乳制品,0.017483
园区开发,批发业,0.017481
园区开发,百货,0.017481
园区开发,石油贸易,0.017481
园区开发,超市连锁,0.017481
园区开发,医药商业,0.017481
乳制品,元器件,0.017471
建筑工程,区域地产,0.017469
种植业,建筑工程,0.017468
化纤,乳制品,0.017461
农用机械,铝,0.017443
铜,广告包装,0.017441
水力发电,其他建材,0.017426
商贸代理,仓储物流,0.017412
化工原料,互联网,0.017408
火力发电,渔业,0.017406
园区开发,染料涂料,0.017398
区域地产,IT设备,0.017393
乳制品,电气设备,0.017392
汽车服务,公路,0.017384
水力发电,化纤,0.017382
塑料,园区开发,0.017375
石油加工,林业,0.017373
供气供热,通信设备,0.017371
石油贸易,焦炭加工,0.017369
百货,焦炭加工,0.017369
医药商业,焦炭加工,0.017369
超市连锁,焦炭加工,0.017369
批发业,焦炭加工,0.017369
公路,橡胶,0.017355
煤炭开采,普钢,0.017351
煤炭开采,铅锌,0.017351
园区开发,其他商业,0.017336
文教休闲,航空,0.017324
广告包装,新型电力,0.017299
机场,通信设备,0.017298
旅游景点,仓储物流,0.017298
染料涂料,特种钢,0.017294
专用机械,化工原料,0.017292
区域地产,矿物制品,0.01729
公共交通,汽车配件,0.017289
园区开发,影视音像,0.017285
园区开发,旅游景点,0.017281
种植业,电气设备,0.017275
半导体,食品,0.017275
商贸代理,农用机械,0.017272
环境保护,生物制药,0.017269
装修装饰,仓储物流,0.017267
生物制药,黄金,0.017254
工程机械,出版业,0.017253
焦炭加工,园区开发,0.017251
食品,装修装饰,0.017244
石油加工,钢加工,0.017238
石油开采,陶瓷,0.017226
公路,纺织,0.017226
其他商业,煤炭开采,0.017213
医药商业,黄金,0.017209
百货,黄金,0.017209
石油贸易,黄金,0.017209
批发业,黄金,0.017209
超市连锁,黄金,0.017209
广告包装,互联网,0.017193
服饰,汽车配件,0.017192
农药化肥,影视音像,0.01719
中成药,影视音像,0.01719
轻工机械,软件服务,0.017184
化工机械,软件服务,0.017184
航空,电信运营,0.017177
其他商业,焦炭加工,0.017175
化工原料,黄金,0.017174
农业综合,影视音像,0.017163
软件服务,出版业,0.017162
种植业,农药化肥,0.017155
种植业,中成药,0.017155
旅游景点,机场,0.017151
家居用品,化工机械,0.017147
家居用品,轻工机械,0.017147
机场,影视音像,0.017142
综合类,区域地产,0.017142
园区开发,文教休闲,0.017137
运输设备,铝,0.017129
公共交通,乳制品,0.017117
乳制品,半导体,0.017116
焦炭加工,公共交通,0.017109
环境保护,文教休闲,0.017109
家居用品,机床制造,0.017109
酒店餐饮,仓储物流,0.0171
专用机械,特种钢,0.017097
电气设备,造纸,0.017094
铜,石油开采,0.017093
航空,家居用品,0.017093
旅游服务,专用机械,0.017093
商品城,铝,0.017079
其他建材,林业,0.017067
乳制品,装修装饰,0.017065
文教休闲,仓储物流,0.017058
其他建材,电器仪表,0.017056
公共交通,塑料,0.017056
电气设备,综合类,0.017053
园区开发,商品城,0.017046
商贸代理,铝,0.017045
广告包装,区域地产,0.017044
公路,酒店餐饮,0.017041
环境保护,广告包装,0.017038
普钢,医疗保健,0.017036
铅锌,医疗保健,0.017036
服饰,装修装饰,0.017028
汽车服务,电信运营,0.017026
广告包装,机床制造,0.017019
陶瓷,钢加工,0.017019
公共交通,元器件,0.017019
乳制品,矿物制品,0.017019
日用化工,建筑工程,0.017018
商贸代理,软件服务,0.017016
橡胶,IT设备,0.017013
园区开发,电器仪表,0.017012
渔业,化纤,0.017012
装修装饰,半导体,0.017008
特种钢,园区开发,0.017007
服饰,建筑工程,0.016999
多元金融,橡胶,0.016992
中成药,房产服务,0.016983
农药化肥,房产服务,0.016983
火力发电,摩托车,0.01698
商贸代理,新型电力,0.01698
陶瓷,IT设备,0.016978
汽车配件,农业综合,0.016977
机场,保险,0.016976
机场,银行,0.016976
机场,证券,0.016976
矿物制品,综合类,0.016974
通信设备,其他商业,0.016971
船舶,装修装饰,0.016968
元器件,农业综合,0.016967
影视音像,区域地产,0.016963
摩托车,旅游服务,0.016959
乳制品,工程机械,0.016957
环境保护,机械基件,0.016956
商贸代理,渔业,0.016955
新型电力,橡胶,0.016954
农用机械,其他建材,0.016951
区域地产,运输设备,0.016951
商品城,纺织机械,0.01695
水力发电,橡胶,0.016947
IT设备,区域地产,0.016944
机场,染料涂料,0.016944
家居用品,航空,0.016938
供气供热,橡胶,0.016933
文教休闲,环境保护,0.016924
船舶,汽车服务,0.016915
供气供热,专用机械,0.016913
综合类,汽车配件,0.016911
机械基件,农业综合,0.01689
软件服务,航空,0.016889
银行,铜,0.016887
保险,铜,0.016887
证券,铜,0.016887
旅游服务,电气设备,0.016886
种植业,家用电器,0.016884
文教休闲,化学制药,0.016873
装修装饰,文教休闲,0.016872
水力发电,环境保护,0.016865
专用机械,装修装饰,0.016863
文教休闲,电器仪表,0.016862
商品城,日用化工,0.016858
专用机械,橡胶,0.016855
影视音像,电气设备,0.016853
商贸代理,乳制品,0.016841
家居用品,钢加工,0.016837
汽车配件,普钢,0.016828
汽车配件,铅锌,0.016828
机场,环境保护,0.016819
电气设备,纺织,0.016815
园区开发,家用电器,0.016815
医疗保健,铜,0.016806
医疗保健,摩托车,0.016804
供气供热,医疗保健,0.016803
家居用品,通信设备,0.016798
煤炭开采,塑料,0.016793
公路,电器仪表,0.01679
商品城,焦炭加工,0.016789
旅游景点,广告包装,0.016788
专用机械,广告包装,0.016777
专用机械,矿物制品,0.016766
陶瓷,轻工机械,0.016765
陶瓷,化工机械,0.016765
环境保护,IT设备,0.016759
公路,铝,0.016758
IT设备,其他商业,0.016757
园区开发,互联网,0.016743
机床制造,新型电力,0.016738
公共交通,生物制药,0.016733
塑料,软件服务,0.016729
通信设备,汽车配件,0.016727
塑料,综合类,0.01671
元器件,区域地产,0.016703
公路,航空,0.016688
电器仪表,全国地产,0.016676
半导体,区域地产,0.016675
公共交通,园区开发,0.016663
证券,专用机械,0.016647
银行,专用机械,0.016647
保险,专用机械,0.016647
IT设备,小金属,0.016642
通信设备,矿物制品,0.016637
塑料,区域地产,0.016634
综合类,铜,0.016625
乳制品,玻璃,0.016618
乳制品,水泥,0.016618
机场,专用机械,0.016615
火力发电,通信设备,0.016613
旅游景点,全国地产,0.016613
公路,半导体,0.016608
房产服务,食品,0.016606
广告包装,航空,0.016604
半导体,铅锌,0.016592
半导体,普钢,0.016592
机床制造,航空,0.016589
区域地产,C37铁路、船舶、航空航天和其他运输设备制造业,0.016587
区域地产,汽车整车,0.016587
航空,文教休闲,0.016585
化纤,港口,0.016579
化纤,路桥,0.016579
化纤,空运,0.016579
化纤,铁路,0.016579
化纤,水运,0.016579
种植业,摩托车,0.016578
银行,矿物制品,0.016575
证券,矿物制品,0.016575
保险,矿物制品,0.016575
多元金融,轻工机械,0.016567
多元金融,化工机械,0.016567
服饰,日用化工,0.016565
旅游服务,塑料,0.016541
化工原料,水运,0.016536
化工原料,空运,0.016536
化工原料,路桥,0.016536
化工原料,港口,0.016536
化工原料,铁路,0.016536
化学制药,铝,0.016533
纺织,汽车配件,0.016526
种植业,其他建材,0.016516
汽车服务,火力发电,0.016515
广告包装,商贸代理,0.016514
船舶,环境保护,0.016513
农业综合,矿物制品,0.016492
区域地产,酒店餐饮,0.016489
公路,化工原料,0.016481
造纸,多元金融,0.016464
环境保护,家居用品,0.016454
铅锌,陶瓷,0.016452
普钢,陶瓷,0.016452
医疗保健,软饮料,0.016451
医疗保健,红黄酒,0.016451
医疗保健,啤酒,0.016451
医疗保健,白酒,0.016451
陶瓷,饲料,0.016448
区域地产,专用机械,0.016446
乳制品,旅游服务,0.016446
广告包装,运输设备,0.016435
专用机械,公共交通,0.016401
农用机械,出版业,0.0164
矿物制品,广告包装,0.016398
房产服务,化纤,0.016383
文教休闲,机械基件,0.016374
焦炭加工,文教休闲,0.016373
电器仪表,林业,0.016373
医疗保健,C37铁路、船舶、航空航天和其他运输设备制造业,0.016368
医疗保健,汽车整车,0.016368
广告包装,汽车服务,0.016367
多元金融,其他建材,0.016363
石油加工,旅游服务,0.016362
互联网,造纸,0.016361
机械基件,商品城,0.016361
影视音像,专用机械,0.016358
日用化工,C37铁路、船舶、航空航天和其他运输设备制造业,0.016346
日用化工,汽车整车,0.016346
医疗保健,饲料,0.016345
机场,航空,0.016341
装修装饰,电器仪表,0.016335
纺织机械,医疗保健,0.016335
造纸,电信运营,0.016334
旅游景点,电器仪表,0.01633
家居用品,C37铁路、船舶、航空航天和其他运输设备制造业,0.016329
家居用品,汽车整车,0.016329
渔业,日用化工,0.016313
园区开发,中成药,0.016309
园区开发,农药化肥,0.016309
纺织机械,环境保护,0.016308
乳制品,环境保护,0.016302
种植业,化工原料,0.01629
汽车配件,区域地产,0.016286
园区开发,元器件,0.016285
塑料,钢加工,0.016273
乳制品,铁路,0.016269
乳制品,路桥,0.016269
乳制品,港口,0.016269
乳制品,空运,0.016269
乳制品,水运,0.016269
酒店餐饮,区域地产,0.016267
日用化工,摩托车,0.016264
公共交通,食品,0.016264
环境保护,化学制药,0.016262
乳制品,电器仪表,0.016259
酒店餐饮,保险,0.016251
酒店餐饮,证券,0.016251
酒店餐饮,银行,0.016251
医疗保健,航空,0.016251
通信设备,区域地产,0.016243
生物制药,钢加工,0.016242
塑料,商贸代理,0.016242
运输设备,铜,0.016223
机场,橡胶,0.016216
公路,旅游服务,0.016214
摩托车,农用机械,0.016198
百货,煤炭开采,0.016197
批发业,煤炭开采,0.016197
石油贸易,煤炭开采,0.016197
超市连锁,煤炭开采,0.016197
医药商业,煤炭开采,0.016197
供气供热,运输设备,0.016185
旅游服务,种植业,0.016165
商贸代理,化学制药,0.016162
钢加工,文教休闲,0.016161
家用电器,食品,0.016158
电器仪表,区域地产,0.016153
半导体,园区开发,0.016153
仓储物流,水务,0.016152
生物制药,软件服务,0.01615
饲料,综合类,0.016143
公共交通,服饰,0.01614
元器件,石油加工,0.016126
化纤,全国地产,0.016123
多元金融,啤酒,0.016121
多元金融,软饮料,0.016121
多元金融,红黄酒,0.016121
多元金融,白酒,0.016121
多元金融,铝,0.016115
广告包装,C37铁路、船舶、航空航天和其他运输设备制造业,0.016109
广告包装,汽车整车,0.016109
机械基件,食品,0.016104
生物制药,特种钢,0.016104
园区开发,汽车服务,0.016084
专用机械,家居用品,0.016083
医疗保健,种植业,0.016079
广告包装,铝,0.016079
多元金融,农业综合,0.016075
水力发电,旅游服务,0.01607
焦炭加工,船舶,0.016069
互联网,公路,0.01606
互联网,火力发电,0.01606
全国地产,其他商业,0.016057
机械基件,石油加工,0.016052
机场,煤炭开采,0.016047
银行,石油开采,0.016045
证券,石油开采,0.016045
保险,石油开采,0.016045
电气设备,农业综合,0.016027
IT设备,环境保护,0.016023
电信运营,中成药,0.01602
电信运营,农药化肥,0.01602
环境保护,汽车整车,0.016019
环境保护,C37铁路、船舶、航空航天和其他运输设备制造业,0.016019
公路,煤炭开采,0.016018
园区开发,塑料,0.016016
公共交通,矿物制品,0.016013
农用机械,钢加工,0.01601
石油加工,铝,0.016008
装修装饰,农用机械,0.016
综合类,纺织,0.015999
铜,全国地产,0.015996
区域地产,造纸,0.015995
商贸代理,特种钢,0.015991
乳制品,机械基件,0.015984
化工原料,旅游服务,0.015983
化工原料,建筑工程,0.015982
广告包装,农用机械,0.015982
文教休闲,水务,0.015981
区域地产,航空,0.015977
造纸,互联网,0.015966
公共交通,林业,0.015964
区域地产,特种钢,0.015958
渔业,染料涂料,0.015952
新型电力,中成药,0.01595
批发业,水力发电,0.01595
百货,水力发电,0.01595
医药商业,水力发电,0.01595
新型电力,农药化肥,0.01595
石油贸易,水力发电,0.01595
超市连锁,水力发电,0.01595
化工原料,渔业,0.015949
供气供热,IT设备,0.015948
园区开发,运输设备,0.015946
百货,水务,0.015942
石油贸易,水务,0.015942
批发业,水务,0.015942
医药商业,水务,0.015942
超市连锁,水务,0.015942
其他建材,铅锌,0.015941
其他建材,普钢,0.015941
日用化工,电器仪表,0.015938
种植业,汽车整车,0.015936
种植业,C37铁路、船舶、航空航天和其他运输设备制造业,0.015936
家居用品,摩托车,0.015923
商品城,石油加工,0.015921
啤酒,广告包装,0.015914
软饮料,广告包装,0.015914
白酒,广告包装,0.015914
红黄酒,广告包装,0.015914
工程机械,林业,0.015912
造纸,其他商业,0.015912
综合类,专用机械,0.01591
日用化工,饲料,0.015909
区域地产,钢加工,0.015909
园区开发,农用机械,0.015903
环境保护,服饰,0.015902
环境保护,造纸,0.015896
染料涂料,公共交通,0.015894
通信设备,仓储物流,0.015892
陶瓷,船舶,0.015884
装修装饰,乳制品,0.015882
旅游景点,农用机械,0.015877
商贸代理,互联网,0.015874
工程机械,黄金,0.015867
区域地产,水务,0.015866
煤炭开采,钢加工,0.015865
水力发电,染料涂料,0.015857
综合类,普钢,0.015857
综合类,铅锌,0.015857
软件服务,矿物制品,0.015855
机床制造,船舶,0.015851
橡胶,铅锌,0.01585
橡胶,普钢,0.01585
文教休闲,路桥,0.015843
文教休闲,水运,0.015843
文教休闲,港口,0.015843
文教休闲,铁路,0.015843
文教休闲,空运,0.015843
商贸代理,化工原料,0.015834
证券,工程机械,0.015833
保险,工程机械,0.015833
银行,工程机械,0.015833
文教休闲,家用电器,0.015825
旅游景点,船舶,0.015822
家居用品,电器仪表,0.015818
汽车配件,食品,0.015815
影视音像,装修装饰,0.015815
区域地产,化工原料,0.015811
环境保护,航空,0.015803
商贸代理,影视音像,0.015795
装修装饰,船舶,0.015795
乳制品,专用机械,0.015787
火力发电,多元金融,0.015776
专用机械,铜,0.01577
银行,汽车配件,0.015759
保险,汽车配件,0.015759
证券,汽车配件,0.015759
商贸代理,水力发电,0.015755
保险,影视音像,0.015753
银行,影视音像,0.015753
证券,影视音像,0.015753
公共交通,家居用品,0.015748
多元金融,焦炭加工,0.015742
摩托车,机床制造,0.015739
通信设备,汽车整车,0.015738
通信设备,C37铁路、船舶、航空航天和其他运输设备制造业,0.015738
医疗保健,通信设备,0.015728
机场,软件服务,0.015727
园区开发,化纤,0.015723
新型电力,园区开发,0.015723
陶瓷,普钢,0.01572
陶瓷,铅锌,0.01572
家用电器,服饰,0.015716
商贸代理,房产服务,0.015715
环境保护,商品城,0.015709
旅游景点,乳制品,0.015702
日用化工,旅游服务,0.015695
工程机械,供气供热,0.015694
工程机械,仓储物流,0.015689
机床制造,水泥,0.015688
机床制造,玻璃,0.015688
公路,环境保护,0.01568
染料涂料,普钢,0.015666
染料涂料,铅锌,0.015666
广告包装,电信运营,0.015656
IT设备,旅游景点,0.015651
普钢,船舶,0.015648
铅锌,船舶,0.015648
专用机械,新型电力,0.015646
园区开发,汽车配件,0.015639
环境保护,汽车服务,0.015637
旅游景点,保险,0.015628
旅游景点,证券,0.015628
旅游景点,银行,0.015628
环境保护,旅游服务,0.015624
公共交通,建筑工程,0.015623
医疗保健,铝,0.015613
林业,建筑工程,0.015608
塑料,旅游景点,0.015607
石油加工,新型电力,0.015605
环境保护,软件服务,0.015596
区域地产,机床制造,0.015581
生物制药,水运,0.015578
生物制药,港口,0.015578
生物制药,空运,0.015578
生物制药,路桥,0.015578
生物制药,铁路,0.015578
商贸代理,区域地产,0.015558
公路,种植业,0.015555
区域地产,家用电器,0.015555
银行,食品,0.01555
保险,食品,0.01555
证券,食品,0.01555
化学制药,钢加工,0.015546
广告包装,软件服务,0.015545
汽车服务,石油加工,0.015542
公路,文教休闲,0.01553
商品城,橡胶,0.01553
运输设备,综合类,0.015527
供气供热,港口,0.015525
供气供热,路桥,0.015525
旅游服务,航空,0.015525
供气供热,铁路,0.015525
供气供热,水运,0.015525
供气供热,空运,0.015525
电气设备,公共交通,0.015512
综合类,园区开发,0.015508
纺织,文教休闲,0.015502
园区开发,乳制品,0.015501
区域地产,铜,0.015498
机场,铝,0.015497
公路,纺织机械,0.015492
供气供热,保险,0.015489
供气供热,银行,0.015489
供气供热,证券,0.015489
旅游景点,水力发电,0.015477
机场,纺织机械,0.015475
综合类,化纤,0.015472
公路,专用机械,0.015464
园区开发,电气设备,0.01546
生物制药,商贸代理,0.015455
汽车配件,仓储物流,0.015446
煤炭开采,化纤,0.015446
多元金融,机床制造,0.015445
园区开发,医疗保健,0.015441
农业综合,石油开采,0.015434
综合类,钢加工,0.015423
IT设备,机场,0.01542
综合类,化学制药,0.015416
园区开发,食品,0.01541
元器件,食品,0.015401
煤炭开采,特种钢,0.01539
房产服务,IT设备,0.015379
家用电器,园区开发,0.015375
化学制药,通信设备,0.015374
装修装饰,保险,0.015373
装修装饰,银行,0.015373
装修装饰,证券,0.015373
电气设备,服饰,0.015372
房产服务,环境保护,0.015365
日用化工,运输设备,0.015361
汽车配件,石油开采,0.015355
橡胶,机床制造,0.01535
火力发电,房产服务,0.015336
广告包装,IT设备,0.015331
火力发电,IT设备,0.015325
综合类,旅游服务,0.015323
塑料,普钢,0.01532
塑料,铅锌,0.01532
种植业,工程机械,0.015308
化学制药,建筑工程,0.015308
证券,玻璃,0.015304
保险,玻璃,0.015304
银行,水泥,0.015304
保险,水泥,0.015304
证券,水泥,0.015304
银行,玻璃,0.015304
软件服务,园区开发,0.015296
汽车服务,机场,0.015286
乳制品,仓储物流,0.015282
酒店餐饮,供气供热,0.015274
铜,影视音像,0.015268
电气设备,石油开采,0.015265
特种钢,煤炭开采,0.015261
汽车整车,旅游服务,0.01526
酒店餐饮,汽车服务,0.01526
C37铁路、船舶、航空航天和其他运输设备制造业,旅游服务,0.01526
区域地产,轻工机械,0.015252
区域地产,化工机械,0.015252
公路,旅游景点,0.01525
区域地产,普钢,0.015228
区域地产,铅锌,0.015228
机场,运输设备,0.015217
公路,化学制药,0.015214
银行,钢加工,0.015211
保险,钢加工,0.015211
乳制品,建筑工程,0.015211
其他建材,区域地产,0.015211
证券,钢加工,0.015211
机床制造,文教休闲,0.015204
公路,日用化工,0.015201
医疗保健,IT设备,0.015186
家居用品,农业综合,0.015184
公路,汽车整车,0.015172
公路,C37铁路、船舶、航空航天和其他运输设备制造业,0.015172
通信设备,房产服务,0.015171
商贸代理,日用化工,0.01517
乳制品,航空,0.015151
乳制品,其他建材,0.015146
林业,装修装饰,0.015143
中成药,焦炭加工,0.015141
农药化肥,焦炭加工,0.015141
仓储物流,保险,0.015135
食品,黄金,0.015135
仓储物流,证券,0.015135
仓储物流,银行,0.015135
综合类,纺织机械,0.01513
园区开发,陶瓷,0.015119
园区开发,轻工机械,0.015114
园区开发,化工机械,0.015114
乳制品,日用化工,0.015114
环境保护,通信设备,0.015104
园区开发,玻璃,0.0151
园区开发,水泥,0.0151
其他建材,运输设备,0.015098
生物制药,乳制品,0.015085
小金属,区域地产,0.015074
水力发电,化工原料,0.015071
食品,农用机械,0.01507
综合类,摩托车,0.015069
焦炭加工,软件服务,0.015067
染料涂料,钢加工,0.015066
综合类,铝,0.015057
供气供热,家用电器,0.015056
染料涂料,商品城,0.015041
陶瓷,旅游服务,0.015036
房产服务,半导体,0.01503
纺织机械,家居用品,0.015023
食品,商品城,0.015022
医疗保健,运输设备,0.015018
装修装饰,环境保护,0.015015
园区开发,机械基件,0.014999
区域地产,其他建材,0.014993
文教休闲,综合类,0.014989
纺织机械,化工原料,0.014987
家居用品,铜,0.014978
专用机械,商品城,0.014976
化工原料,机床制造,0.014975
文教休闲,食品,0.014975
元器件,汽车服务,0.014974
纺织机械,机床制造,0.014973
证券,广告包装,0.014971
保险,广告包装,0.014971
银行,广告包装,0.014971
农药化肥,园区开发,0.014966
中成药,园区开发,0.014966
其他建材,摩托车,0.014951
专用机械,水务,0.014947
农用机械,白酒,0.014945
农用机械,红黄酒,0.014945
农用机械,软饮料,0.014945
农用机械,啤酒,0.014945
农药化肥,公路,0.014941
中成药,公路,0.014941
旅游服务,摩托车,0.014933
运输设备,旅游服务,0.014928
公共交通,造纸,0.014912
石油加工,特种钢,0.014906
互联网,种植业,0.014898
酒店餐饮,影视音像,0.014897
空运,影视音像,0.014894
水运,影视音像,0.014894
路桥,影视音像,0.014894
港口,影视音像,0.014894
铁路,影视音像,0.014894
食品,特种钢,0.014888
供气供热,石油加工,0.014884
其他建材,汽车整车,0.014882
其他建材,C37铁路、船舶、航空航天和其他运输设备制造业,0.014882
橡胶,船舶,0.01487
新型电力,商贸代理,0.01487
商贸代理,中成药,0.014867
商贸代理,农药化肥,0.014867
铅锌,园区开发,0.014861
普钢,园区开发,0.014861
摩托车,环境保护,0.01486
文教休闲,区域地产,0.014859
日用化工,商贸代理,0.014853
证券,焦炭加工,0.014851
保险,焦炭加工,0.014851
银行,焦炭加工,0.014851
日用化工,水力发电,0.01485
石油加工,渔业,0.014842
化纤,区域地产,0.01484
园区开发,软件服务,0.014839
家用电器,影视音像,0.014838
新型电力,文教休闲,0.014833
软件服务,汽车配件,0.014824
综合类,特种钢,0.014811
软件服务,商贸代理,0.014802
证券,文教休闲,0.01479
公路,农业综合,0.01479
保险,文教休闲,0.01479
银行,文教休闲,0.01479
通信设备,水运,0.014789
通信设备,铁路,0.014789
通信设备,路桥,0.014789
通信设备,空运,0.014789
通信设备,港口,0.014789
机场,化学制药,0.014784
航空,区域地产,0.014783
船舶,多元金融,0.014781
公共交通,医疗保健,0.014775
乳制品,铜,0.014772
IT设备,房产服务,0.014771
小金属,日用化工,0.014757
化学制药,水力发电,0.014757
日用化工,轻工机械,0.014755
日用化工,化工机械,0.014755
软件服务,铝,0.014753
旅游服务,黄金,0.014751
半导体,石油开采,0.014742
供气供热,种植业,0.014741
种植业,半导体,0.014731
机场,汽车整车,0.014727
机场,C37铁路、船舶、航空航天和其他运输设备制造业,0.014727
生物制药,水力发电,0.014726
中成药,公共交通,0.01472
农药化肥,公共交通,0.01472
广告包装,全国地产,0.014711
软件服务,机场,0.014708
建筑工程,机场,0.014699
小金属,广告包装,0.014693
装修装饰,广告包装,0.014692
旅游服务,新型电力,0.014672
橡胶,钢加工,0.014669
机场,新型电力,0.014667
软饮料,医疗保健,0.014664
红黄酒,医疗保健,0.014664
白酒,医疗保健,0.014664
啤酒,医疗保健,0.014664
食品,水力发电,0.014657
服饰,医疗保健,0.014655
园区开发,工程机械,0.014653
食品,铁路,0.01465
航空,广告包装,0.01465
食品,空运,0.01465
食品,港口,0.01465
食品,水运,0.01465
食品,路桥,0.01465
化工机械,铜,0.014647
轻工机械,铜,0.014647
电信运营,园区开发,0.014636
多元金融,渔业,0.014629
乳制品,小金属,0.014629
种植业,装修装饰,0.014626
玻璃,电器仪表,0.014624
水泥,电器仪表,0.014624
园区开发,机床制造,0.014615
园区开发,仓储物流,0.014613
电信运营,火力发电,0.014609
汽车配件,园区开发,0.014607
电器仪表,服饰,0.014607
机床制造,钢加工,0.014605
化学制药,航空,0.014603
家居用品,生物制药,0.0146
机场,白酒,0.014595
机场,啤酒,0.014595
机场,红黄酒,0.014595
机场,软饮料,0.014595
供气供热,酒店餐饮,0.014587
供气供热,汽车整车,0.014585
供气供热,C37铁路、船舶、航空航天和其他运输设备制造业,0.014585
电气设备,食品,0.014583
石油加工,区域地产,0.014578
机场,饲料,0.01455
房产服务,机械基件,0.014549
渔业,环境保护,0.014548
装修装饰,生物制药,0.014538
广告包装,摩托车,0.014538
园区开发,矿物制品,0.014531
造纸,装修装饰,0.014519
园区开发,啤酒,0.014511
园区开发,红黄酒,0.014511
园区开发,白酒,0.014511
园区开发,软饮料,0.014511
元器件,水务,0.014507
公路,软饮料,0.014506
公路,红黄酒,0.014506
公路,白酒,0.014506
公路,啤酒,0.014506
林业,煤炭开采,0.014504
塑料,红黄酒,0.014501
塑料,啤酒,0.014501
塑料,白酒,0.014501
塑料,软饮料,0.014501
旅游服务,石油开采,0.014499
乳制品,农药化肥,0.014492
乳制品,中成药,0.014492
汽车服务,其他商业,0.014465
区域地产,新型电力,0.014464
公共交通,钢加工,0.014463
食品,钢加工,0.014462
电信运营,公路,0.014444
专用机械,服饰,0.014436
区域地产,水力发电,0.014431
化工机械,矿物制品,0.014425
轻工机械,矿物制品,0.014425
陶瓷,水力发电,0.014418
食品,商贸代理,0.014417
IT设备,火力发电,0.014417
旅游景点,生物制药,0.014417
机场,日用化工,0.014404
区域地产,小金属,0.014403
机场,农业综合,0.014402
农药化肥,汽车服务,0.014387
广告包装,船舶,0.014387
中成药,汽车服务,0.014387
农用机械,化工原料,0.014386
公共交通,家用电器,0.014386
陶瓷,商贸代理,0.014385
供气供热,化学制药,0.014382
环境保护,摩托车,0.014376
装修装饰,通信设备,0.014374
银行,电信运营,0.014366
保险,电信运营,0.014366
证券,电信运营,0.014366
乳制品,化工原料,0.014365
专用机械,农药化肥,0.014363
专用机械,中成药,0.014363
机场,IT设备,0.014356
造纸,专用机械,0.014355
旅游服务,火力发电,0.014345
新型电力,软件服务,0.014341
通信设备,出版业,0.014333
机械基件,旅游服务,0.014333
酒店餐饮,港口,0.014329
酒店餐饮,水运,0.014329
酒店餐饮,铁路,0.014329
酒店餐饮,空运,0.014329
酒店餐饮,路桥,0.014329
区域地产,石油开采,0.014324
玻璃,铜,0.014321
水泥,铜,0.014321
互联网,饲料,0.014319
环境保护,小金属,0.014314
旅游景点,通信设备,0.01431
IT设备,公路,0.014305
公路,石油开采,0.014299
其他建材,农用机械,0.014298
旅游服务,医疗保健,0.014297
广告包装,黄金,0.014288
种植业,元器件,0.014288
航空,医疗保健,0.014279
综合类,环境保护,0.014274
公共交通,特种钢,0.014268
广告包装,种植业,0.014267
电气设备,区域地产,0.014266
食品,软件服务,0.014263
机场,电信运营,0.01426
区域地产,饲料,0.014254
航空,日用化工,0.014254
旅游服务,汽车配件,0.014251
互联网,特种钢,0.014247
汽车配件,焦炭加工,0.014243
化纤,仓储物流,0.014238
矿物制品,化工原料,0.014225
电器仪表,园区开发,0.014214
房产服务,服饰,0.014207
IT设备,装修装饰,0.014185
区域地产,摩托车,0.014175
元器件,影视音像,0.014175
园区开发,专用机械,0.014172
供气供热,饲料,0.014158
中成药,火力发电,0.01415
农药化肥,火力发电,0.01415
电气设备,钢加工,0.014141
橡胶,装修装饰,0.01414
轻工机械,文教休闲,0.014139
化工机械,文教休闲,0.014139
船舶,供气供热,0.014127
乳制品,特种钢,0.014121
区域地产,黄金,0.014121
多元金融,日用化工,0.014109
保险,塑料,0.014105
证券,塑料,0.014105
银行,塑料,0.014105
农用机械,橡胶,0.014097
影视音像,商贸代理,0.014091
农业综合,小金属,0.01409
家用电器,区域地产,0.014075
全国地产,装修装饰,0.014075
化工原料,仓储物流,0.014074
汽车服务,普钢,0.014069
汽车服务,铅锌,0.014069
石油加工,建筑工程,0.014065
广告包装,园区开发,0.014061
乳制品,互联网,0.014058
旅游景点,运输设备,0.014049
乳制品,铝,0.014049
汽车配件,林业,0.014048
船舶,机床制造,0.014047
商贸代理,钢加工,0.014045
化工原料,种植业,0.014041
公路,互联网,0.014041
元器件,石油开采,0.014037
公共交通,环境保护,0.014035
家用电器,综合类,0.014031
化纤,焦炭加工,0.014028
机场,石油开采,0.014026
服饰,航空,0.014022
广告包装,多元金融,0.01402
软件服务,供气供热,0.014018
机械基件,石油开采,0.014015
焦炭加工,农药化肥,0.014013
焦炭加工,中成药,0.014013
公路,石油加工,0.014005
公路,黄金,0.014001
水力发电,石油加工,0.013996
公路,饲料,0.013988
新型电力,石油加工,0.013981
电器仪表,化工原料,0.013977
中成药,机场,0.013976
农药化肥,机场,0.013976
船舶,出版业,0.013974
玻璃,新型电力,0.01397
水泥,新型电力,0.01397
文教休闲,汽车服务,0.013969
广告包装,饲料,0.013962
乳制品,区域地产,0.013957
水力发电,塑料,0.013957
生物制药,铅锌,0.013948
生物制药,普钢,0.013948
农业综合,运输设备,0.01393
乳制品,软件服务,0.013928
电器仪表,旅游服务,0.013924
航空,塑料,0.013919
文教休闲,装修装饰,0.01391
环境保护,全国地产,0.013904
旅游景点,IT设备,0.0139
小金属,化工原料,0.013889
造纸,供气供热,0.013884
铜,医疗保健,0.01388
证券,特种钢,0.013876
银行,特种钢,0.013876
保险,特种钢,0.013876
装修装饰,IT设备,0.013874
银行,机械基件,0.013869
证券,机械基件,0.013869
保险,机械基件,0.013869
农用机械,农业综合,0.013868
中成药,煤炭开采,0.013867
农药化肥,煤炭开采,0.013867
煤炭开采,橡胶,0.013859
化学制药,汽车整车,0.013853
化学制药,C37铁路、船舶、航空航天和其他运输设备制造业,0.013853
化学制药,商贸代理,0.01385
园区开发,商贸代理,0.013847
综合类,造纸,0.013846
通信设备,商贸代理,0.013831
家居用品,食品,0.013829
化学制药,摩托车,0.013826
汽车服务,煤炭开采,0.013814
机械基件,水务,0.01381
多元金融,化学制药,0.013801
石油加工,航空,0.013799
装修装饰,食品,0.013799
化工原料,焦炭加工,0.013798
供气供热,造纸,0.013789
广告包装,渔业,0.013779
互联网,水务,0.013773
化学制药,电器仪表,0.013769
综合类,航空,0.013767
生物制药,仓储物流,0.013766
证券,半导体,0.013764
银行,半导体,0.013764
保险,半导体,0.013764
家居用品,IT设备,0.013758
水力发电,中成药,0.013757
水力发电,农药化肥,0.013757
家居用品,运输设备,0.013747
综合类,仓储物流,0.013746
影视音像,供气供热,0.01374
专用机械,空运,0.013736
专用机械,水运,0.013736
专用机械,铁路,0.013736
专用机械,路桥,0.013736
专用机械,港口,0.013736
供气供热,建筑工程,0.013731
铜,黄金,0.013731
园区开发,铁路,0.013729
园区开发,空运,0.013729
园区开发,水运,0.013729
园区开发,港口,0.013729
园区开发,路桥,0.013729
环境保护,矿物制品,0.013728
软件服务,全国地产,0.013725
房产服务,运输设备,0.013722
商贸代理,公共交通,0.013722
全国地产,汽车服务,0.01372
乳制品,农用机械,0.013706
文教休闲,石油加工,0.013706
化工原料,电信运营,0.013704
煤炭开采,染料涂料,0.013704
软件服务,铜,0.013702
公路,多元金融,0.013699
煤炭开采,电气设备,0.013698
饲料,文教休闲,0.013691
化工原料,饲料,0.013686
旅游服务,化工原料,0.013684
种植业,船舶,0.01368
农用机械,化纤,0.013679
公共交通,其他建材,0.013677
服饰,旅游景点,0.013666
综合类,服饰,0.013663
船舶,化工原料,0.013659
电器仪表,旅游景点,0.013656
渔业,商品城,0.013651
旅游景点,食品,0.013649
旅游服务,家居用品,0.013644
综合类,空运,0.013642
综合类,水运,0.013642
综合类,铁路,0.013642
综合类,港口,0.013642
综合类,路桥,0.013642
互联网,陶瓷,0.013636
园区开发,电信运营,0.013635
乳制品,新型电力,0.013632
农用机械,煤炭开采,0.013631
汽车服务,黄金,0.01363
汽车配件,互联网,0.01363
园区开发,旅游服务,0.013629
水泥,通信设备,0.013622
玻璃,通信设备,0.013622
化学制药,运输设备,0.013618
装修装饰,化纤,0.013611
综合类,中成药,0.013599
综合类,农药化肥,0.013599
焦炭加工,商品城,0.013596
机床制造,小金属,0.013587
房产服务,种植业,0.013585
化学制药,火力发电,0.013583
汽车服务,商贸代理,0.013583
文教休闲,元器件,0.013582
电气设备,园区开发,0.013577
农用机械,铁路,0.013576
农用机械,空运,0.013576
农用机械,水运,0.013576
农用机械,路桥,0.013576
农用机械,港口,0.013576
医药商业,超市连锁,0.013574
批发业,医药商业,0.013574
百货,超市连锁,0.013574
医药商业,石油贸易,0.013574
石油贸易,超市连锁,0.013574
批发业,百货,0.013574
超市连锁,医药商业,0.013574
百货,石油贸易,0.013574
医药商业,批发业,0.013574
百货,批发业,0.013574
超市连锁,批发业,0.013574
批发业,超市连锁,0.013574
医药商业,百货,0.013574
批发业,石油贸易,0.013574
百货,医药商业,0.013574
石油贸易,百货,0.013574
超市连锁,百货,0.013574
超市连锁,石油贸易,0.013574
石油贸易,批发业,0.013574
石油贸易,医药商业,0.013574
生物制药,综合类,0.013573
文教休闲,农业综合,0.013572
半导体,焦炭加工,0.01357
电气设备,供气供热,0.01357
商品城,渔业,0.01357
广告包装,综合类,0.013568
互联网,白酒,0.013564
互联网,啤酒,0.013564
互联网,红黄酒,0.013564
互联网,软饮料,0.013564
种植业,生物制药,0.013561
铝,园区开发,0.013557
电信运营,生物制药,0.013548
区域地产,纺织,0.013546
互联网,玻璃,0.013539
互联网,水泥,0.013539
机场,黄金,0.01353
公路,运输设备,0.013529
火力发电,船舶,0.013524
运输设备,小金属,0.013518
区域地产,煤炭开采,0.013506
钢加工,林业,0.013504
公路,摩托车,0.013503
区域地产,染料涂料,0.013503
区域地产,焦炭加工,0.013497
种植业,IT设备,0.013495
化学制药,特种钢,0.013489
服饰,铝,0.013485
铅锌,软件服务,0.013481
普钢,软件服务,0.013481
家居用品,区域地产,0.013478
石油加工,种植业,0.013458
造纸,公共交通,0.013456
煤炭开采,小金属,0.013453
种植业,通信设备,0.013453
化工原料,旅游景点,0.013447
火力发电,全国地产,0.013446
旅游景点,化纤,0.013443
纺织机械,汽车整车,0.013439
纺织机械,C37铁路、船舶、航空航天和其他运输设备制造业,0.013439
综合类,日用化工,0.013431
专用机械,钢加工,0.013426
化纤,互联网,0.013425
食品,仓储物流,0.013418
特种钢,区域地产,0.013417
纺织机械,塑料,0.013405
机场,石油加工,0.013371
半导体,综合类,0.013369
家居用品,石油加工,0.013368
商贸代理,种植业,0.013341
化学制药,公路,0.013341
机械基件,旅游景点,0.013339
房产服务,元器件,0.013333
其他建材,综合类,0.013328
公路,出版业,0.013323
综合类,化工原料,0.013321
半导体,商品城,0.013306
银行,电气设备,0.013304
保险,电气设备,0.013304
证券,电气设备,0.013304
半导体,汽车服务,0.013293
综合类,焦炭加工,0.013293
农业综合,铜,0.013289
服饰,其他建材,0.013288
商贸代理,综合类,0.013278
机场,摩托车,0.013275
陶瓷,机床制造,0.013271
工程机械,煤炭开采,0.013271
公共交通,机床制造,0.013268
农业综合,建筑工程,0.013267
专用机械,旅游服务,0.013264
纺织机械,商品城,0.013258
旅游服务,路桥,0.013254
旅游服务,空运,0.013254
旅游服务,港口,0.013254
旅游服务,水运,0.013254
旅游服务,铁路,0.013254
公共交通,染料涂料,0.013253
银行,电器仪表,0.013241
保险,电器仪表,0.013241
证券,电器仪表,0.013241
园区开发,航空,0.013233
医疗保健,机床制造,0.013233
陶瓷,特种钢,0.013231
服饰,专用机械,0.013229
火力发电,软件服务,0.013225
农业综合,新型电力,0.013224
汽车服务,水务,0.013221
矿物制品,文教休闲,0.01322
旅游服务,铜,0.013199
园区开发,环境保护,0.013196
工程机械,种植业,0.013186
软件服务,火力发电,0.013179
电器仪表,家居用品,0.013175
生物制药,区域地产,0.013169
造纸,区域地产,0.01316
石油开采,化工原料,0.013159
橡胶,农用机械,0.013151
园区开发,公共交通,0.01315
医疗保健,园区开发,0.01315
公共交通,航空,0.013148
家居用品,特种钢,0.013141
纺织机械,公共交通,0.013136
环境保护,纺织,0.01313
公共交通,种植业,0.013123
电器仪表,出版业,0.01312
机场,船舶,0.013119
IT设备,汽车服务,0.013104
区域地产,红黄酒,0.013103
区域地产,啤酒,0.013103
区域地产,白酒,0.013103
区域地产,软饮料,0.013103
公共交通,铜,0.013099
酒店餐饮,互联网,0.013088
家居用品,出版业,0.013086
新型电力,化学制药,0.013084
园区开发,饲料,0.013079
银行,服饰,0.013075
保险,服饰,0.013075
证券,服饰,0.013075
半导体,旅游服务,0.013072
小金属,文教休闲,0.013071
旅游服务,公路,0.013065
化工原料,装修装饰,0.013062
新型电力,生物制药,0.013053
食品,普钢,0.013012
食品,铅锌,0.013012
公共交通,小金属,0.013007
其他建材,IT设备,0.013005
保险,运输设备,0.013
证券,运输设备,0.013
银行,运输设备,0.013
汽车服务,供气供热,0.012989
文教休闲,多元金融,0.012983
化工原料,农用机械,0.012982
文教休闲,批发业,0.012978
文教休闲,医药商业,0.012978
文教休闲,石油贸易,0.012978
文教休闲,百货,0.012978
文教休闲,超市连锁,0.012978
农用机械,饲料,0.012971
种植业,机械基件,0.012961
园区开发,农业综合,0.012957
专用机械,仓储物流,0.012952
食品,区域地产,0.012949
铝,服饰,0.012941
房产服务,塑料,0.012923
水力发电,汽车配件,0.012918
石油加工,公共交通,0.012916
机床制造,通信设备,0.012902
IT设备,机床制造,0.0129
综合类,黄金,0.012894
商贸代理,公路,0.012892
专用机械,石油开采,0.012891
专用机械,水泥,0.01289
专用机械,玻璃,0.01289
航空,化工原料,0.012887
电信运营,广告包装,0.012886
装修装饰,运输设备,0.012886
酒店餐饮,文教休闲,0.012884
元器件,综合类,0.012875
化学制药,轻工机械,0.01287
化学制药,化工机械,0.01287
文教休闲,农用机械,0.012868
新型电力,区域地产,0.012861
玻璃,铝,0.012857
水泥,铝,0.012857
医疗保健,农用机械,0.012844
水力发电,机械基件,0.012835
专用机械,区域地产,0.012828
电器仪表,其他商业,0.012828
种植业,轻工机械,0.012816
种植业,化工机械,0.012816
公共交通,化工机械,0.012814
公共交通,轻工机械,0.012814
文教休闲,轻工机械,0.012813
文教休闲,化工机械,0.012813
化学制药,机场,0.012812
商贸代理,全国地产,0.012807
环境保护,商贸代理,0.012799
农用机械,食品,0.012796
日用化工,IT设备,0.01279
旅游服务,矿物制品,0.012784
造纸,证券,0.012783
造纸,保险,0.012783
造纸,银行,0.012783
石油加工,水力发电,0.012777
航空,空运,0.012776
航空,水运,0.012776
航空,铁路,0.012776
航空,港口,0.012776
航空,路桥,0.012776
环境保护,石油加工,0.012773
园区开发,综合类,0.012768
焦炭加工,煤炭开采,0.012765
生物制药,互联网,0.012762
广告包装,医药商业,0.012761
广告包装,超市连锁,0.012761
广告包装,百货,0.012761
广告包装,批发业,0.012761
广告包装,石油贸易,0.012761
环境保护,石油开采,0.01275
铜,陶瓷,0.012749
水力发电,旅游景点,0.012747
环境保护,食品,0.012746
煤炭开采,家用电器,0.012735
煤炭开采,公路,0.012726
供气供热,纺织,0.012722
商贸代理,火力发电,0.01272
铝,区域地产,0.012718
水力发电,饲料,0.012713
纺织机械,新型电力,0.012704
化纤,煤炭开采,0.012702
全国地产,出版业,0.012699
种植业,机床制造,0.012691
家居用品,园区开发,0.012685
造纸,仓储物流,0.012684
其他建材,黄金,0.012682
广告包装,供气供热,0.012679
汽车服务,焦炭加工,0.012676
综合类,汽车整车,0.012671
综合类,C37铁路、船舶、航空航天和其他运输设备制造业,0.012671
旅游景点,半导体,0.012671
工程机械,机场,0.012668
造纸,工程机械,0.012661
综合类,其他商业,0.012656
公共交通,化工原料,0.012653
环境保护,水泥,0.012651
环境保护,玻璃,0.012651
园区开发,橡胶,0.012648
种植业,石油加工,0.012639
房产服务,酒店餐饮,0.012639
船舶,百货,0.012626
船舶,超市连锁,0.012626
船舶,石油贸易,0.012626
船舶,医药商业,0.012626
船舶,批发业,0.012626
环境保护,园区开发,0.012623
半导体,路桥,0.012621
半导体,港口,0.012621
半导体,铁路,0.012621
半导体,水运,0.012621
半导体,空运,0.012621
文教休闲,玻璃,0.012617
文教休闲,水泥,0.012617
家居用品,船舶,0.012615
焦炭加工,化学制药,0.012606
医疗保健,船舶,0.012602
电器仪表,特种钢,0.012601
旅游景点,机械基件,0.012599
生物制药,全国地产,0.012593
文教休闲,矿物制品,0.012593
环境保护,旅游景点,0.012592
供气供热,摩托车,0.012591
化学制药,焦炭加工,0.012586
全国地产,多元金融,0.012573
航空,园区开发,0.012571
装修装饰,机械基件,0.012559
塑料,酒店餐饮,0.012539
化学制药,综合类,0.012536
玻璃,钢加工,0.012533
水泥,钢加工,0.012533
装修装饰,C37铁路、船舶、航空航天和其他运输设备制造业,0.012532
装修装饰,汽车整车,0.012532
保险,陶瓷,0.012527
证券,陶瓷,0.012527
银行,陶瓷,0.012527
轻工机械,航空,0.012521
化工机械,航空,0.012521
化工机械,医疗保健,0.012521
轻工机械,医疗保健,0.012521
通信设备,批发业,0.012515
通信设备,石油贸易,0.012515
通信设备,医药商业,0.012515
通信设备,百货,0.012515
通信设备,超市连锁,0.012515
服饰,商品城,0.012512
园区开发,生物制药,0.012508
园区开发,多元金融,0.012505
旅游服务,普钢,0.012505
旅游服务,铅锌,0.012505
农业综合,通信设备,0.012501
种植业,水泥,0.012493
种植业,玻璃,0.012493
证券,小金属,0.01249
保险,小金属,0.01249
银行,小金属,0.01249
环境保护,船舶,0.01248
电气设备,旅游服务,0.012476
食品,互联网,0.01247
玻璃,摩托车,0.012462
水泥,摩托车,0.012462
其他建材,焦炭加工,0.012455
机床制造,医疗保健,0.012454
渔业,汽车配件,0.012452
供气供热,农业综合,0.012435
装修装饰,电气设备,0.012431
新型电力,服饰,0.012423
运输设备,旅游景点,0.012422
农用机械,旅游景点,0.012418
新型电力,汽车服务,0.012407
环境保护,铝,0.012387
旅游景点,汽车整车,0.012386
公共交通,焦炭加工,0.012386
旅游景点,C37铁路、船舶、航空航天和其他运输设备制造业,0.012386
专用机械,生物制药,0.012383
装修装饰,服饰,0.012379
旅游景点,服饰,0.012378
家居用品,农用机械,0.012378
电器仪表,房产服务,0.012374
石油贸易,多元金融,0.01237
医药商业,多元金融,0.01237
百货,多元金融,0.01237
批发业,多元金融,0.01237
超市连锁,多元金融,0.01237
橡胶,出版业,0.012368
农用机械,日用化工,0.012361
机械基件,汽车服务,0.012359
轻工机械,煤炭开采,0.012349
化工机械,煤炭开采,0.012349
水力发电,家居用品,0.012318
造纸,红黄酒,0.012314
造纸,软饮料,0.012314
造纸,白酒,0.012314
造纸,啤酒,0.012314
运输设备,区域地产,0.012308
影视音像,保险,0.012306
影视音像,银行,0.012306
影视音像,证券,0.012306
公路,通信设备,0.012304
公共交通,纺织机械,0.012302
农用机械,互联网,0.012302
文教休闲,商贸代理,0.012285
饲料,旅游服务,0.01228
园区开发,铜,0.012277
园区开发,小金属,0.012272
通信设备,园区开发,0.012272
房产服务,汽车整车,0.012265
房产服务,C37铁路、船舶、航空航天和其他运输设备制造业,0.012265
新型电力,旅游服务,0.012265
环境保护,铜,0.01226
小金属,影视音像,0.012254
渔业,陶瓷,0.01225
多元金融,石油加工,0.012244
摩托车,装修装饰,0.012237
农用机械,仓储物流,0.012234
石油加工,通信设备,0.012231
陶瓷,软件服务,0.01223
种植业,航空,0.012224
半导体,机场,0.012222
通信设备,塑料,0.012216
石油加工,旅游景点,0.012216
区域地产,纺织机械,0.012215
通信设备,钢加工,0.012214
服饰,房产服务,0.012207
IT设备,化工原料,0.012205
广告包装,公共交通,0.012204
机场,水力发电,0.012203
公共交通,铅锌,0.012203
公共交通,普钢,0.012203
区域地产,铝,0.012201
新型电力,广告包装,0.01219
染料涂料,啤酒,0.012189
染料涂料,白酒,0.012189
染料涂料,红黄酒,0.012189
染料涂料,软饮料,0.012189
农用机械,区域地产,0.012181
文教休闲,机场,0.012179
红黄酒,商品城,0.012177
软饮料,商品城,0.012177
啤酒,商品城,0.012177
白酒,商品城,0.012177
电器仪表,仓储物流,0.012167
工程机械,水力发电,0.012156
区域地产,橡胶,0.01215
通信设备,全国地产,0.01215
广告包装,水力发电,0.012149
种植业,矿物制品,0.012141
商贸代理,石油开采,0.01214
林业,造纸,0.012131
农用机械,黄金,0.012119
乳制品,钢加工,0.012114
航空,造纸,0.012112
陶瓷,焦炭加工,0.012108
日用化工,旅游景点,0.012103
旅游景点,饲料,0.012101
水力发电,化学制药,0.012099
半导体,仓储物流,0.01209
环境保护,区域地产,0.012085
公路,IT设备,0.012085
工程机械,乳制品,0.012083
影视音像,机场,0.012076
矿物制品,造纸,0.012072
装修装饰,水力发电,0.01207
铜,文教休闲,0.01207
区域地产,化学制药,0.012068
乳制品,生物制药,0.012064
小金属,造纸,0.01206
保险,医疗保健,0.012048
环境保护,农业综合,0.012048
银行,医疗保健,0.012048
证券,医疗保健,0.012048
化纤,园区开发,0.012046
汽车服务,水力发电,0.012041
电器仪表,广告包装,0.012026
种植业,铝,0.012021
商贸代理,生物制药,0.012012
煤炭开采,机械基件,0.012006
机床制造,其他建材,0.011997
旅游景点,建筑工程,0.011991
园区开发,化工原料,0.011974
摩托车,化工原料,0.011971
医疗保健,区域地产,0.011964
装修装饰,元器件,0.011963
软件服务,小金属,0.011961
化学制药,区域地产,0.011961
专用机械,汽车服务,0.011954
出版业,文教休闲,0.011952
普钢,文教休闲,0.01195
铅锌,文教休闲,0.01195
环境保护,其他商业,0.011942
焦炭加工,石油加工,0.01194
银行,元器件,0.011931
保险,元器件,0.011931
证券,元器件,0.011931
化工原料,影视音像,0.011927
航空,影视音像,0.011924
服饰,影视音像,0.011918
生物制药,商品城,0.011912
银行,化工原料,0.011908
保险,化工原料,0.011908
种植业,电器仪表,0.011908
农用机械,渔业,0.011908
证券,化工原料,0.011908
旅游景点,元器件,0.011901
公共交通,纺织,0.011893
综合类,石油开采,0.011893
轻工机械,船舶,0.011885
房产服务,专用机械,0.011885
化工机械,船舶,0.011885
石油加工,饲料,0.011868
园区开发,其他建材,0.011853
商贸代理,机场,0.011851
摩托车,旅游景点,0.011849
纺织,家居用品,0.011844
橡胶,特种钢,0.011836
园区开发,种植业,0.011832
农用机械,商品城,0.011829
空运,保险,0.011828
铁路,证券,0.011828
铁路,保险,0.011828
空运,银行,0.011828
港口,银行,0.011828
路桥,银行,0.011828
水运,证券,0.011828
路桥,保险,0.011828
港口,证券,0.011828
铁路,银行,0.011828
水运,银行,0.011828
水运,保险,0.011828
空运,证券,0.011828
港口,保险,0.011828
路桥,证券,0.011828
公共交通,铝,0.011819
互联网,水力发电,0.011808
供气供热,机床制造,0.01179
石油加工,商贸代理,0.011782
区域地产,农业综合,0.011769
化学制药,装修装饰,0.011763
文教休闲,铝,0.011763
医疗保健,乳制品,0.011754
水力发电,航空,0.011747
渔业,农药化肥,0.01174
渔业,中成药,0.01174
建筑工程,钢加工,0.011738
公路,房产服务,0.011732
文教休闲,石油开采,0.011731
旅游服务,轻工机械,0.011727
旅游服务,化工机械,0.011727
乳制品,水务,0.011726
全国地产,商贸代理,0.011714
煤炭开采,日用化工,0.011711
黄金,航空,0.01171
供气供热,纺织机械,0.011708
家居用品,旅游景点,0.0117
化工原料,商贸代理,0.011699
公共交通,酒店餐饮,0.011695
旅游服务,机床制造,0.011692
工程机械,铅锌,0.011686
工程机械,普钢,0.011686
农用机械,化学制药,0.011677
旅游服务,白酒,0.011669
旅游服务,软饮料,0.011669
旅游服务,啤酒,0.011669
旅游服务,红黄酒,0.011669
家居用品,商品城,0.011668
汽车配件,汽车服务,0.011667
种植业,小金属,0.011665
铜,化工原料,0.011661
农用机械,全国地产,0.011659
电器仪表,纺织,0.011645
互联网,化学制药,0.011635
化工原料,水力发电,0.011633
旅游景点,专用机械,0.011632
日用化工,机床制造,0.011631
专用机械,化学制药,0.011626
航空,汽车服务,0.011626
航空,水泥,0.011622
航空,玻璃,0.011622
摩托车,其他商业,0.01161
区域地产,日用化工,0.011607
广告包装,仓储物流,0.011599
互联网,农业综合,0.011598
铝,煤炭开采,0.011584
种植业,区域地产,0.011583
广告包装,特种钢,0.011582
酒店餐饮,广告包装,0.011573
旅游服务,酒店餐饮,0.011573
船舶,新型电力,0.011571
石油加工,装修装饰,0.011543
供气供热,林业,0.011539
中成药,电信运营,0.011537
农药化肥,电信运营,0.011537
运输设备,其他商业,0.011535
陶瓷,旅游景点,0.011512
环境保护,互联网,0.011504
文教休闲,小金属,0.011504
旅游景点,电气设备,0.0115
互联网,其他建材,0.011494
农用机械,乳制品,0.011492
水力发电,广告包装,0.011481
石油开采,化纤,0.011477
石油加工,电器仪表,0.011476
广告包装,乳制品,0.01146
生物制药,影视音像,0.01146
通信设备,特种钢,0.011459
电气设备,黄金,0.011459
园区开发,铝,0.011454
服饰,环境保护,0.01145
工程机械,饲料,0.011449
通信设备,医疗保健,0.011446
乳制品,公共交通,0.011444
IT设备,塑料,0.011443
文教休闲,供气供热,0.01144
林业,全国地产,0.011438
医疗保健,出版业,0.011437
软件服务,C37铁路、船舶、航空航天和其他运输设备制造业,0.011425
软件服务,汽车整车,0.011425
摩托车,新型电力,0.011416
医疗保健,特种钢,0.011407
机场,渔业,0.011391
新型电力,造纸,0.011386
综合类,汽车服务,0.011379
全国地产,银行,0.011376
全国地产,保险,0.011376
全国地产,证券,0.011376
乳制品,公路,0.011367
公路,渔业,0.011367
证券,家居用品,0.011362
银行,家居用品,0.011362
保险,家居用品,0.011362
电器仪表,路桥,0.011357
电器仪表,港口,0.011357
电器仪表,空运,0.011357
电器仪表,水运,0.011357
电器仪表,铁路,0.011357
机械基件,出版业,0.011352
通信设备,多元金融,0.011338
房产服务,电气设备,0.011333
陶瓷,农用机械,0.011332
运输设备,塑料,0.011331
装修装饰,塑料,0.011327
电信运营,农用机械,0.011326
生物制药,房产服务,0.011322
新型电力,互联网,0.011317
软件服务,生物制药,0.011315
家用电器,林业,0.011314
专用机械,旅游景点,0.011306
铝,陶瓷,0.011304
乳制品,火力发电,0.011303
水泥,焦炭加工,0.011301
专用机械,全国地产,0.011301
玻璃,焦炭加工,0.011301
装修装饰,医疗保健,0.011297
环境保护,水力发电,0.011293
矿物制品,石油加工,0.011283
电气设备,汽车服务,0.011277
汽车配件,旅游服务,0.011276
工程机械,港口,0.011268
工程机械,水运,0.011268
工程机械,铁路,0.011268
工程机械,路桥,0.011268
工程机械,空运,0.011268
旅游景点,塑料,0.011265
机床制造,铜,0.011254
石油加工,汽车整车,0.011247
石油加工,C37铁路、船舶、航空航天和其他运输设备制造业,0.011247
汽车配件,火力发电,0.011247
软件服务,公路,0.011228
医疗保健,钢加工,0.011224
化工原料,公共交通,0.011218
水泥,石油开采,0.011217
玻璃,石油开采,0.011217
钢加工,石油开采,0.011211
铜,煤炭开采,0.01121
装修装饰,专用机械,0.011205
种植业,仓储物流,0.011201
旅游服务,林业,0.011201
运输设备,装修装饰,0.011195
IT设备,多元金融,0.011186
商贸代理,电信运营,0.011183
服饰,小金属,0.011176
化纤,汽车服务,0.011175
家居用品,软件服务,0.011169
电器仪表,造纸,0.011162
旅游服务,家用电器,0.011156
普钢,区域地产,0.011149
铅锌,区域地产,0.011149
园区开发,新型电力,0.011147
影视音像,广告包装,0.011144
建筑工程,房产服务,0.011143
电信运营,乳制品,0.011141
电信运营,环境保护,0.011137
化工原料,综合类,0.011132
半导体,旅游景点,0.011122
综合类,商贸代理,0.011121
种植业,空运,0.011119
种植业,铁路,0.011119
种植业,路桥,0.011119
种植业,港口,0.011119
种植业,水运,0.011119
软件服务,医疗保健,0.011107
日用化工,船舶,0.011094
农用机械,铅锌,0.011092
农用机械,普钢,0.011092
农业综合,黄金,0.011091
园区开发,渔业,0.011089
航空,仓储物流,0.011085
铜,园区开发,0.011082
化学制药,IT设备,0.01108
饲料,广告包装,0.011074
化工机械,小金属,0.011072
轻工机械,小金属,0.011072
服饰,汽车服务,0.011068
农业综合,铝,0.011064
食品,全国地产,0.011063
火力发电,影视音像,0.01106
种植业,互联网,0.011048
塑料,互联网,0.011044
石油加工,摩托车,0.011038
酒店餐饮,工程机械,0.011034
其他建材,渔业,0.011033
水力发电,造纸,0.011028
机械基件,房产服务,0.011018
石油加工,运输设备,0.011015
商贸代理,石油加工,0.011013
房产服务,水力发电,0.011012
家居用品,旅游服务,0.011007
互联网,橡胶,0.010999
公共交通,橡胶,0.010996
服饰,半导体,0.01099
造纸,玻璃,0.010979
造纸,水泥,0.010979
旅游服务,特种钢,0.010976
化工原料,商品城,0.01097
小金属,综合类,0.010961
房产服务,建筑工程,0.010961
园区开发,化学制药,0.010947
商贸代理,园区开发,0.010939
纺织机械,造纸,0.010939
摩托车,房产服务,0.010932
专用机械,石油加工,0.010928
元器件,旅游服务,0.010923
染料涂料,区域地产,0.010922
铅锌,煤炭开采,0.010915
普钢,煤炭开采,0.010915
医疗保健,黄金,0.010906
供气供热,轻工机械,0.010905
供气供热,化工机械,0.010905
区域地产,石油加工,0.010896
文教休闲,铜,0.01089
航空,服饰,0.010884
铝,商品城,0.010878
影视音像,中成药,0.010877
影视音像,农药化肥,0.010877
软饮料,旅游服务,0.010873
红黄酒,旅游服务,0.010873
白酒,旅游服务,0.010873
啤酒,旅游服务,0.010873
通信设备,供气供热,0.010872
建筑工程,半导体,0.01087
旅游景点,种植业,0.010866
服饰,玻璃,0.010854
服饰,水泥,0.010854
家居用品,水务,0.01085
塑料,乳制品,0.010846
半导体,林业,0.010835
化工原料,区域地产,0.010831
商贸代理,汽车服务,0.010822
广告包装,红黄酒,0.01081
广告包装,软饮料,0.01081
运输设备,机场,0.01081
广告包装,啤酒,0.01081
广告包装,白酒,0.01081
公路,全国地产,0.010809
机床制造,矿物制品,0.010807
综合类,机床制造,0.010803
塑料,铁路,0.010803
塑料,港口,0.010803
塑料,空运,0.010803
塑料,路桥,0.010803
塑料,水运,0.010803
旅游服务,陶瓷,0.010802
公共交通,煤炭开采,0.010799
服饰,化工原料,0.010795
服饰,元器件,0.010792
证券,橡胶,0.010784
银行,橡胶,0.010784
保险,橡胶,0.010784
半导体,房产服务,0.010783
装修装饰,种植业,0.010783
综合类,生物制药,0.01078
渔业,塑料,0.010767
服饰,电器仪表,0.01076
轻工机械,新型电力,0.010751
化工机械,新型电力,0.010751
化学制药,机床制造,0.01075
公共交通,摩托车,0.010745
房产服务,医疗保健,0.010744
汽车服务,百货,0.010741
汽车服务,石油贸易,0.010741
汽车服务,医药商业,0.010741
汽车服务,超市连锁,0.010741
汽车服务,批发业,0.010741
化纤,房产服务,0.010739
服饰,摩托车,0.010737
服饰,汽车整车,0.010731
塑料,出版业,0.010731
服饰,C37铁路、船舶、航空航天和其他运输设备制造业,0.010731
水运,水务,0.010723
路桥,水务,0.010723
医疗保健,旅游景点,0.010723
铁路,水务,0.010723
空运,水务,0.010723
港口,水务,0.010723
旅游服务,小金属,0.010721
全国地产,影视音像,0.010721
软件服务,中成药,0.010719
软件服务,农药化肥,0.010719
装修装饰,航空,0.010717
汽车配件,公路,0.010717
电气设备,铁路,0.010712
电气设备,港口,0.010712
电气设备,水运,0.010712
电气设备,空运,0.010712
电气设备,路桥,0.010712
医疗保健,综合类,0.010707
农药化肥,其他商业,0.010702
中成药,其他商业,0.010702
建筑工程,水务,0.010697
IT设备,供气供热,0.010695
公共交通,饲料,0.010694
旅游服务,水泥,0.010688
酒店餐饮,综合类,0.010688
旅游服务,玻璃,0.010688
农业综合,商品城,0.010671
园区开发,特种钢,0.010671
橡胶,软件服务,0.010655
汽车整车,轻工机械,0.010652
C37铁路、船舶、航空航天和其他运输设备制造业,轻工机械,0.010652
C37铁路、船舶、航空航天和其他运输设备制造业,化工机械,0.010652
汽车整车,化工机械,0.010652
旅游服务,造纸,0.01065
机床制造,建筑工程,0.010648
农用机械,中成药,0.010648
农用机械,农药化肥,0.010648
商贸代理,其他商业,0.010641
房产服务,航空,0.01064
综合类,化工机械,0.01064
综合类,轻工机械,0.01064
电器仪表,生物制药,0.010638
玻璃,染料涂料,0.010637
水泥,染料涂料,0.010637
汽车配件,公共交通,0.010636
造纸,软件服务,0.010627
乳制品,供气供热,0.010588
农用机械,影视音像,0.010585
化纤,影视音像,0.010579
水力发电,医疗保健,0.010576
乳制品,石油加工,0.010572
通信设备,水力发电,0.010572
工程机械,银行,0.01057
染料涂料,全国地产,0.01057
工程机械,保险,0.01057
工程机械,证券,0.01057
旅游服务,煤炭开采,0.010561
装修装饰,石油开采,0.010553
机床制造,铝,0.010551
染料涂料,汽车服务,0.010542
新型电力,百货,0.010538
新型电力,批发业,0.010538
新型电力,医药商业,0.010538
新型电力,石油贸易,0.010538
新型电力,超市连锁,0.010538
化纤,商品城,0.010536
旅游服务,钢加工,0.010527
旅游景点,航空,0.010523
陶瓷,红黄酒,0.01052
陶瓷,软饮料,0.01052
陶瓷,白酒,0.01052
陶瓷,啤酒,0.01052
钢加工,日用化工,0.010513
汽车配件,机场,0.010508
装修装饰,黄金,0.010494
IT设备,出版业,0.010492
专用机械,综合类,0.010491
服饰,电气设备,0.010489
服饰,全国地产,0.010478
供气供热,白酒,0.010472
供气供热,啤酒,0.010472
供气供热,软饮料,0.010472
供气供热,红黄酒,0.010472
公路,软件服务,0.010471
运输设备,火力发电,0.01047
运输设备,水务,0.010463
机械基件,仓储物流,0.010455
汽车配件,综合类,0.010453
石油加工,轻工机械,0.010452
石油加工,化工机械,0.010452
水泥,航空,0.010434
玻璃,航空,0.010434
公共交通,化学制药,0.010428
农用机械,旅游服务,0.010426
种植业,铜,0.010413
白酒,染料涂料,0.010408
软饮料,染料涂料,0.010408
红黄酒,染料涂料,0.010408
啤酒,染料涂料,0.010408
化工机械,钢加工,0.010405
轻工机械,钢加工,0.010405
通信设备,火力发电,0.010394
水力发电,专用机械,0.010393
种植业,供气供热,0.010393
广告包装,煤炭开采,0.010387
综合类,农用机械,0.010378
全国地产,建筑工程,0.010377
乳制品,机场,0.010375
医疗保健,旅游服务,0.010366
医疗保健,软件服务,0.010362
装修装饰,摩托车,0.010359
房产服务,化工原料,0.010359
服饰,酒店餐饮,0.010342
运输设备,房产服务,0.010336
煤炭开采,农药化肥,0.010335
煤炭开采,中成药,0.010335
航空,商品城,0.010334
C37铁路、船舶、航空航天和其他运输设备制造业,旅游景点,0.010332
环境保护,电信运营,0.010332
汽车整车,旅游景点,0.010332
服饰,矿物制品,0.010325
渔业,运输设备,0.010324
农业综合,摩托车,0.010322
家居用品,石油开采,0.010318
其他建材,软件服务,0.010312
综合类,机场,0.010309
铜,区域地产,0.010307
乳制品,电信运营,0.010303
航空,公共交通,0.010299
房产服务,家居用品,0.010298
乳制品,全国地产,0.010298
软件服务,新型电力,0.01028
摩托车,供气供热,0.01027
家用电器,旅游服务,0.010267
其他建材,船舶,0.010265
农用机械,房产服务,0.010263
半导体,商贸代理,0.010263
新型电力,食品,0.010257
医疗保健,普钢,0.010244
医疗保健,铅锌,0.010244
石油开采,橡胶,0.010241
园区开发,日用化工,0.010218
广告包装,普钢,0.010216
广告包装,铅锌,0.010216
种植业,新型电力,0.010214
服饰,陶瓷,0.010214
铜,造纸,0.010208
石油开采,染料涂料,0.010206
家居用品,综合类,0.010197
渔业,化工原料,0.010194
服饰,区域地产,0.010189
酒店餐饮,软件服务,0.010187
环境保护,房产服务,0.010185
商贸代理,供气供热,0.010184
轻工机械,通信设备,0.01017
化工机械,通信设备,0.01017
电气设备,商品城,0.010165
互联网,日用化工,0.010163
新型电力,纺织,0.010161
电气设备,铅锌,0.010159
电气设备,普钢,0.010159
玻璃,专用机械,0.010158
水泥,专用机械,0.010158
电气设备,旅游景点,0.010148
乳制品,水力发电,0.010133
石油加工,商品城,0.010128
公共交通,银行,0.010127
公共交通,证券,0.010127
公共交通,保险,0.010127
纺织,旅游景点,0.010124
酒店餐饮,环境保护,0.01012
互联网,石油开采,0.010113
公共交通,新型电力,0.01011
水力发电,家用电器,0.010109
乳制品,其他商业,0.010108
生物制药,焦炭加工,0.010094
互联网,钢加工,0.010089
旅游景点,摩托车,0.010086
机械基件,水运,0.010082
机械基件,铁路,0.010082
种植业,软件服务,0.010082
机械基件,路桥,0.010082
机械基件,空运,0.010082
机械基件,港口,0.010082
软件服务,塑料,0.01008
家用电器,钢加工,0.01008
水力发电,生物制药,0.010075
水力发电,纺织,0.010073
软件服务,化工原料,0.010067
塑料,焦炭加工,0.010064
保险,铝,0.01006
银行,铝,0.01006
证券,铝,0.01006
环境保护,医药商业,0.010059
环境保护,超市连锁,0.010059
环境保护,批发业,0.010059
环境保护,百货,0.010059
环境保护,石油贸易,0.010059
商贸代理,铅锌,0.01005
商贸代理,普钢,0.01005
塑料,煤炭开采,0.010047
玻璃,船舶,0.010045
水泥,船舶,0.010045
通信设备,机场,0.010042
红黄酒,化纤,0.01004
软饮料,化纤,0.01004
啤酒,化纤,0.01004
白酒,化纤,0.01004
农业综合,汽车整车,0.010036
农业综合,C37铁路、船舶、航空航天和其他运输设备制造业,0.010036
饲料,医疗保健,0.010035
化工原料,红黄酒,0.01003
化工原料,软饮料,0.01003
化工原料,白酒,0.01003
化工原料,啤酒,0.01003
公共交通,白酒,0.010029
公共交通,啤酒,0.010029
公共交通,软饮料,0.010029
公共交通,红黄酒,0.010029
医疗保健,水力发电,0.010022
化纤,公路,0.010016
新型电力,旅游景点,0.010014
铝,公共交通,0.01001
影视音像,火力发电,0.010007
饲料,水力发电,0.010004
全国地产,农药化肥,0.009998
全国地产,中成药,0.009998
公路,船舶,0.009997
旅游景点,黄金,0.009994
运输设备,公路,0.009994
电信运营,服饰,0.009988
房产服务,摩托车,0.009986
机械基件,其他商业,0.009979
生物制药,园区开发,0.009977
服饰,染料涂料,0.009966
煤炭开采,铜,0.009966
旅游景点,新型电力,0.009963
生物制药,公路,0.009961
文教休闲,林业,0.009957
日用化工,农用机械,0.009948
造纸,林业,0.009943
公共交通,汽车整车,0.009941
公共交通,C37铁路、船舶、航空航天和其他运输设备制造业,0.009941
电气设备,林业,0.009941
化学制药,房产服务,0.009939
旅游服务,染料涂料,0.009933
种植业,农用机械,0.009928
工程机械,渔业,0.009923
装修装饰,新型电力,0.009919
旅游景点,石油开采,0.009915
软件服务,水务,0.009911
焦炭加工,旅游服务,0.009909
影视音像,园区开发,0.009905
汽车配件,电信运营,0.009905
农业综合,电器仪表,0.009883
电气设备,仓储物流,0.009872
IT设备,新型电力,0.009869
汽车配件,黄金,0.009864
装修装饰,饲料,0.00986
软件服务,服饰,0.009857
综合类,百货,0.009855
综合类,石油贸易,0.009855
综合类,超市连锁,0.009855
综合类,医药商业,0.009855
综合类,批发业,0.009855
公共交通,日用化工,0.009849
化纤,机场,0.009847
影视音像,公路,0.009836
公共交通,农业综合,0.009836
旅游景点,火力发电,0.009831
房产服务,水运,0.009825
房产服务,路桥,0.009825
房产服务,港口,0.009825
房产服务,铁路,0.009825
全国地产,互联网,0.009825
房产服务,空运,0.009825
服饰,钢加工,0.009817
纺织机械,石油开采,0.009817
电器仪表,供气供热,0.009816
生物制药,公共交通,0.009813
乳制品,商贸代理,0.009805
农业综合,航空,0.009801
食品,公路,0.009798
元器件,商品城,0.009798
装修装饰,火力发电,0.009795
通信设备,化工原料,0.009795
造纸,综合类,0.009792
综合类,石油加工,0.009792
橡胶,全国地产,0.009787
食品,火力发电,0.009778
化学制药,船舶,0.009777
水力发电,农业综合,0.009775
中成药,供气供热,0.009772
农药化肥,供气供热,0.009772
旅游服务,其他建材,0.00977
矿物制品,商品城,0.009766
农业综合,化工机械,0.009761
农业综合,轻工机械,0.009761
种植业,特种钢,0.009749
旅游景点,医疗保健,0.009736
农用机械,综合类,0.009735
旅游景点,汽车配件,0.009735
全国地产,电信运营,0.009732
元器件,旅游景点,0.009731
水泥,纺织机械,0.009729
玻璃,纺织机械,0.009729
食品,公共交通,0.009718
特种钢,日用化工,0.009715
矿物制品,公共交通,0.009713
运输设备,新型电力,0.009711
家用电器,黄金,0.009708
电器仪表,石油开采,0.009707
汽车配件,商贸代理,0.009692
服饰,软件服务,0.009687
化纤,火力发电,0.009678
化工机械,玻璃,0.009675
化工机械,水泥,0.009675
轻工机械,玻璃,0.009675
商贸代理,黄金,0.009675
轻工机械,水泥,0.009675
电气设备,商贸代理,0.009665
电信运营,元器件,0.009661
新型电力,农业综合,0.009657
其他建材,饲料,0.009656
环境保护,钢加工,0.009643
化纤,公共交通,0.009629
机床制造,陶瓷,0.009628
红黄酒,水务,0.009618
啤酒,水务,0.009618
服饰,家用电器,0.009618
其他建材,种植业,0.009618
白酒,水务,0.009618
软饮料,水务,0.009618
其他建材,旅游服务,0.009615
保险,航空,0.009612
证券,航空,0.009612
银行,航空,0.009612
专用机械,园区开发,0.00961
房产服务,火力发电,0.009605
化学制药,公共交通,0.0096
建筑工程,机床制造,0.009594
生物制药,汽车服务,0.009592
黄金,机械基件,0.009584
造纸,港口,0.009583
机械基件,煤炭开采,0.009583
造纸,水运,0.009583
造纸,空运,0.009583
造纸,路桥,0.009583
造纸,铁路,0.009583
乳制品,普钢,0.009576
乳制品,铅锌,0.009576
化工机械,黄金,0.009575
轻工机械,黄金,0.009575
半导体,其他商业,0.00956
旅游服务,纺织,0.009555
互联网,渔业,0.009547
机械基件,商贸代理,0.009547
塑料,汽车服务,0.009547
专用机械,火力发电,0.00954
新型电力,机场,0.009527
钢加工,染料涂料,0.009525
银行,其他建材,0.00952
保险,其他建材,0.00952
证券,其他建材,0.00952
化工机械,铝,0.009506
轻工机械,铝,0.009506
文教休闲,火力发电,0.009504
家居用品,房产服务,0.009501
汽车配件,煤炭开采,0.009494
公共交通,石油开采,0.009493
焦炭加工,生物制药,0.009488
新型电力,空运,0.009484
新型电力,铁路,0.009484
新型电力,港口,0.009484
新型电力,水运,0.009484
新型电力,路桥,0.009484
公共交通,水力发电,0.00948
IT设备,批发业,0.009476
IT设备,百货,0.009476
IT设备,医药商业,0.009476
IT设备,超市连锁,0.009476
IT设备,石油贸易,0.009476
水力发电,服饰,0.009475
旅游服务,化学制药,0.009472
特种钢,染料涂料,0.00947
装修装饰,化工原料,0.009469
汽车配件,旅游景点,0.009468
造纸,乳制品,0.009464
水力发电,半导体,0.009456
电信运营,建筑工程,0.00945
新型电力,饲料,0.009443
塑料,仓储物流,0.009438
生物制药,火力发电,0.009434
食品,焦炭加工,0.009424
普钢,日用化工,0.009422
铅锌,日用化工,0.009422
渔业,生物制药,0.009421
船舶,塑料,0.009412
专用机械,多元金融,0.009408
房产服务,饲料,0.009407
化工原料,火力发电,0.009403
通信设备,广告包装,0.009398
石油开采,塑料,0.009398
文教休闲,园区开发,0.009381
建筑工程,电气设备,0.00938
房产服务,新型电力,0.009379
服饰,船舶,0.009379
特种钢,林业,0.009377
渔业,专用机械,0.009363
渔业,建筑工程,0.009361
农业综合,装修装饰,0.009361
水力发电,文教休闲,0.00936
橡胶,焦炭加工,0.009357
旅游服务,农业综合,0.009353
化工原料,公路,0.00935
公共交通,全国地产,0.009348
C37铁路、船舶、航空航天和其他运输设备制造业,装修装饰,0.009345
汽车整车,装修装饰,0.009345
房产服务,黄金,0.009343
园区开发,证券,0.009333
园区开发,银行,0.009333
园区开发,保险,0.009333
房产服务,石油开采,0.009325
装修装饰,家居用品,0.009324
元器件,饲料,0.00932
IT设备,医疗保健,0.009319
农用机械,种植业,0.009318
生物制药,机场,0.009317
旅游景点,家居用品,0.009315
元器件,公共交通,0.009307
电器仪表,酒店餐饮,0.009306
全国地产,商品城,0.009303
农用机械,园区开发,0.009301
园区开发,钢加工,0.0093
服饰,IT设备,0.009292
电器仪表,批发业,0.009291
电器仪表,超市连锁,0.009291
电器仪表,医药商业,0.009291
电器仪表,百货,0.009291
电器仪表,石油贸易,0.009291
旅游景点,化工原料,0.009288
钢加工,服饰,0.009288
文教休闲,公路,0.009285
服饰,旅游服务,0.009279
渔业,其他建材,0.009274
装修装饰,汽车配件,0.009273
玻璃,特种钢,0.009272
水泥,特种钢,0.009272
专用机械,机场,0.009266
房产服务,汽车配件,0.009258
路桥,电信运营,0.009257
空运,电信运营,0.009257
港口,电信运营,0.009257
铁路,电信运营,0.009257
水运,电信运营,0.009257
电器仪表,火力发电,0.009253
其他建材,煤炭开采,0.009248
装修装饰,铜,0.009247
医疗保健,商贸代理,0.009246
生物制药,煤炭开采,0.009245
机械基件,饲料,0.009243
新型电力,电信运营,0.009235
广告包装,机场,0.00923
日用化工,装修装饰,0.009213
食品,机场,0.00921
煤炭开采,汽车配件,0.00921
影视音像,生物制药,0.009207
建筑工程,汽车服务,0.009207
旅游景点,水运,0.009205
旅游景点,路桥,0.009205
旅游景点,空运,0.009205
旅游景点,港口,0.009205
旅游景点,铁路,0.009205
专用机械,纺织,0.009204
区域地产,渔业,0.009198
家居用品,饲料,0.009195
水力发电,食品,0.009194
玻璃,软件服务,0.00919
水泥,软件服务,0.00919
服饰,特种钢,0.009183
元器件,黄金,0.009183
日用化工,软饮料,0.009177
装修装饰,空运,0.009177
船舶,商贸代理,0.009177
日用化工,啤酒,0.009177
装修装饰,路桥,0.009177
装修装饰,港口,0.009177
装修装饰,铁路,0.009177
装修装饰,水运,0.009177
日用化工,红黄酒,0.009177
日用化工,白酒,0.009177
房产服务,公路,0.009159
乳制品,石油开采,0.009155
化学制药,商品城,0.009153
种植业,公路,0.009145
专用机械,其他商业,0.009143
小金属,黄金,0.009139
服饰,工程机械,0.009139
水力发电,纺织机械,0.009139
公共交通,黄金,0.009138
农用机械,公共交通,0.009134
机床制造,装修装饰,0.00913
化工原料,机场,0.009124
园区开发,公路,0.009106
商贸代理,焦炭加工,0.009104
纺织,房产服务,0.009099
新型电力,仓储物流,0.009096
运输设备,化工原料,0.009093
互联网,黄金,0.009087
机床制造,家居用品,0.00908
钢加工,黄金,0.009079
环境保护,影视音像,0.009064
日用化工,综合类,0.009059
石油开采,其他建材,0.009054
专用机械,房产服务,0.009053
元器件,渔业,0.009048
公共交通,石油加工,0.009037
商贸代理,煤炭开采,0.009037
煤炭开采,医疗保健,0.009036
水泥,IT设备,0.009031
玻璃,IT设备,0.009031
种植业,其他商业,0.009016
焦炭加工,林业,0.009005
家用电器,公共交通,0.009
造纸,陶瓷,0.008994
汽车配件,水力发电,0.008993
文教休闲,建筑工程,0.008982
机械基件,黄金,0.008981
证券,酒店餐饮,0.008977
保险,酒店餐饮,0.008977
钢加工,化工原料,0.008977
银行,酒店餐饮,0.008977
元器件,水力发电,0.008976
旅游景点,铜,0.008975
证券,渔业,0.008974
保险,渔业,0.008974
银行,渔业,0.008974
染料涂料,乳制品,0.00896
化工原料,酒店餐饮,0.008954
饲料,商品城,0.008954
广告包装,证券,0.008948
广告包装,保险,0.008948
广告包装,银行,0.008948
农用机械,石油加工,0.008946
电器仪表,水泥,0.008936
电器仪表,玻璃,0.008936
装修装饰,矿物制品,0.008935
化学制药,农用机械,0.008934
旅游服务,铝,0.008926
服饰,软饮料,0.00892
服饰,红黄酒,0.00892
服饰,白酒,0.00892
服饰,啤酒,0.00892
农用机械,公路,0.008918
旅游景点,公路,0.008917
装修装饰,公路,0.008915
综合类,煤炭开采,0.008907
汽车配件,商品城,0.008906
汽车整车,房产服务,0.008904
C37铁路、船舶、航空航天和其他运输设备制造业,房产服务,0.008904
汽车整车,其他商业,0.008902
C37铁路、船舶、航空航天和其他运输设备制造业,其他商业,0.008902
化工机械,建筑工程,0.0089
轻工机械,建筑工程,0.0089
铜,石油加工,0.008898
运输设备,汽车服务,0.008897
农用机械,水务,0.008893
C37铁路、船舶、航空航天和其他运输设备制造业,供气供热,0.00889
汽车整车,供气供热,0.00889
专用机械,商贸代理,0.00889
小金属,服饰,0.008883
家用电器,水力发电,0.008865
造纸,食品,0.008851
食品,园区开发,0.008851
酒店餐饮,电器仪表,0.008849
其他建材,水力发电,0.008841
环境保护,铅锌,0.00883
环境保护,普钢,0.00883
机械基件,渔业,0.008821
旅游服务,焦炭加工,0.008814
旅游服务,纺织机械,0.008814
通信设备,生物制药,0.008806
软件服务,广告包装,0.008805
造纸,饲料,0.008804
水力发电,元器件,0.008801
新型电力,其他商业,0.008801
旅游服务,日用化工,0.008799
建筑工程,航空,0.008795
服饰,塑料,0.008785
普钢,染料涂料,0.008782
铅锌,染料涂料,0.008782
半导体,黄金,0.008768
汽车服务,多元金融,0.008765
建筑工程,化工机械,0.00876
建筑工程,轻工机械,0.00876
园区开发,火力发电,0.00876
乳制品,园区开发,0.008759
农用机械,火力发电,0.008753
旅游景点,矿物制品,0.008751
服饰,通信设备,0.008735
农业综合,IT设备,0.008731
电器仪表,农药化肥,0.00873
电器仪表,中成药,0.00873
综合类,公路,0.008721
机械基件,水力发电,0.008718
装修装饰,酒店餐饮,0.008717
染料涂料,焦炭加工,0.008713
通信设备,家居用品,0.008709
环境保护,黄金,0.008708
电气设备,机场,0.008708
石油加工,机床制造,0.0087
其他建材,商贸代理,0.008699
石油加工,IT设备,0.008698
服饰,机械基件,0.008695
酒店餐饮,建筑工程,0.008693
机械基件,酒店餐饮,0.008692
机床制造,煤炭开采,0.008691
煤炭开采,元器件,0.008691
专用机械,食品,0.00869
服饰,铜,0.008689
文教休闲,钢加工,0.008667
全国地产,旅游景点,0.008665
乳制品,黄金,0.008663
农业综合,机床制造,0.008652
煤炭开采,铝,0.008649
家用电器,商品城,0.008641
农用机械,生物制药,0.008638
渔业,石油加工,0.008638
供气供热,渔业,0.008633
家居用品,影视音像,0.008633
家居用品,软饮料,0.00862
家居用品,红黄酒,0.00862
家居用品,啤酒,0.00862
家居用品,白酒,0.00862
电器仪表,商贸代理,0.008618
摩托车,塑料,0.008618
水泥,环境保护,0.008615
玻璃,环境保护,0.008615
专用机械,保险,0.008612
专用机械,银行,0.008612
专用机械,证券,0.008612
农业综合,铅锌,0.008608
农业综合,普钢,0.008608
装修装饰,铅锌,0.008593
装修装饰,普钢,0.008593
机械基件,种植业,0.00859
特种钢,石油开采,0.008579
互联网,铅锌,0.008576
互联网,普钢,0.008576
环境保护,综合类,0.008571
乳制品,汽车服务,0.008567
半导体,种植业,0.008554
汽车配件,影视音像,0.008554
电器仪表,陶瓷,0.008553
房产服务,铜,0.00855
电信运营,食品,0.008547
铜,商品城,0.008537
煤炭开采,家居用品,0.008534
环境保护,供气供热,0.008525
专用机械,农业综合,0.008524
建筑工程,元器件,0.008522
专用机械,铅锌,0.00852
专用机械,普钢,0.00852
饲料,商贸代理,0.008519
服饰,运输设备,0.008518
旅游景点,铅锌,0.008505
旅游景点,普钢,0.008505
软件服务,水力发电,0.0085
医疗保健,汽车服务,0.008495
家居用品,互联网,0.008486
塑料,火力发电,0.008468
服饰,化工机械,0.008463
服饰,轻工机械,0.008463
电器仪表,化纤,0.00845
专用机械,水力发电,0.008449
综合类,多元金融,0.008449
种植业,钢加工,0.008444
家居用品,渔业,0.008441
园区开发,供气供热,0.00844
运输设备,医疗保健,0.008418
文教休闲,种植业,0.008417
水力发电,运输设备,0.008417
食品,汽车服务,0.008416
渔业,电气设备,0.008404
电信运营,化纤,0.008392
房产服务,矿物制品,0.008391
矿物制品,煤炭开采,0.008386
橡胶,区域地产,0.008386
化工原料,出版业,0.008374
纺织,造纸,0.008355
旅游服务,石油加工,0.008352
工程机械,火力发电,0.008349
银行,通信设备,0.008334
保险,通信设备,0.008334
证券,通信设备,0.008334
旅游服务,橡胶,0.00833
园区开发,石油开采,0.008309
铝,综合类,0.008309
文教休闲,乳制品,0.008297
种植业,公共交通,0.008295
全国地产,酒店餐饮,0.008295
纺织机械,特种钢,0.008292
食品,供气供热,0.008292
文教休闲,铅锌,0.008291
文教休闲,普钢,0.008291
乳制品,焦炭加工,0.008261
电气设备,煤炭开采,0.00826
广告包装,铁路,0.008256
广告包装,空运,0.008256
广告包装,水运,0.008256
广告包装,路桥,0.008256
广告包装,港口,0.008256
种植业,全国地产,0.008236
船舶,医疗保健,0.00823
半导体,水力发电,0.008226
航空,煤炭开采,0.008222
装修装饰,煤炭开采,0.008204
旅游景点,机床制造,0.0082
保险,农业综合,0.008198
银行,农业综合,0.008198
证券,农业综合,0.008198
环境保护,饲料,0.008197
化工机械,其他建材,0.008197
轻工机械,其他建材,0.008197
种植业,火力发电,0.008193
环境保护,林业,0.008193
塑料,机场,0.008185
电信运营,种植业,0.008183
汽车配件,饲料,0.008178
C37铁路、船舶、航空航天和其他运输设备制造业,工程机械,0.008174
房产服务,机床制造,0.008174
汽车整车,工程机械,0.008174
旅游景点,化工机械,0.008166
旅游景点,轻工机械,0.008166
石油开采,日用化工,0.008165
元器件,煤炭开采,0.008164
房产服务,化工机械,0.008146
房产服务,轻工机械,0.008146
摩托车,特种钢,0.008146
食品,电信运营,0.008135
玻璃,普钢,0.008119
水泥,普钢,0.008119
玻璃,铅锌,0.008119
水泥,铅锌,0.008119
半导体,火力发电,0.008117
家用电器,普钢,0.00811
家用电器,铅锌,0.00811
造纸,农业综合,0.008109
装修装饰,化工机械,0.008103
装修装饰,轻工机械,0.008103
装修装饰,机床制造,0.008097
电器仪表,化学制药,0.008091
元器件,酒店餐饮,0.008084
服饰,园区开发,0.008079
水力发电,工程机械,0.008077
焦炭加工,农业综合,0.008074
日用化工,软件服务,0.008072
农用机械,机场,0.008067
饲料,环境保护,0.008049
电器仪表,多元金融,0.008044
元器件,铅锌,0.00804
纺织机械,装修装饰,0.00804
元器件,普钢,0.00804
保险,日用化工,0.008029
证券,日用化工,0.008029
银行,日用化工,0.008029
元器件,种植业,0.008028
文教休闲,新型电力,0.008027
房产服务,铅锌,0.00802
房产服务,普钢,0.00802
银行,石油加工,0.008019
保险,石油加工,0.008019
证券,石油加工,0.008019
农业综合,船舶,0.008018
服饰,化纤,0.008002
新型电力,影视音像,0.007994
染料涂料,房产服务,0.007993
船舶,广告包装,0.007991
汽车配件,种植业,0.007988
旅游景点,酒店餐饮,0.007985
家居用品,铅锌,0.007972
家居用品,普钢,0.007972
服饰,互联网,0.007972
文教休闲,黄金,0.007971
造纸,通信设备,0.007968
纺织机械,旅游服务,0.007965
元器件,商贸代理,0.007962
服饰,饲料,0.007962
食品,其他商业,0.007958
元器件,软饮料,0.007956
元器件,红黄酒,0.007956
元器件,白酒,0.007956
元器件,啤酒,0.007956
纺织,医疗保健,0.00795
特种钢,化工原料,0.007933
电信运营,酒店餐饮,0.007932
装修装饰,啤酒,0.007926
装修装饰,白酒,0.007926
装修装饰,红黄酒,0.007926
装修装饰,软饮料,0.007926
铜,公共交通,0.007925
汽车配件,渔业,0.007915
橡胶,煤炭开采,0.007914
化工原料,全国地产,0.00791
农业综合,钢加工,0.007905
旅游景点,软饮料,0.007904
旅游景点,红黄酒,0.007904
旅游景点,白酒,0.007904
旅游景点,啤酒,0.007904
工程机械,公路,0.007902
铝,汽车服务,0.007898
服饰,机床制造,0.007897
家居用品,煤炭开采,0.007895
电器仪表,食品,0.007881
染料涂料,园区开发,0.007881
渔业,工程机械,0.007877
石油开采,矿物制品,0.007876
软饮料,日用化工,0.007871
啤酒,日用化工,0.007871
红黄酒,日用化工,0.007871
白酒,日用化工,0.007871
白酒,陶瓷,0.007862
软饮料,陶瓷,0.007862
红黄酒,陶瓷,0.007862
啤酒,陶瓷,0.007862
通信设备,其他建材,0.007856
染料涂料,酒店餐饮,0.007853
装修装饰,林业,0.007847
新型电力,种植业,0.007844
影视音像,农用机械,0.007842
文教休闲,特种钢,0.00784
文教休闲,饲料,0.007835
文教休闲,银行,0.007835
文教休闲,证券,0.007835
文教休闲,保险,0.007835
玻璃,机场,0.00783
水泥,机场,0.00783
环境保护,多元金融,0.007824
染料涂料,仓储物流,0.007823
塑料,房产服务,0.007813
食品,煤炭开采,0.007809
公共交通,渔业,0.007807
服饰,农业综合,0.007805
证券,林业,0.007805
银行,林业,0.007805
保险,林业,0.007805
染料涂料,煤炭开采,0.007803
石油加工,综合类,0.007802
建筑工程,环境保护,0.007799
房产服务,啤酒,0.00779
房产服务,白酒,0.00779
房产服务,红黄酒,0.00779
房产服务,软饮料,0.00779
电器仪表,乳制品,0.007785
房产服务,林业,0.007775
运输设备,多元金融,0.007765
互联网,石油加工,0.007764
通信设备,公路,0.007762
装修装饰,家用电器,0.007751
新型电力,公共交通,0.00775
机械基件,供气供热,0.007748
运输设备,供气供热,0.007748
铜,综合类,0.007737
农用机械,焦炭加工,0.007733
工程机械,红黄酒,0.007732
工程机械,软饮料,0.007732
工程机械,白酒,0.007732
工程机械,啤酒,0.007732
电器仪表,机场,0.007729
纺织,林业,0.007728
影视音像,环境保护,0.007727
机械基件,啤酒,0.007712
机械基件,软饮料,0.007712
机械基件,红黄酒,0.007712
机械基件,白酒,0.007712
机械基件,机场,0.007711
旅游景点,家用电器,0.00771
航空,陶瓷,0.0077
旅游景点,林业,0.007693
生物制药,电信运营,0.007691
半导体,百货,0.007687
半导体,批发业,0.007687
半导体,医药商业,0.007687
半导体,石油贸易,0.007687
半导体,超市连锁,0.007687
家用电器,渔业,0.007683
农用机械,电信运营,0.007678
造纸,纺织,0.007675
服饰,食品,0.007674
家居用品,汽车服务,0.007673
焦炭加工,服饰,0.007671
焦炭加工,综合类,0.00767
保险,染料涂料,0.007669
银行,染料涂料,0.007669
证券,染料涂料,0.007669
林业,园区开发,0.007662
出版业,广告包装,0.00766
家用电器,汽车服务,0.007654
石油开采,农药化肥,0.007653
石油开采,中成药,0.007653
服饰,橡胶,0.007652
房产服务,家用电器,0.007645
家居用品,酒店餐饮,0.007644
玻璃,化工原料,0.007635
水泥,化工原料,0.007635
家用电器,旅游景点,0.007634
建筑工程,铜,0.007621
造纸,环境保护,0.007615
旅游景点,特种钢,0.007608
IT设备,石油开采,0.007608
机械基件,火力发电,0.007606
全国地产,半导体,0.007603
化学制药,软件服务,0.007603
服饰,公共交通,0.0076
船舶,生物制药,0.007596
酒店餐饮,机场,0.007588
文教休闲,全国地产,0.007583
化学制药,影视音像,0.007581
半导体,渔业,0.007579
电气设备,饲料,0.007572
影视音像,乳制品,0.00757
工程机械,酒店餐饮,0.007569
渔业,供气供热,0.007562
纺织,影视音像,0.007549
电器仪表,水力发电,0.007547
公路,影视音像,0.007543
电信运营,航空,0.007543
农用机械,汽车服务,0.007539
石油加工,船舶,0.007529
医疗保健,房产服务,0.00752
轻工机械,家居用品,0.007513
化工机械,家居用品,0.007513
种植业,机场,0.007511
染料涂料,铁路,0.007507
染料涂料,水运,0.007507
染料涂料,港口,0.007507
染料涂料,路桥,0.007507
染料涂料,空运,0.007507
水力发电,酒店餐饮,0.007503
玻璃,汽车整车,0.007487
化工原料,乳制品,0.007487
水泥,C37铁路、船舶、航空航天和其他运输设备制造业,0.007487
水泥,汽车整车,0.007487
旅游景点,陶瓷,0.007487
玻璃,C37铁路、船舶、航空航天和其他运输设备制造业,0.007487
旅游景点,水泥,0.007482
旅游景点,玻璃,0.007482
化工机械,装修装饰,0.007481
轻工机械,装修装饰,0.007481
园区开发,石油加工,0.007473
酒店餐饮,火力发电,0.007459
建筑工程,工程机械,0.007455
电气设备,房产服务,0.007454
服饰,仓储物流,0.00744
运输设备,建筑工程,0.007438
小金属,汽车服务,0.007436
房产服务,玻璃,0.007436
房产服务,水泥,0.007436
房产服务,特种钢,0.007436
专用机械,黄金,0.007435
其他建材,旅游景点,0.00743
通信设备,服饰,0.00743
装修装饰,陶瓷,0.00743
焦炭加工,食品,0.007428
证券,家用电器,0.007423
银行,家用电器,0.007423
保险,家用电器,0.007423
装修装饰,小金属,0.007422
电信运营,医疗保健,0.007421
火力发电,电信运营,0.007418
专用机械,公路,0.007418
船舶,建筑工程,0.007417
旅游服务,渔业,0.007413
运输设备,出版业,0.007409
机械基件,乳制品,0.007404
装修装饰,特种钢,0.007395
铝,林业,0.007395
房产服务,陶瓷,0.00739
专用机械,出版业,0.007389
农业综合,特种钢,0.007389
服饰,化学制药,0.007384
文教休闲,水力发电,0.007379
酒店餐饮,公路,0.007377
化工机械,普钢,0.007376
轻工机械,铅锌,0.007376
轻工机械,普钢,0.007376
化工机械,铅锌,0.007376
旅游景点,造纸,0.007368
纺织机械,综合类,0.00736
家用电器,种植业,0.007354
摩托车,综合类,0.007353
IT设备,建筑工程,0.007351
运输设备,商贸代理,0.007348
电器仪表,其他建材,0.007347
元器件,出版业,0.007346
旅游景点,小金属,0.007341
新型电力,酒店餐饮,0.007339
新型电力,林业,0.007337
电器仪表,饲料,0.007336
塑料,影视音像,0.007336
环境保护,公共交通,0.007321
焦炭加工,供气供热,0.007318
机床制造,石油开采,0.007316
医疗保健,焦炭加工,0.007314
装修装饰,玻璃,0.007311
装修装饰,水泥,0.007311
IT设备,商贸代理,0.007308
广告包装,酒店餐饮,0.007305
互联网,煤炭开采,0.007298
家用电器,商贸代理,0.007296
石油加工,农用机械,0.007291
摩托车,汽车服务,0.00729
白酒,塑料,0.007289
啤酒,塑料,0.007289
红黄酒,塑料,0.007289
软饮料,塑料,0.007289
服饰,空运,0.007288
服饰,路桥,0.007288
服饰,铁路,0.007288
服饰,港口,0.007288
服饰,水运,0.007288
电气设备,种植业,0.007286
建筑工程,其他建材,0.007285
IT设备,广告包装,0.00728
环境保护,种植业,0.007279
全国地产,公共交通,0.007274
白酒,农药化肥,0.007271
啤酒,农药化肥,0.007271
软饮料,中成药,0.007271
软饮料,农药化肥,0.007271
啤酒,中成药,0.007271
红黄酒,农药化肥,0.007271
红黄酒,中成药,0.007271
白酒,中成药,0.007271
软件服务,乳制品,0.007258
航空,火力发电,0.007254
铝,旅游服务,0.007249
船舶,特种钢,0.007244
种植业,电信运营,0.007242
汽车整车,农用机械,0.007241
C37铁路、船舶、航空航天和其他运输设备制造业,农用机械,0.007241
专用机械,煤炭开采,0.007241
软饮料,水力发电,0.007225
红黄酒,水力发电,0.007225
啤酒,水力发电,0.007225
白酒,水力发电,0.007225
元器件,房产服务,0.007222
半导体,出版业,0.00722
小金属,商品城,0.007211
全国地产,生物制药,0.00721
建筑工程,医疗保健,0.007208
家居用品,水力发电,0.007206
商贸代理,批发业,0.007202
商贸代理,医药商业,0.007202
商贸代理,百货,0.007202
商贸代理,石油贸易,0.007202
商贸代理,超市连锁,0.007202
化学制药,全国地产,0.0072
水力发电,种植业,0.007198
元器件,港口,0.007191
元器件,空运,0.007191
元器件,路桥,0.007191
元器件,水运,0.007191
元器件,铁路,0.007191
旅游景点,钢加工,0.007188
饲料,染料涂料,0.007182
通信设备,农药化肥,0.00718
通信设备,中成药,0.00718
橡胶,商品城,0.007177
陶瓷,乳制品,0.007169
橡胶,房产服务,0.007166
航空,机场,0.007153
服饰,铅锌,0.00715
服饰,普钢,0.00715
塑料,商品城,0.007143
电气设备,渔业,0.007141
专用机械,供气供热,0.00714
房产服务,小金属,0.00714
生物制药,其他商业,0.007135
焦炭加工,旅游景点,0.007131
化工原料,汽车服务,0.007125
小金属,煤炭开采,0.007122
煤炭开采,石油开采,0.007122
农药化肥,医药商业,0.007119
农药化肥,批发业,0.007119
中成药,石油贸易,0.007119
农药化肥,百货,0.007119
中成药,百货,0.007119
中成药,医药商业,0.007119
农药化肥,超市连锁,0.007119
中成药,超市连锁,0.007119
中成药,批发业,0.007119
农药化肥,石油贸易,0.007119
旅游景点,煤炭开采,0.007108
钢加工,汽车服务,0.007103
元器件,仓储物流,0.007103
IT设备,特种钢,0.007101
建筑工程,电器仪表,0.007099
化工机械,造纸,0.007092
轻工机械,造纸,0.007092
家居用品,仓储物流,0.007084
证券,船舶,0.007081
保险,船舶,0.007081
银行,船舶,0.007081
半导体,煤炭开采,0.007077
造纸,船舶,0.00707
文教休闲,机床制造,0.007069
染料涂料,出版业,0.007068
建筑工程,铝,0.007055
乳制品,多元金融,0.007054
白酒,工程机械,0.007048
红黄酒,工程机械,0.007048
软饮料,工程机械,0.007048
啤酒,工程机械,0.007048
纺织,广告包装,0.007046
服饰,乳制品,0.007041
装修装饰,染料涂料,0.007038
酒店餐饮,服饰,0.007036
电器仪表,软饮料,0.007032
电器仪表,啤酒,0.007032
电器仪表,白酒,0.007032
电器仪表,红黄酒,0.007032
家居用品,水运,0.007028
家居用品,港口,0.007028
家居用品,空运,0.007028
家居用品,铁路,0.007028
家居用品,路桥,0.007028
化工原料,房产服务,0.007019
装修装饰,造纸,0.007016
航空,旅游服务,0.007013
园区开发,水力发电,0.007003
装修装饰,钢加工,0.007001
保险,IT设备,0.007001
证券,IT设备,0.007001
银行,IT设备,0.007001
农用机械,其他商业,0.007
家居用品,种植业,0.006996
房产服务,钢加工,0.006988
日用化工,全国地产,0.006977
全国地产,农用机械,0.006961
白酒,环境保护,0.006958
啤酒,环境保护,0.006958
软饮料,环境保护,0.006958
红黄酒,环境保护,0.006958
饲料,化纤,0.006956
互联网,焦炭加工,0.006954
摩托车,多元金融,0.006952
水力发电,建筑工程,0.006952
银行,造纸,0.006931
证券,造纸,0.006931
保险,造纸,0.006931
种植业,水务,0.00693
航空,公路,0.006929
酒店餐饮,元器件,0.006917
小金属,公共交通,0.006914
农业综合,农用机械,0.006906
煤炭开采,生物制药,0.006892
船舶,园区开发,0.006884
影视音像,服饰,0.006882
农业综合,区域地产,0.00688
全国地产,综合类,0.00688
房产服务,造纸,0.006879
种植业,园区开发,0.006876
电器仪表,公路,0.006876
电器仪表,橡胶,0.006872
软件服务,化纤,0.006859
玻璃,运输设备,0.006857
水泥,运输设备,0.006857
商贸代理,多元金融,0.006856
环境保护,仓储物流,0.006837
旅游景点,染料涂料,0.006823
建筑工程,专用机械,0.006818
黄金,半导体,0.006812
白酒,供气供热,0.006812
软饮料,供气供热,0.006812
船舶,中成药,0.006812
红黄酒,供气供热,0.006812
啤酒,供气供热,0.006812
船舶,农药化肥,0.006812
半导体,饲料,0.006806
新型电力,房产服务,0.006804
农用机械,商贸代理,0.006804
汽车配件,其他商业,0.006794
橡胶,铁路,0.006793
橡胶,路桥,0.006793
橡胶,空运,0.006793
橡胶,港口,0.006793
橡胶,水运,0.006793
服饰,综合类,0.006788
机械基件,医药商业,0.006788
机械基件,批发业,0.006788
机械基件,超市连锁,0.006788
机械基件,石油贸易,0.006788
机械基件,百货,0.006788
水力发电,林业,0.006779
酒店餐饮,电信运营,0.006777
陶瓷,机场,0.006774
全国地产,乳制品,0.006772
家居用品,黄金,0.006771
保险,纺织机械,0.006759
证券,纺织机械,0.006759
银行,纺织机械,0.006759
造纸,电器仪表,0.006758
造纸,汽车服务,0.006748
橡胶,园区开发,0.006745
服饰,农用机械,0.006736
水力发电,渔业,0.00673
旅游景点,其他建材,0.006728
其他建材,汽车服务,0.006725
煤炭开采,广告包装,0.006723
装修装饰,其他建材,0.006719
塑料,公共交通,0.006718
普钢,化工原料,0.006712
铅锌,化工原料,0.006712
火力发电,保险,0.00671
火力发电,证券,0.00671
火力发电,银行,0.00671
房产服务,染料涂料,0.006704
家居用品,乳制品,0.006693
影视音像,元器件,0.006685
染料涂料,其他商业,0.006682
家用电器,煤炭开采,0.00668
农用机械,供气供热,0.006673
文教休闲,渔业,0.006662
房产服务,纺织,0.00666
服饰,电信运营,0.006657
运输设备,石油开采,0.006653
全国地产,旅游服务,0.006648
家用电器,饲料,0.006642
渔业,装修装饰,0.00663
电器仪表,农业综合,0.006628
房产服务,其他建材,0.006621
普钢,林业,0.00662
铅锌,林业,0.00662
旅游景点,纺织,0.006612
装修装饰,纺织,0.006607
纺织机械,广告包装,0.006607
园区开发,铅锌,0.006606
船舶,证券,0.006606
船舶,保险,0.006606
园区开发,普钢,0.006606
船舶,银行,0.006606
环境保护,煤炭开采,0.006599
元器件,乳制品,0.006596
种植业,石油开采,0.006595
中成药,多元金融,0.006594
农药化肥,多元金融,0.006594
家居用品,商贸代理,0.006592
摩托车,医疗保健,0.006587
化纤,电信运营,0.006585
园区开发,水务,0.006582
半导体,公路,0.006578
环境保护,机场,0.00657
建筑工程,汽车配件,0.00657
化工原料,煤炭开采,0.00657
服饰,焦炭加工,0.006568
乳制品,煤炭开采,0.006566
造纸,渔业,0.006556
电信运营,汽车配件,0.006555
新型电力,乳制品,0.006555
电气设备,焦炭加工,0.006553
房产服务,煤炭开采,0.006552
种植业,汽车服务,0.00655
元器件,火力发电,0.006547
白酒,生物制药,0.006544
啤酒,生物制药,0.006544
红黄酒,生物制药,0.006544
软饮料,生物制药,0.006544
家居用品,公共交通,0.006543
环境保护,出版业,0.006528
专用机械,林业,0.00652
生物制药,供气供热,0.006514
造纸,其他建材,0.006511
水力发电,超市连锁,0.006506
水力发电,石油贸易,0.006506
水力发电,批发业,0.006506
水力发电,医药商业,0.006506
水力发电,百货,0.006506
石油加工,啤酒,0.006504
石油加工,白酒,0.006504
石油加工,软饮料,0.006504
石油加工,红黄酒,0.006504
建筑工程,煤炭开采,0.006492
园区开发,黄金,0.006486
运输设备,批发业,0.006481
运输设备,石油贸易,0.006481
运输设备,百货,0.006481
运输设备,医药商业,0.006481
运输设备,超市连锁,0.006481
农用机械,水力发电,0.006477
石油加工,全国地产,0.006469
旅游景点,化学制药,0.006466
影视音像,建筑工程,0.006459
证券,化学制药,0.006452
银行,化学制药,0.006452
保险,化学制药,0.006452
房产服务,化学制药,0.006449
橡胶,互联网,0.00644
矿物制品,日用化工,0.006436
医疗保健,互联网,0.006432
服饰,农药化肥,0.006429
服饰,中成药,0.006429
装修装饰,化学制药,0.006424
塑料,公路,0.006422
电气设备,其他商业,0.006417
陶瓷,煤炭开采,0.00641
家居用品,电信运营,0.006406
红黄酒,装修装饰,0.006403
软饮料,装修装饰,0.006403
啤酒,装修装饰,0.006403
白酒,装修装饰,0.006403
C37铁路、船舶、航空航天和其他运输设备制造业,机床制造,0.006401
汽车整车,机床制造,0.006401
半导体,多元金融,0.006396
建筑工程,农用机械,0.006396
铜,日用化工,0.006393
种植业,焦炭加工,0.00639
环境保护,乳制品,0.00637
家居用品,焦炭加工,0.006369
服饰,渔业,0.006364
园区开发,煤炭开采,0.006362
电器仪表,煤炭开采,0.006362
种植业,铅锌,0.006361
种植业,普钢,0.006361
机床制造,全国地产,0.00636
服饰,其他商业,0.006359
旅游景点,农业综合,0.006358
新型电力,渔业,0.006351
酒店餐饮,航空,0.00635
医疗保健,机场,0.006347
服饰,生物制药,0.006347
造纸,IT设备,0.006331
农业综合,软件服务,0.006324
医疗保健,影视音像,0.006321
保险,纺织,0.00632
证券,纺织,0.00632
银行,纺织,0.00632
电信运营,全国地产,0.006316
船舶,服饰,0.00631
建筑工程,通信设备,0.006307
啤酒,通信设备,0.006301
软饮料,通信设备,0.006301
红黄酒,通信设备,0.006301
白酒,通信设备,0.006301
机械基件,多元金融,0.006301
轻工机械,陶瓷,0.006298
化工机械,陶瓷,0.006298
装修装饰,纺织机械,0.00629
装修装饰,农业综合,0.006277
轻工机械,化工原料,0.006268
电信运营,纺织机械,0.006268
化工机械,化工原料,0.006268
造纸,塑料,0.006262
新型电力,公路,0.00625
电器仪表,钢加工,0.006246
啤酒,化工原料,0.006237
软饮料,化工原料,0.006237
白酒,化工原料,0.006237
红黄酒,化工原料,0.006237
工程机械,焦炭加工,0.006232
日用化工,乳制品,0.006229
机床制造,铅锌,0.006227
机床制造,普钢,0.006227
专用机械,批发业,0.006227
专用机械,石油贸易,0.006227
专用机械,医药商业,0.006227
专用机械,百货,0.006227
专用机械,超市连锁,0.006227
电器仪表,种植业,0.006219
陶瓷,互联网,0.006202
渔业,半导体,0.006202
造纸,化纤,0.006199
软件服务,食品,0.006193
煤炭开采,半导体,0.006188
啤酒,仓储物流,0.006187
白酒,仓储物流,0.006187
红黄酒,仓储物流,0.006187
软饮料,仓储物流,0.006187
装修装饰,铝,0.006181
造纸,医疗保健,0.006178
汽车整车,环境保护,0.006175
C37铁路、船舶、航空航天和其他运输设备制造业,环境保护,0.006175
医疗保健,铁路,0.006169
医疗保健,空运,0.006169
医疗保健,港口,0.006169
医疗保健,路桥,0.006169
医疗保健,水运,0.006169
轻工机械,染料涂料,0.006165
化工机械,染料涂料,0.006165
电器仪表,日用化工,0.006153
石油加工,软件服务,0.006151
啤酒,区域地产,0.006146
软饮料,区域地产,0.006146
红黄酒,区域地产,0.006146
白酒,区域地产,0.006146
广告包装,火力发电,0.006144
装修装饰,日用化工,0.006128
纺织机械,建筑工程,0.006126
房产服务,农业综合,0.006112
全国地产,通信设备,0.006111
旅游景点,铝,0.00611
化纤,其他商业,0.006106
水力发电,出版业,0.0061
通信设备,证券,0.006098
通信设备,银行,0.006098
通信设备,保险,0.006098
旅游景点,纺织机械,0.006096
陶瓷,汽车服务,0.006095
软件服务,种植业,0.006086
软件服务,煤炭开采,0.006084
黄金,汽车配件,0.006084
医疗保健,煤炭开采,0.006083
橡胶,仓储物流,0.006075
化工原料,园区开发,0.006073
建筑工程,小金属,0.00607
陶瓷,酒店餐饮,0.006061
环境保护,焦炭加工,0.006057
渔业,家用电器,0.006056
造纸,机械基件,0.006054
房产服务,纺织机械,0.00605
电信运营,染料涂料,0.006048
煤炭开采,农业综合,0.006048
IT设备,服饰,0.006047
电信运营,化工原料,0.006041
旅游景点,日用化工,0.006036
运输设备,广告包装,0.006034
铜,林业,0.006033
酒店餐饮,超市连锁,0.006022
酒店餐饮,石油贸易,0.006022
酒店餐饮,百货,0.006022
酒店餐饮,批发业,0.006022
酒店餐饮,医药商业,0.006022
特种钢,综合类,0.006019
种植业,多元金融,0.006005
软饮料,汽车配件,0.006001
啤酒,汽车配件,0.006001
红黄酒,汽车配件,0.006001
白酒,汽车配件,0.006001
旅游景点,焦炭加工,0.006
纺织机械,汽车服务,0.006
特种钢,服饰,0.005994
机床制造,黄金,0.005988
铜,汽车服务,0.005983
酒店餐饮,专用机械,0.005979
煤炭开采,食品,0.005961
日用化工,煤炭开采,0.00596
房产服务,铝,0.005957
文教休闲,软饮料,0.005957
文教休闲,白酒,0.005957
文教休闲,啤酒,0.005957
文教休闲,红黄酒,0.005957
环境保护,火力发电,0.005935
红黄酒,水运,0.005932
软饮料,水运,0.005932
软饮料,港口,0.005932
红黄酒,空运,0.005932
啤酒,空运,0.005932
软饮料,空运,0.005932
红黄酒,港口,0.005932
啤酒,铁路,0.005932
啤酒,路桥,0.005932
白酒,港口,0.005932
白酒,空运,0.005932
红黄酒,铁路,0.005932
啤酒,水运,0.005932
白酒,路桥,0.005932
红黄酒,路桥,0.005932
软饮料,铁路,0.005932
软饮料,路桥,0.005932
啤酒,港口,0.005932
白酒,水运,0.005932
白酒,铁路,0.005932
造纸,化学制药,0.005925
水力发电,机床制造,0.005924
公路,证券,0.00592
公路,银行,0.00592
公路,保险,0.00592
装修装饰,石油加工,0.00592
机械基件,公路,0.005918
IT设备,生物制药,0.005917
种植业,黄金,0.005915
其他建材,红黄酒,0.00591
其他建材,啤酒,0.00591
其他建材,白酒,0.00591
其他建材,软饮料,0.00591
造纸,元器件,0.005905
石油开采,家用电器,0.005903
元器件,供气供热,0.005898
环境保护,渔业,0.005895
房产服务,日用化工,0.005886
园区开发,焦炭加工,0.005884
服饰,新型电力,0.005883
广告包装,公路,0.005883
汽车配件,房产服务,0.005874
电信运营,摩托车,0.005873
IT设备,园区开发,0.005865
水泥,林业,0.005865
玻璃,林业,0.005865
专用机械,饲料,0.005861
林业,区域地产,0.00586
影视音像,食品,0.005859
元器件,机场,0.005856
汽车配件,出版业,0.005852
元器件,其他商业,0.00585
纺织机械,旅游景点,0.005841
酒店餐饮,半导体,0.005838
农业综合,供气供热,0.005835
小金属,石油开采,0.005835
半导体,供气供热,0.005818
电气设备,公路,0.005814
纺织机械,林业,0.005804
纺织机械,其他商业,0.005803
农业综合,互联网,0.005802
通信设备,饲料,0.005801
橡胶,汽车服务,0.0058
影视音像,化纤,0.0058
啤酒,互联网,0.005797
红黄酒,互联网,0.005797
白酒,互联网,0.005797
软饮料,互联网,0.005797
文教休闲,焦炭加工,0.005796
化工机械,林业,0.005792
轻工机械,林业,0.005792
建筑工程,软件服务,0.00579
铝,石油开采,0.005789
红黄酒,家用电器,0.005784
软饮料,家用电器,0.005784
白酒,家用电器,0.005784
啤酒,家用电器,0.005784
家居用品,其他商业,0.005782
水力发电,水运,0.005779
水力发电,港口,0.005779
水力发电,空运,0.005779
水力发电,铁路,0.005779
广告包装,焦炭加工,0.005779
水力发电,路桥,0.005779
旅游景点,石油加工,0.005761
装修装饰,焦炭加工,0.005759
元器件,焦炭加工,0.005757
啤酒,纺织,0.005748
白酒,纺织,0.005748
红黄酒,纺织,0.005748
软饮料,纺织,0.005748
啤酒,半导体,0.005744
软饮料,半导体,0.005744
白酒,半导体,0.005744
红黄酒,半导体,0.005744
电信运营,水力发电,0.005744
汽车配件,百货,0.005737
汽车配件,超市连锁,0.005737
汽车配件,石油贸易,0.005737
汽车配件,医药商业,0.005737
汽车配件,批发业,0.005737
造纸,染料涂料,0.005736
房产服务,焦炭加工,0.005733
渔业,区域地产,0.005724
家居用品,供气供热,0.005721
机场,水务,0.005714
航空,综合类,0.005709
化学制药,煤炭开采,0.005705
建筑工程,运输设备,0.005705
旅游景点,橡胶,0.005705
电器仪表,黄金,0.005704
服饰,水务,0.005693
农业综合,仓储物流,0.005693
造纸,汽车配件,0.005691
机床制造,广告包装,0.005691
乳制品,超市连锁,0.005681
乳制品,批发业,0.005681
乳制品,医药商业,0.005681
乳制品,石油贸易,0.005681
乳制品,百货,0.005681
日用化工,酒店餐饮,0.005676
服饰,供气供热,0.005676
全国地产,软件服务,0.005668
酒店餐饮,汽车配件,0.005666
电器仪表,渔业,0.005655
建筑工程,机械基件,0.005652
红黄酒,商贸代理,0.005651
软饮料,商贸代理,0.005651
啤酒,商贸代理,0.005651
白酒,商贸代理,0.005651
专用机械,焦炭加工,0.005649
农业综合,焦炭加工,0.005643
塑料,电信运营,0.005638
软件服务,家居用品,0.005622
软饮料,特种钢,0.00562
白酒,特种钢,0.00562
啤酒,特种钢,0.00562
红黄酒,特种钢,0.00562
农业综合,全国地产,0.005619
农业综合,路桥,0.005613
农业综合,水运,0.005613
农业综合,铁路,0.005613
农业综合,港口,0.005613
农业综合,空运,0.005613
装修装饰,橡胶,0.005601
化纤,供气供热,0.005588
房产服务,石油加工,0.005586
C37铁路、船舶、航空航天和其他运输设备制造业,互联网,0.005586
汽车整车,互联网,0.005586
矿物制品,林业,0.005566
啤酒,电气设备,0.005564
软饮料,电气设备,0.005564
白酒,电气设备,0.005564
红黄酒,电气设备,0.005564
影视音像,酒店餐饮,0.005557
水力发电,仓储物流,0.005556
造纸,家用电器,0.005555
家居用品,火力发电,0.005548
影视音像,种植业,0.005545
汽车配件,乳制品,0.005541
酒店餐饮,电气设备,0.005538
汽车整车,多元金融,0.005535
C37铁路、船舶、航空航天和其他运输设备制造业,多元金融,0.005535
造纸,电气设备,0.005526
机床制造,林业,0.005512
新型电力,出版业,0.005512
汽车配件,供气供热,0.005509
焦炭加工,互联网,0.005503
钢加工,综合类,0.005497
医疗保健,仓储物流,0.005496
饲料,陶瓷,0.005496
食品,多元金融,0.005495
饲料,日用化工,0.005494
电气设备,出版业,0.005493
纺织机械,煤炭开采,0.005492
啤酒,其他建材,0.005491
白酒,其他建材,0.005491
软饮料,其他建材,0.005491
红黄酒,其他建材,0.005491
化学制药,互联网,0.00548
汽车配件,白酒,0.005443
汽车配件,软饮料,0.005443
汽车配件,红黄酒,0.005443
汽车配件,啤酒,0.005443
酒店餐饮,医疗保健,0.005441
铝,旅游景点,0.005438
服饰,石油开采,0.005436
软饮料,运输设备,0.005436
啤酒,运输设备,0.005436
白酒,运输设备,0.005436
红黄酒,运输设备,0.005436
C37铁路、船舶、航空航天和其他运输设备制造业,纺织机械,0.005434
汽车整车,纺织机械,0.005434
建筑工程,特种钢,0.005431
铜,旅游服务,0.005429
白酒,机床制造,0.005426
红黄酒,机床制造,0.005426
水力发电,其他商业,0.005426
造纸,日用化工,0.005426
啤酒,机床制造,0.005426
软饮料,机床制造,0.005426
化工机械,广告包装,0.005419
轻工机械,广告包装,0.005419
白酒,火力发电,0.005406
啤酒,火力发电,0.005406
红黄酒,火力发电,0.005406
软饮料,火力发电,0.005406
保险,化工机械,0.005404
证券,化工机械,0.005404
房产服务,橡胶,0.005404
银行,轻工机械,0.005404
银行,化工机械,0.005404
证券,轻工机械,0.005404
保险,轻工机械,0.005404
IT设备,农药化肥,0.005397
IT设备,中成药,0.005397
家居用品,机场,0.005388
造纸,农药化肥,0.005387
造纸,中成药,0.005387
造纸,机场,0.005379
化工机械,水务,0.005369
轻工机械,水务,0.005369
铅锌,化纤,0.005368
普钢,化纤,0.005368
家用电器,房产服务,0.005366
铜,服饰,0.005365
饲料,运输设备,0.005365
公路,水务,0.005362
林业,汽车整车,0.005358
林业,C37铁路、船舶、航空航天和其他运输设备制造业,0.005358
水力发电,机场,0.005351
玻璃,房产服务,0.005351
水泥,房产服务,0.005351
渔业,水务,0.005349
文教休闲,酒店餐饮,0.005348
渔业,其他商业,0.005346
建筑工程,家用电器,0.005339
新型电力,商品城,0.005328
造纸,半导体,0.005326
小金属,林业,0.005321
水力发电,通信设备,0.005321
矿物制品,旅游服务,0.005295
小金属,旅游服务,0.00529
饲料,供气供热,0.005285
焦炭加工,其他商业,0.005285
染料涂料,供气供热,0.00528
矿物制品,汽车服务,0.005279
化工机械,全国地产,0.005279
轻工机械,全国地产,0.005279
全国地产,化纤,0.005279
石油开采,煤炭开采,0.005272
水力发电,农用机械,0.005268
化工原料,其他商业,0.005257
水力发电,乳制品,0.005257
电信运营,塑料,0.005251
批发业,保险,0.005248
超市连锁,银行,0.005248
超市连锁,保险,0.005248
医药商业,银行,0.005248
百货,银行,0.005248
批发业,证券,0.005248
石油贸易,银行,0.005248
医药商业,保险,0.005248
石油贸易,保险,0.005248
医药商业,证券,0.005248
百货,证券,0.005248
石油贸易,证券,0.005248
超市连锁,证券,0.005248
批发业,银行,0.005248
百货,保险,0.005248
造纸,火力发电,0.005247
纺织机械,区域地产,0.005245
焦炭加工,房产服务,0.005245
红黄酒,石油加工,0.005237
啤酒,石油加工,0.005237
白酒,石油加工,0.005237
软饮料,石油加工,0.005237
煤炭开采,造纸,0.00523
铅锌,服饰,0.00523
普钢,服饰,0.00523
焦炭加工,水力发电,0.005229
石油加工,煤炭开采,0.005229
酒店餐饮,商贸代理,0.005227
日用化工,区域地产,0.005227
纺织机械,房产服务,0.005221
矿物制品,服饰,0.00522
全国地产,食品,0.005219
家用电器,焦炭加工,0.005216
软饮料,其他商业,0.005215
红黄酒,其他商业,0.005215
啤酒,其他商业,0.005215
白酒,其他商业,0.005215
建筑工程,水力发电,0.005201
影视音像,航空,0.005201
矿物制品,房产服务,0.0052
造纸,运输设备,0.005199
特种钢,黄金,0.005189
全国地产,仓储物流,0.005183
化学制药,汽车服务,0.005168
软饮料,机械基件,0.005161
啤酒,机械基件,0.005161
白酒,机械基件,0.005161
红黄酒,机械基件,0.005161
橡胶,影视音像,0.005159
化学制药,园区开发,0.005154
影视音像,医疗保健,0.005152
机床制造,水务,0.005149
航空,旅游景点,0.005148
石油加工,汽车服务,0.005143
摩托车,建筑工程,0.005143
钢加工,化纤,0.005137
化工原料,供气供热,0.005135
水泥,化工机械,0.005121
玻璃,化工机械,0.005121
玻璃,轻工机械,0.005121
水泥,轻工机械,0.005121
饲料,农药化肥,0.005115
饲料,中成药,0.005115
饲料,塑料,0.005112
煤炭开采,航空,0.00511
塑料,供气供热,0.005105
石油开采,生物制药,0.005103
软饮料,铅锌,0.005102
啤酒,普钢,0.005102
啤酒,铅锌,0.005102
软饮料,普钢,0.005102
红黄酒,普钢,0.005102
白酒,铅锌,0.005102
红黄酒,铅锌,0.005102
白酒,普钢,0.005102
保险,红黄酒,0.005095
银行,白酒,0.005095
银行,红黄酒,0.005095
证券,软饮料,0.005095
保险,软饮料,0.005095
银行,啤酒,0.005095
保险,啤酒,0.005095
证券,红黄酒,0.005095
证券,白酒,0.005095
证券,啤酒,0.005095
银行,软饮料,0.005095
保险,白酒,0.005095
专用机械,种植业,0.005094
半导体,乳制品,0.005089
软件服务,黄金,0.005066
造纸,公路,0.005059
全国地产,种植业,0.005055
饲料,工程机械,0.005053
IT设备,银行,0.005045
IT设备,保险,0.005045
IT设备,证券,0.005045
医疗保健,火力发电,0.00504
家用电器,火力发电,0.005036
纺织,水务,0.005028
电器仪表,普钢,0.005024
电器仪表,铅锌,0.005024
旅游景点,渔业,0.005017
陶瓷,空运,0.005011
陶瓷,水运,0.005011
陶瓷,路桥,0.005011
陶瓷,铁路,0.005011
陶瓷,港口,0.005011
航空,石油开采,0.004971
摩托车,广告包装,0.004968
文教休闲,煤炭开采,0.004967
石油开采,医疗保健,0.00496
水力发电,公共交通,0.00496
服饰,种植业,0.004954
造纸,橡胶,0.004939
建筑工程,服饰,0.004938
日用化工,空运,0.004934
日用化工,港口,0.004934
日用化工,水运,0.004934
日用化工,路桥,0.004934
日用化工,铁路,0.004934
航空,林业,0.004931
通信设备,乳制品,0.004924
陶瓷,房产服务,0.004923
普钢,石油开采,0.004921
铅锌,石油开采,0.004921
软件服务,水泥,0.004919
日用化工,出版业,0.004919
软件服务,玻璃,0.004919
普钢,橡胶,0.004918
铅锌,橡胶,0.004918
全国地产,电器仪表,0.004917
渔业,通信设备,0.004914
石油加工,房产服务,0.004913
酒店餐饮,农用机械,0.004911
服饰,多元金融,0.004885
钢加工,橡胶,0.004883
家用电器,供气供热,0.004883
造纸,酒店餐饮,0.004882
饲料,汽车配件,0.004856
渔业,互联网,0.004852
建筑工程,商贸代理,0.004851
特种钢,化纤,0.00485
渔业,机械基件,0.004844
石油开采,黄金,0.004839
运输设备,家居用品,0.004839
软件服务,饲料,0.004833
建筑工程,广告包装,0.00483
日用化工,汽车服务,0.004825
环境保护,水运,0.004822
环境保护,港口,0.004822
环境保护,空运,0.004822
环境保护,路桥,0.004822
环境保护,铁路,0.004822
种植业,煤炭开采,0.004821
服饰,公路,0.004821
装修装饰,渔业,0.004816
化学制药,供气供热,0.004806
运输设备,园区开发,0.004804
全国地产,文教休闲,0.004801
渔业,铝,0.004796
酒店餐饮,农药化肥,0.004795
酒店餐饮,中成药,0.004795
建筑工程,新型电力,0.004793
机床制造,日用化工,0.004778
日用化工,园区开发,0.004763
水力发电,房产服务,0.004763
软件服务,酒店餐饮,0.004754
软件服务,普钢,0.004752
软件服务,铅锌,0.004752
建筑工程,石油开采,0.00475
IT设备,家居用品,0.00475
运输设备,水力发电,0.004746
生物制药,超市连锁,0.004746
生物制药,石油贸易,0.004746
生物制药,百货,0.004746
生物制药,批发业,0.004746
生物制药,医药商业,0.004746
塑料,其他商业,0.004739
红黄酒,电信运营,0.004734
软饮料,电信运营,0.004734
啤酒,电信运营,0.004734
白酒,电信运营,0.004734
服饰,火力发电,0.004724
渔业,元器件,0.004718
铝,房产服务,0.004718
啤酒,公共交通,0.004716
软饮料,公共交通,0.004716
白酒,公共交通,0.004716
红黄酒,公共交通,0.004716
机床制造,染料涂料,0.004713
软饮料,元器件,0.004711
综合类,银行,0.004711
啤酒,元器件,0.004711
红黄酒,元器件,0.004711
白酒,元器件,0.004711
综合类,保险,0.004711
综合类,证券,0.004711
水力发电,汽车服务,0.004708
饲料,装修装饰,0.004703
玻璃,互联网,0.004697
水泥,互联网,0.004697
机床制造,化工原料,0.004696
软件服务,钢加工,0.00469
染料涂料,机场,0.004688
电器仪表,水务,0.004686
铝,黄金,0.004685
家用电器,其他商业,0.004679
建筑工程,旅游服务,0.004678
软饮料,专用机械,0.004676
白酒,专用机械,0.004676
红黄酒,专用机械,0.004676
啤酒,专用机械,0.004676
饲料,生物制药,0.00467
铝,其他商业,0.00467
服饰,商贸代理,0.004664
水务,环境保护,0.004663
家用电器,机场,0.004661
石油加工,乳制品,0.004659
房产服务,渔业,0.004657
啤酒,公路,0.004656
红黄酒,公路,0.004656
软饮料,公路,0.004656
白酒,公路,0.004656
公路,电信运营,0.004653
水力发电,化工机械,0.004649
水力发电,轻工机械,0.004649
通信设备,酒店餐饮,0.004643
石油加工,园区开发,0.004635
白酒,化工机械,0.004633
软饮料,化工机械,0.004633
白酒,铜,0.004633
白酒,轻工机械,0.004633
啤酒,化工机械,0.004633
啤酒,铜,0.004633
软饮料,轻工机械,0.004633
红黄酒,铜,0.004633
红黄酒,化工机械,0.004633
软饮料,铜,0.004633
啤酒,轻工机械,0.004633
红黄酒,轻工机械,0.004633
水力发电,白酒,0.004632
石油加工,互联网,0.004632
水力发电,软饮料,0.004632
水力发电,红黄酒,0.004632
水力发电,啤酒,0.004632
服饰,石油加工,0.004629
酒店餐饮,通信设备,0.004625
船舶,乳制品,0.004624
运输设备,煤炭开采,0.004622
饲料,电气设备,0.004614
家居用品,多元金融,0.004613
饲料,区域地产,0.004609
影视音像,汽车配件,0.004605
医疗保健,商品城,0.004599
啤酒,矿物制品,0.004596
白酒,矿物制品,0.004596
软饮料,矿物制品,0.004596
红黄酒,矿物制品,0.004596
软饮料,船舶,0.004593
啤酒,船舶,0.004593
白酒,船舶,0.004593
红黄酒,船舶,0.004593
家用电器,仓储物流,0.004593
元器件,公路,0.004592
农用机械,石油贸易,0.004585
农用机械,医药商业,0.004585
农用机械,批发业,0.004585
农用机械,超市连锁,0.004585
农用机械,百货,0.004585
橡胶,公路,0.004583
饲料,仓储物流,0.004576
航空,其他商业,0.004571
新型电力,红黄酒,0.004564
新型电力,软饮料,0.004564
新型电力,啤酒,0.004564
新型电力,白酒,0.004564
红黄酒,钢加工,0.00456
软饮料,钢加工,0.00456
白酒,钢加工,0.00456
啤酒,钢加工,0.00456
造纸,生物制药,0.004558
电气设备,百货,0.004542
电气设备,超市连锁,0.004542
电气设备,批发业,0.004542
电气设备,石油贸易,0.004542
电气设备,医药商业,0.004542
农业综合,火力发电,0.004538
机床制造,区域地产,0.004537
电器仪表,石油加工,0.004536
软件服务,石油开采,0.004533
汽车配件,酒店餐饮,0.004529
环境保护,啤酒,0.004526
环境保护,红黄酒,0.004526
环境保护,软饮料,0.004526
环境保护,白酒,0.004526
水力发电,公路,0.004522
纺织机械,黄金,0.004518
运输设备,服饰,0.004517
通信设备,化纤,0.004513
特种钢,橡胶,0.004513
建筑工程,家居用品,0.00451
建筑工程,汽车整车,0.004507
饲料,化工原料,0.004507
建筑工程,C37铁路、船舶、航空航天和其他运输设备制造业,0.004507
航空,生物制药,0.004497
纺织机械,供气供热,0.004496
啤酒,新型电力,0.004495
软饮料,新型电力,0.004495
白酒,新型电力,0.004495
红黄酒,新型电力,0.004495
农业综合,公路,0.004492
电信运营,铝,0.004481
服饰,机场,0.004478
电信运营,矿物制品,0.004476
黄金,其他建材,0.004475
饲料,通信设备,0.004472
陶瓷,出版业,0.004464
饲料,建筑工程,0.00446
环境保护,保险,0.00445
环境保护,银行,0.00445
环境保护,证券,0.00445
软饮料,纺织机械,0.004448
红黄酒,纺织机械,0.004448
白酒,纺织机械,0.004448
啤酒,纺织机械,0.004448
纺织,商品城,0.004447
软饮料,机场,0.004445
白酒,机场,0.004445
红黄酒,机场,0.004445
啤酒,机场,0.004445
玻璃,石油加工,0.004436
水泥,石油加工,0.004436
半导体,酒店餐饮,0.004431
建筑工程,旅游景点,0.004428
航空,房产服务,0.004428
食品,石油贸易,0.004426
食品,百货,0.004426
食品,批发业,0.004426
食品,医药商业,0.004426
食品,超市连锁,0.004426
农用机械,多元金融,0.004425
运输设备,生物制药,0.00442
造纸,种植业,0.004418
软饮料,铝,0.004415
啤酒,铝,0.004415
红黄酒,铝,0.004415
白酒,铝,0.004415
啤酒,IT设备,0.004405
白酒,IT设备,0.004405
红黄酒,IT设备,0.004405
软饮料,IT设备,0.004405
软饮料,建筑工程,0.004401
红黄酒,建筑工程,0.004401
白酒,建筑工程,0.004401
啤酒,建筑工程,0.004401
影视音像,纺织机械,0.004399
白酒,多元金融,0.004396
红黄酒,多元金融,0.004396
水力发电,园区开发,0.004396
软饮料,多元金融,0.004396
生物制药,多元金融,0.004396
啤酒,多元金融,0.004396
造纸,矿物制品,0.004395
红黄酒,黄金,0.00439
软饮料,黄金,0.00439
啤酒,黄金,0.00439
白酒,黄金,0.00439
玻璃,工程机械,0.004389
水泥,工程机械,0.004389
饲料,火力发电,0.004386
航空,供气供热,0.004383
公共交通,水务,0.004381
渔业,仓储物流,0.00438
建筑工程,黄金,0.004375
橡胶,机场,0.004372
饲料,铁路,0.00437
饲料,港口,0.00437
饲料,空运,0.00437
饲料,路桥,0.00437
饲料,水运,0.00437
水力发电,互联网,0.004366
酒店餐饮,化工机械,0.004355
酒店餐饮,轻工机械,0.004355
农业综合,其他商业,0.004354
水泥,化学制药,0.004353
玻璃,化学制药,0.004353
船舶,家居用品,0.004351
水泥,日用化工,0.00435
玻璃,日用化工,0.00435
服饰,煤炭开采,0.004347
矿物制品,化纤,0.004344
影视音像,全国地产,0.004342
铅锌,综合类,0.004335
普钢,综合类,0.004335
矿物制品,其他商业,0.004335
汽车整车,家用电器,0.004327
C37铁路、船舶、航空航天和其他运输设备制造业,家用电器,0.004327
焦炭加工,汽车服务,0.004324
小金属,房产服务,0.004323
白酒,软件服务,0.004302
啤酒,软件服务,0.004302
软饮料,软件服务,0.004302
红黄酒,软件服务,0.004302
专用机械,渔业,0.004291
IT设备,煤炭开采,0.004291
软件服务,化学制药,0.004291
机床制造,园区开发,0.004291
医疗保健,公共交通,0.004282
石油加工,酒店餐饮,0.00426
通信设备,煤炭开采,0.004256
饲料,互联网,0.004253
水泥,机床制造,0.004252
玻璃,机床制造,0.004252
家用电器,水运,0.004234
家用电器,路桥,0.004234
家用电器,空运,0.004234
家用电器,铁路,0.004234
家用电器,港口,0.004234
影视音像,染料涂料,0.004233
电信运营,饲料,0.004228
家居用品,公路,0.004227
玻璃,汽车服务,0.004226
水泥,汽车服务,0.004226
软饮料,林业,0.004217
红黄酒,林业,0.004217
啤酒,林业,0.004217
白酒,林业,0.004217
水力发电,影视音像,0.004202
水力发电,摩托车,0.004197
影视音像,化工原料,0.004193
黄金,日用化工,0.004193
运输设备,玻璃,0.004188
运输设备,水泥,0.004188
林业,服饰,0.004183
橡胶,火力发电,0.004182
酒店餐饮,化纤,0.004181
运输设备,钢加工,0.004176
啤酒,家居用品,0.004171
白酒,家居用品,0.004171
软饮料,家居用品,0.004171
红黄酒,家居用品,0.004171
石油开采,广告包装,0.004166
软饮料,摩托车,0.004163
啤酒,摩托车,0.004163
白酒,摩托车,0.004163
红黄酒,摩托车,0.004163
电气设备,乳制品,0.004157
铜,化纤,0.004157
通信设备,食品,0.004155
种植业,石油贸易,0.004154
种植业,百货,0.004154
种植业,医药商业,0.004154
种植业,超市连锁,0.004154
种植业,批发业,0.004154
白酒,小金属,0.004153
啤酒,小金属,0.004153
红黄酒,小金属,0.004153
软饮料,小金属,0.004153
建筑工程,IT设备,0.00415
造纸,纺织机械,0.004148
农业综合,园区开发,0.004145
造纸,化工原料,0.004141
石油开采,农业综合,0.004128
造纸,小金属,0.004118
铝,生物制药,0.004118
渔业,公路,0.004111
饲料,半导体,0.00411
水力发电,船舶,0.004109
服饰,水力发电,0.004103
造纸,轻工机械,0.004101
造纸,化工机械,0.004101
石油开采,食品,0.004099
饲料,家用电器,0.004094
啤酒,服饰,0.004093
红黄酒,服饰,0.004093
软饮料,服饰,0.004093
白酒,服饰,0.004093
造纸,机床制造,0.004088
专用机械,乳制品,0.004086
小金属,供气供热,0.004077
农业综合,机场,0.004072
IT设备,全国地产,0.004059
纺织,旅游服务,0.004058
小金属,水力发电,0.004052
造纸,航空,0.00405
银行,机床制造,0.004048
保险,机床制造,0.004048
证券,机床制造,0.004048
饲料,纺织,0.004047
影视音像,摩托车,0.004046
运输设备,中成药,0.004041
运输设备,农药化肥,0.004041
陶瓷,仓储物流,0.004038
纺织,酒店餐饮,0.004033
饲料,特种钢,0.004033
日用化工,互联网,0.004025
铜,旅游景点,0.004024
其他建材,乳制品,0.004023
石油加工,其他商业,0.004022
石油开采,机械基件,0.004018
家用电器,红黄酒,0.004017
家用电器,白酒,0.004017
家用电器,啤酒,0.004017
染料涂料,火力发电,0.004017
家用电器,软饮料,0.004017
饲料,专用机械,0.004014
船舶,全国地产,0.004013
渔业,多元金融,0.004012
矿物制品,黄金,0.004007
IT设备,造纸,0.004007
煤炭开采,黄金,0.004003
石油开采,元器件,0.003996
日用化工,仓储物流,0.003995
饲料,公共交通,0.003991
造纸,农用机械,0.003989
酒店餐饮,园区开发,0.003985
影视音像,水力发电,0.003977
林业,航空,0.003969
运输设备,全国地产,0.003965
电气设备,红黄酒,0.003964
电气设备,白酒,0.003964
电气设备,软饮料,0.003964
建筑工程,纺织机械,0.003964
电气设备,啤酒,0.003964
软件服务,陶瓷,0.003959
水力发电,电器仪表,0.003953
饲料,其他商业,0.00394
农业综合,公共交通,0.003938
水力发电,区域地产,0.003932
电气设备,多元金融,0.003931
建筑工程,出版业,0.003928
农业综合,煤炭开采,0.003927
饲料,铅锌,0.003926
饲料,普钢,0.003926
水力发电,IT设备,0.003925
石油加工,出版业,0.003924
钢加工,化学制药,0.003919
航空,黄金,0.003918
纺织机械,日用化工,0.003911
小金属,旅游景点,0.00391
饲料,其他建材,0.003908
船舶,化纤,0.003905
铝,化纤,0.003897
化纤,医药商业,0.003892
啤酒,航空,0.003892
化纤,百货,0.003892
白酒,航空,0.003892
化纤,批发业,0.003892
化纤,石油贸易,0.003892
化纤,超市连锁,0.003892
红黄酒,航空,0.003892
软饮料,航空,0.003892
酒店餐饮,塑料,0.00389
铝,供气供热,0.003889
染料涂料,公路,0.003888
软件服务,其他建材,0.003888
矿物制品,旅游景点,0.003883
水泥,广告包装,0.00388
小金属,生物制药,0.00388
玻璃,广告包装,0.00388
元器件,百货,0.003876
元器件,批发业,0.003876
元器件,石油贸易,0.003876
元器件,超市连锁,0.003876
元器件,医药商业,0.003876
小金属,其他商业,0.003873
建筑工程,摩托车,0.003856
饲料,机床制造,0.003853
医疗保健,公路,0.003851
通信设备,石油开采,0.003845
黄金,陶瓷,0.003836
服饰,黄金,0.003833
林业,电气设备,0.003823
环境保护,公路,0.00382
汽车整车,广告包装,0.003819
C37铁路、船舶、航空航天和其他运输设备制造业,广告包装,0.003819
机床制造,综合类,0.003814
其他建材,互联网,0.003813
其他建材,机场,0.003812
C37铁路、船舶、航空航天和其他运输设备制造业,电器仪表,0.003811
汽车整车,电器仪表,0.003811
染料涂料,多元金融,0.003808
渔业,小金属,0.003808
半导体,红黄酒,0.00379
半导体,白酒,0.00379
半导体,啤酒,0.00379
半导体,软饮料,0.00379
红黄酒,电器仪表,0.003788
啤酒,电器仪表,0.003788
软饮料,电器仪表,0.003788
白酒,电器仪表,0.003788
石油开采,小金属,0.003785
铜,生物制药,0.003783
矿物制品,生物制药,0.003782
电气设备,酒店餐饮,0.00378
渔业,航空,0.00378
环境保护,酒店餐饮,0.003779
运输设备,黄金,0.003777
渔业,火力发电,0.003771
造纸,超市连锁,0.003764
造纸,医药商业,0.003764
造纸,百货,0.003764
医疗保健,电信运营,0.003764
造纸,批发业,0.003764
造纸,石油贸易,0.003764
化学制药,其他商业,0.003758
小金属,化纤,0.003757
饲料,石油加工,0.003752
黄金,化纤,0.003749
轻工机械,日用化工,0.003741
化工机械,日用化工,0.003741
纺织机械,其他建材,0.00374
影视音像,塑料,0.003739
酒店餐饮,生物制药,0.003732
机床制造,焦炭加工,0.003727
轻工机械,纺织,0.003726
化工机械,纺织,0.003726
汽车服务,银行,0.003723
汽车服务,保险,0.003723
汽车服务,证券,0.003723
出版业,水务,0.003722
船舶,食品,0.003717
全国地产,船舶,0.003715
林业,摩托车,0.003713
酒店餐饮,运输设备,0.003709
软饮料,焦炭加工,0.003707
白酒,焦炭加工,0.003707
化纤,多元金融,0.003707
橡胶,供气供热,0.003707
啤酒,焦炭加工,0.003707
红黄酒,焦炭加工,0.003707
煤炭开采,工程机械,0.003706
饲料,机械基件,0.003702
钢加工,生物制药,0.003693
电信运营,铜,0.003687
全国地产,机械基件,0.003684
铜,其他商业,0.003682
饲料,新型电力,0.003682
石油开采,电气设备,0.00368
焦炭加工,商贸代理,0.003676
新型电力,多元金融,0.003676
矿物制品,化学制药,0.003676
电器仪表,保险,0.003675
电器仪表,银行,0.003675
电信运营,家居用品,0.003675
电器仪表,证券,0.003675
建筑工程,塑料,0.00367
红黄酒,农用机械,0.003666
软饮料,农用机械,0.003666
啤酒,农用机械,0.003666
白酒,农用机械,0.003666
半导体,证券,0.003662
半导体,保险,0.003662
半导体,银行,0.003662
钢加工,互联网,0.003662
矿物制品,橡胶,0.003653
电信运营,家用电器,0.003649
特种钢,互联网,0.003649
其他建材,酒店餐饮,0.003647
IT设备,乳制品,0.003647
纺织,公共交通,0.003647
运输设备,其他建材,0.003641
矿物制品,供气供热,0.003641
饲料,黄金,0.00364
铜,房产服务,0.003639
机床制造,造纸,0.003639
化工机械,服饰,0.003635
轻工机械,服饰,0.003635
IT设备,黄金,0.003634
造纸,建筑工程,0.00363
水泥,化纤,0.003629
玻璃,化纤,0.003629
橡胶,公共交通,0.00362
饲料,铜,0.003618
船舶,种植业,0.003614
酒店餐饮,机床制造,0.003613
运输设备,造纸,0.003612
汽车配件,多元金融,0.00361
石油开采,家居用品,0.003605
通信设备,种植业,0.003598
全国地产,工程机械,0.003592
全国地产,供气供热,0.003591
全国地产,服饰,0.00359
林业,半导体,0.003589
通信设备,水泥,0.003586
通信设备,玻璃,0.003586
石油开采,铜,0.003585
农业综合,汽车服务,0.003582
铅锌,中成药,0.003581
铅锌,农药化肥,0.003581
普钢,中成药,0.003581
普钢,农药化肥,0.003581
家用电器,乳制品,0.003577
林业,专用机械,0.003575
铜,橡胶,0.003573
运输设备,银行,0.003568
运输设备,保险,0.003568
运输设备,证券,0.003568
汽车整车,通信设备,0.003561
C37铁路、船舶、航空航天和其他运输设备制造业,通信设备,0.003561
酒店餐饮,IT设备,0.003552
饲料,矿物制品,0.00355
建筑工程,矿物制品,0.00355
化工机械,园区开发,0.003549
轻工机械,园区开发,0.003549
乳制品,证券,0.003543
乳制品,保险,0.003543
乳制品,银行,0.003543
塑料,超市连锁,0.003537
塑料,批发业,0.003537
塑料,百货,0.003537
塑料,石油贸易,0.003537
塑料,医药商业,0.003537
摩托车,服饰,0.003531
石油开采,综合类,0.003528
水力发电,C37铁路、船舶、航空航天和其他运输设备制造业,0.003518
水力发电,汽车整车,0.003518
建筑工程,饲料,0.003512
水泥,农用机械,0.003504
玻璃,农用机械,0.003504
酒店餐饮,机械基件,0.003497
摩托车,生物制药,0.003491
电器仪表,焦炭加工,0.003488
通信设备,化学制药,0.003486
航空,化学制药,0.003483
化工机械,区域地产,0.003482
轻工机械,区域地产,0.003482
汽车整车,特种钢,0.003468
C37铁路、船舶、航空航天和其他运输设备制造业,特种钢,0.003468
林业,其他建材,0.003466
饲料,电信运营,0.003464
纺织机械,生物制药,0.003464
石油开采,汽车配件,0.003463
饲料,机场,0.003453
渔业,机床制造,0.003446
白酒,汽车整车,0.003441
啤酒,汽车整车,0.003441
软饮料,C37铁路、船舶、航空航天和其他运输设备制造业,0.003441
红黄酒,C37铁路、船舶、航空航天和其他运输设备制造业,0.003441
红黄酒,汽车整车,0.003441
软饮料,汽车整车,0.003441
啤酒,C37铁路、船舶、航空航天和其他运输设备制造业,0.003441
白酒,C37铁路、船舶、航空航天和其他运输设备制造业,0.003441
林业,日用化工,0.003439
钢加工,中成药,0.003438
钢加工,农药化肥,0.003438
矿物制品,农药化肥,0.003436
矿物制品,中成药,0.003436
饲料,公路,0.003435
石油开采,水务,0.003431
全国地产,医疗保健,0.00342
保险,摩托车,0.003415
证券,摩托车,0.003415
银行,摩托车,0.003415
摩托车,家居用品,0.003411
纺织机械,多元金融,0.003408
饲料,元器件,0.003387
钢加工,旅游服务,0.003385
饲料,多元金融,0.003378
渔业,特种钢,0.003374
其他建材,房产服务,0.003371
保险,汽车整车,0.003368
证券,C37铁路、船舶、航空航天和其他运输设备制造业,0.003368
保险,C37铁路、船舶、航空航天和其他运输设备制造业,0.003368
证券,汽车整车,0.003368
银行,C37铁路、船舶、航空航天和其他运输设备制造业,0.003368
银行,汽车整车,0.003368
渔业,港口,0.003365
渔业,水运,0.003365
机床制造,港口,0.003365
机床制造,空运,0.003365
机床制造,水运,0.003365
机床制造,铁路,0.003365
渔业,铁路,0.003365
渔业,路桥,0.003365
渔业,空运,0.003365
机床制造,路桥,0.003365
渔业,新型电力,0.003361
IT设备,化纤,0.003357
医疗保健,供气供热,0.003348
玻璃,橡胶,0.003342
水泥,橡胶,0.003342
水力发电,全国地产,0.003341
黄金,染料涂料,0.003337
黄金,橡胶,0.003332
航空,水务,0.003332
煤炭开采,文教休闲,0.003331
饲料,钢加工,0.003329
饲料,轻工机械,0.003329
饲料,化工机械,0.003329
农业综合,多元金融,0.00331
铝,化学制药,0.003309
饲料,船舶,0.003308
煤炭开采,专用机械,0.003308
水力发电,软件服务,0.003298
铝,橡胶,0.003293
服饰,石油贸易,0.003283
服饰,医药商业,0.003283
服饰,批发业,0.003283
服饰,超市连锁,0.003283
服饰,百货,0.003283
全国地产,塑料,0.00328
铜,化学制药,0.003269
酒店餐饮,食品,0.003268
水力发电,商品城,0.003266
运输设备,饲料,0.003262
特种钢,中成药,0.003262
特种钢,农药化肥,0.003262
小金属,火力发电,0.003257
航空,化纤,0.003255
水力发电,电信运营,0.003253
元器件,多元金融,0.00325
铜,供气供热,0.003248
渔业,公共交通,0.003248
林业,医疗保健,0.003246
全国地产,广告包装,0.003246
小金属,农药化肥,0.00324
船舶,酒店餐饮,0.00324
小金属,中成药,0.00324
白酒,全国地产,0.003237
啤酒,全国地产,0.003237
软饮料,全国地产,0.003237
红黄酒,全国地产,0.003237
IT设备,种植业,0.003219
小金属,化学制药,0.003217
影视音像,矿物制品,0.003212
饲料,铝,0.0032
小金属,机场,0.003193
饲料,纺织机械,0.003191
铜,中成药,0.00319
铜,农药化肥,0.00319
商贸代理,保险,0.003186
商贸代理,银行,0.003186
商贸代理,证券,0.003186
饲料,IT设备,0.003182
酒店餐饮,乳制品,0.003168
林业,汽车服务,0.003166
化工机械,互联网,0.003163
轻工机械,互联网,0.003163
饲料,软件服务,0.003152
酒店餐饮,特种钢,0.003151
煤炭开采,环境保护,0.00315
影视音像,铝,0.003147
船舶,水力发电,0.003144
玻璃,服饰,0.003137
水泥,服饰,0.003137
特种钢,化学制药,0.00313
建筑工程,生物制药,0.003129
通信设备,林业,0.003129
农业综合,电信运营,0.003124
酒店餐饮,家用电器,0.003124
建筑工程,林业,0.003124
纺织机械,钢加工,0.003123
纺织机械,全国地产,0.003121
铝,中成药,0.00312
铝,农药化肥,0.00312
酒店餐饮,陶瓷,0.003118
化工原料,多元金融,0.003108
医疗保健,其他商业,0.003106
饲料,家居用品,0.003099
建筑工程,文教休闲,0.003086
C37铁路、船舶、航空航天和其他运输设备制造业,汽车服务,0.003086
饲料,小金属,0.003086
汽车整车,汽车服务,0.003086
出版业,公共交通,0.00308
普钢,化学制药,0.003075
铅锌,化学制药,0.003075
IT设备,食品,0.003065
渔业,电信运营,0.003065
纺织机械,普钢,0.003064
纺织机械,铅锌,0.003064
焦炭加工,多元金融,0.003064
渔业,机场,0.003064
其他建材,出版业,0.003061
摩托车,商贸代理,0.003054
造纸,铝,0.003052
饲料,林业,0.00304
日用化工,机场,0.003039
酒店餐饮,船舶,0.003037
饲料,服饰,0.003029
纺织机械,仓储物流,0.003028
林业,铝,0.003026
专用机械,软饮料,0.003016
专用机械,红黄酒,0.003016
专用机械,白酒,0.003016
专用机械,啤酒,0.003016
渔业,普钢,0.003006
渔业,铅锌,0.003006
渔业,轻工机械,0.003001
渔业,化工机械,0.003001
小金属,橡胶,0.002999
饲料,摩托车,0.00299
渔业,焦炭加工,0.002975
全国地产,IT设备,0.002969
酒店餐饮,全国地产,0.002966
运输设备,普钢,0.002946
运输设备,铅锌,0.002946
影视音像,饲料,0.002944
渔业,全国地产,0.002941
玻璃,啤酒,0.002932
水泥,白酒,0.002932
水泥,软饮料,0.002932
水泥,啤酒,0.002932
水泥,红黄酒,0.002932
玻璃,红黄酒,0.002932
玻璃,软饮料,0.002932
玻璃,白酒,0.002932
全国地产,元器件,0.002932
红黄酒,水泥,0.002916
软饮料,玻璃,0.002916
啤酒,水泥,0.002916
红黄酒,玻璃,0.002916
啤酒,玻璃,0.002916
软饮料,水泥,0.002916
白酒,水泥,0.002916
白酒,玻璃,0.002916
轻工机械,焦炭加工,0.002915
化工机械,焦炭加工,0.002915
酒店餐饮,林业,0.002901
运输设备,陶瓷,0.002895
建筑工程,船舶,0.002892
建筑工程,化工原料,0.002883
渔业,船舶,0.002878
服饰,银行,0.002877
服饰,保险,0.002877
服饰,证券,0.002877
软饮料,造纸,0.002873
红黄酒,造纸,0.002873
啤酒,造纸,0.002873
电信运营,小金属,0.002873
白酒,造纸,0.002873
航空,橡胶,0.002872
C37铁路、船舶、航空航天和其他运输设备制造业,塑料,0.00287
汽车整车,塑料,0.00287
林业,环境保护,0.002865
渔业,软件服务,0.002863
石油开采,半导体,0.002862
软件服务,焦炭加工,0.00286
家居用品,银行,0.002852
家居用品,证券,0.002852
家居用品,保险,0.002852
饲料,航空,0.002846
软件服务,日用化工,0.002845
家居用品,百货,0.00284
家居用品,批发业,0.00284
家居用品,医药商业,0.00284
家居用品,超市连锁,0.00284
家居用品,石油贸易,0.00284
橡胶,其他商业,0.002833
渔业,矿物制品,0.002823
建筑工程,铅锌,0.002822
建筑工程,普钢,0.002822
运输设备,化纤,0.002822
IT设备,水力发电,0.002817
林业,文教休闲,0.002814
渔业,铜,0.002809
钢加工,水务,0.002805
机床制造,火力发电,0.002804
机床制造,仓储物流,0.002801
轻工机械,石油加工,0.002798
化工机械,石油加工,0.002798
渔业,IT设备,0.002797
矿物制品,机场,0.002788
特种钢,水务,0.002788
小金属,商贸代理,0.002787
机械基件,证券,0.002785
机械基件,银行,0.002785
机械基件,保险,0.002785
水泥,农业综合,0.002785
玻璃,农业综合,0.002785
饲料,电器仪表,0.002781
渔业,钢加工,0.002779
钢加工,石油加工,0.002775
造纸,商贸代理,0.002774
纺织机械,园区开发,0.002773
陶瓷,火力发电,0.002772
水力发电,多元金融,0.002769
全国地产,运输设备,0.002765
林业,钢加工,0.002762
酒店餐饮,家居用品,0.002756
通信设备,水务,0.002753
饲料,焦炭加工,0.002751
石油开采,工程机械,0.002751
通信设备,黄金,0.002744
造纸,石油加工,0.002737
软饮料,园区开发,0.002736
红黄酒,园区开发,0.002736
啤酒,园区开发,0.002736
白酒,园区开发,0.002736
航空,中成药,0.002733
航空,农药化肥,0.002733
酒店餐饮,染料涂料,0.00273
玻璃,食品,0.002721
水泥,食品,0.002721
通信设备,陶瓷,0.002716
焦炭加工,水务,0.002716
机床制造,化纤,0.002714
航空,水力发电,0.002712
渔业,黄金,0.00271
软件服务,橡胶,0.002706
钢加工,水力发电,0.002705
影视音像,家用电器,0.002705
软件服务,林业,0.002701
家用电器,超市连锁,0.002698
家用电器,医药商业,0.002698
家用电器,批发业,0.002698
家用电器,石油贸易,0.002698
家用电器,百货,0.002698
饲料,农用机械,0.002697
日用化工,房产服务,0.002693
铝,多元金融,0.002692
航空,商贸代理,0.002691
白酒,证券,0.00269
软饮料,银行,0.00269
啤酒,证券,0.00269
红黄酒,银行,0.00269
白酒,银行,0.00269
软饮料,保险,0.00269
啤酒,保险,0.00269
白酒,保险,0.00269
啤酒,银行,0.00269
红黄酒,证券,0.00269
软饮料,证券,0.00269
红黄酒,保险,0.00269
运输设备,乳制品,0.002685
软件服务,造纸,0.002678
食品,证券,0.002676
食品,银行,0.002676
食品,保险,0.002676
红黄酒,石油开采,0.002675
啤酒,石油开采,0.002675
建筑工程,玻璃,0.002675
白酒,石油开采,0.002675
软饮料,石油开采,0.002675
建筑工程,水泥,0.002675
专用机械,酒店餐饮,0.002674
黄金,水泥,0.002672
纺织机械,陶瓷,0.002672
黄金,玻璃,0.002672
影视音像,家居用品,0.002669
煤炭开采,饲料,0.002669
酒店餐饮,水泥,0.002668
酒店餐饮,玻璃,0.002668
铅锌,石油加工,0.002667
普钢,石油加工,0.002667
全国地产,电气设备,0.002666
中成药,保险,0.002662
农药化肥,银行,0.002662
农药化肥,证券,0.002662
中成药,银行,0.002662
农药化肥,保险,0.002662
中成药,证券,0.002662
塑料,多元金融,0.002659
陶瓷,公路,0.002659
特种钢,生物制药,0.002655
其他建材,空运,0.002653
其他建材,港口,0.002653
其他建材,水运,0.002653
其他建材,路桥,0.002653
其他建材,铁路,0.002653
纺织机械,化纤,0.002651
全国地产,化工原料,0.00265
酒店餐饮,饲料,0.002638
焦炭加工,饲料,0.002636
影视音像,铜,0.002633
日用化工,火力发电,0.002631
C37铁路、船舶、航空航天和其他运输设备制造业,建筑工程,0.002629
汽车整车,建筑工程,0.002629
特种钢,石油加工,0.002627
水泥,文教休闲,0.002625
航空,多元金融,0.002625
玻璃,文教休闲,0.002625
渔业,摩托车,0.002617
钢加工,农业综合,0.002614
钢加工,旅游景点,0.002612
化工机械,橡胶,0.002606
轻工机械,橡胶,0.002606
家用电器,酒店餐饮,0.002602
煤炭开采,旅游服务,0.0026
酒店餐饮,纺织机械,0.0026
林业,公共交通,0.002597
铝,商贸代理,0.002593
铅锌,生物制药,0.002589
普钢,生物制药,0.002589
造纸,钢加工,0.002589
饲料,造纸,0.002583
林业,元器件,0.00258
酒店餐饮,化工原料,0.002574
日用化工,公路,0.002566
运输设备,林业,0.002558
饲料,全国地产,0.002556
渔业,电器仪表,0.002555
纺织机械,化学制药,0.002549
酒店餐饮,橡胶,0.002546
石油开采,铅锌,0.002545
石油开采,普钢,0.002545
纺织,日用化工,0.002545
汽车整车,商贸代理,0.002536
C37铁路、船舶、航空航天和其他运输设备制造业,商贸代理,0.002536
建筑工程,公共交通,0.002535
铜,水务,0.002535
全国地产,水力发电,0.002529
造纸,特种钢,0.002526
黄金,塑料,0.002524
机床制造,橡胶,0.002521
C37铁路、船舶、航空航天和其他运输设备制造业,水力发电,0.002517
汽车整车,水力发电,0.002517
酒店餐饮,钢加工,0.002515
小金属,仓储物流,0.002511
酒店餐饮,水力发电,0.002511
玻璃,农药化肥,0.00251
水泥,农药化肥,0.00251
水泥,中成药,0.00251
玻璃,中成药,0.00251
饲料,C37铁路、船舶、航空航天和其他运输设备制造业,0.002508
饲料,汽车整车,0.002508
矿物制品,多元金融,0.002507
酒店餐饮,矿物制品,0.002506
饲料,石油开采,0.002506
染料涂料,批发业,0.002503
染料涂料,百货,0.002503
染料涂料,石油贸易,0.002503
染料涂料,医药商业,0.002503
染料涂料,超市连锁,0.002503
纺织机械,玻璃,0.002502
纺织机械,水泥,0.002502
造纸,铜,0.002502
影视音像,水务,0.002502
黄金,农药化肥,0.002499
IT设备,酒店餐饮,0.002499
黄金,中成药,0.002499
C37铁路、船舶、航空航天和其他运输设备制造业,医疗保健,0.002491
汽车整车,医疗保健,0.002491
家用电器,多元金融,0.002483
机床制造,互联网,0.00248
日用化工,公共交通,0.00248
钢加工,饲料,0.002476
煤炭开采,商贸代理,0.002473
IT设备,铅锌,0.002468
IT设备,普钢,0.002468
C37铁路、船舶、航空航天和其他运输设备制造业,水泥,0.002466
汽车整车,玻璃,0.002466
C37铁路、船舶、航空航天和其他运输设备制造业,玻璃,0.002466
汽车整车,水泥,0.002466
纺织机械,中成药,0.00246
纺织机械,农药化肥,0.00246
酒店餐饮,其他建材,0.002459
通信设备,造纸,0.002458
纺织,环境保护,0.002452
运输设备,种植业,0.002451
白酒,汽车服务,0.002445
软饮料,汽车服务,0.002445
啤酒,汽车服务,0.002445
红黄酒,汽车服务,0.002445
化学制药,多元金融,0.002431
造纸,新型电力,0.002429
运输设备,食品,0.002414
酒店餐饮,日用化工,0.002414
钢加工,商贸代理,0.002413
普钢,互联网,0.00241
铅锌,互联网,0.00241
C37铁路、船舶、航空航天和其他运输设备制造业,元器件,0.002406
汽车整车,元器件,0.002406
化工原料,超市连锁,0.002401
化工原料,百货,0.002401
化工原料,批发业,0.002401
化工原料,石油贸易,0.002401
化工原料,医药商业,0.002401
渔业,农用机械,0.002399
IT设备,钢加工,0.002396
建筑工程,综合类,0.002392
船舶,化学制药,0.002391
建筑工程,影视音像,0.002386
陶瓷,公共交通,0.002385
钢加工,食品,0.002379
种植业,保险,0.002378
种植业,银行,0.002378
种植业,证券,0.002378
纺织机械,商贸代理,0.002374
建筑工程,陶瓷,0.002371
家用电器,出版业,0.002369
全国地产,家居用品,0.002361
医疗保健,医药商业,0.00236
医疗保健,超市连锁,0.00236
医疗保健,批发业,0.00236
医疗保健,百货,0.00236
医疗保健,石油贸易,0.00236
渔业,园区开发,0.002358
焦炭加工,种植业,0.002349
机床制造,公共交通,0.002348
建筑工程,化学制药,0.002343
摩托车,石油贸易,0.00234
摩托车,医药商业,0.00234
摩托车,超市连锁,0.00234
摩托车,批发业,0.00234
摩托车,百货,0.00234
轻工机械,综合类,0.002331
摩托车,玻璃,0.002331
化工机械,综合类,0.002331
摩托车,水泥,0.002331
船舶,饲料,0.002325
酒店餐饮,铜,0.002319
石油加工,多元金融,0.002314
通信设备,日用化工,0.002306
纺织,综合类,0.002305
纺织机械,橡胶,0.002304
矿物制品,食品,0.0023
全国地产,环境保护,0.0023
铝,纺织,0.002296
酒店餐饮,铅锌,0.002293
酒店餐饮,普钢,0.002293
IT设备,林业,0.002287
渔业,C37铁路、船舶、航空航天和其他运输设备制造业,0.002283
渔业,汽车整车,0.002283
其他建材,仓储物流,0.002281
焦炭加工,渔业,0.002278
IT设备,其他建材,0.002277
酒店餐饮,石油开采,0.002264
C37铁路、船舶、航空航天和其他运输设备制造业,软件服务,0.002264
汽车整车,软件服务,0.002264
水力发电,装修装饰,0.002262
电信运营,化学制药,0.002262
机床制造,化学制药,0.002261
黄金,化工原料,0.002254
全国地产,专用机械,0.002253
建筑工程,染料涂料,0.002229
铝,仓储物流,0.002223
渔业,水泥,0.002216
渔业,玻璃,0.002216
化工机械,化纤,0.002213
轻工机械,化纤,0.002213
摩托车,园区开发,0.002213
水泥,饲料,0.00221
玻璃,饲料,0.00221
林业,电器仪表,0.002208
造纸,园区开发,0.002205
小金属,医药商业,0.002204
小金属,百货,0.002204
小金属,批发业,0.002204
小金属,超市连锁,0.002204
小金属,石油贸易,0.002204
家用电器,公路,0.002202
IT设备,饲料,0.002202
日用化工,影视音像,0.002198
饲料,玻璃,0.002196
饲料,水泥,0.002196
酒店餐饮,种植业,0.002192
造纸,摩托车,0.002188
饲料,园区开发,0.002182
IT设备,水泥,0.002171
林业,汽车配件,0.002171
IT设备,玻璃,0.002171
饲料,保险,0.002168
饲料,银行,0.002168
饲料,证券,0.002168
黄金,化学制药,0.002151
摩托车,全国地产,0.002149
酒店餐饮,化学制药,0.002141
玻璃,造纸,0.00214
水泥,造纸,0.00214
酒店餐饮,造纸,0.002132
建筑工程,日用化工,0.002129
特种钢,农业综合,0.002126
全国地产,港口,0.002121
全国地产,水运,0.002121
全国地产,铁路,0.002121
全国地产,空运,0.002121
全国地产,路桥,0.002121
铜,多元金融,0.00212
IT设备,纺织,0.00212
林业,小金属,0.002118
林业,水力发电,0.002117
软件服务,农业综合,0.002113
陶瓷,影视音像,0.002111
影视音像,小金属,0.002108
IT设备,化学制药,0.002107
黄金,广告包装,0.002105
小金属,食品,0.002098
钢加工,纺织,0.002093
酒店餐饮,小金属,0.002093
其他建材,商品城,0.002081
纺织机械,石油贸易,0.002076
纺织机械,百货,0.002076
纺织机械,超市连锁,0.002076
纺织机械,批发业,0.002076
纺织机械,医药商业,0.002076
纺织,陶瓷,0.002075
软件服务,石油加工,0.002075
软件服务,纺织,0.002074
林业,旅游服务,0.002073
林业,运输设备,0.00207
运输设备,日用化工,0.002069
摩托车,水力发电,0.002069
小金属,石油加工,0.002065
机床制造,商品城,0.002063
纺织机械,酒店餐饮,0.002058
林业,商贸代理,0.002057
航空,纺织,0.002051
纺织,饲料,0.002048
水泥,乳制品,0.002045
玻璃,乳制品,0.002045
纺织,玻璃,0.002041
纺织,水泥,0.002041
纺织,其他建材,0.002036
运输设备,酒店餐饮,0.002035
酒店餐饮,纺织,0.002033
IT设备,水务,0.002027
纺织机械,石油加工,0.002026
矿物制品,仓储物流,0.002026
纺织,C37铁路、船舶、航空航天和其他运输设备制造业,0.002023
纺织,汽车整车,0.002023
小金属,多元金融,0.002022
日用化工,商品城,0.002017
水泥,生物制药,0.002015
玻璃,生物制药,0.002015
铝,水力发电,0.002013
机床制造,服饰,0.002012
矿物制品,农业综合,0.002008
铜,食品,0.002002
纺织,专用机械,0.001998
矿物制品,水务,0.001996
石油开采,专用机械,0.001994
钢加工,商品城,0.001983
特种钢,食品,0.001982
通信设备,铅锌,0.001973
通信设备,普钢,0.001973
黄金,工程机械,0.001973
普钢,农业综合,0.001972
铅锌,农业综合,0.001972
建筑工程,化纤,0.001967
铝,食品,0.001964
建筑工程,造纸,0.001961
渔业,汽车服务,0.001959
航空,饲料,0.001956
林业,船舶,0.001952
纺织机械,水务,0.00195
纺织机械,食品,0.001948
玻璃,黄金,0.001946
水泥,黄金,0.001946
摩托车,化学制药,0.001942
机床制造,生物制药,0.001929
纺织,商贸代理,0.001928
纺织,装修装饰,0.001924
煤炭开采,旅游景点,0.001918
运输设备,化学制药,0.001916
航空,食品,0.001911
纺织,水力发电,0.00191
饲料,汽车服务,0.001908
农用机械,银行,0.001904
农用机械,保险,0.001904
农用机械,证券,0.001904
全国地产,水务,0.001902
酒店餐饮,黄金,0.001898
软件服务,渔业,0.001893
化工机械,路桥,0.001892
轻工机械,空运,0.001892
化工机械,铁路,0.001892
轻工机械,路桥,0.001892
化工机械,水运,0.001892
轻工机械,水运,0.001892
轻工机械,铁路,0.001892
轻工机械,港口,0.001892
化工机械,港口,0.001892
化工机械,空运,0.001892
电信运营,水务,0.001892
石油开采,环境保护,0.001891
酒店餐饮,农业综合,0.001888
铝,石油加工,0.001869
建筑工程,中成药,0.001868
建筑工程,农药化肥,0.001868
普钢,食品,0.001862
铅锌,食品,0.001862
机床制造,中成药,0.001861
机床制造,农药化肥,0.001861
建筑工程,酒店餐饮,0.001851
汽车整车,饲料,0.001849
C37铁路、船舶、航空航天和其他运输设备制造业,饲料,0.001849
纺织机械,饲料,0.001848
林业,软件服务,0.001848
煤炭开采,服饰,0.001847
医疗保健,多元金融,0.001845
轻工机械,旅游服务,0.001844
化工机械,旅游服务,0.001844
航空,石油加工,0.00184
酒店餐饮,铝,0.001836
船舶,造纸,0.001828
铝,出版业,0.001815
铜,农业综合,0.001806
黄金,生物制药,0.001798
饲料,煤炭开采,0.001793
建筑工程,火力发电,0.001793
石油加工,影视音像,0.001789
黄金,石油加工,0.001788
铜,商贸代理,0.001788
小金属,空运,0.001779
小金属,铁路,0.001779
小金属,港口,0.001779
小金属,路桥,0.001779
小金属,水运,0.001779
水务,商贸代理,0.001778
生物制药,银行,0.001775
生物制药,保险,0.001775
生物制药,证券,0.001775
化工机械,农业综合,0.00177
轻工机械,农业综合,0.00177
出版业,综合类,0.001769
陶瓷,商品城,0.001769
林业,IT设备,0.001767
小金属,饲料,0.001761
化工机械,化学制药,0.001758
轻工机械,化学制药,0.001758
橡胶,多元金融,0.001755
建筑工程,互联网,0.001755
运输设备,纺织,0.001755
航空,农业综合,0.001754
软饮料,煤炭开采,0.001751
红黄酒,煤炭开采,0.001751
啤酒,煤炭开采,0.001751
白酒,煤炭开采,0.001751
机床制造,公路,0.00175
铜,仓储物流,0.001748
铝,饲料,0.001746
IT设备,陶瓷,0.001744
酒店餐饮,白酒,0.00174
轻工机械,水力发电,0.00174
酒店餐饮,红黄酒,0.00174
酒店餐饮,软饮料,0.00174
化工机械,水力发电,0.00174
酒店餐饮,啤酒,0.00174
渔业,保险,0.001738
渔业,证券,0.001738
出版业,电信运营,0.001738
渔业,银行,0.001738
纺织机械,农业综合,0.001736
摩托车,其他建材,0.001735
渔业,石油开采,0.001735
啤酒,医药商业,0.001734
白酒,医药商业,0.001734
白酒,批发业,0.001734
白酒,百货,0.001734
软饮料,批发业,0.001734
白酒,超市连锁,0.001734
白酒,石油贸易,0.001734
啤酒,批发业,0.001734
红黄酒,石油贸易,0.001734
啤酒,超市连锁,0.001734
啤酒,百货,0.001734
软饮料,超市连锁,0.001734
红黄酒,医药商业,0.001734
红黄酒,批发业,0.001734
软饮料,石油贸易,0.001734
红黄酒,百货,0.001734
软饮料,医药商业,0.001734
软饮料,百货,0.001734
红黄酒,超市连锁,0.001734
啤酒,石油贸易,0.001734
汽车整车,石油开采,0.001732
C37铁路、船舶、航空航天和其他运输设备制造业,石油开采,0.001732
石油开采,文教休闲,0.001731
水泥,渔业,0.00173
玻璃,渔业,0.00173
IT设备,日用化工,0.001723
汽车整车,矿物制品,0.001718
建筑工程,橡胶,0.001718
C37铁路、船舶、航空航天和其他运输设备制造业,矿物制品,0.001718
机床制造,机场,0.001711
机床制造,石油加工,0.001706
化学制药,电信运营,0.001706
铝,农业综合,0.001705
纺织,石油开采,0.001704
特种钢,空运,0.001698
特种钢,水运,0.001698
特种钢,路桥,0.001698
特种钢,港口,0.001698
特种钢,铁路,0.001698
造纸,黄金,0.001695
林业,旅游景点,0.001693
航空,医药商业,0.00169
航空,批发业,0.00169
航空,石油贸易,0.00169
航空,百货,0.00169
航空,超市连锁,0.00169
水务,酒店餐饮,0.001688
造纸,汽车整车,0.001687
造纸,C37铁路、船舶、航空航天和其他运输设备制造业,0.001687
船舶,水泥,0.001674
船舶,玻璃,0.001674
建筑工程,医药商业,0.001669
建筑工程,百货,0.001669
建筑工程,批发业,0.001669
建筑工程,石油贸易,0.001669
建筑工程,超市连锁,0.001669
摩托车,造纸,0.001668
纺织,工程机械,0.001668
软件服务,白酒,0.001667
软件服务,啤酒,0.001667
软件服务,红黄酒,0.001667
软件服务,软饮料,0.001667
酒店餐饮,新型电力,0.001664
影视音像,化学制药,0.001659
小金属,农业综合,0.001658
纺织机械,乳制品,0.00165
林业,通信设备,0.00165
电气设备,保险,0.001649
电气设备,银行,0.001649
电气设备,证券,0.001649
汽车整车,服饰,0.001648
C37铁路、船舶、航空航天和其他运输设备制造业,服饰,0.001648
机床制造,水力发电,0.001644
水务,百货,0.001636
水务,批发业,0.001636
水务,医药商业,0.001636
水务,石油贸易,0.001636
水务,超市连锁,0.001636
造纸,石油开采,0.00163
纺织,化纤,0.001628
摩托车,出版业,0.001627
黄金,家居用品,0.001627
全国地产,饲料,0.001625
矿物制品,批发业,0.00162
矿物制品,百货,0.00162
矿物制品,医药商业,0.00162
矿物制品,石油贸易,0.00162
矿物制品,超市连锁,0.00162
摩托车,农药化肥,0.001616
摩托车,中成药,0.001616
化工机械,仓储物流,0.001615
轻工机械,仓储物流,0.001615
建筑工程,电信运营,0.001615
黄金,元器件,0.001614
铜,水力发电,0.001612
摩托车,陶瓷,0.001612
纺织,区域地产,0.001608
纺织,其他商业,0.001607
纺织机械,出版业,0.001595
小金属,纺织,0.001594
其他建材,火力发电,0.001593
全国地产,火力发电,0.001593
机床制造,电信运营,0.001589
林业,综合类,0.001588
煤炭开采,软饮料,0.001587
煤炭开采,啤酒,0.001587
煤炭开采,白酒,0.001587
煤炭开采,红黄酒,0.001587
林业,水泥,0.001583
林业,玻璃,0.001583
化工机械,火力发电,0.001582
轻工机械,火力发电,0.001582
林业,化工原料,0.001575
纺织,供气供热,0.001575
纺织,化工原料,0.001574
焦炭加工,出版业,0.001574
酒店餐饮,石油加工,0.00157
船舶,其他建材,0.00157
焦炭加工,纺织,0.001569
其他建材,影视音像,0.001569
铝,超市连锁,0.001566
铝,批发业,0.001566
铝,医药商业,0.001566
铝,百货,0.001566
铝,石油贸易,0.001566
农业综合,证券,0.00156
农业综合,银行,0.00156
农业综合,保险,0.00156
建筑工程,食品,0.001559
机床制造,农业综合,0.001558
纺织,染料涂料,0.001558
机床制造,旅游服务,0.001554
橡胶,电信运营,0.001554
建筑工程,其他商业,0.001553
其他建材,公共交通,0.001549
建筑工程,供气供热,0.001545
其他建材,公路,0.001535
化工机械,渔业,0.001534
轻工机械,渔业,0.001534
黄金,医疗保健,0.001532
摩托车,饲料,0.001532
建筑工程,石油加工,0.001515
纺织,塑料,0.001511
化工机械,中成药,0.001506
轻工机械,中成药,0.001506
轻工机械,农药化肥,0.001506
化工机械,农药化肥,0.001506
纺织,摩托车,0.001501
钢加工,房产服务,0.001496
C37铁路、船舶、航空航天和其他运输设备制造业,机械基件,0.001493
汽车整车,机械基件,0.001493
纺织机械,种植业,0.001492
林业,饲料,0.001491
运输设备,橡胶,0.00149
机床制造,食品,0.00149
建筑工程,纺织,0.001487
林业,工程机械,0.001483
纺织机械,港口,0.001482
纺织机械,铁路,0.001482
纺织机械,路桥,0.001482
纺织机械,水运,0.001482
纺织机械,空运,0.001482
机床制造,供气供热,0.00148
化工机械,商品城,0.001478
轻工机械,商品城,0.001478
水务,农药化肥,0.001477
水务,中成药,0.001477
特种钢,纺织,0.001475
轻工机械,饲料,0.001464
化工机械,饲料,0.001464
机床制造,酒店餐饮,0.001464
特种钢,火力发电,0.001464
汽车整车,陶瓷,0.001457
C37铁路、船舶、航空航天和其他运输设备制造业,陶瓷,0.001457
酒店餐饮,焦炭加工,0.001456
铝,水务,0.001455
纺织机械,水力发电,0.001445
全国地产,煤炭开采,0.001444
纺织机械,软饮料,0.001437
纺织机械,啤酒,0.001437
纺织机械,红黄酒,0.001437
纺织机械,白酒,0.001437
饲料,超市连锁,0.001432
饲料,批发业,0.001432
饲料,医药商业,0.001432
饲料,石油贸易,0.001432
饲料,百货,0.001432
煤炭开采,建筑工程,0.001431
纺织,橡胶,0.001431
纺织,运输设备,0.001431
水务,纺织,0.001428
造纸,全国地产,0.001425
航空,出版业,0.00142
特种钢,仓储物流,0.001414
水务,饲料,0.001411
全国地产,石油开采,0.001406
化工机械,生物制药,0.001405
轻工机械,生物制药,0.001405
机床制造,纺织,0.001402
水务,化纤,0.001398
建筑工程,农业综合,0.001397
船舶,日用化工,0.001396
建筑工程,乳制品,0.00139
纺织,航空,0.001379
纺织,矿物制品,0.001376
小金属,乳制品,0.001372
水务,出版业,0.00137
轻工机械,旅游景点,0.00137
化工机械,旅游景点,0.00137
化纤,证券,0.001369
化纤,银行,0.001369
化纤,保险,0.001369
水务,种植业,0.001368
石油开采,装修装饰,0.001366
水务,水力发电,0.001365
IT设备,石油加工,0.001361
水力发电,银行,0.001358
水力发电,证券,0.001358
水力发电,保险,0.001358
通信设备,橡胶,0.001356
电信运营,轻工机械,0.00135
电信运营,化工机械,0.00135
造纸,水力发电,0.001347
林业,机床制造,0.001344
摩托车,日用化工,0.001341
通信设备,纺织,0.00134
水务,水泥,0.00134
水务,玻璃,0.00134
船舶,陶瓷,0.001336
纺织机械,渔业,0.001332
造纸,铅锌,0.001329
造纸,普钢,0.001329
水务,陶瓷,0.001329
机床制造,影视音像,0.001326
水务,煤炭开采,0.001326
电信运营,机床制造,0.001325
林业,铜,0.001325
水务,橡胶,0.001325
IT设备,橡胶,0.001323
运输设备,石油加工,0.001322
建筑工程,商品城,0.001322
钢加工,软饮料,0.001321
钢加工,啤酒,0.001321
钢加工,红黄酒,0.001321
钢加工,白酒,0.001321
水务,农用机械,0.001317
水务,食品,0.001317
铜,饲料,0.001317
水务,乳制品,0.001316
矿物制品,乳制品,0.001316
水务,纺织机械,0.001315
水务,旅游景点,0.001306
水务,家居用品,0.001305
机床制造,旅游景点,0.001303
黄金,电气设备,0.001302
水务,其他商业,0.0013
纺织,电气设备,0.0013
水务,塑料,0.001298
化工机械,食品,0.001298
轻工机械,食品,0.001298
煤炭开采,纺织,0.001296
水务,日用化工,0.001292
航空,乳制品,0.001289
影视音像,机床制造,0.001289
水务,其他建材,0.001288
建筑工程,仓储物流,0.001287
纺织,建筑工程,0.001286
水务,服饰,0.001285
水务,汽车服务,0.001285
玻璃,煤炭开采,0.001284
水泥,煤炭开采,0.001284
化工机械,种植业,0.001284
轻工机械,种植业,0.001284
摩托车,石油开采,0.001283
黄金,家用电器,0.001281
酒店餐饮,汽车整车,0.00128
酒店餐饮,C37铁路、船舶、航空航天和其他运输设备制造业,0.00128
林业,化工机械,0.001279
林业,轻工机械,0.001279
石油开采,建筑工程,0.001278
水务,旅游服务,0.001274
电信运营,造纸,0.001267
运输设备,焦炭加工,0.001265
全国地产,公路,0.001263
纺织,家用电器,0.001258
汽车整车,铜,0.001256
C37铁路、船舶、航空航天和其他运输设备制造业,铜,0.001256
铜,医药商业,0.001255
铜,批发业,0.001255
铜,百货,0.001255
铜,超市连锁,0.001255
铜,石油贸易,0.001255
摩托车,化纤,0.001254
水务,染料涂料,0.001253
化工机械,公共交通,0.001251
轻工机械,公共交通,0.001251
建筑工程,软饮料,0.001251
建筑工程,啤酒,0.001251
建筑工程,白酒,0.001251
建筑工程,红黄酒,0.001251
黄金,农业综合,0.00125
黄金,食品,0.00125
水务,渔业,0.001248
影视音像,轻工机械,0.001248
影视音像,化工机械,0.001248
水务,农业综合,0.001243
摩托车,钢加工,0.00124
建筑工程,种植业,0.001239
纺织,啤酒,0.001238
纺织,软饮料,0.001238
纺织,红黄酒,0.001238
纺织,白酒,0.001238
汽车整车,生物制药,0.001235
C37铁路、船舶、航空航天和其他运输设备制造业,生物制药,0.001235
水务,造纸,0.001228
航空,种植业,0.001226
矿物制品,商贸代理,0.001222
纺织,煤炭开采,0.001221
水务,机床制造,0.001219
建筑工程,空运,0.001217
建筑工程,路桥,0.001217
建筑工程,铁路,0.001217
建筑工程,水运,0.001217
建筑工程,港口,0.001217
出版业,机床制造,0.001215
铜,出版业,0.001214
纺织,多元金融,0.001213
水务,园区开发,0.001211
渔业,煤炭开采,0.00121
酒店餐饮,摩托车,0.001205
纺织,铝,0.001205
摩托车,种植业,0.001204
水务,通信设备,0.001202
水务,化工原料,0.001201
电信运营,纺织,0.001197
水务,汽车配件,0.001197
水务,医疗保健,0.001196
农业综合,医药商业,0.001196
农业综合,超市连锁,0.001196
农业综合,石油贸易,0.001196
农业综合,百货,0.001196
农业综合,批发业,0.001196
渔业,医药商业,0.001194
渔业,批发业,0.001194
渔业,超市连锁,0.001194
渔业,百货,0.001194
渔业,石油贸易,0.001194
水务,家用电器,0.001193
纺织,食品,0.001193
林业,机械基件,0.001191
水务,矿物制品,0.001186
水务,广告包装,0.001185
石油开采,全国地产,0.001183
特种钢,公共交通,0.001179
铝,机场,0.001176
出版业,软件服务,0.001172
水务,铝,0.001171
水务,元器件,0.00117
水务,生物制药,0.001167
纺织,农业综合,0.001165
黄金,专用机械,0.001164
水务,机械基件,0.001164
矿物制品,软饮料,0.001163
矿物制品,红黄酒,0.001163
矿物制品,白酒,0.001163
矿物制品,啤酒,0.001163
水务,林业,0.001162
水务,轻工机械,0.001158
水务,化工机械,0.001158
水务,软饮料,0.001157
水务,啤酒,0.001157
水务,白酒,0.001157
水务,红黄酒,0.001157
水务,综合类,0.001156
航空,酒店餐饮,0.001153
水泥,纺织,0.001153
玻璃,纺织,0.001153
林业,陶瓷,0.001152
小金属,出版业,0.001151
化工机械,商贸代理,0.00115
轻工机械,商贸代理,0.00115
钢加工,渔业,0.001149
水务,建筑工程,0.001149
水务,钢加工,0.001148
纺织,农药化肥,0.001147
纺织,中成药,0.001147
水务,文教休闲,0.001147
纺织机械,机场,0.001146
水务,小金属,0.001144
水务,特种钢,0.001143
造纸,煤炭开采,0.001141
水务,运输设备,0.001139
汽车配件,证券,0.001136
汽车配件,保险,0.001136
汽车配件,银行,0.001136
建筑工程,渔业,0.001135
电信运营,新型电力,0.001135
焦炭加工,医药商业,0.001129
通信设备,白酒,0.001129
焦炭加工,超市连锁,0.001129
焦炭加工,石油贸易,0.001129
焦炭加工,百货,0.001129
焦炭加工,批发业,0.001129
通信设备,软饮料,0.001129
通信设备,红黄酒,0.001129
通信设备,啤酒,0.001129
纺织,小金属,0.001128
纺织,仓储物流,0.001126
船舶,钢加工,0.001126
酒店餐饮,水务,0.001125
全国地产,黄金,0.001125
纺织,化学制药,0.001124
通信设备,石油加工,0.001123
酒店餐饮,渔业,0.001122
钢加工,酒店餐饮,0.001121
纺织,化工机械,0.001121
纺织,轻工机械,0.001121
通信设备,农业综合,0.00112
钢加工,供气供热,0.001119
机床制造,白酒,0.001118
机床制造,红黄酒,0.001118
机床制造,啤酒,0.001118
机床制造,软饮料,0.001118
影视音像,造纸,0.001113
水务,铜,0.001111
运输设备,农业综合,0.00111
出版业,水运,0.001107
出版业,路桥,0.001107
出版业,港口,0.001107
出版业,铁路,0.001107
出版业,空运,0.001107
水务,电气设备,0.001106
水务,专用机械,0.001097
煤炭开采,乳制品,0.001096
纺织,互联网,0.001096
纺织,半导体,0.001094
机床制造,饲料,0.001094
化工机械,白酒,0.001091
化工机械,啤酒,0.001091
轻工机械,软饮料,0.001091
轻工机械,白酒,0.001091
化工机械,红黄酒,0.001091
化工机械,软饮料,0.001091
轻工机械,红黄酒,0.001091
轻工机械,啤酒,0.001091
航空,软饮料,0.001088
航空,红黄酒,0.001088
航空,啤酒,0.001088
C37铁路、船舶、航空航天和其他运输设备制造业,其他建材,0.001088
航空,白酒,0.001088
汽车整车,其他建材,0.001088
建筑工程,公路,0.00108
航空,渔业,0.001075
电信运营,啤酒,0.001074
电信运营,红黄酒,0.001074
电信运营,软饮料,0.001074
电信运营,白酒,0.001074
出版业,玻璃,0.001069
水务,化学制药,0.001069
出版业,水泥,0.001069
钢加工,出版业,0.001065
玻璃,种植业,0.001065
水泥,种植业,0.001065
化学制药,超市连锁,0.001061
铝,乳制品,0.001061
化学制药,石油贸易,0.001061
化学制药,百货,0.001061
化学制药,批发业,0.001061
化学制药,医药商业,0.001061
纺织,元器件,0.001061
矿物制品,出版业,0.001061
摩托车,乳制品,0.001056
水务,航空,0.001052
电信运营,林业,0.001052
矿物制品,饲料,0.00105
出版业,化工机械,0.001043
出版业,轻工机械,0.001043
出版业,通信设备,0.001042
特种钢,机场,0.001042
影视音像,纺织,0.00104
全国地产,汽车配件,0.001039
水务,焦炭加工,0.001038
水务,石油加工,0.001038
特种钢,商品城,0.001037
林业,家用电器,0.001037
造纸,水务,0.001034
IT设备,渔业,0.001033
水务,摩托车,0.001032
小金属,公路,0.001032
IT设备,农业综合,0.001029
运输设备,渔业,0.001027
船舶,林业,0.001026
煤炭开采,渔业,0.001025
水务,半导体,0.001021
全国地产,航空,0.001016
摩托车,食品,0.001015
小金属,种植业,0.001013
其他建材,供气供热,0.00101
C37铁路、船舶、航空航天和其他运输设备制造业,小金属,0.001009
汽车整车,小金属,0.001009
林业,酒店餐饮,0.001006
水泥,酒店餐饮,0.001005
玻璃,酒店餐饮,0.001005
纺织,石油加工,0.001002
水务,石油开采,0.001001
水务,电器仪表,0.001001
特种钢,水力发电,0.000999
纺织,IT设备,0.000999
水务,全国地产,0.000998
特种钢,公路,0.000997
铜,纺织,0.000997
水务,工程机械,0.000996
水务,铅锌,0.000996
水务,普钢,0.000996
煤炭开采,纺织机械,0.000987
小金属,水务,0.000986
水务,C37铁路、船舶、航空航天和其他运输设备制造业,0.000985
水务,汽车整车,0.000985
轻工机械,机场,0.000983
化工机械,机场,0.000983
化工机械,公路,0.000981
轻工机械,公路,0.000981
黄金,通信设备,0.000979
纺织,通信设备,0.000978
黄金,建筑工程,0.000977
汽车整车,化工原料,0.000975
C37铁路、船舶、航空航天和其他运输设备制造业,化工原料,0.000975
建筑工程,焦炭加工,0.000974
机床制造,房产服务,0.000973
水务,房产服务,0.000972
石油加工,批发业,0.000969
石油加工,超市连锁,0.000969
石油加工,石油贸易,0.000969
石油加工,百货,0.000969
石油加工,医药商业,0.000969
建筑工程,多元金融,0.000968
石油开采,新型电力,0.000968
纺织,铜,0.000962
铜,乳制品,0.000962
汽车整车,渔业,0.000961
出版业,互联网,0.000961
C37铁路、船舶、航空航天和其他运输设备制造业,渔业,0.000961
小金属,软饮料,0.000956
小金属,啤酒,0.000956
小金属,红黄酒,0.000956
小金属,白酒,0.000956
C37铁路、船舶、航空航天和其他运输设备制造业,种植业,0.000954
汽车整车,种植业,0.000954
铝,酒店餐饮,0.000951
轻工机械,供气供热,0.00094
化工机械,供气供热,0.00094
焦炭加工,乳制品,0.000939
摩托车,橡胶,0.000939
石油开采,林业,0.000938
影视音像,新型电力,0.000938
陶瓷,电信运营,0.000934
水务,新型电力,0.000934
铜,机场,0.000933
林业,出版业,0.000932
出版业,仓储物流,0.000931
水务,装修装饰,0.000928
影视音像,林业,0.000927
水务,IT设备,0.000924
水务,黄金,0.000924
全国地产,林业,0.000923
摩托车,林业,0.000923
矿物制品,种植业,0.000922
纺织,机床制造,0.000921
C37铁路、船舶、航空航天和其他运输设备制造业,化学制药,0.000914
汽车整车,化学制药,0.000914
船舶,石油开采,0.000912
出版业,环境保护,0.000907
矿物制品,水力发电,0.000903
特种钢,旅游服务,0.000903
化工机械,汽车服务,0.000902
轻工机械,汽车服务,0.000902
陶瓷,其他商业,0.000901
出版业,银行,0.000896
出版业,保险,0.000896
水务,公共交通,0.000896
出版业,证券,0.000896
日用化工,其他商业,0.000895
钢加工,乳制品,0.000893
纺织,船舶,0.000892
矿物制品,火力发电,0.000892
铝,铁路,0.00089
全国地产,铜,0.00089
铝,空运,0.00089
铝,水运,0.00089
铝,路桥,0.00089
铝,港口,0.00089
煤炭开采,运输设备,0.00089
林业,农用机械,0.000889
纺织,机械基件,0.000888
纺织,乳制品,0.000887
汽车整车,黄金,0.00088
C37铁路、船舶、航空航天和其他运输设备制造业,黄金,0.00088
C37铁路、船舶、航空航天和其他运输设备制造业,综合类,0.000879
纺织机械,焦炭加工,0.000879
汽车整车,综合类,0.000879
通信设备,焦炭加工,0.000877
矿物制品,纺织,0.000875
出版业,农用机械,0.000875
水务,互联网,0.000873
出版业,特种钢,0.000873
塑料,证券,0.000872
塑料,银行,0.000872
塑料,保险,0.000872
化工机械,酒店餐饮,0.00087
轻工机械,酒店餐饮,0.00087
出版业,工程机械,0.00087
陶瓷,供气供热,0.000869
船舶,橡胶,0.000867
水务,船舶,0.000866
出版业,IT设备,0.000865
出版业,船舶,0.000863
全国地产,矿物制品,0.000863
其他建材,其他商业,0.00086
铝,种植业,0.000859
林业,塑料,0.000858
元器件,银行,0.000858
元器件,证券,0.000858
元器件,保险,0.000858
出版业,陶瓷,0.000856
钢加工,机场,0.000856
汽车整车,家居用品,0.000855
C37铁路、船舶、航空航天和其他运输设备制造业,家居用品,0.000855
特种钢,供气供热,0.000854
纺织机械,火力发电,0.000851
日用化工,供气供热,0.000847
焦炭加工,啤酒,0.000844
焦炭加工,白酒,0.000844
焦炭加工,红黄酒,0.000844
焦炭加工,软饮料,0.000844
出版业,运输设备,0.000843
影视音像,白酒,0.00084
影视音像,啤酒,0.00084
影视音像,红黄酒,0.00084
影视音像,软饮料,0.00084
黄金,文教休闲,0.000839
船舶,水务,0.000839
新型电力,保险,0.000838
新型电力,银行,0.000838
新型电力,证券,0.000838
日用化工,电信运营,0.000837
焦炭加工,酒店餐饮,0.000836
水务,区域地产,0.00083
钢加工,种植业,0.000829
出版业,电器仪表,0.000827
其他建材,电信运营,0.000824
出版业,家用电器,0.000819
钢加工,影视音像,0.000817
铜,红黄酒,0.000815
铜,啤酒,0.000815
铜,软饮料,0.000815
出版业,机械基件,0.000815
铜,白酒,0.000815
船舶,纺织,0.000811
纺织,农用机械,0.00081
铝,啤酒,0.000808
出版业,酒店餐饮,0.000808
铝,白酒,0.000808
铝,软饮料,0.000808
矿物制品,渔业,0.000808
铝,红黄酒,0.000808
水务,机场,0.000807
出版业,火力发电,0.000805
水务,仓储物流,0.000805
出版业,造纸,0.000804
矿物制品,铁路,0.000803
矿物制品,路桥,0.000803
矿物制品,空运,0.000803
矿物制品,港口,0.000803
矿物制品,水运,0.000803
机床制造,出版业,0.000801
铜,火力发电,0.0008
影视音像,特种钢,0.000797
机床制造,乳制品,0.000797
轻工机械,电信运营,0.000796
化工机械,电信运营,0.000796
特种钢,电信运营,0.000794
石油开采,园区开发,0.000791
机床制造,其他商业,0.000791
汽车整车,橡胶,0.00079
C37铁路、船舶、航空航天和其他运输设备制造业,橡胶,0.00079
汽车整车,造纸,0.000787
C37铁路、船舶、航空航天和其他运输设备制造业,造纸,0.000787
运输设备,白酒,0.000786
运输设备,红黄酒,0.000786
运输设备,软饮料,0.000786
运输设备,啤酒,0.000786
水务,影视音像,0.000783
纺织,生物制药,0.000777
电信运营,农业综合,0.000776
普钢,纺织,0.000774
机床制造,渔业,0.000774
铅锌,纺织,0.000774
水务,多元金融,0.000773
全国地产,新型电力,0.000768
C37铁路、船舶、航空航天和其他运输设备制造业,钢加工,0.000765
汽车整车,钢加工,0.000765
黄金,环境保护,0.000762
电信运营,特种钢,0.00076
摩托车,银行,0.000757
化工机械,乳制品,0.000757
IT设备,焦炭加工,0.000757
摩托车,保险,0.000757
轻工机械,乳制品,0.000757
摩托车,证券,0.000757
医疗保健,保险,0.000755
医疗保健,证券,0.000755
医疗保健,银行,0.000755
水务,火力发电,0.000753
通信设备,渔业,0.000752
铜,种植业,0.000752
全国地产,纺织机械,0.000751
摩托车,酒店餐饮,0.000749
纺织机械,公路,0.000747
小金属,酒店餐饮,0.000747
出版业,石油开采,0.000747
水务,软件服务,0.000744
汽车整车,林业,0.000742
C37铁路、船舶、航空航天和其他运输设备制造业,林业,0.000742
出版业,机场,0.000741
石油开采,水力发电,0.00074
特种钢,旅游景点,0.000738
特种钢,酒店餐饮,0.000736
林业,特种钢,0.000733
IT设备,白酒,0.000733
IT设备,软饮料,0.000733
全国地产,纺织,0.000733
石油开采,火力发电,0.000733
林业,橡胶,0.000733
IT设备,啤酒,0.000733
IT设备,红黄酒,0.000733
出版业,元器件,0.000732
煤炭开采,通信设备,0.000731
纺织,路桥,0.000729
纺织,港口,0.000729
纺织,水运,0.000729
纺织,空运,0.000729
纺织,铁路,0.000729
出版业,电气设备,0.000729
出版业,纺织,0.000727
C37铁路、船舶、航空航天和其他运输设备制造业,全国地产,0.000726
汽车整车,全国地产,0.000726
煤炭开采,酒店餐饮,0.000726
全国地产,化工机械,0.000725
全国地产,轻工机械,0.000725
特种钢,饲料,0.000724
化工原料,保险,0.000723
出版业,半导体,0.000723
化工原料,银行,0.000723
化工原料,证券,0.000723
摩托车,渔业,0.000722
全国地产,机床制造,0.000721
石油加工,电信运营,0.000721
铜,酒店餐饮,0.000715
出版业,塑料,0.000713
纺织,电器仪表,0.000712
船舶,农业综合,0.000712
出版业,专用机械,0.00071
C37铁路、船舶、航空航天和其他运输设备制造业,铅锌,0.000707
汽车整车,铅锌,0.000707
C37铁路、船舶、航空航天和其他运输设备制造业,普钢,0.000707
汽车整车,普钢,0.000707
全国地产,造纸,0.000707
影视音像,陶瓷,0.000706
林业,纺织机械,0.000706
出版业,汽车配件,0.000705
C37铁路、船舶、航空航天和其他运输设备制造业,农业综合,0.000704
汽车整车,农业综合,0.000704
特种钢,红黄酒,0.000702
特种钢,白酒,0.000702
特种钢,软饮料,0.000702
特种钢,啤酒,0.000702
小金属,渔业,0.000701
焦炭加工,影视音像,0.000701
铜,空运,0.000698
铜,水运,0.000698
出版业,多元金融,0.000698
铜,港口,0.000698
铜,铁路,0.000698
铜,路桥,0.000698
水务,路桥,0.000696
水务,空运,0.000696
水务,铁路,0.000696
水务,水运,0.000696
水务,港口,0.000696
钢加工,电信运营,0.000693
纺织,钢加工,0.00069
C37铁路、船舶、航空航天和其他运输设备制造业,铝,0.000689
汽车整车,铝,0.000689
摩托车,农业综合,0.000688
影视音像,水泥,0.000688
影视音像,玻璃,0.000688
钢加工,其他商业,0.000687
出版业,矿物制品,0.000684
全国地产,染料涂料,0.000682
特种钢,渔业,0.000682
纺织,汽车服务,0.00068
造纸,焦炭加工,0.000678
煤炭开采,装修装饰,0.000677
出版业,林业,0.000676
全国地产,家用电器,0.000674
化工机械,影视音像,0.000672
轻工机械,影视音像,0.000672
汽车整车,新型电力,0.000672
出版业,服饰,0.000672
C37铁路、船舶、航空航天和其他运输设备制造业,新型电力,0.000672
铝,渔业,0.00067
酒店餐饮,煤炭开采,0.000667
特种钢,影视音像,0.000666
全国地产,化学制药,0.000663
影视音像,石油开采,0.000662
纺织,机场,0.000661
橡胶,医药商业,0.000661
橡胶,批发业,0.000661
橡胶,超市连锁,0.000661
橡胶,百货,0.000661
橡胶,石油贸易,0.000661
出版业,纺织机械,0.00066
化工机械,房产服务,0.000659
轻工机械,房产服务,0.000659
出版业,家居用品,0.000658
特种钢,汽车服务,0.000658
纺织,渔业,0.000657
煤炭开采,种植业,0.000657
林业,矿物制品,0.000651
化学制药,银行,0.000648
化学制药,保险,0.000648
水务,供气供热,0.000648
铝,火力发电,0.000648
化学制药,证券,0.000648
全国地产,普钢,0.000647
全国地产,铅锌,0.000647
纺织,特种钢,0.000643
出版业,其他建材,0.000643
铜,渔业,0.000642
影视音像,农业综合,0.00064
全国地产,水泥,0.000639
全国地产,玻璃,0.000639
铝,公路,0.000637
全国地产,摩托车,0.000634
电信运营,渔业,0.000633
电信运营,陶瓷,0.000631
纺织,全国地产,0.000628
水务,商品城,0.000628
摩托车,黄金,0.000627
出版业,汽车服务,0.000626
汽车整车,园区开发,0.000624
C37铁路、船舶、航空航天和其他运输设备制造业,园区开发,0.000624
船舶,白酒,0.000623
船舶,啤酒,0.000623
船舶,软饮料,0.000623
船舶,红黄酒,0.000623
林业,染料涂料,0.000622
出版业,公路,0.00062
电信运营,石油开采,0.00062
全国地产,小金属,0.000618
建筑工程,保险,0.000616
建筑工程,证券,0.000616
建筑工程,银行,0.000616
出版业,化纤,0.000616
出版业,医疗保健,0.000614
船舶,渔业,0.000613
电信运营,日用化工,0.000612
特种钢,房产服务,0.00061
影视音像,其他建材,0.00061
玻璃,水力发电,0.000607
水泥,水力发电,0.000607
出版业,染料涂料,0.000604
水务,公路,0.000601
机床制造,商贸代理,0.0006
全国地产,陶瓷,0.0006
电信运营,其他建材,0.000594
石油开采,区域地产,0.000593
普钢,汽车服务,0.000591
摩托车,铅锌,0.000591
铅锌,汽车服务,0.000591
摩托车,普钢,0.000591
出版业,农药化肥,0.00059
出版业,中成药,0.00059
全国地产,石油加工,0.000588
矿物制品,酒店餐饮,0.000587
林业,新型电力,0.000584
出版业,石油加工,0.00058
出版业,小金属,0.000579
影视音像,日用化工,0.000577
摩托车,纺织,0.000575
电信运营,橡胶,0.000573
纺织,软件服务,0.00057
纺织机械,证券,0.000569
纺织机械,银行,0.000569
纺织机械,保险,0.000569
林业,化纤,0.000568
C37铁路、船舶、航空航天和其他运输设备制造业,染料涂料,0.000558
汽车整车,染料涂料,0.000558
煤炭开采,出版业,0.000554
轻工机械,其他商业,0.000553
化工机械,其他商业,0.000553
水泥,旅游服务,0.000552
玻璃,旅游服务,0.000552
全国地产,其他建材,0.00055
出版业,新型电力,0.000545
石油开采,红黄酒,0.000544
石油开采,白酒,0.000544
石油开采,啤酒,0.000544
石油开采,软饮料,0.000544
出版业,区域地产,0.00054
出版业,批发业,0.000537
出版业,医药商业,0.000537
出版业,超市连锁,0.000537
出版业,石油贸易,0.000537
出版业,百货,0.000537
林业,纺织,0.000534
水务,证券,0.000534
水务,保险,0.000534
水务,银行,0.000534
影视音像,橡胶,0.000534
机床制造,种植业,0.000533
煤炭开采,全国地产,0.00053
影视音像,石油加工,0.000529
特种钢,种植业,0.000528
石油开采,造纸,0.000527
全国地产,日用化工,0.000527
陶瓷,多元金融,0.000526
出版业,铜,0.000526
出版业,生物制药,0.000526
全国地产,铝,0.000523
水泥,商贸代理,0.000519
玻璃,商贸代理,0.000519
出版业,航空,0.000518
船舶,石油加工,0.000518
钢加工,公路,0.000512
出版业,日用化工,0.000509
出版业,钢加工,0.000509
石油开采,铝,0.000508
钢加工,公共交通,0.000508
机床制造,多元金融,0.000507
其他建材,多元金融,0.000507
出版业,铅锌,0.000504
出版业,普钢,0.000504
电信运营,石油加工,0.000503
铜,公路,0.000502
电信运营,C37铁路、船舶、航空航天和其他运输设备制造业,0.000502
电信运营,汽车整车,0.000502
染料涂料,保险,0.000499
染料涂料,银行,0.000499
染料涂料,证券,0.000499
电信运营,玻璃,0.000497
电信运营,水泥,0.000497
影视音像,渔业,0.000497
特种钢,乳制品,0.000497
出版业,化工原料,0.000496
林业,渔业,0.000496
日用化工,多元金融,0.000494
石油开采,钢加工,0.000493
水泥,水务,0.000492
玻璃,水务,0.000492
全国地产,C37铁路、船舶、航空航天和其他运输设备制造业,0.00049
C37铁路、船舶、航空航天和其他运输设备制造业,纺织,0.00049
全国地产,汽车整车,0.00049
汽车整车,纺织,0.00049
水务,电信运营,0.000489
矿物制品,公路,0.000489
林业,农业综合,0.000487
摩托车,石油加工,0.000485
黄金,服饰,0.000484
纺织,园区开发,0.000481
出版业,食品,0.000481
出版业,铝,0.000479
出版业,黄金,0.000478
汽车整车,出版业,0.000477
C37铁路、船舶、航空航天和其他运输设备制造业,出版业,0.000477
纺织,证券,0.000476
纺织,保险,0.000476
纺织,银行,0.000476
出版业,建筑工程,0.000475
陶瓷,批发业,0.000467
陶瓷,石油贸易,0.000467
陶瓷,超市连锁,0.000467
陶瓷,百货,0.000467
陶瓷,医药商业,0.000467
汽车整车,煤炭开采,0.000465
C37铁路、船舶、航空航天和其他运输设备制造业,煤炭开采,0.000465
林业,种植业,0.000465
水泥,旅游景点,0.000464
玻璃,旅游景点,0.000464
C37铁路、船舶、航空航天和其他运输设备制造业,银行,0.000462
汽车整车,保险,0.000462
汽车整车,焦炭加工,0.000462
汽车整车,证券,0.000462
C37铁路、船舶、航空航天和其他运输设备制造业,保险,0.000462
C37铁路、船舶、航空航天和其他运输设备制造业,焦炭加工,0.000462
C37铁路、船舶、航空航天和其他运输设备制造业,证券,0.000462
汽车整车,银行,0.000462
C37铁路、船舶、航空航天和其他运输设备制造业,酒店餐饮,0.00046
汽车整车,酒店餐饮,0.00046
出版业,商贸代理,0.00046
船舶,黄金,0.000458
钢加工,仓储物流,0.000457
出版业,橡胶,0.000455
出版业,化学制药,0.000454
化工机械,多元金融,0.000453
轻工机械,多元金融,0.000453
影视音像,钢加工,0.000452
船舶,铅锌,0.000449
船舶,普钢,0.000449
汽车整车,红黄酒,0.000447
出版业,其他商业,0.000447
汽车整车,白酒,0.000447
汽车整车,啤酒,0.000447
C37铁路、船舶、航空航天和其他运输设备制造业,啤酒,0.000447
钢加工,火力发电,0.000447
汽车整车,软饮料,0.000447
C37铁路、船舶、航空航天和其他运输设备制造业,白酒,0.000447
C37铁路、船舶、航空航天和其他运输设备制造业,软饮料,0.000447
C37铁路、船舶、航空航天和其他运输设备制造业,红黄酒,0.000447
C37铁路、船舶、航空航天和其他运输设备制造业,日用化工,0.000446
C37铁路、船舶、航空航天和其他运输设备制造业,影视音像,0.000446
汽车整车,日用化工,0.000446
汽车整车,影视音像,0.000446
全国地产,特种钢,0.000445
黄金,综合类,0.000445
影视音像,C37铁路、船舶、航空航天和其他运输设备制造业,0.000443
出版业,水力发电,0.000443
影视音像,汽车整车,0.000443
出版业,园区开发,0.000442
全国地产,啤酒,0.000441
全国地产,软饮料,0.000441
全国地产,白酒,0.000441
全国地产,红黄酒,0.000441
C37铁路、船舶、航空航天和其他运输设备制造业,食品,0.00044
C37铁路、船舶、航空航天和其他运输设备制造业,化纤,0.00044
汽车整车,食品,0.00044
汽车整车,化纤,0.00044
纺织,火力发电,0.00044
汽车整车,乳制品,0.000438
C37铁路、船舶、航空航天和其他运输设备制造业,乳制品,0.000438
林业,房产服务,0.000436
C37铁路、船舶、航空航天和其他运输设备制造业,农药化肥,0.000433
汽车整车,农药化肥,0.000433
C37铁路、船舶、航空航天和其他运输设备制造业,中成药,0.000433
汽车整车,中成药,0.000433
全国地产,橡胶,0.000431
C37铁路、船舶、航空航天和其他运输设备制造业,电信运营,0.00043
汽车整车,电信运营,0.00043
纺织,公路,0.000429
出版业,乳制品,0.000428
特种钢,商贸代理,0.000427
纺织,新型电力,0.000426
轻工机械,出版业,0.000424
C37铁路、船舶、航空航天和其他运输设备制造业,水务,0.000424
化工机械,出版业,0.000424
汽车整车,水务,0.000424
电信运营,钢加工,0.000424
摩托车,煤炭开采,0.000421
汽车整车,医药商业,0.00042
林业,路桥,0.00042
C37铁路、船舶、航空航天和其他运输设备制造业,超市连锁,0.00042
汽车整车,超市连锁,0.00042
C37铁路、船舶、航空航天和其他运输设备制造业,百货,0.00042
汽车整车,百货,0.00042
林业,铁路,0.00042
C37铁路、船舶、航空航天和其他运输设备制造业,医药商业,0.00042
林业,港口,0.00042
汽车整车,批发业,0.00042
汽车整车,石油贸易,0.00042
C37铁路、船舶、航空航天和其他运输设备制造业,批发业,0.00042
C37铁路、船舶、航空航天和其他运输设备制造业,石油贸易,0.00042
林业,空运,0.00042
林业,水运,0.00042
煤炭开采,区域地产,0.000417
林业,农药化肥,0.000415
林业,中成药,0.000415
摩托车,软饮料,0.000414
摩托车,白酒,0.000414
摩托车,啤酒,0.000414
摩托车,红黄酒,0.000414
摩托车,焦炭加工,0.000412
特种钢,出版业,0.000408
影视音像,黄金,0.000407
钢加工,多元金融,0.000406
C37铁路、船舶、航空航天和其他运输设备制造业,石油加工,0.000404
全国地产,农业综合,0.000404
汽车整车,石油加工,0.000404
特种钢,其他商业,0.000403
煤炭开采,公共交通,0.000395
纺织,种植业,0.000395
出版业,全国地产,0.000394
出版业,摩托车,0.000392
煤炭开采,园区开发,0.000391
林业,化学制药,0.000387
船舶,煤炭开采,0.000385
煤炭开采,房产服务,0.000384
矿物制品,保险,0.000383
矿物制品,证券,0.000383
矿物制品,银行,0.000383
出版业,饲料,0.000376
出版业,白酒,0.000373
出版业,软饮料,0.000373
出版业,啤酒,0.000373
出版业,红黄酒,0.000373
电信运营,黄金,0.000372
出版业,焦炭加工,0.000372
煤炭开采,商品城,0.000369
石油开采,饲料,0.000368
出版业,农业综合,0.000367
航空,证券,0.000366
航空,银行,0.000366
航空,保险,0.000366
石油开采,乳制品,0.000365
出版业,装修装饰,0.000364
家用电器,银行,0.000359
家用电器,证券,0.000359
家用电器,保险,0.000359
林业,影视音像,0.000359
影视音像,铅锌,0.000357
影视音像,普钢,0.000357
电信运营,煤炭开采,0.000357
煤炭开采,汽车服务,0.000354
摩托车,水务,0.00035
纺织,铅锌,0.000348
纺织,普钢,0.000348
林业,仓储物流,0.000346
林业,石油加工,0.000344
玻璃,火力发电,0.000339
水泥,火力发电,0.000339
铝,银行,0.000339
铝,保险,0.000339
铝,证券,0.000339
全国地产,钢加工,0.000338
水泥,商品城,0.000335
玻璃,商品城,0.000335
日用化工,批发业,0.000334
日用化工,百货,0.000334
日用化工,石油贸易,0.000334
日用化工,超市连锁,0.000334
日用化工,医药商业,0.000334
玻璃,供气供热,0.000334
水泥,供气供热,0.000334
石油开采,渔业,0.000334
石油开采,航空,0.000333
纺织,黄金,0.000331
林业,机场,0.000327
出版业,汽车整车,0.000326
出版业,C37铁路、船舶、航空航天和其他运输设备制造业,0.000326
林业,火力发电,0.000325
林业,食品,0.000325
出版业,旅游服务,0.000324
橡胶,银行,0.000313
橡胶,保险,0.000313
橡胶,证券,0.000313
船舶,焦炭加工,0.000308
全国地产,渔业,0.000306
影视音像,煤炭开采,0.000306
出版业,供气供热,0.0003
普钢,渔业,0.000295
铅锌,渔业,0.000295
林业,水务,0.000294
水泥,其他商业,0.000292
玻璃,其他商业,0.000292
玻璃,出版业,0.00029
水泥,出版业,0.00029
林业,生物制药,0.000284
电信运营,普钢,0.000283
电信运营,铅锌,0.000283
林业,石油开采,0.000273
钢加工,港口,0.000272
钢加工,水运,0.000272
钢加工,空运,0.000272
钢加工,路桥,0.000272
钢加工,铁路,0.000272
水泥,医药商业,0.000271
水泥,百货,0.000271
玻璃,超市连锁,0.000271
玻璃,石油贸易,0.000271
玻璃,百货,0.000271
水泥,石油贸易,0.000271
水泥,超市连锁,0.000271
玻璃,批发业,0.000271
水泥,批发业,0.000271
玻璃,医药商业,0.000271
铜,银行,0.00027
铜,证券,0.00027
铜,保险,0.00027
出版业,种植业,0.000268
出版业,商品城,0.000265
焦炭加工,电信运营,0.000265
普钢,种植业,0.000261
铅锌,种植业,0.000261
煤炭开采,林业,0.000259
特种钢,多元金融,0.000256
玻璃,影视音像,0.000253
水泥,影视音像,0.000253
其他建材,批发业,0.00025
其他建材,超市连锁,0.00025
其他建材,石油贸易,0.00025
其他建材,百货,0.00025
其他建材,医药商业,0.00025
水泥,仓储物流,0.00025
玻璃,仓储物流,0.00025
纺织,焦炭加工,0.000249
煤炭开采,仓储物流,0.000241
煤炭开采,水运,0.00024
煤炭开采,空运,0.00024
煤炭开采,路桥,0.00024
煤炭开采,铁路,0.00024
煤炭开采,港口,0.00024
石油开采,特种钢,0.000237
煤炭开采,机场,0.000235
石油开采,服饰,0.000235
石油开采,轻工机械,0.000235
水泥,电信运营,0.000235
石油开采,化工机械,0.000235
玻璃,电信运营,0.000235
林业,红黄酒,0.000234
林业,啤酒,0.000234
林业,软饮料,0.000234
林业,白酒,0.000234
水泥,多元金融,0.000233
玻璃,多元金融,0.000233
水泥,空运,0.000232
轻工机械,保险,0.000232
轻工机械,银行,0.000232
玻璃,空运,0.000232
玻璃,港口,0.000232
水泥,港口,0.000232
小金属,银行,0.000232
玻璃,路桥,0.000232
水泥,路桥,0.000232
小金属,证券,0.000232
水泥,水运,0.000232
水泥,铁路,0.000232
玻璃,铁路,0.000232
轻工机械,证券,0.000232
化工机械,证券,0.000232
化工机械,保险,0.000232
化工机械,银行,0.000232
小金属,保险,0.000232
玻璃,水运,0.000232
水泥,公共交通,0.000231
玻璃,公共交通,0.000231
林业,公路,0.000229
出版业,渔业,0.000227
水泥,公路,0.000226
玻璃,公路,0.000226
煤炭开采,C37铁路、船舶、航空航天和其他运输设备制造业,0.000224
煤炭开采,汽车整车,0.000224
影视音像,焦炭加工,0.000223
石油开采,机床制造,0.000222
铅锌,水务,0.000214
普钢,水务,0.000214
出版业,煤炭开采,0.000203
林业,黄金,0.000201
石油开采,种植业,0.000199
煤炭开采,其他商业,0.000199
焦炭加工,保险,0.000198
焦炭加工,证券,0.000198
焦炭加工,银行,0.000198
纺织,电信运营,0.000195
林业,乳制品,0.000193
纺织,批发业,0.000187
纺织,医药商业,0.000187
纺织,百货,0.000187
纺织,石油贸易,0.000187
纺织,超市连锁,0.000187
水泥,保险,0.000186
水泥,证券,0.000186
水泥,银行,0.000186
铅锌,机场,0.000186
玻璃,银行,0.000186
玻璃,保险,0.000186
玻璃,证券,0.000186
普钢,机场,0.000186
煤炭开采,影视音像,0.000185
石油开采,通信设备,0.000184
林业,焦炭加工,0.000181
铅锌,水力发电,0.000177
普钢,水力发电,0.000177
普钢,饲料,0.000177
铅锌,饲料,0.000177
煤炭开采,电器仪表,0.000176
石油开采,C37铁路、船舶、航空航天和其他运输设备制造业,0.000164
林业,互联网,0.000164
石油开采,汽车整车,0.000164
林业,铅锌,0.000161
林业,普钢,0.000161
石油开采,机场,0.00016
石油开采,农用机械,0.000159
石油加工,银行,0.000158
石油加工,证券,0.000158
石油加工,保险,0.000158
机床制造,医药商业,0.000154
机床制造,批发业,0.000154
机床制造,百货,0.000154
机床制造,石油贸易,0.000154
机床制造,超市连锁,0.000154
煤炭开采,摩托车,0.00015
电信运营,焦炭加工,0.000149
铅锌,红黄酒,0.000143
铅锌,白酒,0.000143
普钢,红黄酒,0.000143
普钢,白酒,0.000143
铅锌,软饮料,0.000143
铅锌,啤酒,0.000143
普钢,啤酒,0.000143
普钢,软饮料,0.000143
林业,商品城,0.000142
全国地产,焦炭加工,0.000141
煤炭开采,轻工机械,0.000141
煤炭开采,化工机械,0.000141
林业,供气供热,0.000137
机床制造,汽车服务,0.000135
煤炭开采,农用机械,0.000132
陶瓷,保险,0.000131
陶瓷,证券,0.000131
陶瓷,银行,0.000131
铅锌,商贸代理,0.000128
普钢,商贸代理,0.000128
铅锌,旅游服务,0.000126
普钢,旅游服务,0.000126
普钢,房产服务,0.000123
铅锌,房产服务,0.000123
普钢,公路,0.000122
煤炭开采,软件服务,0.000122
铅锌,公路,0.000122
林业,其他商业,0.00012
石油开采,电器仪表,0.000116
石油开采,摩托车,0.000116
煤炭开采,石油贸易,0.000114
煤炭开采,超市连锁,0.000114
煤炭开采,批发业,0.000114
煤炭开采,医药商业,0.000114
煤炭开采,百货,0.000114
普钢,供气供热,0.000114
铅锌,供气供热,0.000114
煤炭开采,多元金融,0.000113
石油开采,运输设备,0.000112
林业,超市连锁,0.00011
林业,石油贸易,0.00011
林业,百货,0.00011
林业,医药商业,0.00011
林业,多元金融,0.00011
林业,批发业,0.00011
石油开采,IT设备,0.000108
石油开采,房产服务,0.000107
煤炭开采,IT设备,0.000106
机床制造,保险,0.000106
机床制造,银行,0.000106
机床制造,证券,0.000106
林业,银行,0.0001
林业,保险,0.0001
林业,证券,0.0001
石油开采,纺织机械,9.9e-05
普钢,乳制品,9.8e-05
铅锌,乳制品,9.8e-05
煤炭开采,互联网,9.7e-05
轻工机械,医药商业,9.1e-05
轻工机械,批发业,9.1e-05
化工机械,超市连锁,9.1e-05
轻工机械,石油贸易,9.1e-05
轻工机械,百货,9.1e-05
化工机械,医药商业,9.1e-05
化工机械,百货,9.1e-05
轻工机械,超市连锁,9.1e-05
化工机械,批发业,9.1e-05
化工机械,石油贸易,9.1e-05
特种钢,批发业,8.6e-05
普钢,旅游景点,8.6e-05
特种钢,超市连锁,8.6e-05
特种钢,医药商业,8.6e-05
特种钢,百货,8.6e-05
特种钢,石油贸易,8.6e-05
铅锌,旅游景点,8.6e-05
煤炭开采,机床制造,8.1e-05
煤炭开采,船舶,7.5e-05
林业,电信运营,7.3e-05
其他建材,银行,6.8e-05
其他建材,证券,6.8e-05
其他建材,保险,6.8e-05
铅锌,火力发电,6.2e-05
普钢,火力发电,6.2e-05
石油开采,船舶,6.1e-05
特种钢,保险,5.3e-05
特种钢,银行,5.3e-05
特种钢,证券,5.3e-05
日用化工,证券,4e-05
日用化工,银行,4e-05
日用化工,保险,4e-05
钢加工,石油贸易,3.9e-05
钢加工,百货,3.9e-05
钢加工,超市连锁,3.9e-05
钢加工,医药商业,3.9e-05
钢加工,批发业,3.9e-05
石油开采,软件服务,3.8e-05
煤炭开采,保险,2.7e-05
石油开采,纺织,2.7e-05
煤炭开采,银行,2.7e-05
煤炭开采,证券,2.7e-05
普钢,铁路,1.6e-05
普钢,港口,1.6e-05
铅锌,空运,1.6e-05
普钢,路桥,1.6e-05
铅锌,水运,1.6e-05
铅锌,铁路,1.6e-05
铅锌,港口,1.6e-05
普钢,空运,1.6e-05
普钢,水运,1.6e-05
铅锌,路桥,1.6e-05
铅锌,仓储物流,1.4e-05
普钢,仓储物流,1.4e-05
石油开采,商贸代理,1.2e-05
普钢,百货,9e-06
铅锌,批发业,9e-06
普钢,批发业,9e-06
石油开采,旅游服务,9e-06
普钢,医药商业,9e-06
普钢,石油贸易,9e-06
铅锌,医药商业,9e-06
普钢,超市连锁,9e-06
铅锌,百货,9e-06
铅锌,超市连锁,9e-06
铅锌,石油贸易,9e-06
铅锌,出版业,8e-06
普钢,出版业,8e-06
铅锌,其他商业,7e-06
石油开采,医药商业,7e-06
石油开采,百货,7e-06
石油开采,石油贸易,7e-06
石油开采,批发业,7e-06
石油开采,旅游景点,7e-06
普钢,其他商业,7e-06
石油开采,超市连锁,7e-06
普钢,商品城,5e-06
黄金,摩托车,5e-06
石油开采,汽车服务,5e-06
铅锌,公共交通,5e-06
黄金,船舶,5e-06
黄金,纺织机械,5e-06
石油开采,其他商业,5e-06
石油开采,出版业,5e-06
普钢,公共交通,5e-06
铅锌,商品城,5e-06
石油开采,互联网,5e-06
黄金,IT设备,4e-06
石油开采,空运,4e-06
石油开采,港口,4e-06
石油开采,铁路,4e-06
铅锌,酒店餐饮,4e-06
普钢,酒店餐饮,4e-06
石油开采,水运,4e-06
石油开采,仓储物流,4e-06
石油开采,路桥,4e-06
钢加工,银行,3e-06
铅锌,影视音像,3e-06
钢加工,保险,3e-06
普钢,影视音像,3e-06
石油开采,酒店餐饮,3e-06
普钢,多元金融,3e-06
黄金,互联网,3e-06
铅锌,多元金融,3e-06
钢加工,证券,3e-06
黄金,电器仪表,2e-06
石油开采,公共交通,2e-06
石油开采,影视音像,2e-06
黄金,软件服务,2e-06
黄金,运输设备,2e-06
石油开采,多元金融,2e-06
石油开采,电信运营,0.0
铅锌,电信运营,0.0
铅锌,银行,0.0
普钢,保险,0.0
普钢,证券,0.0
铅锌,保险,0.0
石油开采,商品城,0.0
普钢,电信运营,0.0
石油开采,银行,0.0
石油开采,保险,0.0
铅锌,证券,0.0
普钢,银行,0.0
石油开采,证券,0.0
