code,quarter,prob,score,rating,actual
000001.SZ,2025Q3,0.0012447158,1082,AAA,0
000001.SZ,2025Q4,0.002700276,1026,AAA,0
000001.SZ,2026Q1,0.002400858,1034,AAA,0
000002.SZ,2025Q3,0.003399351,1009,AAA,0
000002.SZ,2025Q4,0.004160517,995,AAA,0
000002.SZ,2026Q1,0.004631626,987,AAA,0
000004.SZ,2025Q3,0.40756583,626,A,1
000004.SZ,2025Q4,0.009822313,932,AAA,1
000004.SZ,2026Q1,0.65919435,552,BBB,0
000006.SZ,2025Q3,0.022287562,872,AAA,0
000006.SZ,2025Q4,0.0064024897,963,AAA,0
000006.SZ,2026Q1,0.006920076,958,AAA,0
000007.SZ,2025Q3,0.028120775,855,AAA,0
000007.SZ,2025Q4,0.056907866,802,AAA,0
000007.SZ,2026Q1,0.08197041,774,AAA,0
000008.SZ,2025Q3,0.008082797,946,AAA,0
000008.SZ,2025Q4,0.008393647,944,AAA,0
000008.SZ,2026Q1,0.05464223,805,AAA,0
000009.SZ,2025Q3,0.0033105356,1011,AAA,0
000009.SZ,2025Q4,0.0037963938,1001,AAA,0
000009.SZ,2026Q1,0.0063394955,964,AAA,0
000010.SZ,2025Q3,0.17208561,713,AAA,0
000010.SZ,2025Q4,0.25002554,679,AA,0
000010.SZ,2026Q1,0.73831385,525,BB,0
000011.SZ,2025Q3,0.02377999,867,AAA,0
000011.SZ,2025Q4,0.0068872203,958,AAA,0
000011.SZ,2026Q1,0.005525108,974,AAA,0
000012.SZ,2025Q3,0.0017579935,1057,AAA,0
000012.SZ,2025Q4,0.0033189557,1011,AAA,0
000012.SZ,2026Q1,0.004444635,990,AAA,0
000014.SZ,2025Q3,0.015363784,900,AAA,0
000014.SZ,2025Q4,0.010837126,925,AAA,0
000014.SZ,2026Q1,0.0032430796,1013,AAA,0
000016.SZ,2025Q3,0.29719117,662,AA,0
000016.SZ,2025Q4,0.9372115,405,C,0
000016.SZ,2026Q1,0.96833825,353,C,0
000017.SZ,2025Q3,0.005223581,978,AAA,0
000017.SZ,2025Q4,0.049200613,813,AAA,0
000017.SZ,2026Q1,0.017715866,889,AAA,0
000019.SZ,2025Q3,0.006368587,964,AAA,0
000019.SZ,2025Q4,0.012128588,917,AAA,0
000019.SZ,2026Q1,0.010165041,930,AAA,0
000020.SZ,2025Q3,0.0049366197,982,AAA,0
000020.SZ,2025Q4,0.008949819,939,AAA,0
000020.SZ,2026Q1,0.022884354,870,AAA,0
000021.SZ,2025Q3,0.0013029688,1079,AAA,0
000021.SZ,2025Q4,0.0013031852,1079,AAA,0
000021.SZ,2026Q1,0.0013559982,1076,AAA,0
000025.SZ,2025Q3,0.006926229,958,AAA,0
000025.SZ,2025Q4,0.02761016,856,AAA,0
000025.SZ,2026Q1,0.022470508,872,AAA,0
000026.SZ,2025Q3,0.001106419,1090,AAA,0
000026.SZ,2025Q4,0.0026803343,1026,AAA,0
000026.SZ,2026Q1,0.0010346564,1095,AAA,0
000027.SZ,2025Q3,0.001507201,1068,AAA,0
000027.SZ,2025Q4,0.0018668026,1053,AAA,0
000027.SZ,2026Q1,0.001566014,1065,AAA,0
000028.SZ,2025Q3,0.0012475966,1082,AAA,0
000028.SZ,2025Q4,0.0027758873,1024,AAA,0
000028.SZ,2026Q1,0.004957889,982,AAA,0
000029.SZ,2025Q3,0.037376516,834,AAA,0
000029.SZ,2025Q4,0.022038862,873,AAA,0
000029.SZ,2026Q1,0.0875719,769,AAA,0
000030.SZ,2025Q3,0.0012203099,1083,AAA,0
000030.SZ,2025Q4,0.001594855,1064,AAA,0
000030.SZ,2026Q1,0.002408859,1034,AAA,0
000031.SZ,2025Q3,0.0057810303,971,AAA,0
000031.SZ,2025Q4,0.008092387,946,AAA,0
000031.SZ,2026Q1,0.01682636,893,AAA,0
000032.SZ,2025Q3,0.0016348307,1062,AAA,0
000032.SZ,2025Q4,0.0018583199,1053,AAA,0
000032.SZ,2026Q1,0.0019636455,1049,AAA,0
000034.SZ,2025Q3,0.0008648332,1108,AAA,0
000034.SZ,2025Q4,0.0010801521,1092,AAA,0
000034.SZ,2026Q1,0.0013042197,1079,AAA,0
000035.SZ,2025Q3,0.001859225,1053,AAA,0
000035.SZ,2025Q4,0.0020945987,1044,AAA,0
000035.SZ,2026Q1,0.0023817047,1035,AAA,0
000036.SZ,2025Q3,0.0042362753,993,AAA,0
000036.SZ,2025Q4,0.005287658,977,AAA,0
000036.SZ,2026Q1,0.011644051,920,AAA,0
000037.SZ,2025Q3,0.00622402,965,AAA,0
000037.SZ,2025Q4,0.0075508314,951,AAA,0
000037.SZ,2026Q1,0.012547343,914,AAA,0
000039.SZ,2025Q3,0.00081409124,1113,AAA,0
000039.SZ,2025Q4,0.0017504343,1057,AAA,0
000039.SZ,2026Q1,0.0010814077,1092,AAA,0
000042.SZ,2025Q3,0.008701696,941,AAA,0
000042.SZ,2025Q4,0.016195888,896,AAA,0
000042.SZ,2026Q1,0.050242547,812,AAA,0
000045.SZ,2025Q3,0.001851989,1053,AAA,0
000045.SZ,2025Q4,0.0026383067,1028,AAA,0
000045.SZ,2026Q1,0.0021515295,1042,AAA,0
000048.SZ,2025Q3,0.0030990178,1016,AAA,0
000048.SZ,2025Q4,0.0038818223,1000,AAA,0
000048.SZ,2026Q1,0.0062116953,966,AAA,0
000049.SZ,2025Q3,0.0011253104,1089,AAA,0
000049.SZ,2025Q4,0.0011625533,1087,AAA,0
000049.SZ,2026Q1,0.0011132085,1090,AAA,0
000050.SZ,2025Q3,0.0038859807,1000,AAA,0
000050.SZ,2025Q4,0.004694218,986,AAA,0
000050.SZ,2026Q1,0.011133714,923,AAA,0
000055.SZ,2025Q3,0.0023379894,1036,AAA,0
000055.SZ,2025Q4,0.00320229,1014,AAA,0
000055.SZ,2026Q1,0.003360048,1010,AAA,0
000056.SZ,2025Q3,0.9250633,418,C,0
000056.SZ,2025Q4,0.9657081,359,C,0
000056.SZ,2026Q1,0.9603599,370,C,0
000058.SZ,2025Q3,0.0062932856,965,AAA,0
000058.SZ,2025Q4,0.0036913692,1003,AAA,0
000058.SZ,2026Q1,0.009111971,938,AAA,0
000059.SZ,2025Q3,0.0063446607,964,AAA,0
000059.SZ,2025Q4,0.0076602073,950,AAA,0
000059.SZ,2026Q1,0.019397413,882,AAA,0
000060.SZ,2025Q3,0.003869382,1000,AAA,0
000060.SZ,2025Q4,0.0052569434,978,AAA,0
000060.SZ,2026Q1,0.005975238,968,AAA,0
000061.SZ,2025Q3,0.004741544,985,AAA,0
000061.SZ,2025Q4,0.00456195,988,AAA,0
000061.SZ,2026Q1,0.011503539,921,AAA,0
000062.SZ,2025Q3,0.0016295966,1062,AAA,0
000062.SZ,2025Q4,0.0020020362,1048,AAA,0
000062.SZ,2026Q1,0.0019922385,1048,AAA,0
000063.SZ,2025Q3,0.0007556436,1118,AAA,0
000063.SZ,2025Q4,0.0008945517,1106,AAA,0
000063.SZ,2026Q1,0.0014575718,1071,AAA,0
000065.SZ,2025Q3,0.0014055382,1073,AAA,0
000065.SZ,2025Q4,0.0007679193,1117,AAA,0
000065.SZ,2026Q1,0.0026091272,1028,AAA,0
000066.SZ,2025Q3,0.018400919,886,AAA,0
000066.SZ,2025Q4,0.01344338,909,AAA,0
000066.SZ,2026Q1,0.0084501365,943,AAA,0
000068.SZ,2025Q3,0.010401298,928,AAA,0
000068.SZ,2025Q4,0.019224048,883,AAA,0
000068.SZ,2026Q1,0.18779647,705,AAA,0
000069.SZ,2025Q3,0.02573425,862,AAA,0
000069.SZ,2025Q4,0.027617726,856,AAA,0
000069.SZ,2026Q1,0.036628556,835,AAA,0
000070.SZ,2025Q3,0.17250189,713,AAA,0
000070.SZ,2025Q4,0.015033943,901,AAA,0
000070.SZ,2026Q1,0.008159381,946,AAA,0
000078.SZ,2025Q3,0.034076765,841,AAA,0
000078.SZ,2025Q4,0.053169493,807,AAA,0
000078.SZ,2026Q1,0.06542632,791,AAA,0
000088.SZ,2025Q3,0.008625418,942,AAA,0
000088.SZ,2025Q4,0.016465642,895,AAA,0
000088.SZ,2026Q1,0.019420624,882,AAA,0
000089.SZ,2025Q3,0.0030948282,1016,AAA,0
000089.SZ,2025Q4,0.0034744164,1008,AAA,0
000089.SZ,2026Q1,0.0034806328,1008,AAA,0
000090.SZ,2025Q3,0.0019562999,1049,AAA,0
000090.SZ,2025Q4,0.0034943875,1007,AAA,0
000090.SZ,2026Q1,0.0016499425,1062,AAA,0
000096.SZ,2025Q3,0.002948535,1020,AAA,0
000096.SZ,2025Q4,0.010945455,924,AAA,0
000096.SZ,2026Q1,0.010533966,927,AAA,0
000099.SZ,2025Q3,0.00133728,1077,AAA,0
000099.SZ,2025Q4,0.0014033781,1073,AAA,0
000099.SZ,2026Q1,0.0010274217,1096,AAA,0
000100.SZ,2025Q3,0.007459761,952,AAA,0
000100.SZ,2025Q4,0.015552947,899,AAA,0
000100.SZ,2026Q1,0.01841511,886,AAA,0
000151.SZ,2025Q3,0.049659334,812,AAA,0
000151.SZ,2025Q4,0.008288744,945,AAA,0
000151.SZ,2026Q1,0.007919289,948,AAA,0
000153.SZ,2025Q3,0.0024477397,1033,AAA,0
000153.SZ,2025Q4,0.0027667142,1024,AAA,0
000153.SZ,2026Q1,0.0017495563,1057,AAA,0
000155.SZ,2025Q3,0.002384854,1035,AAA,0
000155.SZ,2025Q4,0.0022574724,1039,AAA,0
000155.SZ,2026Q1,0.0027877158,1024,AAA,0
000156.SZ,2025Q3,0.0010798789,1092,AAA,0
000156.SZ,2025Q4,0.0011378543,1088,AAA,0
000156.SZ,2026Q1,0.0014080958,1073,AAA,0
000157.SZ,2025Q3,0.0012444616,1082,AAA,0
000157.SZ,2025Q4,0.0011456836,1088,AAA,0
000157.SZ,2026Q1,0.0014531915,1071,AAA,0
000158.SZ,2025Q3,0.008783081,940,AAA,0
000158.SZ,2025Q4,0.00571669,972,AAA,0
000158.SZ,2026Q1,0.015162867,901,AAA,0
000159.SZ,2025Q3,0.0054359613,975,AAA,0
000159.SZ,2025Q4,0.008426581,943,AAA,0
000159.SZ,2026Q1,0.007790541,949,AAA,0
000166.SZ,2025Q3,0.0031467045,1015,AAA,0
000166.SZ,2025Q4,0.0026585562,1027,AAA,0
000166.SZ,2026Q1,0.002688507,1026,AAA,0
000301.SZ,2025Q3,0.006288916,965,AAA,0
000301.SZ,2025Q4,0.012066523,917,AAA,0
000301.SZ,2026Q1,0.005978105,968,AAA,0
000333.SZ,2025Q3,0.0010142704,1097,AAA,0
000333.SZ,2025Q4,0.0012414054,1082,AAA,0
000333.SZ,2026Q1,0.0012973202,1079,AAA,0
000338.SZ,2025Q3,0.0008969607,1106,AAA,0
000338.SZ,2025Q4,0.0008173625,1112,AAA,0
000338.SZ,2026Q1,0.0010654889,1093,AAA,0
000400.SZ,2025Q3,0.0007034718,1123,AAA,0
000400.SZ,2025Q4,0.00070047576,1123,AAA,0
000400.SZ,2026Q1,0.001283863,1080,AAA,0
000401.SZ,2025Q3,0.002795477,1023,AAA,0
000401.SZ,2025Q4,0.0024353063,1033,AAA,0
000401.SZ,2026Q1,0.006234153,965,AAA,0
000402.SZ,2025Q3,0.003967901,998,AAA,0
000402.SZ,2025Q4,0.0071086353,956,AAA,0
000402.SZ,2026Q1,0.0045143203,989,AAA,0
000403.SZ,2025Q3,0.0011035595,1091,AAA,0
000403.SZ,2025Q4,0.0018166422,1055,AAA,0
000403.SZ,2026Q1,0.0047198073,986,AAA,0
000404.SZ,2025Q3,0.0013029607,1079,AAA,0
000404.SZ,2025Q4,0.0017425872,1058,AAA,0
000404.SZ,2026Q1,0.0015519129,1066,AAA,0
000407.SZ,2025Q3,0.010709867,926,AAA,0
000407.SZ,2025Q4,0.014214465,905,AAA,0
000407.SZ,2026Q1,0.01531074,900,AAA,0
000408.SZ,2025Q3,0.0011372588,1088,AAA,0
000408.SZ,2025Q4,0.0011814057,1086,AAA,0
000408.SZ,2026Q1,0.0010959363,1091,AAA,0
000409.SZ,2025Q3,0.0036349765,1004,AAA,0
000409.SZ,2025Q4,0.0028875414,1021,AAA,0
000409.SZ,2026Q1,0.006104221,967,AAA,0
000410.SZ,2025Q3,0.0029502106,1020,AAA,0
000410.SZ,2025Q4,0.0025223899,1031,AAA,0
000410.SZ,2026Q1,0.0036084757,1005,AAA,0
000411.SZ,2025Q3,0.0011801212,1086,AAA,0
000411.SZ,2025Q4,0.0011221082,1089,AAA,0
000411.SZ,2026Q1,0.0014790349,1069,AAA,0
000415.SZ,2025Q3,0.004852333,984,AAA,0
000415.SZ,2025Q4,0.009220859,937,AAA,0
000415.SZ,2026Q1,0.00499366,981,AAA,0
000417.SZ,2025Q3,0.0031156482,1016,AAA,0
000417.SZ,2025Q4,0.004846532,984,AAA,0
000417.SZ,2026Q1,0.007487768,952,AAA,0
000419.SZ,2025Q3,0.0043737628,991,AAA,0
000419.SZ,2025Q4,0.006011118,968,AAA,0
000419.SZ,2026Q1,0.007855354,949,AAA,0
000420.SZ,2025Q3,0.0022786367,1038,AAA,0
000420.SZ,2025Q4,0.0049588676,982,AAA,0
000420.SZ,2026Q1,0.0093908645,936,AAA,0
000421.SZ,2025Q3,0.024942754,864,AAA,0
000421.SZ,2025Q4,0.08217786,774,AAA,0
000421.SZ,2026Q1,0.054901827,805,AAA,0
000422.SZ,2025Q3,0.0016616437,1061,AAA,0
000422.SZ,2025Q4,0.0023546293,1036,AAA,0
000422.SZ,2026Q1,0.0020078467,1047,AAA,0
000423.SZ,2025Q3,0.0013105022,1078,AAA,0
000423.SZ,2025Q4,0.0015327003,1067,AAA,0
000423.SZ,2026Q1,0.00092172297,1104,AAA,0
000425.SZ,2025Q3,0.0015594334,1066,AAA,0
000425.SZ,2025Q4,0.0016641595,1061,AAA,0
000425.SZ,2026Q1,0.0014657687,1070,AAA,0
000426.SZ,2025Q3,0.0073335283,954,AAA,0
000426.SZ,2025Q4,0.009063351,938,AAA,0
000426.SZ,2026Q1,0.025890049,861,AAA,0
000428.SZ,2025Q3,0.017476432,890,AAA,0
000428.SZ,2025Q4,0.028946498,853,AAA,0
000428.SZ,2026Q1,0.13552134,733,AAA,0
000429.SZ,2025Q3,0.00638254,964,AAA,0
000429.SZ,2025Q4,0.007775649,949,AAA,0
000429.SZ,2026Q1,0.0028779567,1021,AAA,0
000430.SZ,2025Q3,0.09677428,761,AAA,1
000430.SZ,2025Q4,0.14592053,727,AAA,1
000430.SZ,2026Q1,0.57711995,577,BBB,0
000488.SZ,2025Q3,0.063844144,793,AAA,1
000488.SZ,2025Q4,0.51789874,594,BBB,1
000488.SZ,2026Q1,0.70241016,538,BB,0
000498.SZ,2025Q3,0.0012887273,1079,AAA,0
000498.SZ,2025Q4,0.001183808,1086,AAA,0
000498.SZ,2026Q1,0.0016303073,1062,AAA,0
000501.SZ,2025Q3,0.0020359918,1046,AAA,0
000501.SZ,2025Q4,0.0027403294,1025,AAA,0
000501.SZ,2026Q1,0.0022377209,1040,AAA,0
000503.SZ,2025Q3,0.013437784,909,AAA,0
000503.SZ,2025Q4,0.016835662,893,AAA,0
000503.SZ,2026Q1,0.03553459,838,AAA,0
000504.SZ,2025Q3,0.012016796,918,AAA,1
000504.SZ,2025Q4,0.03585793,837,AAA,1
000504.SZ,2026Q1,0.6753394,547,BB,0
000505.SZ,2025Q3,0.004505203,989,AAA,0
000505.SZ,2025Q4,0.01152891,921,AAA,0
000505.SZ,2026Q1,0.050743457,811,AAA,0
000506.SZ,2025Q3,0.6853413,543,BB,0
000506.SZ,2025Q4,0.3992757,629,A,0
000506.SZ,2026Q1,0.10012553,758,AAA,0
000507.SZ,2025Q3,0.0020319172,1047,AAA,0
000507.SZ,2025Q4,0.0017187437,1059,AAA,0
000507.SZ,2026Q1,0.0014222106,1072,AAA,0
000509.SZ,2025Q3,0.026433513,860,AAA,0
000509.SZ,2025Q4,0.040505867,828,AAA,0
000509.SZ,2026Q1,0.15866745,720,AAA,0
000510.SZ,2025Q3,0.0075324546,952,AAA,0
000510.SZ,2025Q4,0.033065293,843,AAA,0
000510.SZ,2026Q1,0.020336019,879,AAA,0
000513.SZ,2025Q3,0.001055383,1094,AAA,0
000513.SZ,2025Q4,0.0012465424,1082,AAA,0
000513.SZ,2026Q1,0.0012032344,1084,AAA,0
000514.SZ,2025Q3,0.010351896,928,AAA,0
000514.SZ,2025Q4,0.0074072485,953,AAA,0
000514.SZ,2026Q1,0.0043334975,992,AAA,0
000516.SZ,2025Q3,0.010970416,924,AAA,0
000516.SZ,2025Q4,0.012807522,913,AAA,0
000516.SZ,2026Q1,0.015885513,897,AAA,0
000517.SZ,2025Q3,0.036908288,835,AAA,0
000517.SZ,2025Q4,0.03160574,846,AAA,0
000517.SZ,2026Q1,0.029926473,850,AAA,0
000518.SZ,2025Q3,0.061477948,796,AAA,1
000518.SZ,2025Q4,0.0746059,781,AAA,1
000518.SZ,2026Q1,0.43316403,619,A,0
000519.SZ,2025Q3,0.0017166923,1059,AAA,0
000519.SZ,2025Q4,0.0026244784,1028,AAA,0
000519.SZ,2026Q1,0.002843618,1022,AAA,0
000520.SZ,2025Q3,0.021692738,874,AAA,0
000520.SZ,2025Q4,0.01396637,907,AAA,0
000520.SZ,2026Q1,0.01137855,922,AAA,0
000521.SZ,2025Q3,0.0012903418,1079,AAA,0
000521.SZ,2025Q4,0.001291644,1079,AAA,0
000521.SZ,2026Q1,0.0017317571,1058,AAA,0
000523.SZ,2025Q3,0.008676392,941,AAA,0
000523.SZ,2025Q4,0.011279009,922,AAA,0
000523.SZ,2026Q1,0.013546191,909,AAA,0
000524.SZ,2025Q3,0.0036286176,1005,AAA,0
000524.SZ,2025Q4,0.017771173,889,AAA,0
000524.SZ,2026Q1,0.0077529396,949,AAA,0
000525.SZ,2025Q3,0.81143415,494,B,0
000525.SZ,2025Q4,0.76788175,513,BB,0
000525.SZ,2026Q1,0.49570268,601,A,0
000526.SZ,2025Q3,0.0013457919,1076,AAA,0
000526.SZ,2025Q4,0.003002958,1018,AAA,0
000526.SZ,2026Q1,0.0028028414,1023,AAA,0
000528.SZ,2025Q3,0.0008430262,1110,AAA,0
000528.SZ,2025Q4,0.0008522296,1109,AAA,0
000528.SZ,2026Q1,0.0010112268,1097,AAA,0
000529.SZ,2025Q3,0.0018993159,1051,AAA,0
000529.SZ,2025Q4,0.002619528,1028,AAA,0
000529.SZ,2026Q1,0.0041844887,994,AAA,0
000530.SZ,2025Q3,0.0030060275,1018,AAA,0
000530.SZ,2025Q4,0.0022979688,1038,AAA,0
000530.SZ,2026Q1,0.0049893903,981,AAA,0
000531.SZ,2025Q3,0.0019133942,1051,AAA,0
000531.SZ,2025Q4,0.003703852,1003,AAA,0
000531.SZ,2026Q1,0.0048561497,983,AAA,0
000532.SZ,2025Q3,0.0045865127,988,AAA,0
000532.SZ,2025Q4,0.006456925,963,AAA,0
000532.SZ,2026Q1,0.011015986,924,AAA,0
000533.SZ,2025Q3,0.013921394,907,AAA,0
000533.SZ,2025Q4,0.007803101,949,AAA,0
000533.SZ,2026Q1,0.015943397,897,AAA,0
000534.SZ,2025Q3,0.002115009,1044,AAA,0
000534.SZ,2025Q4,0.0022795855,1038,AAA,0
000534.SZ,2026Q1,0.0026625013,1027,AAA,0
000536.SZ,2025Q3,0.55315685,584,BBB,0
000536.SZ,2025Q4,0.042281017,825,AAA,0
000536.SZ,2026Q1,0.69436204,540,BB,0
000537.SZ,2025Q3,0.0013853295,1074,AAA,0
000537.SZ,2025Q4,0.0014253258,1072,AAA,0
000537.SZ,2026Q1,0.0019990297,1048,AAA,0
000538.SZ,2025Q3,0.0009661677,1100,AAA,0
000538.SZ,2025Q4,0.0011813843,1086,AAA,0
000538.SZ,2026Q1,0.0011258959,1089,AAA,0
000539.SZ,2025Q3,0.001454335,1071,AAA,0
000539.SZ,2025Q4,0.0018989643,1051,AAA,0
000539.SZ,2026Q1,0.0042868378,992,AAA,0
000541.SZ,2025Q3,0.0026671789,1027,AAA,0
000541.SZ,2025Q4,0.0020830857,1045,AAA,0
000541.SZ,2026Q1,0.0040380047,997,AAA,0
000543.SZ,2025Q3,0.0013239741,1077,AAA,0
000543.SZ,2025Q4,0.0015866675,1064,AAA,0
000543.SZ,2026Q1,0.001182993,1086,AAA,0
000544.SZ,2025Q3,0.0027898438,1024,AAA,0
000544.SZ,2025Q4,0.0015821017,1065,AAA,0
000544.SZ,2026Q1,0.0020651203,1045,AAA,0
000545.SZ,2025Q3,0.021492744,875,AAA,0
000545.SZ,2025Q4,0.10785941,752,AAA,0
000545.SZ,2026Q1,0.09543237,762,AAA,0
000546.SZ,2025Q3,0.015577804,899,AAA,0
000546.SZ,2025Q4,0.010169206,930,AAA,0
000546.SZ,2026Q1,0.008678644,941,AAA,0
000547.SZ,2025Q3,0.003002771,1018,AAA,0
000547.SZ,2025Q4,0.0032393227,1013,AAA,0
000547.SZ,2026Q1,0.00792292,948,AAA,0
000548.SZ,2025Q3,0.0047695446,985,AAA,0
000548.SZ,2025Q4,0.016797299,893,AAA,0
000548.SZ,2026Q1,0.010100627,930,AAA,0
000550.SZ,2025Q3,0.0013064812,1078,AAA,0
000550.SZ,2025Q4,0.0016117226,1063,AAA,0
000550.SZ,2026Q1,0.0018722286,1052,AAA,0
000551.SZ,2025Q3,0.0012341259,1083,AAA,0
000551.SZ,2025Q4,0.0013770032,1075,AAA,0
000551.SZ,2026Q1,0.001098109,1091,AAA,0
000552.SZ,2025Q3,0.005447784,975,AAA,0
000552.SZ,2025Q4,0.00575978,971,AAA,0
000552.SZ,2026Q1,0.0053589,976,AAA,0
000553.SZ,2025Q3,0.008228047,945,AAA,0
000553.SZ,2025Q4,0.014175258,905,AAA,0
000553.SZ,2026Q1,0.0030850659,1016,AAA,0
000554.SZ,2025Q3,0.004799192,984,AAA,0
000554.SZ,2025Q4,0.030263742,850,AAA,0
000554.SZ,2026Q1,0.0132564,910,AAA,0
000555.SZ,2025Q3,0.005232427,978,AAA,0
000555.SZ,2025Q4,0.0018290395,1054,AAA,0
000555.SZ,2026Q1,0.004493,989,AAA,0
000557.SZ,2025Q3,0.0021346544,1043,AAA,0
000557.SZ,2025Q4,0.0020513418,1046,AAA,0
000557.SZ,2026Q1,0.0032291354,1013,AAA,0
000558.SZ,2025Q3,0.03657218,835,AAA,0
000558.SZ,2025Q4,0.19900231,700,AAA,0
000558.SZ,2026Q1,0.12977295,737,AAA,0
000559.SZ,2025Q3,0.0024789977,1032,AAA,0
000559.SZ,2025Q4,0.0033165119,1011,AAA,0
000559.SZ,2026Q1,0.0031019992,1016,AAA,0
000560.SZ,2025Q3,0.013657973,908,AAA,0
000560.SZ,2025Q4,0.03522752,838,AAA,0
000560.SZ,2026Q1,0.029893944,851,AAA,0
000561.SZ,2025Q3,0.008282198,945,AAA,0
000561.SZ,2025Q4,0.023514844,868,AAA,0
000561.SZ,2026Q1,0.008799307,940,AAA,0
000563.SZ,2025Q3,0.0041222475,995,AAA,0
000563.SZ,2025Q4,0.0037962745,1001,AAA,0
000563.SZ,2026Q1,0.016321883,895,AAA,0
000564.SZ,2025Q3,0.061057124,797,AAA,0
000564.SZ,2025Q4,0.5660263,580,BBB,0
000564.SZ,2026Q1,0.7315378,527,BB,0
000565.SZ,2025Q3,0.004697039,986,AAA,0
000565.SZ,2025Q4,0.008018158,947,AAA,0
000565.SZ,2026Q1,0.016420366,895,AAA,0
000566.SZ,2025Q3,0.17278029,712,AAA,0
000566.SZ,2025Q4,0.23879613,683,AA,0
000566.SZ,2026Q1,0.47105068,608,A,0
000567.SZ,2025Q3,0.068297684,788,AAA,0
000567.SZ,2025Q4,0.03989051,829,AAA,0
000567.SZ,2026Q1,0.03231107,845,AAA,0
000568.SZ,2025Q3,0.0012419743,1082,AAA,0
000568.SZ,2025Q4,0.0012109978,1084,AAA,0
000568.SZ,2026Q1,0.0014108435,1073,AAA,0
000570.SZ,2025Q3,0.0028563656,1022,AAA,0
000570.SZ,2025Q4,0.0025412973,1030,AAA,0
000570.SZ,2026Q1,0.002634781,1028,AAA,0
000571.SZ,2025Q3,0.15032198,724,AAA,0
000571.SZ,2025Q4,0.11689685,745,AAA,0
000571.SZ,2026Q1,0.10328633,755,AAA,0
000572.SZ,2025Q3,0.042786743,824,AAA,0
000572.SZ,2025Q4,0.032820612,844,AAA,0
000572.SZ,2026Q1,0.06458567,792,AAA,0
000573.SZ,2025Q3,0.040135074,828,AAA,0
000573.SZ,2025Q4,0.1684915,715,AAA,0
000573.SZ,2026Q1,0.0092033725,937,AAA,0
000576.SZ,2025Q3,0.002832119,1022,AAA,0
000576.SZ,2025Q4,0.0025836332,1029,AAA,0
000576.SZ,2026Q1,0.004220932,994,AAA,0
000581.SZ,2025Q3,0.0009516797,1101,AAA,0
000581.SZ,2025Q4,0.0008967457,1106,AAA,0
000581.SZ,2026Q1,0.00089997874,1105,AAA,0
000582.SZ,2025Q3,0.0013455867,1076,AAA,0
000582.SZ,2025Q4,0.00149933,1068,AAA,0
000582.SZ,2026Q1,0.0013708541,1075,AAA,0
000586.SZ,2025Q3,0.002813212,1023,AAA,0
000586.SZ,2025Q4,0.0052387947,978,AAA,0
000586.SZ,2026Q1,0.004994437,981,AAA,0
000589.SZ,2025Q3,0.0015054819,1068,AAA,0
000589.SZ,2025Q4,0.0016369934,1062,AAA,0
000589.SZ,2026Q1,0.0022368727,1040,AAA,0
000590.SZ,2025Q3,0.028322859,855,AAA,0
000590.SZ,2025Q4,0.05255698,808,AAA,0
000590.SZ,2026Q1,0.048426937,814,AAA,0
000591.SZ,2025Q3,0.0016592913,1061,AAA,0
000591.SZ,2025Q4,0.0020075296,1047,AAA,0
000591.SZ,2026Q1,0.0017550044,1057,AAA,0
000592.SZ,2025Q3,0.010152292,930,AAA,0
000592.SZ,2025Q4,0.33986408,647,A,0
000592.SZ,2026Q1,0.29945275,661,AA,0
000593.SZ,2025Q3,0.04865593,814,AAA,0
000593.SZ,2025Q4,0.008331715,944,AAA,0
000593.SZ,2026Q1,0.0077084065,950,AAA,0
000595.SZ,2025Q3,0.8502729,474,B,1
000595.SZ,2025Q4,0.017924722,888,AAA,1
000595.SZ,2026Q1,0.013400021,910,AAA,0
000596.SZ,2025Q3,0.0010215465,1096,AAA,0
000596.SZ,2025Q4,0.000987061,1099,AAA,0
000596.SZ,2026Q1,0.0012763725,1080,AAA,0
000597.SZ,2025Q3,0.0019257199,1050,AAA,0
000597.SZ,2025Q4,0.002505872,1031,AAA,0
000597.SZ,2026Q1,0.008434545,943,AAA,0
000598.SZ,2025Q3,0.0037914647,1001,AAA,0
000598.SZ,2025Q4,0.008179221,946,AAA,0
000598.SZ,2026Q1,0.006091927,967,AAA,0
000599.SZ,2025Q3,0.02452642,865,AAA,0
000599.SZ,2025Q4,0.0036628072,1004,AAA,0
000599.SZ,2026Q1,0.0029494492,1020,AAA,0
000600.SZ,2025Q3,0.0018804908,1052,AAA,0
000600.SZ,2025Q4,0.0021864166,1041,AAA,0
000600.SZ,2026Q1,0.0012321116,1083,AAA,0
000601.SZ,2025Q3,0.0026518295,1027,AAA,0
000601.SZ,2025Q4,0.0041405694,995,AAA,0
000601.SZ,2026Q1,0.0025685653,1030,AAA,0
000603.SZ,2025Q3,0.0036431006,1004,AAA,0
000603.SZ,2025Q4,0.0029864856,1019,AAA,0
000603.SZ,2026Q1,0.0067877,959,AAA,0
000605.SZ,2025Q3,0.0032018549,1014,AAA,0
000605.SZ,2025Q4,0.0031590837,1015,AAA,0
000605.SZ,2026Q1,0.0033398436,1011,AAA,0
000607.SZ,2025Q3,0.005712349,972,AAA,0
000607.SZ,2025Q4,0.008786543,940,AAA,0
000607.SZ,2026Q1,0.026355574,860,AAA,0
000608.SZ,2025Q3,0.1642652,717,AAA,1
000608.SZ,2025Q4,0.026401687,860,AAA,1
000608.SZ,2026Q1,0.16727164,715,AAA,0
000609.SZ,2025Q3,0.9601387,370,C,1
000609.SZ,2025Q4,0.93311256,409,C,1
000609.SZ,2026Q1,0.9822927,310,C,0
000610.SZ,2025Q3,0.12606794,739,AAA,0
000610.SZ,2025Q4,0.96036065,370,C,0
000610.SZ,2026Q1,0.99144906,257,C,0
000612.SZ,2025Q3,0.004457524,990,AAA,0
000612.SZ,2025Q4,0.0035600925,1006,AAA,0
000612.SZ,2026Q1,0.0027773688,1024,AAA,0
000615.SZ,2025Q3,0.9877966,283,C,1
000615.SZ,2025Q4,0.42912292,620,A,1
000615.SZ,2026Q1,0.88520825,452,B,0
000617.SZ,2025Q3,0.0082903905,945,AAA,0
000617.SZ,2025Q4,0.004191407,994,AAA,0
000617.SZ,2026Q1,0.004262592,993,AAA,0
000619.SZ,2025Q3,0.0022213536,1040,AAA,0
000619.SZ,2025Q4,0.0026920163,1026,AAA,0
000619.SZ,2026Q1,0.002262457,1039,AAA,0
000620.SZ,2025Q3,0.041257076,826,AAA,0
000620.SZ,2025Q4,0.036289673,836,AAA,0
000620.SZ,2026Q1,0.044011608,822,AAA,0
000623.SZ,2025Q3,0.0014121393,1073,AAA,0
000623.SZ,2025Q4,0.0013000217,1079,AAA,0
000623.SZ,2026Q1,0.004711296,986,AAA,0
000625.SZ,2025Q3,0.001069812,1093,AAA,0
000625.SZ,2025Q4,0.0013629106,1075,AAA,0
000625.SZ,2026Q1,0.0028518115,1022,AAA,0
000626.SZ,2025Q3,0.0060889195,967,AAA,0
000626.SZ,2025Q4,0.009630827,934,AAA,0
000626.SZ,2026Q1,0.007878961,948,AAA,0
000628.SZ,2025Q3,0.0032620665,1012,AAA,0
000628.SZ,2025Q4,0.0037978045,1001,AAA,0
000628.SZ,2026Q1,0.008152592,946,AAA,0
000629.SZ,2025Q3,0.008511081,943,AAA,0
000629.SZ,2025Q4,0.008491131,943,AAA,0
000629.SZ,2026Q1,0.006229656,965,AAA,0
000630.SZ,2025Q3,0.004367376,991,AAA,0
000630.SZ,2025Q4,0.003870755,1000,AAA,0
000630.SZ,2026Q1,0.006511253,962,AAA,0
000631.SZ,2025Q3,0.006327972,964,AAA,0
000631.SZ,2025Q4,0.023493635,868,AAA,0
000631.SZ,2026Q1,0.033047788,843,AAA,0
000632.SZ,2025Q3,0.019275585,883,AAA,0
000632.SZ,2025Q4,0.40715244,627,A,0
000632.SZ,2026Q1,0.54378223,587,BBB,0
000633.SZ,2025Q3,0.0067388746,960,AAA,0
000633.SZ,2025Q4,0.011767119,919,AAA,0
000633.SZ,2026Q1,0.04541961,819,AAA,0
000635.SZ,2025Q3,0.011271663,922,AAA,0
000635.SZ,2025Q4,0.09415202,763,AAA,0
000635.SZ,2026Q1,0.095438816,762,AAA,0
000636.SZ,2025Q3,0.0009652619,1100,AAA,0
000636.SZ,2025Q4,0.00087498146,1107,AAA,0
000636.SZ,2026Q1,0.00116915,1086,AAA,0
000637.SZ,2025Q3,0.13675337,732,AAA,0
000637.SZ,2025Q4,0.33870742,648,A,0
000637.SZ,2026Q1,0.16979647,714,AAA,0
000638.SZ,2025Q3,0.13166942,736,AAA,1
000638.SZ,2025Q4,0.49108732,602,A,1
000638.SZ,2026Q1,0.9337956,409,C,0
000639.SZ,2025Q3,0.003717535,1003,AAA,0
000639.SZ,2025Q4,0.01637334,895,AAA,0
000639.SZ,2026Q1,0.019106973,884,AAA,0
000650.SZ,2025Q3,0.0015168801,1068,AAA,0
000650.SZ,2025Q4,0.0023412649,1036,AAA,0
000650.SZ,2026Q1,0.0020767741,1045,AAA,0
000651.SZ,2025Q3,0.00091579615,1104,AAA,0
000651.SZ,2025Q4,0.0020982628,1044,AAA,0
000651.SZ,2026Q1,0.0022853198,1038,AAA,0
000652.SZ,2025Q3,0.0077076983,950,AAA,0
000652.SZ,2025Q4,0.012004585,918,AAA,0
000652.SZ,2026Q1,0.009007391,939,AAA,0
000655.SZ,2025Q3,0.012814264,913,AAA,0
000655.SZ,2025Q4,0.01254388,914,AAA,0
000655.SZ,2026Q1,0.016782241,893,AAA,0
000656.SZ,2025Q3,0.9821702,310,C,1
000656.SZ,2025Q4,0.9913693,257,C,1
000656.SZ,2026Q1,0.98798275,281,C,0
000657.SZ,2025Q3,0.0011818092,1086,AAA,0
000657.SZ,2025Q4,0.0015685136,1065,AAA,0
000657.SZ,2026Q1,0.00236983,1035,AAA,0
000659.SZ,2025Q3,0.13445331,734,AAA,0
000659.SZ,2025Q4,0.045272578,819,AAA,0
000659.SZ,2026Q1,0.6319808,560,BBB,0
000661.SZ,2025Q3,0.0011346613,1089,AAA,0
000661.SZ,2025Q4,0.0022031856,1041,AAA,0
000661.SZ,2026Q1,0.0011588875,1087,AAA,0
000663.SZ,2025Q3,0.06444322,792,AAA,0
000663.SZ,2025Q4,0.12224531,742,AAA,0
000663.SZ,2026Q1,0.27015835,671,AA,0
000665.SZ,2025Q3,0.01891932,884,AAA,0
000665.SZ,2025Q4,0.012054291,917,AAA,0
000665.SZ,2026Q1,0.032881387,843,AAA,0
000668.SZ,2025Q3,0.07247614,783,AAA,1
000668.SZ,2025Q4,0.018961692,884,AAA,1
000668.SZ,2026Q1,0.031852752,846,AAA,0
000669.SZ,2025Q3,0.9879254,282,C,1
000669.SZ,2025Q4,0.98867863,277,C,1
000669.SZ,2026Q1,0.986535,290,C,0
000670.SZ,2025Q3,0.05558089,804,AAA,0
000670.SZ,2025Q4,0.11433045,747,AAA,0
000670.SZ,2026Q1,0.1689015,714,AAA,0
000672.SZ,2025Q3,0.0013614642,1075,AAA,0
000672.SZ,2025Q4,0.002159023,1042,AAA,0
000672.SZ,2026Q1,0.0029641646,1019,AAA,0
000676.SZ,2025Q3,0.004117818,995,AAA,0
000676.SZ,2025Q4,0.0044026393,991,AAA,0
000676.SZ,2026Q1,0.0049765315,982,AAA,0
000677.SZ,2025Q3,0.0049545895,982,AAA,0
000677.SZ,2025Q4,0.0041284985,995,AAA,0
000677.SZ,2026Q1,0.095245205,762,AAA,0
000678.SZ,2025Q3,0.0055525256,974,AAA,0
000678.SZ,2025Q4,0.005810267,970,AAA,0
000678.SZ,2026Q1,0.008275221,945,AAA,0
000679.SZ,2025Q3,0.10646251,753,AAA,0
000679.SZ,2025Q4,0.49047294,602,A,0
000679.SZ,2026Q1,0.11777891,745,AAA,0
000680.SZ,2025Q3,0.0013051976,1078,AAA,0
000680.SZ,2025Q4,0.0021052493,1044,AAA,0
000680.SZ,2026Q1,0.002411059,1034,AAA,0
000681.SZ,2025Q3,0.0013522762,1076,AAA,0
000681.SZ,2025Q4,0.0012050839,1084,AAA,0
000681.SZ,2026Q1,0.002822492,1023,AAA,0
000682.SZ,2025Q3,0.0022326007,1040,AAA,0
000682.SZ,2025Q4,0.0010603913,1093,AAA,0
000682.SZ,2026Q1,0.001604368,1064,AAA,0
000683.SZ,2025Q3,0.002536607,1030,AAA,0
000683.SZ,2025Q4,0.015706414,898,AAA,0
000683.SZ,2026Q1,0.015453152,899,AAA,0
000685.SZ,2025Q3,0.001638396,1062,AAA,0
000685.SZ,2025Q4,0.0021140943,1044,AAA,0
000685.SZ,2026Q1,0.0017856378,1056,AAA,0
000686.SZ,2025Q3,0.0011095539,1090,AAA,0
000686.SZ,2025Q4,0.0010793668,1092,AAA,0
000686.SZ,2026Q1,0.0011041,1091,AAA,0
000688.SZ,2025Q3,0.024523731,865,AAA,0
000688.SZ,2025Q4,0.026140392,860,AAA,0
000688.SZ,2026Q1,0.007720112,950,AAA,0
000690.SZ,2025Q3,0.0012891202,1079,AAA,0
000690.SZ,2025Q4,0.0014521526,1071,AAA,0
000690.SZ,2026Q1,0.0014813048,1069,AAA,0
000691.SZ,2025Q3,0.6433254,557,BBB,1
000691.SZ,2025Q4,0.066611394,790,AAA,1
000691.SZ,2026Q1,0.096203595,761,AAA,0
000692.SZ,2025Q3,0.9447033,395,C,0
000692.SZ,2025Q4,0.94428515,395,C,0
000692.SZ,2026Q1,0.87004113,462,B,0
000695.SZ,2025Q3,0.08314222,773,AAA,0
000695.SZ,2025Q4,0.044806976,820,AAA,0
000695.SZ,2026Q1,0.015723467,898,AAA,0
000697.SZ,2025Q3,0.2203668,691,AA,1
000697.SZ,2025Q4,0.0111293,923,AAA,1
000697.SZ,2026Q1,0.016172351,896,AAA,0
000698.SZ,2025Q3,0.0051570097,979,AAA,1
000698.SZ,2025Q4,0.020370014,879,AAA,1
000698.SZ,2026Q1,0.016284104,895,AAA,0
000700.SZ,2025Q3,0.005266657,978,AAA,0
000700.SZ,2025Q4,0.0023466428,1036,AAA,0
000700.SZ,2026Q1,0.004713356,986,AAA,0
000701.SZ,2025Q3,0.010099236,930,AAA,0
000701.SZ,2025Q4,0.004235817,993,AAA,0
000701.SZ,2026Q1,0.007491433,952,AAA,0
000702.SZ,2025Q3,0.017501594,890,AAA,0
000702.SZ,2025Q4,0.05178603,809,AAA,0
000702.SZ,2026Q1,0.054165605,806,AAA,0
000703.SZ,2025Q3,0.0019920326,1048,AAA,0
000703.SZ,2025Q4,0.0025765672,1029,AAA,0
000703.SZ,2026Q1,0.0029485882,1020,AAA,0
000705.SZ,2025Q3,0.004443074,990,AAA,0
000705.SZ,2025Q4,0.015726957,898,AAA,0
000705.SZ,2026Q1,0.020816514,877,AAA,0
000707.SZ,2025Q3,0.0035078644,1007,AAA,0
000707.SZ,2025Q4,0.0065194597,962,AAA,0
000707.SZ,2026Q1,0.008119123,946,AAA,0
000708.SZ,2025Q3,0.0014633037,1070,AAA,0
000708.SZ,2025Q4,0.0021638453,1042,AAA,0
000708.SZ,2026Q1,0.0015391683,1067,AAA,0
000709.SZ,2025Q3,0.003953578,998,AAA,0
000709.SZ,2025Q4,0.005517188,974,AAA,0
000709.SZ,2026Q1,0.005284609,977,AAA,0
000710.SZ,2025Q3,0.004192605,994,AAA,0
000710.SZ,2025Q4,0.0046027205,987,AAA,0
000710.SZ,2026Q1,0.0066215154,961,AAA,0
000711.SZ,2025Q3,0.9665632,357,C,1
000711.SZ,2025Q4,0.9669775,356,C,1
000711.SZ,2026Q1,0.89133406,448,C,0
000712.SZ,2025Q3,0.010754185,926,AAA,0
000712.SZ,2025Q4,0.00838617,944,AAA,0
000712.SZ,2026Q1,0.033067413,843,AAA,0
000713.SZ,2025Q3,0.016974008,892,AAA,0
000713.SZ,2025Q4,0.00826411,945,AAA,0
000713.SZ,2026Q1,0.01868898,885,AAA,0
000715.SZ,2025Q3,0.03190741,846,AAA,0
000715.SZ,2025Q4,0.09850684,759,AAA,0
000715.SZ,2026Q1,0.058821432,800,AAA,0
000716.SZ,2025Q3,0.004101974,996,AAA,0
000716.SZ,2025Q4,0.010823308,925,AAA,0
000716.SZ,2026Q1,0.005168025,979,AAA,0
000717.SZ,2025Q3,0.008481016,943,AAA,0
000717.SZ,2025Q4,0.011993081,918,AAA,0
000717.SZ,2026Q1,0.011823344,919,AAA,0
000718.SZ,2025Q3,0.029659878,851,AAA,0
000718.SZ,2025Q4,0.053146943,807,AAA,0
000718.SZ,2026Q1,0.02795561,855,AAA,0
000719.SZ,2025Q3,0.0008578512,1109,AAA,0
000719.SZ,2025Q4,0.0014991859,1068,AAA,0
000719.SZ,2026Q1,0.0017372145,1058,AAA,0
000720.SZ,2025Q3,0.01814085,887,AAA,0
000720.SZ,2025Q4,0.05449775,805,AAA,0
000720.SZ,2026Q1,0.013191736,911,AAA,0
000721.SZ,2025Q3,0.16787827,715,AAA,0
000721.SZ,2025Q4,0.3579339,642,A,0
000721.SZ,2026Q1,0.30896997,658,AA,0
000722.SZ,2025Q3,0.006020339,968,AAA,0
000722.SZ,2025Q4,0.00893006,939,AAA,0
000722.SZ,2026Q1,0.013019939,912,AAA,0
000723.SZ,2025Q3,0.014912184,902,AAA,0
000723.SZ,2025Q4,0.020229695,879,AAA,0
000723.SZ,2026Q1,0.06179786,796,AAA,0
000725.SZ,2025Q3,0.0019364773,1050,AAA,0
000725.SZ,2025Q4,0.0026899637,1026,AAA,0
000725.SZ,2026Q1,0.003210834,1013,AAA,0
000726.SZ,2025Q3,0.00086896657,1108,AAA,0
000726.SZ,2025Q4,0.001659868,1061,AAA,0
000726.SZ,2026Q1,0.0009112439,1104,AAA,0
000727.SZ,2025Q3,0.025476582,862,AAA,0
000727.SZ,2025Q4,0.046675637,817,AAA,0
000727.SZ,2026Q1,0.013008668,912,AAA,0
000728.SZ,2025Q3,0.0011191954,1090,AAA,0
000728.SZ,2025Q4,0.0010994095,1091,AAA,0
000728.SZ,2026Q1,0.0014214369,1072,AAA,0
000729.SZ,2025Q3,0.005636783,973,AAA,0
000729.SZ,2025Q4,0.006794284,959,AAA,0
000729.SZ,2026Q1,0.0065835943,961,AAA,0
000731.SZ,2025Q3,0.0036614954,1004,AAA,0
000731.SZ,2025Q4,0.006369803,964,AAA,0
000731.SZ,2026Q1,0.0063202432,964,AAA,0
000733.SZ,2025Q3,0.0009028595,1105,AAA,0
000733.SZ,2025Q4,0.0007233704,1121,AAA,0
000733.SZ,2026Q1,0.0037491,1002,AAA,0
000735.SZ,2025Q3,0.01827828,887,AAA,0
000735.SZ,2025Q4,0.0064416234,963,AAA,0
000735.SZ,2026Q1,0.053191196,807,AAA,0
000736.SZ,2025Q3,0.06451998,792,AAA,1
000736.SZ,2025Q4,0.070439674,786,AAA,1
000736.SZ,2026Q1,0.104785696,754,AAA,0
000737.SZ,2025Q3,0.0031020807,1016,AAA,0
000737.SZ,2025Q4,0.0058286483,970,AAA,0
000737.SZ,2026Q1,0.008194154,945,AAA,0
000738.SZ,2025Q3,0.0009988871,1098,AAA,0
000738.SZ,2025Q4,0.0027984148,1023,AAA,0
000738.SZ,2026Q1,0.001262544,1081,AAA,0
000739.SZ,2025Q3,0.0012903786,1079,AAA,0
000739.SZ,2025Q4,0.0011088834,1090,AAA,0
000739.SZ,2026Q1,0.0011014133,1091,AAA,0
000750.SZ,2025Q3,0.005648659,972,AAA,0
000750.SZ,2025Q4,0.0045521837,988,AAA,0
000750.SZ,2026Q1,0.0035243693,1007,AAA,0
000751.SZ,2025Q3,0.0047579086,985,AAA,0
000751.SZ,2025Q4,0.005673988,972,AAA,0
000751.SZ,2026Q1,0.0042272056,993,AAA,0
000752.SZ,2025Q3,0.34622145,645,A,1
000752.SZ,2025Q4,0.21279053,694,AA,1
000752.SZ,2026Q1,0.023699045,868,AAA,0
000753.SZ,2025Q3,0.006443406,963,AAA,0
000753.SZ,2025Q4,0.005072256,980,AAA,0
000753.SZ,2026Q1,0.008240913,945,AAA,0
000755.SZ,2025Q3,0.002750511,1025,AAA,0
000755.SZ,2025Q4,0.010610506,927,AAA,0
000755.SZ,2026Q1,0.0028117998,1023,AAA,0
000756.SZ,2025Q3,0.0013369368,1077,AAA,0
000756.SZ,2025Q4,0.0015753823,1065,AAA,0
000756.SZ,2026Q1,0.0014965805,1069,AAA,0
000757.SZ,2025Q3,0.004255908,993,AAA,0
000757.SZ,2025Q4,0.0044467663,990,AAA,0
000757.SZ,2026Q1,0.0051880144,979,AAA,0
000758.SZ,2025Q3,0.004833528,984,AAA,0
000758.SZ,2025Q4,0.0046271347,987,AAA,0
000758.SZ,2026Q1,0.0043123346,992,AAA,0
000759.SZ,2025Q3,0.021709522,874,AAA,0
000759.SZ,2025Q4,0.13461404,734,AAA,0
000759.SZ,2026Q1,0.045170728,820,AAA,0
000761.SZ,2025Q3,0.019550104,882,AAA,0
000761.SZ,2025Q4,0.024862956,864,AAA,0
000761.SZ,2026Q1,0.035685737,837,AAA,0
000762.SZ,2025Q3,0.0862339,770,AAA,0
000762.SZ,2025Q4,0.10392259,755,AAA,0
000762.SZ,2026Q1,0.011907321,918,AAA,0
000766.SZ,2025Q3,0.0047515365,985,AAA,0
000766.SZ,2025Q4,0.0053241285,977,AAA,0
000766.SZ,2026Q1,0.006462731,963,AAA,0
000767.SZ,2025Q3,0.0033963847,1009,AAA,0
000767.SZ,2025Q4,0.003096747,1016,AAA,0
000767.SZ,2026Q1,0.0026396273,1028,AAA,0
000768.SZ,2025Q3,0.001451831,1071,AAA,0
000768.SZ,2025Q4,0.0014431902,1071,AAA,0
000768.SZ,2026Q1,0.0019571818,1049,AAA,0
000776.SZ,2025Q3,0.0014293676,1072,AAA,0
000776.SZ,2025Q4,0.0010691844,1093,AAA,0
000776.SZ,2026Q1,0.0012459026,1082,AAA,0
000777.SZ,2025Q3,0.0025075246,1031,AAA,0
000777.SZ,2025Q4,0.0015661012,1065,AAA,0
000777.SZ,2026Q1,0.0038374441,1001,AAA,0
000778.SZ,2025Q3,0.0019464077,1050,AAA,0
000778.SZ,2025Q4,0.0027301633,1025,AAA,0
000778.SZ,2026Q1,0.0034262384,1009,AAA,0
000779.SZ,2025Q3,0.0033129894,1011,AAA,0
000779.SZ,2025Q4,0.0030089284,1018,AAA,0
000779.SZ,2026Q1,0.0020794808,1045,AAA,0
000782.SZ,2025Q3,0.0044929464,989,AAA,0
000782.SZ,2025Q4,0.0035783267,1006,AAA,0
000782.SZ,2026Q1,0.0038149436,1001,AAA,0
000783.SZ,2025Q3,0.0012136995,1084,AAA,0
000783.SZ,2025Q4,0.0011275902,1089,AAA,0
000783.SZ,2026Q1,0.0012358067,1082,AAA,0
000785.SZ,2025Q3,0.018285584,887,AAA,0
000785.SZ,2025Q4,0.05072172,811,AAA,0
000785.SZ,2026Q1,0.044611696,821,AAA,0
000786.SZ,2025Q3,0.0015358648,1067,AAA,0
000786.SZ,2025Q4,0.0015500601,1066,AAA,0
000786.SZ,2026Q1,0.0014210774,1072,AAA,0
000788.SZ,2025Q3,0.002610063,1028,AAA,0
000788.SZ,2025Q4,0.0052435827,978,AAA,0
000788.SZ,2026Q1,0.016559318,894,AAA,0
000789.SZ,2025Q3,0.0014136765,1073,AAA,0
000789.SZ,2025Q4,0.0033678734,1010,AAA,0
000789.SZ,2026Q1,0.0075295824,952,AAA,0
000790.SZ,2025Q3,0.008698798,941,AAA,0
000790.SZ,2025Q4,0.01812649,887,AAA,0
000790.SZ,2026Q1,0.059759416,798,AAA,0
000791.SZ,2025Q3,0.007440481,952,AAA,0
000791.SZ,2025Q4,0.008087106,946,AAA,0
000791.SZ,2026Q1,0.0025888989,1029,AAA,0
000792.SZ,2025Q3,0.001596109,1064,AAA,0
000792.SZ,2025Q4,0.0011425654,1088,AAA,0
000792.SZ,2026Q1,0.0010777849,1092,AAA,0
000793.SZ,2025Q3,0.1605359,719,AAA,1
000793.SZ,2025Q4,0.2947128,662,AA,1
000793.SZ,2026Q1,0.61094975,567,BBB,0
000795.SZ,2025Q3,0.0027220102,1025,AAA,0
000795.SZ,2025Q4,0.0022631246,1039,AAA,0
000795.SZ,2026Q1,0.0036299233,1005,AAA,0
000796.SZ,2025Q3,0.1594204,719,AAA,0
000796.SZ,2025Q4,0.12566781,739,AAA,0
000796.SZ,2026Q1,0.308487,658,AA,0
000797.SZ,2025Q3,0.0032296635,1013,AAA,0
000797.SZ,2025Q4,0.0045805103,988,AAA,0
000797.SZ,2026Q1,0.007161995,955,AAA,0
000798.SZ,2025Q3,0.016322242,895,AAA,0
000798.SZ,2025Q4,0.060543325,797,AAA,0
000798.SZ,2026Q1,0.29742792,662,AA,0
000799.SZ,2025Q3,0.0019295748,1050,AAA,0
000799.SZ,2025Q4,0.0020725203,1045,AAA,0
000799.SZ,2026Q1,0.0015688385,1065,AAA,0
000800.SZ,2025Q3,0.001398212,1074,AAA,0
000800.SZ,2025Q4,0.0019107215,1051,AAA,0
000800.SZ,2026Q1,0.003035052,1017,AAA,0
000801.SZ,2025Q3,0.0025570956,1030,AAA,0
000801.SZ,2025Q4,0.0023491906,1036,AAA,0
000801.SZ,2026Q1,0.006942158,958,AAA,0
000802.SZ,2025Q3,0.029563151,851,AAA,0
000802.SZ,2025Q4,0.070915036,785,AAA,0
000802.SZ,2026Q1,0.0969338,760,AAA,0
000803.SZ,2025Q3,0.05667892,802,AAA,0
000803.SZ,2025Q4,0.058126036,800,AAA,0
000803.SZ,2026Q1,0.0111472765,923,AAA,0
000807.SZ,2025Q3,0.001384273,1074,AAA,0
000807.SZ,2025Q4,0.0016530707,1061,AAA,0
000807.SZ,2026Q1,0.001139939,1088,AAA,0
000809.SZ,2025Q3,0.959161,372,C,0
000809.SZ,2025Q4,0.15611532,721,AAA,0
000809.SZ,2026Q1,0.079650484,776,AAA,0
000810.SZ,2025Q3,0.0015823706,1065,AAA,0
000810.SZ,2025Q4,0.0012120948,1084,AAA,0
000810.SZ,2026Q1,0.0026046701,1029,AAA,0
000811.SZ,2025Q3,0.0012042783,1084,AAA,0
000811.SZ,2025Q4,0.0010595144,1094,AAA,0
000811.SZ,2026Q1,0.0013156446,1078,AAA,0
000812.SZ,2025Q3,0.0026354878,1028,AAA,0
000812.SZ,2025Q4,0.0069832113,957,AAA,0
000812.SZ,2026Q1,0.020951081,877,AAA,0
000813.SZ,2025Q3,0.013661255,908,AAA,0
000813.SZ,2025Q4,0.008094346,946,AAA,0
000813.SZ,2026Q1,0.012952366,912,AAA,0
000815.SZ,2025Q3,0.035909828,837,AAA,0
000815.SZ,2025Q4,0.027875036,856,AAA,0
000815.SZ,2026Q1,0.018605,886,AAA,0
000816.SZ,2025Q3,0.0022289867,1040,AAA,0
000816.SZ,2025Q4,0.006187358,966,AAA,0
000816.SZ,2026Q1,0.011104924,923,AAA,0
000818.SZ,2025Q3,0.0088612735,940,AAA,0
000818.SZ,2025Q4,0.011143062,923,AAA,0
000818.SZ,2026Q1,0.011137736,923,AAA,0
000819.SZ,2025Q3,0.006783404,959,AAA,0
000819.SZ,2025Q4,0.00575958,971,AAA,0
000819.SZ,2026Q1,0.0076618497,950,AAA,0
000820.SZ,2025Q3,0.07646075,779,AAA,1
000820.SZ,2025Q4,0.5164397,595,BBB,1
000820.SZ,2026Q1,0.956818,376,C,0
000821.SZ,2025Q3,0.0018512434,1053,AAA,0
000821.SZ,2025Q4,0.0020469246,1046,AAA,1
000821.SZ,2026Q1,0.005993818,968,AAA,0
000822.SZ,2025Q3,0.013917703,907,AAA,0
000822.SZ,2025Q4,0.011506907,921,AAA,0
000822.SZ,2026Q1,0.008914821,939,AAA,0
000823.SZ,2025Q3,0.0010794788,1092,AAA,0
000823.SZ,2025Q4,0.0010141651,1097,AAA,0
000823.SZ,2026Q1,0.000987116,1099,AAA,0
000825.SZ,2025Q3,0.0024735478,1032,AAA,0
000825.SZ,2025Q4,0.0032458354,1013,AAA,0
000825.SZ,2026Q1,0.0038167743,1001,AAA,0
000826.SZ,2025Q3,0.11762602,745,AAA,0
000826.SZ,2025Q4,0.34029168,647,A,0
000826.SZ,2026Q1,0.5037597,598,BBB,0
000828.SZ,2025Q3,0.002859203,1022,AAA,0
000828.SZ,2025Q4,0.0031399287,1015,AAA,0
000828.SZ,2026Q1,0.0036009124,1005,AAA,0
000829.SZ,2025Q3,0.008155948,946,AAA,0
000829.SZ,2025Q4,0.007241788,954,AAA,0
000829.SZ,2026Q1,0.010647804,926,AAA,0
000830.SZ,2025Q3,0.0019986017,1048,AAA,0
000830.SZ,2025Q4,0.006881101,958,AAA,0
000830.SZ,2026Q1,0.0027357526,1025,AAA,0
000831.SZ,2025Q3,0.0013247859,1077,AAA,0
000831.SZ,2025Q4,0.001697324,1060,AAA,0
000831.SZ,2026Q1,0.0021104126,1044,AAA,0
000833.SZ,2025Q3,0.0070921187,956,AAA,0
000833.SZ,2025Q4,0.0043142107,992,AAA,0
000833.SZ,2026Q1,0.009068572,938,AAA,0
000837.SZ,2025Q3,0.0013004836,1079,AAA,0
000837.SZ,2025Q4,0.0019674553,1049,AAA,0
000837.SZ,2026Q1,0.0026149037,1028,AAA,0
000838.SZ,2025Q3,0.4228123,622,A,0
000838.SZ,2025Q4,0.9068877,435,C,0
000838.SZ,2026Q1,0.9847029,299,C,0
000839.SZ,2025Q3,0.08963087,767,AAA,0
000839.SZ,2025Q4,0.058587488,800,AAA,0
000839.SZ,2026Q1,0.42614803,621,A,0
000848.SZ,2025Q3,0.006842296,959,AAA,0
000848.SZ,2025Q4,0.009281048,936,AAA,0
000848.SZ,2026Q1,0.0065649394,962,AAA,0
000850.SZ,2025Q3,0.0017934736,1056,AAA,0
000850.SZ,2025Q4,0.002227104,1040,AAA,0
000850.SZ,2026Q1,0.0045002275,989,AAA,0
000852.SZ,2025Q3,0.001918811,1051,AAA,0
000852.SZ,2025Q4,0.008099459,946,AAA,0
000852.SZ,2026Q1,0.014552473,904,AAA,0
000856.SZ,2025Q3,0.0073383786,953,AAA,0
000856.SZ,2025Q4,0.007173427,955,AAA,0
000856.SZ,2026Q1,0.021786237,874,AAA,0
000858.SZ,2025Q3,0.001557588,1066,AAA,0
000858.SZ,2025Q4,0.0021027415,1044,AAA,0
000858.SZ,2026Q1,0.0014201947,1072,AAA,0
000859.SZ,2025Q3,0.0025368303,1030,AAA,0
000859.SZ,2025Q4,0.0040829554,996,AAA,0
000859.SZ,2026Q1,0.004624636,987,AAA,0
000860.SZ,2025Q3,0.0024747893,1032,AAA,0
000860.SZ,2025Q4,0.0070988177,956,AAA,0
000860.SZ,2026Q1,0.0034410784,1008,AAA,0
000862.SZ,2025Q3,0.0066641504,960,AAA,0
000862.SZ,2025Q4,0.0091888085,937,AAA,0
000862.SZ,2026Q1,0.013071683,911,AAA,0
000863.SZ,2025Q3,0.0045615947,988,AAA,0
000863.SZ,2025Q4,0.0076896413,950,AAA,0
000863.SZ,2026Q1,0.0075518964,951,AAA,0
000868.SZ,2025Q3,0.006314068,964,AAA,0
000868.SZ,2025Q4,0.0073986426,953,AAA,0
000868.SZ,2026Q1,0.027974077,855,AAA,0
000869.SZ,2025Q3,0.0011677503,1087,AAA,0
000869.SZ,2025Q4,0.0026420637,1028,AAA,0
000869.SZ,2026Q1,0.0015726486,1065,AAA,0
000875.SZ,2025Q3,0.0024403748,1033,AAA,0
000875.SZ,2025Q4,0.0022284088,1040,AAA,0
000875.SZ,2026Q1,0.002163528,1042,AAA,0
000876.SZ,2025Q3,0.0041921833,994,AAA,0
000876.SZ,2025Q4,0.015592816,899,AAA,0
000876.SZ,2026Q1,0.006912412,958,AAA,0
000877.SZ,2025Q3,0.0064466186,963,AAA,0
000877.SZ,2025Q4,0.008536756,942,AAA,0
000877.SZ,2026Q1,0.0067999945,959,AAA,0
000878.SZ,2025Q3,0.0015742733,1065,AAA,0
000878.SZ,2025Q4,0.002596171,1029,AAA,0
000878.SZ,2026Q1,0.0016297619,1062,AAA,0
000880.SZ,2025Q3,0.0015252148,1067,AAA,0
000880.SZ,2025Q4,0.0012526816,1081,AAA,0
000880.SZ,2026Q1,0.0013861477,1074,AAA,0
000881.SZ,2025Q3,0.0046905363,986,AAA,0
000881.SZ,2025Q4,0.006132228,967,AAA,0
000881.SZ,2026Q1,0.008887969,940,AAA,0
000882.SZ,2025Q3,0.022310978,872,AAA,0
000882.SZ,2025Q4,0.03386308,841,AAA,0
000882.SZ,2026Q1,0.028937206,853,AAA,0
000883.SZ,2025Q3,0.004526973,989,AAA,0
000883.SZ,2025Q4,0.008455568,943,AAA,0
000883.SZ,2026Q1,0.004528797,989,AAA,0
000885.SZ,2025Q3,0.0017247801,1058,AAA,0
000885.SZ,2025Q4,0.0018565464,1053,AAA,0
000885.SZ,2026Q1,0.0020046723,1047,AAA,0
000886.SZ,2025Q3,0.012357225,916,AAA,0
000886.SZ,2025Q4,0.0064209076,963,AAA,0
000886.SZ,2026Q1,0.009901368,932,AAA,0
000887.SZ,2025Q3,0.00081115845,1113,AAA,0
000887.SZ,2025Q4,0.0007659989,1117,AAA,0
000887.SZ,2026Q1,0.00093591976,1102,AAA,0
000888.SZ,2025Q3,0.004433414,990,AAA,0
000888.SZ,2025Q4,0.0076724207,950,AAA,0
000888.SZ,2026Q1,0.003829712,1001,AAA,0
000889.SZ,2025Q3,0.9896492,271,C,0
000889.SZ,2025Q4,0.9829327,307,C,0
000889.SZ,2026Q1,0.49165478,602,A,0
000890.SZ,2025Q3,0.24391082,681,AA,0
000890.SZ,2025Q4,0.25340456,677,AA,0
000890.SZ,2026Q1,0.82325906,489,B,0
000892.SZ,2025Q3,0.010302776,929,AAA,0
000892.SZ,2025Q4,0.024160258,866,AAA,0
000892.SZ,2026Q1,0.13178237,735,AAA,0
000893.SZ,2025Q3,0.0012263615,1083,AAA,0
000893.SZ,2025Q4,0.0014645172,1070,AAA,0
000893.SZ,2026Q1,0.0013382611,1077,AAA,0
000895.SZ,2025Q3,0.0016755149,1060,AAA,0
000895.SZ,2025Q4,0.0035286257,1007,AAA,0
000895.SZ,2026Q1,0.0024700207,1032,AAA,0
000897.SZ,2025Q3,0.051653862,809,AAA,0
000897.SZ,2025Q4,0.013021471,912,AAA,0
000897.SZ,2026Q1,0.00907111,938,AAA,0
000898.SZ,2025Q3,0.0065044328,962,AAA,0
000898.SZ,2025Q4,0.009405851,935,AAA,0
000898.SZ,2026Q1,0.008897791,939,AAA,0
000899.SZ,2025Q3,0.0023289344,1037,AAA,0
000899.SZ,2025Q4,0.0026415486,1028,AAA,0
000899.SZ,2026Q1,0.0021845065,1041,AAA,0
000900.SZ,2025Q3,0.005832057,970,AAA,0
000900.SZ,2025Q4,0.00723561,955,AAA,0
000900.SZ,2026Q1,0.0023638548,1036,AAA,0
000901.SZ,2025Q3,0.0032069099,1013,AAA,0
000901.SZ,2025Q4,0.00419124,994,AAA,0
000901.SZ,2026Q1,0.010882513,925,AAA,0
000902.SZ,2025Q3,0.0008972607,1106,AAA,0
000902.SZ,2025Q4,0.0008860239,1106,AAA,0
000902.SZ,2026Q1,0.0007806855,1116,AAA,0
000903.SZ,2025Q3,0.06637065,790,AAA,1
000903.SZ,2025Q4,0.03915385,830,AAA,1
000903.SZ,2026Q1,0.081557,774,AAA,0
000905.SZ,2025Q3,0.0019072726,1051,AAA,0
000905.SZ,2025Q4,0.0012714203,1080,AAA,0
000905.SZ,2026Q1,0.0021627778,1042,AAA,0
000906.SZ,2025Q3,0.0018829753,1052,AAA,0
000906.SZ,2025Q4,0.0011375801,1088,AAA,0
000906.SZ,2026Q1,0.0014279567,1072,AAA,0
000908.SZ,2025Q3,0.9818131,312,C,1
000908.SZ,2025Q4,0.9895355,271,C,1
000908.SZ,2026Q1,0.09799348,760,AAA,0
000909.SZ,2025Q3,0.767429,513,BB,1
000909.SZ,2025Q4,0.6193058,564,BBB,1
000909.SZ,2026Q1,0.82205707,489,B,0
000910.SZ,2025Q3,0.002709362,1026,AAA,0
000910.SZ,2025Q4,0.0053267656,977,AAA,0
000910.SZ,2026Q1,0.0014548773,1071,AAA,0
000911.SZ,2025Q3,0.13176574,736,AAA,0
000911.SZ,2025Q4,0.643624,557,BBB,0
000911.SZ,2026Q1,0.80649966,497,B,0
000912.SZ,2025Q3,0.0048992205,983,AAA,0
000912.SZ,2025Q4,0.020219231,879,AAA,0
000912.SZ,2026Q1,0.025072679,864,AAA,0
000913.SZ,2025Q3,0.0009783738,1099,AAA,0
000913.SZ,2025Q4,0.0010622679,1093,AAA,0
000913.SZ,2026Q1,0.0040434836,997,AAA,0
000915.SZ,2025Q3,0.0024148894,1034,AAA,0
000915.SZ,2025Q4,0.002989193,1019,AAA,0
000915.SZ,2026Q1,0.0039409287,999,AAA,0
000917.SZ,2025Q3,0.001252838,1081,AAA,0
000917.SZ,2025Q4,0.0010670902,1093,AAA,0
000917.SZ,2026Q1,0.0047009997,986,AAA,0
000919.SZ,2025Q3,0.0017364101,1058,AAA,0
000919.SZ,2025Q4,0.004346755,991,AAA,0
000919.SZ,2026Q1,0.0021482154,1042,AAA,0
000920.SZ,2025Q3,0.0017352112,1058,AAA,0
000920.SZ,2025Q4,0.0017863027,1056,AAA,0
000920.SZ,2026Q1,0.0018344694,1054,AAA,0
000921.SZ,2025Q3,0.000914754,1104,AAA,0
000921.SZ,2025Q4,0.0013711094,1075,AAA,0
000921.SZ,2026Q1,0.0015999541,1064,AAA,0
000922.SZ,2025Q3,0.0019926082,1048,AAA,0
000922.SZ,2025Q4,0.0014999106,1068,AAA,0
000922.SZ,2026Q1,0.0021717397,1042,AAA,0
000923.SZ,2025Q3,0.00411063,996,AAA,0
000923.SZ,2025Q4,0.0014726109,1070,AAA,0
000923.SZ,2026Q1,0.006500229,962,AAA,0
000925.SZ,2025Q3,0.0024056698,1034,AAA,0
000925.SZ,2025Q4,0.0029024773,1021,AAA,0
000925.SZ,2026Q1,0.0048694247,983,AAA,0
000926.SZ,2025Q3,0.01817895,887,AAA,0
000926.SZ,2025Q4,0.119676866,743,AAA,0
000926.SZ,2026Q1,0.14782637,726,AAA,0
000927.SZ,2025Q3,0.0019238521,1050,AAA,0
000927.SZ,2025Q4,0.001824434,1054,AAA,0
000927.SZ,2026Q1,0.0028485428,1022,AAA,0
000928.SZ,2025Q3,0.0020669824,1045,AAA,0
000928.SZ,2025Q4,0.0019490924,1050,AAA,0
000928.SZ,2026Q1,0.0020314723,1047,AAA,0
000929.SZ,2025Q3,0.019233203,883,AAA,1
000929.SZ,2025Q4,0.04786105,815,AAA,1
000929.SZ,2026Q1,0.045671318,819,AAA,0
000930.SZ,2025Q3,0.0040050647,997,AAA,0
000930.SZ,2025Q4,0.006721461,960,AAA,0
000930.SZ,2026Q1,0.009007497,939,AAA,0
000931.SZ,2025Q3,0.0025777968,1029,AAA,0
000931.SZ,2025Q4,0.0039652484,998,AAA,0
000931.SZ,2026Q1,0.004605625,987,AAA,0
000932.SZ,2025Q3,0.0026558493,1027,AAA,0
000932.SZ,2025Q4,0.0027933363,1023,AAA,0
000932.SZ,2026Q1,0.026864331,858,AAA,0
000933.SZ,2025Q3,0.0012405998,1082,AAA,0
000933.SZ,2025Q4,0.002027368,1047,AAA,0
000933.SZ,2026Q1,0.0016217182,1063,AAA,0
000935.SZ,2025Q3,0.000988894,1099,AAA,0
000935.SZ,2025Q4,0.0010306122,1096,AAA,0
000935.SZ,2026Q1,0.0021107853,1044,AAA,0
000936.SZ,2025Q3,0.0015969854,1064,AAA,0
000936.SZ,2025Q4,0.0019764944,1048,AAA,0
000936.SZ,2026Q1,0.0030230829,1018,AAA,0
000937.SZ,2025Q3,0.004987854,982,AAA,0
000937.SZ,2025Q4,0.004229418,993,AAA,0
000937.SZ,2026Q1,0.0059268284,969,AAA,0
000938.SZ,2025Q3,0.0012124047,1084,AAA,0
000938.SZ,2025Q4,0.0012832615,1080,AAA,0
000938.SZ,2026Q1,0.00148052,1069,AAA,0
000948.SZ,2025Q3,0.002448032,1033,AAA,0
000948.SZ,2025Q4,0.0029222157,1020,AAA,0
000948.SZ,2026Q1,0.0025771814,1029,AAA,0
000949.SZ,2025Q3,0.0029530525,1019,AAA,0
000949.SZ,2025Q4,0.0026947483,1026,AAA,0
000949.SZ,2026Q1,0.003043432,1017,AAA,0
000950.SZ,2025Q3,0.003850307,1000,AAA,0
000950.SZ,2025Q4,0.011633739,920,AAA,0
000950.SZ,2026Q1,0.012715684,913,AAA,0
000951.SZ,2025Q3,0.0008631878,1108,AAA,0
000951.SZ,2025Q4,0.0009831224,1099,AAA,0
000951.SZ,2026Q1,0.0010567356,1094,AAA,0
000952.SZ,2025Q3,0.010535423,927,AAA,0
000952.SZ,2025Q4,0.025226286,863,AAA,0
000952.SZ,2026Q1,0.031945035,846,AAA,0
000953.SZ,2025Q3,0.047499966,816,AAA,0
000953.SZ,2025Q4,0.16027714,719,AAA,0
000953.SZ,2026Q1,0.017805316,889,AAA,0
000955.SZ,2025Q3,0.039004676,831,AAA,0
000955.SZ,2025Q4,0.080693826,775,AAA,0
000955.SZ,2026Q1,0.34207833,647,A,0
000957.SZ,2025Q3,0.0010894586,1092,AAA,0
000957.SZ,2025Q4,0.001148092,1088,AAA,0
000957.SZ,2026Q1,0.001388559,1074,AAA,0
000958.SZ,2025Q3,0.031281926,847,AAA,0
000958.SZ,2025Q4,0.048944626,814,AAA,0
000958.SZ,2026Q1,0.018278819,887,AAA,0
000959.SZ,2025Q3,0.004632824,987,AAA,0
000959.SZ,2025Q4,0.0047432906,985,AAA,0
000959.SZ,2026Q1,0.0075253923,952,AAA,0
000960.SZ,2025Q3,0.0013910857,1074,AAA,0
000960.SZ,2025Q4,0.0011653601,1087,AAA,0
000960.SZ,2026Q1,0.0011000172,1091,AAA,0
000962.SZ,2025Q3,0.0013742652,1075,AAA,0
000962.SZ,2025Q4,0.0014735268,1070,AAA,0
000962.SZ,2026Q1,0.003633835,1004,AAA,0
000963.SZ,2025Q3,0.00087199936,1108,AAA,0
000963.SZ,2025Q4,0.00092151965,1104,AAA,0
000963.SZ,2026Q1,0.0041800025,994,AAA,0
000965.SZ,2025Q3,0.0031525795,1015,AAA,0
000965.SZ,2025Q4,0.003102166,1016,AAA,0
000965.SZ,2026Q1,0.005362655,976,AAA,0
000966.SZ,2025Q3,0.0050542476,981,AAA,0
000966.SZ,2025Q4,0.013743813,908,AAA,0
000966.SZ,2026Q1,0.014720756,903,AAA,0
000967.SZ,2025Q3,0.0028816592,1021,AAA,0
000967.SZ,2025Q4,0.0017249195,1058,AAA,0
000967.SZ,2026Q1,0.0031747282,1014,AAA,0
000968.SZ,2025Q3,0.0071554882,955,AAA,0
000968.SZ,2025Q4,0.027243178,857,AAA,0
000968.SZ,2026Q1,0.11531652,746,AAA,0
000969.SZ,2025Q3,0.0013008893,1079,AAA,0
000969.SZ,2025Q4,0.0016605952,1061,AAA,0
000969.SZ,2026Q1,0.0031649708,1014,AAA,0
000970.SZ,2025Q3,0.001868496,1053,AAA,0
000970.SZ,2025Q4,0.0020598068,1046,AAA,0
000970.SZ,2026Q1,0.0017382262,1058,AAA,0
000972.SZ,2025Q3,0.90896404,434,C,1
000972.SZ,2025Q4,0.988684,277,C,1
000972.SZ,2026Q1,0.9779172,326,C,0
000973.SZ,2025Q3,0.0018524942,1053,AAA,0
000973.SZ,2025Q4,0.0015384548,1067,AAA,0
000973.SZ,2026Q1,0.0041661374,995,AAA,0
000975.SZ,2025Q3,0.022619853,871,AAA,0
000975.SZ,2025Q4,0.008769815,941,AAA,0
000975.SZ,2026Q1,0.0054671145,975,AAA,0
000977.SZ,2025Q3,0.0013517747,1076,AAA,0
000977.SZ,2025Q4,0.0009869965,1099,AAA,0
000977.SZ,2026Q1,0.0013093943,1078,AAA,0
002074.SZ,2025Q3,0.0012811219,1080,AAA,0
002074.SZ,2025Q4,0.0007407311,1119,AAA,0
002074.SZ,2026Q1,0.0015229073,1067,AAA,0
002075.SZ,2025Q3,0.0040593836,996,AAA,0
002075.SZ,2025Q4,0.0027512554,1025,AAA,0
002075.SZ,2026Q1,0.005449399,975,AAA,0
002076.SZ,2025Q3,0.030840017,848,AAA,1
002076.SZ,2025Q4,0.0887372,768,AAA,1
002076.SZ,2026Q1,0.032677714,844,AAA,0
002077.SZ,2025Q3,0.009653075,934,AAA,0
002077.SZ,2025Q4,0.01029824,929,AAA,0
002077.SZ,2026Q1,0.009876091,932,AAA,0
002078.SZ,2025Q3,0.0021910581,1041,AAA,0
002078.SZ,2025Q4,0.002173885,1042,AAA,0
002078.SZ,2026Q1,0.0011531585,1087,AAA,0
002079.SZ,2025Q3,0.0051536933,979,AAA,0
002079.SZ,2025Q4,0.008367988,944,AAA,0
002079.SZ,2026Q1,0.005791218,971,AAA,0
002080.SZ,2025Q3,0.0014516312,1071,AAA,0
002080.SZ,2025Q4,0.0011580372,1087,AAA,0
002080.SZ,2026Q1,0.0014399716,1071,AAA,0
002081.SZ,2025Q3,0.0013736894,1075,AAA,0
002081.SZ,2025Q4,0.0014155848,1073,AAA,0
002081.SZ,2026Q1,0.0015587542,1066,AAA,0
002082.SZ,2025Q3,0.0037477168,1002,AAA,0
002082.SZ,2025Q4,0.028220724,855,AAA,0
002082.SZ,2026Q1,0.0044216183,990,AAA,0
002083.SZ,2025Q3,0.002302325,1037,AAA,0
002083.SZ,2025Q4,0.0042410134,993,AAA,0
002083.SZ,2026Q1,0.0036195489,1005,AAA,0
002084.SZ,2025Q3,0.018586667,886,AAA,0
002084.SZ,2025Q4,0.012850633,913,AAA,0
002084.SZ,2026Q1,0.119021885,744,AAA,0
002085.SZ,2025Q3,0.0017229025,1058,AAA,0
002085.SZ,2025Q4,0.0021734661,1042,AAA,0
002085.SZ,2026Q1,0.002391847,1035,AAA,0
002086.SZ,2025Q3,0.112698264,748,AAA,0
002086.SZ,2025Q4,0.080698036,775,AAA,0
002086.SZ,2026Q1,0.17965484,709,AAA,0
002088.SZ,2025Q3,0.0032797377,1012,AAA,0
002088.SZ,2025Q4,0.0070686266,956,AAA,0
002088.SZ,2026Q1,0.008773866,940,AAA,0
002090.SZ,2025Q3,0.0072428645,954,AAA,0
002090.SZ,2025Q4,0.005638531,973,AAA,0
002090.SZ,2026Q1,0.0037717314,1002,AAA,0
002091.SZ,2025Q3,0.00090215524,1105,AAA,0
002091.SZ,2025Q4,0.0014171347,1073,AAA,0
002091.SZ,2026Q1,0.0012412475,1082,AAA,0
002092.SZ,2025Q3,0.028359244,854,AAA,0
002092.SZ,2025Q4,0.04303473,823,AAA,0
002092.SZ,2026Q1,0.0143333245,905,AAA,0
002093.SZ,2025Q3,0.0031161206,1016,AAA,0
002093.SZ,2025Q4,0.003336818,1011,AAA,0
002093.SZ,2026Q1,0.0090507595,938,AAA,0
002094.SZ,2025Q3,0.004936275,982,AAA,0
002094.SZ,2025Q4,0.004589389,988,AAA,0
002094.SZ,2026Q1,0.008319291,944,AAA,0
002095.SZ,2025Q3,0.004914072,983,AAA,0
002095.SZ,2025Q4,0.0068641356,958,AAA,0
002095.SZ,2026Q1,0.0062740394,965,AAA,0
002096.SZ,2025Q3,0.0014952003,1069,AAA,0
002096.SZ,2025Q4,0.0017867234,1056,AAA,0
002096.SZ,2026Q1,0.0022909378,1038,AAA,0
002097.SZ,2025Q3,0.004608841,987,AAA,0
002097.SZ,2025Q4,0.0029449863,1020,AAA,0
002097.SZ,2026Q1,0.01003315,931,AAA,0
002098.SZ,2025Q3,0.0016607257,1061,AAA,0
002098.SZ,2025Q4,0.0024610688,1033,AAA,0
002098.SZ,2026Q1,0.0017294843,1058,AAA,0
002099.SZ,2025Q3,0.004374446,991,AAA,0
002099.SZ,2025Q4,0.008062236,947,AAA,0
002099.SZ,2026Q1,0.008282405,945,AAA,0
002100.SZ,2025Q3,0.0018047008,1055,AAA,0
002100.SZ,2025Q4,0.0039687776,998,AAA,0
002100.SZ,2026Q1,0.0036777086,1004,AAA,0
002101.SZ,2025Q3,0.001047961,1094,AAA,0
002101.SZ,2025Q4,0.00094009034,1102,AAA,0
002101.SZ,2026Q1,0.0015039495,1068,AAA,0
002102.SZ,2025Q3,0.020800566,877,AAA,0
002102.SZ,2025Q4,0.03163977,846,AAA,0
002102.SZ,2026Q1,0.03342033,842,AAA,0
002103.SZ,2025Q3,0.0013136456,1078,AAA,0
002103.SZ,2025Q4,0.00331953,1011,AAA,0
002103.SZ,2026Q1,0.007036596,957,AAA,0
002104.SZ,2025Q3,0.0036348833,1004,AAA,0
002104.SZ,2025Q4,0.00447103,989,AAA,0
002104.SZ,2026Q1,0.010879166,925,AAA,0
002105.SZ,2025Q3,0.010298595,929,AAA,0
002105.SZ,2025Q4,0.013744802,908,AAA,0
002105.SZ,2026Q1,0.014626593,903,AAA,0
002106.SZ,2025Q3,0.000932704,1103,AAA,0
002106.SZ,2025Q4,0.000926432,1103,AAA,0
002106.SZ,2026Q1,0.0030437373,1017,AAA,0
002107.SZ,2025Q3,0.007002608,957,AAA,0
002107.SZ,2025Q4,0.014076485,906,AAA,0
002107.SZ,2026Q1,0.013957049,907,AAA,0
002108.SZ,2025Q3,0.0013570964,1076,AAA,0
002108.SZ,2025Q4,0.0016355601,1062,AAA,0
002108.SZ,2026Q1,0.004631804,987,AAA,0
002109.SZ,2025Q3,0.034257267,840,AAA,0
002109.SZ,2025Q4,0.040598888,828,AAA,0
002109.SZ,2026Q1,0.060624745,797,AAA,0
002110.SZ,2025Q3,0.009952244,931,AAA,0
002110.SZ,2025Q4,0.01293384,912,AAA,0
002110.SZ,2026Q1,0.009397813,935,AAA,0
002111.SZ,2025Q3,0.002962843,1019,AAA,0
002111.SZ,2025Q4,0.0018333338,1054,AAA,0
002111.SZ,2026Q1,0.0018744093,1052,AAA,0
002112.SZ,2025Q3,0.0051270816,980,AAA,0
002112.SZ,2025Q4,0.0024245395,1034,AAA,0
002112.SZ,2026Q1,0.0025624158,1030,AAA,0
002114.SZ,2025Q3,0.038128648,832,AAA,0
002114.SZ,2025Q4,0.027399918,857,AAA,0
002114.SZ,2026Q1,0.04584342,818,AAA,0
002115.SZ,2025Q3,0.0053360937,977,AAA,0
002115.SZ,2025Q4,0.0022386517,1039,AAA,0
002115.SZ,2026Q1,0.006437883,963,AAA,0
002116.SZ,2025Q3,0.0013610447,1075,AAA,0
002116.SZ,2025Q4,0.0018168576,1055,AAA,0
002116.SZ,2026Q1,0.002194047,1041,AAA,0
002117.SZ,2025Q3,0.0024099238,1034,AAA,0
002117.SZ,2025Q4,0.0025078014,1031,AAA,0
002117.SZ,2026Q1,0.0053311153,977,AAA,0
002119.SZ,2025Q3,0.0073504,953,AAA,0
002119.SZ,2025Q4,0.0026847417,1026,AAA,0
002119.SZ,2026Q1,0.007288929,954,AAA,0
002120.SZ,2025Q3,0.0030962273,1016,AAA,0
002120.SZ,2025Q4,0.0018502921,1053,AAA,0
002120.SZ,2026Q1,0.0018482141,1053,AAA,0
002121.SZ,2025Q3,0.038783852,831,AAA,0
002121.SZ,2025Q4,0.042063262,825,AAA,0
002121.SZ,2026Q1,0.02507534,864,AAA,0
002122.SZ,2025Q3,0.005766878,971,AAA,1
002122.SZ,2025Q4,0.004587098,988,AAA,1
002122.SZ,2026Q1,0.013645298,908,AAA,0
002123.SZ,2025Q3,0.023600683,868,AAA,0
002123.SZ,2025Q4,0.058741745,800,AAA,0
002123.SZ,2026Q1,0.018314788,887,AAA,0
002124.SZ,2025Q3,0.8410632,479,B,0
002124.SZ,2025Q4,0.60980284,567,BBB,0
002124.SZ,2026Q1,0.4520512,613,A,0
002125.SZ,2025Q3,0.0020524296,1046,AAA,0
002125.SZ,2025Q4,0.002390008,1035,AAA,0
002125.SZ,2026Q1,0.002783555,1024,AAA,0
002126.SZ,2025Q3,0.00075638236,1118,AAA,0
002126.SZ,2025Q4,0.0007091515,1123,AAA,0
002126.SZ,2026Q1,0.00090015715,1105,AAA,0
002127.SZ,2025Q3,0.0026107037,1028,AAA,0
002127.SZ,2025Q4,0.0054657822,975,AAA,0
002127.SZ,2026Q1,0.004131823,995,AAA,0
002128.SZ,2025Q3,0.0016416329,1062,AAA,0
002128.SZ,2025Q4,0.0017491407,1057,AAA,0
002128.SZ,2026Q1,0.0011662641,1087,AAA,0
002129.SZ,2025Q3,0.005194656,979,AAA,0
002129.SZ,2025Q4,0.004743689,985,AAA,0
002129.SZ,2026Q1,0.0052389484,978,AAA,0
002130.SZ,2025Q3,0.0011320524,1089,AAA,0
002130.SZ,2025Q4,0.0010717252,1093,AAA,0
002130.SZ,2026Q1,0.0009958982,1098,AAA,0
002131.SZ,2025Q3,0.002221434,1040,AAA,0
002131.SZ,2025Q4,0.004519657,989,AAA,0
002131.SZ,2026Q1,0.0061785737,966,AAA,0
002132.SZ,2025Q3,0.0039682663,998,AAA,0
002132.SZ,2025Q4,0.012507673,915,AAA,0
002132.SZ,2026Q1,0.010992399,924,AAA,0
002133.SZ,2025Q3,0.01733813,891,AAA,0
002133.SZ,2025Q4,0.026644628,859,AAA,0
002133.SZ,2026Q1,0.042035375,825,AAA,0
002134.SZ,2025Q3,0.005537761,974,AAA,0
002134.SZ,2025Q4,0.008041046,947,AAA,0
002134.SZ,2026Q1,0.0064050197,963,AAA,0
002135.SZ,2025Q3,0.0023660723,1035,AAA,0
002135.SZ,2025Q4,0.0029329457,1020,AAA,0
002135.SZ,2026Q1,0.0095593855,934,AAA,0
002136.SZ,2025Q3,0.0034134097,1009,AAA,0
002136.SZ,2025Q4,0.0032989648,1011,AAA,0
002136.SZ,2026Q1,0.0022123177,1040,AAA,0
002137.SZ,2025Q3,0.0041826153,994,AAA,0
002137.SZ,2025Q4,0.0040114094,997,AAA,0
002137.SZ,2026Q1,0.008497287,943,AAA,0
002138.SZ,2025Q3,0.00094877277,1102,AAA,0
002138.SZ,2025Q4,0.00087138807,1108,AAA,0
002138.SZ,2026Q1,0.0009052494,1105,AAA,0
002139.SZ,2025Q3,0.00095325016,1101,AAA,0
002139.SZ,2025Q4,0.0010884617,1092,AAA,0
002139.SZ,2026Q1,0.0018701241,1052,AAA,0
002140.SZ,2025Q3,0.0013197163,1078,AAA,0
002140.SZ,2025Q4,0.0014180372,1072,AAA,0
002140.SZ,2026Q1,0.0013219853,1078,AAA,0
002141.SZ,2025Q3,0.419846,623,A,0
002141.SZ,2025Q4,0.19534063,702,AAA,0
002141.SZ,2026Q1,0.0581714,800,AAA,0
002142.SZ,2025Q3,0.0010064202,1097,AAA,0
002142.SZ,2025Q4,0.0013690504,1075,AAA,0
002142.SZ,2026Q1,0.0013514155,1076,AAA,0
002144.SZ,2025Q3,0.0009050153,1105,AAA,0
002144.SZ,2025Q4,0.0010750858,1092,AAA,0
002144.SZ,2026Q1,0.0009965503,1098,AAA,0
002145.SZ,2025Q3,0.0017665043,1057,AAA,0
002145.SZ,2025Q4,0.0022306088,1040,AAA,0
002145.SZ,2026Q1,0.0028013424,1023,AAA,0
002146.SZ,2025Q3,0.08907368,767,AAA,0
002146.SZ,2025Q4,0.290433,664,AA,0
002146.SZ,2026Q1,0.29761693,661,AA,0
002148.SZ,2025Q3,0.0043940153,991,AAA,0
002148.SZ,2025Q4,0.0075398977,952,AAA,0
002148.SZ,2026Q1,0.0064724376,963,AAA,0
002149.SZ,2025Q3,0.0035492731,1006,AAA,0
002149.SZ,2025Q4,0.001839305,1054,AAA,0
002149.SZ,2026Q1,0.004904135,983,AAA,0
002150.SZ,2025Q3,0.0011322325,1089,AAA,0
002150.SZ,2025Q4,0.0012356179,1082,AAA,0
002150.SZ,2026Q1,0.0022156294,1040,AAA,0
002151.SZ,2025Q3,0.0027740465,1024,AAA,0
002151.SZ,2025Q4,0.0018155877,1055,AAA,0
002151.SZ,2026Q1,0.005350207,976,AAA,0
002152.SZ,2025Q3,0.0023990497,1034,AAA,0
002152.SZ,2025Q4,0.0014838065,1069,AAA,0
002152.SZ,2026Q1,0.002765921,1024,AAA,0
002153.SZ,2025Q3,0.0042037703,994,AAA,0
002153.SZ,2025Q4,0.0054775546,975,AAA,0
002153.SZ,2026Q1,0.009752213,933,AAA,0
002154.SZ,2025Q3,0.0019367685,1050,AAA,0
002154.SZ,2025Q4,0.0023373142,1036,AAA,0
002154.SZ,2026Q1,0.0025383665,1030,AAA,0
002155.SZ,2025Q3,0.006974722,957,AAA,0
002155.SZ,2025Q4,0.004503358,989,AAA,0
002155.SZ,2026Q1,0.0046864734,986,AAA,0
002156.SZ,2025Q3,0.00093711505,1102,AAA,0
002156.SZ,2025Q4,0.0009583941,1101,AAA,0
002156.SZ,2026Q1,0.00087988155,1107,AAA,0
002157.SZ,2025Q3,0.0070750383,956,AAA,0
002157.SZ,2025Q4,0.11646344,746,AAA,0
002157.SZ,2026Q1,0.10791065,752,AAA,0
002158.SZ,2025Q3,0.0011821666,1086,AAA,0
002158.SZ,2025Q4,0.0012296676,1083,AAA,0
002158.SZ,2026Q1,0.00091586116,1104,AAA,0
002159.SZ,2025Q3,0.0021157607,1044,AAA,0
002159.SZ,2025Q4,0.0023942057,1035,AAA,0
002159.SZ,2026Q1,0.0052981745,977,AAA,0
002160.SZ,2025Q3,0.0036160322,1005,AAA,0
002160.SZ,2025Q4,0.004902211,983,AAA,0
002160.SZ,2026Q1,0.005434531,975,AAA,0
002161.SZ,2025Q3,0.007865167,948,AAA,0
002161.SZ,2025Q4,0.023655495,868,AAA,0
002161.SZ,2026Q1,0.032109365,845,AAA,0
002162.SZ,2025Q3,0.00782243,949,AAA,0
002162.SZ,2025Q4,0.009571415,934,AAA,0
002162.SZ,2026Q1,0.043565616,822,AAA,0
002163.SZ,2025Q3,0.013504246,909,AAA,0
002163.SZ,2025Q4,0.0753466,780,AAA,0
002163.SZ,2026Q1,0.3373806,648,A,0
002164.SZ,2025Q3,0.0024998044,1032,AAA,0
002164.SZ,2025Q4,0.0022255788,1040,AAA,0
002164.SZ,2026Q1,0.002382941,1035,AAA,0
002165.SZ,2025Q3,0.0025830653,1029,AAA,0
002165.SZ,2025Q4,0.0036048223,1005,AAA,0
002165.SZ,2026Q1,0.011263922,922,AAA,0
002166.SZ,2025Q3,0.0032667909,1012,AAA,0
002166.SZ,2025Q4,0.0063646142,964,AAA,0
002166.SZ,2026Q1,0.0033177212,1011,AAA,0
002167.SZ,2025Q3,0.028362932,854,AAA,0
002167.SZ,2025Q4,0.016938806,892,AAA,0
002167.SZ,2026Q1,0.006463404,963,AAA,0
002168.SZ,2025Q3,0.9874329,285,C,1
002168.SZ,2025Q4,0.9533277,382,C,1
002168.SZ,2026Q1,0.7445411,522,BB,0
002169.SZ,2025Q3,0.006727557,960,AAA,0
002169.SZ,2025Q4,0.004542919,988,AAA,0
002169.SZ,2026Q1,0.0055534416,974,AAA,0
002170.SZ,2025Q3,0.007841998,949,AAA,0
002170.SZ,2025Q4,0.009379369,936,AAA,0
002170.SZ,2026Q1,0.0046155946,987,AAA,0
002171.SZ,2025Q3,0.0031777027,1014,AAA,0
002171.SZ,2025Q4,0.0016911003,1060,AAA,0
002171.SZ,2026Q1,0.0020587377,1046,AAA,0
002172.SZ,2025Q3,0.07460812,781,AAA,0
002172.SZ,2025Q4,0.22191657,690,AA,0
002172.SZ,2026Q1,0.24699837,680,AA,0
002173.SZ,2025Q3,0.009342023,936,AAA,0
002173.SZ,2025Q4,0.015789384,898,AAA,0
002173.SZ,2026Q1,0.013374892,910,AAA,0
002174.SZ,2025Q3,0.009164408,937,AAA,0
002174.SZ,2025Q4,0.021972705,873,AAA,0
002174.SZ,2026Q1,0.0071272803,956,AAA,0
002175.SZ,2025Q3,0.019389851,883,AAA,0
002175.SZ,2025Q4,0.0046366164,987,AAA,0
002175.SZ,2026Q1,0.022075796,873,AAA,0
002176.SZ,2025Q3,0.00611392,967,AAA,0
002176.SZ,2025Q4,0.0058055394,970,AAA,0
002176.SZ,2026Q1,0.019621486,882,AAA,0
002177.SZ,2025Q3,0.22667135,688,AA,0
002177.SZ,2025Q4,0.13340133,734,AAA,0
002177.SZ,2026Q1,0.21358909,694,AA,0
002178.SZ,2025Q3,0.042152457,825,AAA,0
002178.SZ,2025Q4,0.018600464,886,AAA,0
002178.SZ,2026Q1,0.06354426,794,AAA,0
002179.SZ,2025Q3,0.00083166524,1111,AAA,0
002179.SZ,2025Q4,0.0007532136,1118,AAA,0
002179.SZ,2026Q1,0.0014549486,1071,AAA,0
002180.SZ,2025Q3,0.0055773095,973,AAA,0
002180.SZ,2025Q4,0.009711824,933,AAA,0
002180.SZ,2026Q1,0.005346473,976,AAA,0
002181.SZ,2025Q3,0.005987381,968,AAA,0
002181.SZ,2025Q4,0.00618503,966,AAA,0
002181.SZ,2026Q1,0.009288882,936,AAA,0
002182.SZ,2025Q3,0.0026594894,1027,AAA,0
002182.SZ,2025Q4,0.0031807052,1014,AAA,0
002182.SZ,2026Q1,0.004700007,986,AAA,0
002183.SZ,2025Q3,0.002573464,1029,AAA,0
002183.SZ,2025Q4,0.0036454692,1004,AAA,0
002183.SZ,2026Q1,0.003387685,1010,AAA,0
002184.SZ,2025Q3,0.015360234,900,AAA,0
002184.SZ,2025Q4,0.038661916,831,AAA,0
002184.SZ,2026Q1,0.038037073,833,AAA,0
002185.SZ,2025Q3,0.0018272018,1054,AAA,0
002185.SZ,2025Q4,0.0016825813,1060,AAA,0
002185.SZ,2026Q1,0.0029058727,1021,AAA,0
002186.SZ,2025Q3,0.003348475,1010,AAA,0
002186.SZ,2025Q4,0.0034622254,1008,AAA,0
002186.SZ,2026Q1,0.003788559,1001,AAA,0
002187.SZ,2025Q3,0.011153802,923,AAA,0
002187.SZ,2025Q4,0.014441751,904,AAA,0
002187.SZ,2026Q1,0.007835245,949,AAA,0
002188.SZ,2025Q3,0.011227307,923,AAA,0
002188.SZ,2025Q4,0.010479336,928,AAA,0
002188.SZ,2026Q1,0.011293897,922,AAA,0
002189.SZ,2025Q3,0.058578573,800,AAA,0
002189.SZ,2025Q4,0.022878837,870,AAA,0
002189.SZ,2026Q1,0.06239628,795,AAA,0
002190.SZ,2025Q3,0.0017436866,1058,AAA,0
002190.SZ,2025Q4,0.0018027459,1055,AAA,0
002190.SZ,2026Q1,0.0024146538,1034,AAA,0
002191.SZ,2025Q3,0.004891713,983,AAA,0
002191.SZ,2025Q4,0.019948583,880,AAA,0
002191.SZ,2026Q1,0.005023895,981,AAA,0
002192.SZ,2025Q3,0.0014503781,1071,AAA,0
002192.SZ,2025Q4,0.0012816943,1080,AAA,0
002192.SZ,2026Q1,0.0036117123,1005,AAA,0
002193.SZ,2025Q3,0.15639915,721,AAA,0
002193.SZ,2025Q4,0.36106572,641,A,0
002193.SZ,2026Q1,0.1080819,752,AAA,0
002194.SZ,2025Q3,0.014743076,903,AAA,0
002194.SZ,2025Q4,0.014782087,902,AAA,0
002194.SZ,2026Q1,0.011872342,918,AAA,0
002195.SZ,2025Q3,0.03639463,836,AAA,0
002195.SZ,2025Q4,0.03296396,843,AAA,0
002195.SZ,2026Q1,0.058618832,800,AAA,0
002196.SZ,2025Q3,0.0032007487,1014,AAA,0
002196.SZ,2025Q4,0.0023252114,1037,AAA,0
002196.SZ,2026Q1,0.0030787033,1016,AAA,0
002197.SZ,2025Q3,0.20404483,698,AA,1
002197.SZ,2025Q4,0.048104394,815,AAA,0
002197.SZ,2026Q1,0.07383199,782,AAA,0
002198.SZ,2025Q3,0.02193307,873,AAA,0
002198.SZ,2025Q4,0.07249541,783,AAA,0
002198.SZ,2026Q1,0.043659203,822,AAA,0
002199.SZ,2025Q3,0.12038676,743,AAA,1
002199.SZ,2025Q4,0.23724855,684,AA,1
002199.SZ,2026Q1,0.4101536,626,A,0
002200.SZ,2025Q3,0.91667384,427,C,1
002200.SZ,2025Q4,0.86858886,463,B,1
002200.SZ,2026Q1,0.65858704,552,BBB,0
002201.SZ,2025Q3,0.0061482056,966,AAA,0
002201.SZ,2025Q4,0.0059324466,969,AAA,0
002201.SZ,2026Q1,0.0070774504,956,AAA,0
002202.SZ,2025Q3,0.0008959425,1106,AAA,0
002202.SZ,2025Q4,0.00093361083,1103,AAA,0
002202.SZ,2026Q1,0.000986894,1099,AAA,0
002203.SZ,2025Q3,0.0015991254,1064,AAA,0
002203.SZ,2025Q4,0.0018558316,1053,AAA,0
002203.SZ,2026Q1,0.0016480513,1062,AAA,0
002204.SZ,2025Q3,0.0019541802,1049,AAA,0
002204.SZ,2025Q4,0.0020608685,1045,AAA,0
002204.SZ,2026Q1,0.0020394712,1046,AAA,0
002205.SZ,2025Q3,0.041670684,826,AAA,0
002205.SZ,2025Q4,0.09744356,760,AAA,0
002205.SZ,2026Q1,0.051295143,810,AAA,0
002206.SZ,2025Q3,0.0019236614,1050,AAA,0
002206.SZ,2025Q4,0.010479381,928,AAA,0
002206.SZ,2026Q1,0.0017326379,1058,AAA,0
002207.SZ,2025Q3,0.13289648,735,AAA,0
002207.SZ,2025Q4,0.30196157,660,AA,0
002207.SZ,2026Q1,0.13482669,734,AAA,0
002208.SZ,2025Q3,0.0024778128,1032,AAA,0
002208.SZ,2025Q4,0.0026597816,1027,AAA,0
002208.SZ,2026Q1,0.0014378299,1071,AAA,0
002209.SZ,2025Q3,0.0017842249,1056,AAA,0
002209.SZ,2025Q4,0.0008976151,1106,AAA,0
002209.SZ,2026Q1,0.0016174468,1063,AAA,0
002210.SZ,2025Q3,0.03187133,846,AAA,0
002210.SZ,2025Q4,0.037368484,834,AAA,0
002210.SZ,2026Q1,0.11040739,750,AAA,0
002211.SZ,2025Q3,0.5102898,597,BBB,1
002211.SZ,2025Q4,0.42536664,621,A,1
002211.SZ,2026Q1,0.09687661,761,AAA,0
002212.SZ,2025Q3,0.004205781,994,AAA,0
002212.SZ,2025Q4,0.0014511787,1071,AAA,0
002212.SZ,2026Q1,0.007810854,949,AAA,0
002213.SZ,2025Q3,0.003943207,999,AAA,0
002213.SZ,2025Q4,0.0059369397,969,AAA,0
002213.SZ,2026Q1,0.002459019,1033,AAA,0
002214.SZ,2025Q3,0.014046189,906,AAA,1
002214.SZ,2025Q4,0.021746458,874,AAA,1
002214.SZ,2026Q1,0.014675792,903,AAA,0
002215.SZ,2025Q3,0.0046069715,987,AAA,0
002215.SZ,2025Q4,0.0073141805,954,AAA,0
002215.SZ,2026Q1,0.0031474018,1015,AAA,0
002216.SZ,2025Q3,0.0014283361,1072,AAA,0
002216.SZ,2025Q4,0.0031848217,1014,AAA,0
002216.SZ,2026Q1,0.0035916737,1005,AAA,0
002217.SZ,2025Q3,0.67779696,546,BB,0
002217.SZ,2025Q4,0.10170721,757,AAA,0
002217.SZ,2026Q1,0.08813214,768,AAA,0
002218.SZ,2025Q3,0.0061809635,966,AAA,0
002218.SZ,2025Q4,0.004117992,995,AAA,0
002218.SZ,2026Q1,0.005551262,974,AAA,0
002219.SZ,2025Q3,0.0069949394,957,AAA,0
002219.SZ,2025Q4,0.0046532326,987,AAA,0
002219.SZ,2026Q1,0.016956728,892,AAA,0
002221.SZ,2025Q3,0.005789096,971,AAA,0
002221.SZ,2025Q4,0.01249437,915,AAA,0
002221.SZ,2026Q1,0.004991969,981,AAA,0
002222.SZ,2025Q3,0.0024206317,1034,AAA,0
002222.SZ,2025Q4,0.0027651475,1024,AAA,0
002222.SZ,2026Q1,0.0017895348,1056,AAA,0
002223.SZ,2025Q3,0.00078054593,1116,AAA,0
002223.SZ,2025Q4,0.00096542237,1100,AAA,0
002223.SZ,2026Q1,0.001026816,1096,AAA,0
002224.SZ,2025Q3,0.0045496044,988,AAA,0
002224.SZ,2025Q4,0.009164702,937,AAA,0
002224.SZ,2026Q1,0.009059865,938,AAA,0
002225.SZ,2025Q3,0.002994988,1018,AAA,0
002225.SZ,2025Q4,0.004365266,991,AAA,0
002225.SZ,2026Q1,0.007966764,948,AAA,0
002226.SZ,2025Q3,0.001370334,1075,AAA,0
002226.SZ,2025Q4,0.001212641,1084,AAA,0
002226.SZ,2026Q1,0.002694638,1026,AAA,0
002227.SZ,2025Q3,0.023894357,867,AAA,0
002227.SZ,2025Q4,0.028266467,855,AAA,0
002227.SZ,2026Q1,0.032268006,845,AAA,0
002228.SZ,2025Q3,0.0014215512,1072,AAA,0
002228.SZ,2025Q4,0.0025086484,1031,AAA,0
002228.SZ,2026Q1,0.0027141967,1026,AAA,0
002229.SZ,2025Q3,0.027298633,857,AAA,0
002229.SZ,2025Q4,0.027261786,857,AAA,0
002229.SZ,2026Q1,0.051306766,810,AAA,0
002230.SZ,2025Q3,0.0021650593,1042,AAA,0
002230.SZ,2025Q4,0.0013842876,1074,AAA,0
002230.SZ,2026Q1,0.0031827136,1014,AAA,0
002232.SZ,2025Q3,0.0058264,970,AAA,0
002232.SZ,2025Q4,0.0057571884,971,AAA,0
002232.SZ,2026Q1,0.00829339,945,AAA,0
002233.SZ,2025Q3,0.00094566686,1102,AAA,0
002233.SZ,2025Q4,0.0011926293,1085,AAA,0
002233.SZ,2026Q1,0.0009609391,1101,AAA,0
002234.SZ,2025Q3,0.0062483465,965,AAA,0
002234.SZ,2025Q4,0.010327977,929,AAA,0
002234.SZ,2026Q1,0.016079871,896,AAA,0
002235.SZ,2025Q3,0.015400522,899,AAA,0
002235.SZ,2025Q4,0.02739418,857,AAA,0
002235.SZ,2026Q1,0.040852983,827,AAA,0
002236.SZ,2025Q3,0.0010115481,1097,AAA,0
002236.SZ,2025Q4,0.0008542784,1109,AAA,0
002236.SZ,2026Q1,0.0012340149,1083,AAA,0
002237.SZ,2025Q3,0.002371903,1035,AAA,0
002237.SZ,2025Q4,0.0034895672,1007,AAA,0
002237.SZ,2026Q1,0.0036559917,1004,AAA,0
002238.SZ,2025Q3,0.0061461204,966,AAA,0
002238.SZ,2025Q4,0.00859268,942,AAA,0
002238.SZ,2026Q1,0.020784013,877,AAA,0
002239.SZ,2025Q3,0.0046112924,987,AAA,0
002239.SZ,2025Q4,0.0034998443,1007,AAA,0
002239.SZ,2026Q1,0.004964445,982,AAA,0
002240.SZ,2025Q3,0.007612181,951,AAA,0
002240.SZ,2025Q4,0.0075088786,952,AAA,0
002240.SZ,2026Q1,0.005273744,977,AAA,0
002241.SZ,2025Q3,0.00071874587,1122,AAA,0
002241.SZ,2025Q4,0.0017805123,1056,AAA,0
002241.SZ,2026Q1,0.0012568161,1081,AAA,0
002242.SZ,2025Q3,0.0018093152,1055,AAA,0
002242.SZ,2025Q4,0.0037680818,1002,AAA,0
002242.SZ,2026Q1,0.0029169826,1020,AAA,0
002243.SZ,2025Q3,0.0023924457,1035,AAA,0
002243.SZ,2025Q4,0.002074933,1045,AAA,0
002243.SZ,2026Q1,0.004948965,982,AAA,0
002244.SZ,2025Q3,0.0011760523,1086,AAA,0
002244.SZ,2025Q4,0.0014647271,1070,AAA,0
002244.SZ,2026Q1,0.0015027706,1068,AAA,0
002245.SZ,2025Q3,0.0013177169,1078,AAA,0
002245.SZ,2025Q4,0.0010822368,1092,AAA,0
002245.SZ,2026Q1,0.001109845,1090,AAA,0
002246.SZ,2025Q3,0.0023381962,1036,AAA,0
002246.SZ,2025Q4,0.0024701676,1032,AAA,0
002246.SZ,2026Q1,0.0023695878,1035,AAA,0
002247.SZ,2025Q3,0.0074420227,952,AAA,0
002247.SZ,2025Q4,0.0032213572,1013,AAA,0
002247.SZ,2026Q1,0.030030575,850,AAA,0
002248.SZ,2025Q3,0.06641608,790,AAA,0
002248.SZ,2025Q4,0.090273574,766,AAA,0
002248.SZ,2026Q1,0.06382119,793,AAA,0
002249.SZ,2025Q3,0.0022128504,1040,AAA,0
002249.SZ,2025Q4,0.0022176353,1040,AAA,0
002249.SZ,2026Q1,0.0023788163,1035,AAA,0
002250.SZ,2025Q3,0.002068279,1045,AAA,0
002250.SZ,2025Q4,0.0014780548,1069,AAA,0
002250.SZ,2026Q1,0.0020277114,1047,AAA,0
002251.SZ,2025Q3,0.038408756,832,AAA,0
002251.SZ,2025Q4,0.01619389,896,AAA,0
002251.SZ,2026Q1,0.016682146,894,AAA,0
002252.SZ,2025Q3,0.0020675096,1045,AAA,0
002252.SZ,2025Q4,0.00851072,943,AAA,0
002252.SZ,2026Q1,0.00821906,945,AAA,0
002253.SZ,2025Q3,0.024168342,866,AAA,1
002253.SZ,2025Q4,0.0052127866,978,AAA,1
002253.SZ,2026Q1,0.02940925,852,AAA,0
002254.SZ,2025Q3,0.0032733963,1012,AAA,0
002254.SZ,2025Q4,0.003482994,1008,AAA,0
002254.SZ,2026Q1,0.0024113148,1034,AAA,0
002255.SZ,2025Q3,0.0021677578,1042,AAA,0
002255.SZ,2025Q4,0.0018323665,1054,AAA,0
002255.SZ,2026Q1,0.0015535835,1066,AAA,0
002256.SZ,2025Q3,0.023048911,870,AAA,0
002256.SZ,2025Q4,0.0057317326,971,AAA,0
002256.SZ,2026Q1,0.01673214,893,AAA,0
002258.SZ,2025Q3,0.0011714938,1086,AAA,0
002258.SZ,2025Q4,0.0015536738,1066,AAA,0
002258.SZ,2026Q1,0.002601841,1029,AAA,0
002259.SZ,2025Q3,0.9675714,355,C,0
002259.SZ,2025Q4,0.76426476,515,BB,0
002259.SZ,2026Q1,0.529823,591,BBB,0
002261.SZ,2025Q3,0.029294789,852,AAA,0
002261.SZ,2025Q4,0.022555841,871,AAA,0
002261.SZ,2026Q1,0.011717794,919,AAA,0
002262.SZ,2025Q3,0.001090311,1091,AAA,0
002262.SZ,2025Q4,0.0011473573,1088,AAA,0
002262.SZ,2026Q1,0.00074546115,1119,AAA,0
002263.SZ,2025Q3,0.008675157,941,AAA,0
002263.SZ,2025Q4,0.003729367,1003,AAA,0
002263.SZ,2026Q1,0.010923486,925,AAA,0
002264.SZ,2025Q3,0.00291997,1020,AAA,0
002264.SZ,2025Q4,0.003434534,1009,AAA,0
002264.SZ,2026Q1,0.00454213,988,AAA,0
002265.SZ,2025Q3,0.00558564,973,AAA,0
002265.SZ,2025Q4,0.0018641159,1053,AAA,0
002265.SZ,2026Q1,0.0031709112,1014,AAA,0
002266.SZ,2025Q3,0.0040499177,997,AAA,0
002266.SZ,2025Q4,0.0018220736,1054,AAA,0
002266.SZ,2026Q1,0.0026303302,1028,AAA,0
002267.SZ,2025Q3,0.00498912,981,AAA,0
002267.SZ,2025Q4,0.008880533,940,AAA,0
002267.SZ,2026Q1,0.009099524,938,AAA,0
002268.SZ,2025Q3,0.00630346,965,AAA,0
002268.SZ,2025Q4,0.0027345158,1025,AAA,0
002268.SZ,2026Q1,0.026254976,860,AAA,0
002269.SZ,2025Q3,0.27549356,669,AA,0
002269.SZ,2025Q4,0.1825774,708,AAA,0
002269.SZ,2026Q1,0.24771023,680,AA,0
002270.SZ,2025Q3,0.0008352789,1111,AAA,0
002270.SZ,2025Q4,0.0008265064,1111,AAA,0
002270.SZ,2026Q1,0.0007808625,1116,AAA,0
002271.SZ,2025Q3,0.0020587828,1046,AAA,0
002271.SZ,2025Q4,0.0032113683,1013,AAA,0
002271.SZ,2026Q1,0.001527997,1067,AAA,0
002272.SZ,2025Q3,0.0029686703,1019,AAA,0
002272.SZ,2025Q4,0.0036680487,1004,AAA,0
002272.SZ,2026Q1,0.0038166326,1001,AAA,0
002273.SZ,2025Q3,0.0010850623,1092,AAA,0
002273.SZ,2025Q4,0.001288637,1079,AAA,0
002273.SZ,2026Q1,0.0008920837,1106,AAA,0
002274.SZ,2025Q3,0.002514045,1031,AAA,0
002274.SZ,2025Q4,0.005753969,971,AAA,0
002274.SZ,2026Q1,0.0026346105,1028,AAA,0
002275.SZ,2025Q3,0.0014452359,1071,AAA,0
002275.SZ,2025Q4,0.0036734391,1004,AAA,0
002275.SZ,2026Q1,0.0020766251,1045,AAA,0
002276.SZ,2025Q3,0.0019406528,1050,AAA,0
002276.SZ,2025Q4,0.0012046845,1084,AAA,0
002276.SZ,2026Q1,0.0017971839,1055,AAA,0
002277.SZ,2025Q3,0.014125269,906,AAA,0
002277.SZ,2025Q4,0.05485303,805,AAA,0
002277.SZ,2026Q1,0.025793813,861,AAA,0
002278.SZ,2025Q3,0.0023621821,1036,AAA,0
002278.SZ,2025Q4,0.0012280804,1083,AAA,0
002278.SZ,2026Q1,0.00229545,1038,AAA,0
002279.SZ,2025Q3,0.008410902,944,AAA,0
002279.SZ,2025Q4,0.009640893,934,AAA,0
002279.SZ,2026Q1,0.01067936,926,AAA,0
002281.SZ,2025Q3,0.0007720334,1116,AAA,0
002281.SZ,2025Q4,0.0006895475,1125,AAA,0
002281.SZ,2026Q1,0.0007170024,1122,AAA,0
002282.SZ,2025Q3,0.0011594722,1087,AAA,0
002282.SZ,2025Q4,0.0013316586,1077,AAA,0
002282.SZ,2026Q1,0.0016984708,1059,AAA,0
002283.SZ,2025Q3,0.001378784,1075,AAA,0
002283.SZ,2025Q4,0.0013543287,1076,AAA,0
002283.SZ,2026Q1,0.0013211475,1078,AAA,0
002284.SZ,2025Q3,0.001277121,1080,AAA,0
002284.SZ,2025Q4,0.001472341,1070,AAA,0
002284.SZ,2026Q1,0.0015891494,1064,AAA,0
002285.SZ,2025Q3,0.031159788,847,AAA,0
002285.SZ,2025Q4,0.126064,739,AAA,0
002285.SZ,2026Q1,0.026734209,859,AAA,0
002286.SZ,2025Q3,0.0012311549,1083,AAA,0
002286.SZ,2025Q4,0.0021833803,1041,AAA,0
002286.SZ,2026Q1,0.0050191088,981,AAA,0
002287.SZ,2025Q3,0.002258262,1039,AAA,0
002287.SZ,2025Q4,0.0031006401,1016,AAA,0
002287.SZ,2026Q1,0.0044731256,989,AAA,0
002289.SZ,2025Q3,0.8072741,496,B,1
002289.SZ,2025Q4,0.93990713,401,C,1
002289.SZ,2026Q1,0.9227999,421,C,0
002290.SZ,2025Q3,0.001397082,1074,AAA,0
002290.SZ,2025Q4,0.0014657974,1070,AAA,0
002290.SZ,2026Q1,0.0018508038,1053,AAA,0
002291.SZ,2025Q3,0.024277955,866,AAA,0
002291.SZ,2025Q4,0.023239532,869,AAA,0
002291.SZ,2026Q1,0.027886773,856,AAA,0
002292.SZ,2025Q3,0.0039145374,999,AAA,0
002292.SZ,2025Q4,0.004080672,996,AAA,0
002292.SZ,2026Q1,0.0035067713,1007,AAA,0
002293.SZ,2025Q3,0.002937191,1020,AAA,0
002293.SZ,2025Q4,0.0047003753,986,AAA,0
002293.SZ,2026Q1,0.0034220924,1009,AAA,0
002294.SZ,2025Q3,0.001201394,1084,AAA,0
002294.SZ,2025Q4,0.0010098851,1097,AAA,0
002294.SZ,2026Q1,0.001119671,1090,AAA,0
002295.SZ,2025Q3,0.0022667872,1039,AAA,0
002295.SZ,2025Q4,0.004707204,986,AAA,0
002295.SZ,2026Q1,0.00328984,1012,AAA,0
002296.SZ,2025Q3,0.0088022975,940,AAA,0
002296.SZ,2025Q4,0.0109717455,924,AAA,0
002296.SZ,2026Q1,0.01423124,905,AAA,0
002297.SZ,2025Q3,0.002116943,1044,AAA,0
002297.SZ,2025Q4,0.0017497987,1057,AAA,0
002297.SZ,2026Q1,0.002785785,1024,AAA,0
002298.SZ,2025Q3,0.017638002,889,AAA,0
002298.SZ,2025Q4,0.053503547,807,AAA,0
002298.SZ,2026Q1,0.038268384,832,AAA,0
002299.SZ,2025Q3,0.0013439308,1076,AAA,0
002299.SZ,2025Q4,0.0026462222,1027,AAA,0
002299.SZ,2026Q1,0.0011486762,1088,AAA,0
002300.SZ,2025Q3,0.0038580822,1000,AAA,0
002300.SZ,2025Q4,0.0028822606,1021,AAA,0
002300.SZ,2026Q1,0.004761559,985,AAA,0
002301.SZ,2025Q3,0.0016678744,1061,AAA,0
002301.SZ,2025Q4,0.0020909053,1044,AAA,0
002301.SZ,2026Q1,0.0021966489,1041,AAA,0
002302.SZ,2025Q3,0.0029795875,1019,AAA,0
002302.SZ,2025Q4,0.003911814,999,AAA,0
002302.SZ,2026Q1,0.003526021,1007,AAA,0
002303.SZ,2025Q3,0.005126294,980,AAA,0
002303.SZ,2025Q4,0.0046360884,987,AAA,0
002303.SZ,2026Q1,0.0065874,961,AAA,0
002304.SZ,2025Q3,0.0014094743,1073,AAA,0
002304.SZ,2025Q4,0.0037439743,1002,AAA,0
002304.SZ,2026Q1,0.0015394636,1067,AAA,0
002305.SZ,2025Q3,0.9478454,390,C,1
002305.SZ,2025Q4,0.9819629,311,C,1
002305.SZ,2026Q1,0.98709095,287,C,0
002306.SZ,2025Q3,0.82452303,488,B,1
002306.SZ,2025Q4,0.66098934,551,BBB,1
002306.SZ,2026Q1,0.79212314,503,BB,0
002307.SZ,2025Q3,0.0242711,866,AAA,0
002307.SZ,2025Q4,0.010269761,929,AAA,0
002307.SZ,2026Q1,0.03512666,838,AAA,0
002309.SZ,2025Q3,0.9840755,302,C,0
002309.SZ,2025Q4,0.81842643,491,B,0
002309.SZ,2026Q1,0.37144822,637,A,0
002310.SZ,2025Q3,0.98678696,288,C,0
002310.SZ,2025Q4,0.49419162,601,A,0
002310.SZ,2026Q1,0.9389258,402,C,0
002311.SZ,2025Q3,0.0013931751,1074,AAA,0
002311.SZ,2025Q4,0.0012385183,1082,AAA,0
002311.SZ,2026Q1,0.0014203205,1072,AAA,0
002312.SZ,2025Q3,0.0016583272,1061,AAA,0
002312.SZ,2025Q4,0.0033213368,1011,AAA,0
002312.SZ,2026Q1,0.004752008,985,AAA,0
002313.SZ,2025Q3,0.22889058,687,AA,0
002313.SZ,2025Q4,0.15725777,721,AAA,0
002313.SZ,2026Q1,0.55576706,583,BBB,0
002314.SZ,2025Q3,0.025846424,861,AAA,0
002314.SZ,2025Q4,0.044264194,821,AAA,0
002314.SZ,2026Q1,0.054520108,805,AAA,0
002315.SZ,2025Q3,0.0008303785,1111,AAA,0
002315.SZ,2025Q4,0.0013263443,1077,AAA,0
002315.SZ,2026Q1,0.00086180633,1108,AAA,0
002316.SZ,2025Q3,0.9571543,375,C,0
002316.SZ,2025Q4,0.9568764,376,C,0
002316.SZ,2026Q1,0.6737146,547,BB,0
002317.SZ,2025Q3,0.0012694927,1080,AAA,0
002317.SZ,2025Q4,0.0041124634,995,AAA,0
002317.SZ,2026Q1,0.0013948414,1074,AAA,0
002318.SZ,2025Q3,0.0010961138,1091,AAA,0
002318.SZ,2025Q4,0.00096653926,1100,AAA,0
002318.SZ,2026Q1,0.0009973951,1098,AAA,0
002319.SZ,2025Q3,0.031743787,846,AAA,0
002319.SZ,2025Q4,0.019472733,882,AAA,0
002319.SZ,2026Q1,0.039540138,830,AAA,0
002320.SZ,2025Q3,0.007676615,950,AAA,0
002320.SZ,2025Q4,0.012607682,914,AAA,0
002320.SZ,2026Q1,0.008790058,940,AAA,0
002321.SZ,2025Q3,0.46395797,610,A,0
002321.SZ,2025Q4,0.92406696,419,C,0
002321.SZ,2026Q1,0.8970477,443,C,0
002322.SZ,2025Q3,0.0014274524,1072,AAA,0
002322.SZ,2025Q4,0.0023281623,1037,AAA,0
002322.SZ,2026Q1,0.0036620416,1004,AAA,0
002323.SZ,2025Q3,0.06730086,789,AAA,0
002323.SZ,2025Q4,0.29806447,661,AA,0
002323.SZ,2026Q1,0.40506768,627,A,0
002324.SZ,2025Q3,0.0013632689,1075,AAA,0
002324.SZ,2025Q4,0.0018277647,1054,AAA,0
002324.SZ,2026Q1,0.0025014158,1031,AAA,0
002326.SZ,2025Q3,0.01385259,907,AAA,0
002326.SZ,2025Q4,0.00909504,938,AAA,0
002326.SZ,2026Q1,0.007680343,950,AAA,0
002327.SZ,2025Q3,0.003538204,1006,AAA,0
002327.SZ,2025Q4,0.0051116506,980,AAA,0
002327.SZ,2026Q1,0.0044836234,989,AAA,0
002328.SZ,2025Q3,0.0021714868,1042,AAA,0
002328.SZ,2025Q4,0.0035840299,1005,AAA,0
002328.SZ,2026Q1,0.002098795,1044,AAA,0
002329.SZ,2025Q3,0.016409896,895,AAA,0
002329.SZ,2025Q4,0.05968411,798,AAA,0
002329.SZ,2026Q1,0.88593113,452,B,0
002330.SZ,2025Q3,0.0036529724,1004,AAA,0
002330.SZ,2025Q4,0.0021217463,1043,AAA,0
002330.SZ,2026Q1,0.0033140033,1011,AAA,0
002331.SZ,2025Q3,0.0047510923,985,AAA,0
002331.SZ,2025Q4,0.014383404,904,AAA,0
002331.SZ,2026Q1,0.008170321,946,AAA,0
002332.SZ,2025Q3,0.001098245,1091,AAA,0
002332.SZ,2025Q4,0.0013228063,1078,AAA,0
002332.SZ,2026Q1,0.0014722225,1070,AAA,0
002333.SZ,2025Q3,0.0037417943,1002,AAA,0
002333.SZ,2025Q4,0.0047292914,985,AAA,0
002333.SZ,2026Q1,0.0081016775,946,AAA,0
002334.SZ,2025Q3,0.002267786,1039,AAA,0
002334.SZ,2025Q4,0.002475457,1032,AAA,0
002334.SZ,2026Q1,0.0051864814,979,AAA,0
002335.SZ,2025Q3,0.0013266893,1077,AAA,0
002335.SZ,2025Q4,0.0010950514,1091,AAA,0
002335.SZ,2026Q1,0.0011511934,1088,AAA,0
002337.SZ,2025Q3,0.0017365308,1058,AAA,0
002337.SZ,2025Q4,0.003790278,1001,AAA,0
002337.SZ,2026Q1,0.006415051,963,AAA,0
002338.SZ,2025Q3,0.0014799724,1069,AAA,0
002338.SZ,2025Q4,0.0013448936,1076,AAA,0
002338.SZ,2026Q1,0.001842918,1054,AAA,0
002339.SZ,2025Q3,0.0085347425,943,AAA,0
002339.SZ,2025Q4,0.0047823046,985,AAA,0
002339.SZ,2026Q1,0.009710911,933,AAA,0
002340.SZ,2025Q3,0.0015259092,1067,AAA,0
002340.SZ,2025Q4,0.0053775697,976,AAA,0
002340.SZ,2026Q1,0.0034947677,1007,AAA,0
002342.SZ,2025Q3,0.0040918086,996,AAA,0
002342.SZ,2025Q4,0.0031310427,1015,AAA,0
002342.SZ,2026Q1,0.02168347,874,AAA,0
002343.SZ,2025Q3,0.0042877863,992,AAA,0
002343.SZ,2025Q4,0.0036760825,1004,AAA,0
002343.SZ,2026Q1,0.03312726,843,AAA,0
002344.SZ,2025Q3,0.0025207142,1031,AAA,0
002344.SZ,2025Q4,0.004098401,996,AAA,0
002344.SZ,2026Q1,0.008592055,942,AAA,0
002345.SZ,2025Q3,0.0015437845,1066,AAA,0
002345.SZ,2025Q4,0.0017762267,1056,AAA,0
002345.SZ,2026Q1,0.0014129659,1073,AAA,0
002346.SZ,2025Q3,0.004925805,982,AAA,0
002346.SZ,2025Q4,0.0038532563,1000,AAA,0
002346.SZ,2026Q1,0.004618391,987,AAA,0
002347.SZ,2025Q3,0.011468338,921,AAA,0
002347.SZ,2025Q4,0.008488413,943,AAA,0
002347.SZ,2026Q1,0.04813451,815,AAA,0
002348.SZ,2025Q3,0.011977565,918,AAA,0
002348.SZ,2025Q4,0.007831409,949,AAA,0
002348.SZ,2026Q1,0.017277768,891,AAA,0
002349.SZ,2025Q3,0.0021194466,1043,AAA,0
002349.SZ,2025Q4,0.005936509,969,AAA,0
002349.SZ,2026Q1,0.0042258874,994,AAA,0
002350.SZ,2025Q3,0.004011236,997,AAA,0
002350.SZ,2025Q4,0.0041394485,995,AAA,0
002350.SZ,2026Q1,0.0130500905,912,AAA,0
002351.SZ,2025Q3,0.0021622253,1042,AAA,0
002351.SZ,2025Q4,0.002332661,1037,AAA,0
002351.SZ,2026Q1,0.0037855548,1001,AAA,0
002352.SZ,2025Q3,0.0011375118,1088,AAA,0
002352.SZ,2025Q4,0.0012426481,1082,AAA,0
002352.SZ,2026Q1,0.0013038999,1079,AAA,0
002353.SZ,2025Q3,0.0007600348,1118,AAA,0
002353.SZ,2025Q4,0.0007704473,1117,AAA,0
002353.SZ,2026Q1,0.0014207425,1072,AAA,0
002354.SZ,2025Q3,0.003166268,1014,AAA,0
002354.SZ,2025Q4,0.007652418,950,AAA,0
002354.SZ,2026Q1,0.009301546,936,AAA,0
002355.SZ,2025Q3,0.09004803,766,AAA,0
002355.SZ,2025Q4,0.06799321,788,AAA,0
002355.SZ,2026Q1,0.1301941,737,AAA,0
002356.SZ,2025Q3,0.015273028,900,AAA,0
002356.SZ,2025Q4,0.02390474,867,AAA,0
002356.SZ,2026Q1,0.085577264,770,AAA,0
002357.SZ,2025Q3,0.006897038,958,AAA,0
002357.SZ,2025Q4,0.004583233,988,AAA,0
002357.SZ,2026Q1,0.0062010987,966,AAA,0
002358.SZ,2025Q3,0.010205031,929,AAA,0
002358.SZ,2025Q4,0.016722446,893,AAA,0
002358.SZ,2026Q1,0.01446375,904,AAA,0
002360.SZ,2025Q3,0.187321,705,AAA,0
002360.SZ,2025Q4,0.21124308,695,AA,0
002360.SZ,2026Q1,0.30832136,658,AA,0
002361.SZ,2025Q3,0.0046513267,987,AAA,0
002361.SZ,2025Q4,0.0032121988,1013,AAA,0
002361.SZ,2026Q1,0.01787817,888,AAA,0
002362.SZ,2025Q3,0.0030715405,1017,AAA,0
002362.SZ,2025Q4,0.0041561136,995,AAA,0
002362.SZ,2026Q1,0.0035179914,1007,AAA,0
002363.SZ,2025Q3,0.0013766178,1075,AAA,0
002363.SZ,2025Q4,0.002166642,1042,AAA,0
002363.SZ,2026Q1,0.0025226586,1031,AAA,0
002364.SZ,2025Q3,0.0015630412,1065,AAA,0
002364.SZ,2025Q4,0.001240448,1082,AAA,0
002364.SZ,2026Q1,0.0022277462,1040,AAA,0
002365.SZ,2025Q3,0.013381355,910,AAA,0
002365.SZ,2025Q4,0.011463933,921,AAA,0
002365.SZ,2026Q1,0.007978927,947,AAA,0
002366.SZ,2025Q3,0.0016362243,1062,AAA,0
002366.SZ,2025Q4,0.0015897207,1064,AAA,0
002366.SZ,2026Q1,0.0029429875,1020,AAA,0
002367.SZ,2025Q3,0.0014935532,1069,AAA,0
002367.SZ,2025Q4,0.0018661141,1053,AAA,0
002367.SZ,2026Q1,0.0046527176,987,AAA,0
002368.SZ,2025Q3,0.004917554,983,AAA,0
002368.SZ,2025Q4,0.004902839,983,AAA,0
002368.SZ,2026Q1,0.0074542696,952,AAA,0
002369.SZ,2025Q3,0.04821828,815,AAA,0
002369.SZ,2025Q4,0.27381343,670,AA,0
002369.SZ,2026Q1,0.6985823,539,BB,0
002370.SZ,2025Q3,0.025162099,863,AAA,0
002370.SZ,2025Q4,0.06347238,794,AAA,0
002370.SZ,2026Q1,0.16669556,716,AAA,0
002371.SZ,2025Q3,0.001278212,1080,AAA,0
002371.SZ,2025Q4,0.002013375,1047,AAA,0
002371.SZ,2026Q1,0.0018111272,1055,AAA,0
002372.SZ,2025Q3,0.0020274103,1047,AAA,0
002372.SZ,2025Q4,0.009532548,934,AAA,0
002372.SZ,2026Q1,0.0053111115,977,AAA,0
002373.SZ,2025Q3,0.0017415738,1058,AAA,0
002373.SZ,2025Q4,0.0010783441,1092,AAA,0
002373.SZ,2026Q1,0.0026010987,1029,AAA,0
002374.SZ,2025Q3,0.021647893,874,AAA,0
002374.SZ,2025Q4,0.039277613,830,AAA,0
002374.SZ,2026Q1,0.3424908,647,A,0
002375.SZ,2025Q3,0.0013564373,1076,AAA,0
002375.SZ,2025Q4,0.0015371785,1067,AAA,0
002375.SZ,2026Q1,0.0021978836,1041,AAA,0
002376.SZ,2025Q3,0.0030815701,1016,AAA,0
002376.SZ,2025Q4,0.0015199562,1067,AAA,0
002376.SZ,2026Q1,0.002908214,1021,AAA,0
002377.SZ,2025Q3,0.015985789,897,AAA,0
002377.SZ,2025Q4,0.020384878,879,AAA,0
002377.SZ,2026Q1,0.011543684,921,AAA,0
002378.SZ,2025Q3,0.0027200265,1025,AAA,0
002378.SZ,2025Q4,0.0018908981,1052,AAA,0
002378.SZ,2026Q1,0.0039073927,999,AAA,0
002379.SZ,2025Q3,0.0117035005,919,AAA,0
002379.SZ,2025Q4,0.0014821761,1069,AAA,0
002379.SZ,2026Q1,0.0026967507,1026,AAA,0
002380.SZ,2025Q3,0.0012956662,1079,AAA,0
002380.SZ,2025Q4,0.0011424142,1088,AAA,0
002380.SZ,2026Q1,0.0011051723,1090,AAA,0
002381.SZ,2025Q3,0.0024978537,1032,AAA,0
002381.SZ,2025Q4,0.0020169867,1047,AAA,0
002381.SZ,2026Q1,0.0025399583,1030,AAA,0
002382.SZ,2025Q3,0.0020324693,1046,AAA,0
002382.SZ,2025Q4,0.007169838,955,AAA,0
002382.SZ,2026Q1,0.006457953,963,AAA,0
002383.SZ,2025Q3,0.013517198,909,AAA,0
002383.SZ,2025Q4,0.017447658,890,AAA,0
002383.SZ,2026Q1,0.066017784,791,AAA,0
002384.SZ,2025Q3,0.00075932033,1118,AAA,0
002384.SZ,2025Q4,0.0007960318,1114,AAA,0
002384.SZ,2026Q1,0.0013153515,1078,AAA,0
002385.SZ,2025Q3,0.010757696,926,AAA,0
002385.SZ,2025Q4,0.071711525,784,AAA,0
002385.SZ,2026Q1,0.2871719,665,AA,0
002386.SZ,2025Q3,0.007119848,956,AAA,0
002386.SZ,2025Q4,0.0046538776,987,AAA,0
002386.SZ,2026Q1,0.00565799,972,AAA,0
002387.SZ,2025Q3,0.016543709,894,AAA,0
002387.SZ,2025Q4,0.006939243,958,AAA,0
002387.SZ,2026Q1,0.013621219,908,AAA,0
002388.SZ,2025Q3,0.20213583,699,AA,1
002388.SZ,2025Q4,0.123447806,741,AAA,1
002388.SZ,2026Q1,0.02171571,874,AAA,0
002389.SZ,2025Q3,0.002699598,1026,AAA,0
002389.SZ,2025Q4,0.0044081104,990,AAA,0
002389.SZ,2026Q1,0.020866532,877,AAA,0
002390.SZ,2025Q3,0.00332143,1011,AAA,0
002390.SZ,2025Q4,0.0047965054,984,AAA,0
002390.SZ,2026Q1,0.0054307175,975,AAA,0
002391.SZ,2025Q3,0.0027650252,1024,AAA,0
002391.SZ,2025Q4,0.003573812,1006,AAA,0
002391.SZ,2026Q1,0.0040991893,996,AAA,0
002392.SZ,2025Q3,0.0010877693,1092,AAA,0
002392.SZ,2025Q4,0.0010164683,1097,AAA,0
002392.SZ,2026Q1,0.0016079443,1063,AAA,0
002393.SZ,2025Q3,0.0011660069,1087,AAA,0
002393.SZ,2025Q4,0.0015412978,1066,AAA,0
002393.SZ,2026Q1,0.0011617313,1087,AAA,0
002394.SZ,2025Q3,0.0009058102,1105,AAA,0
002394.SZ,2025Q4,0.0011792836,1086,AAA,0
002394.SZ,2026Q1,0.0016856149,1060,AAA,0
002395.SZ,2025Q3,0.0018621677,1053,AAA,0
002395.SZ,2025Q4,0.0011771579,1086,AAA,0
002395.SZ,2026Q1,0.0013180445,1078,AAA,0
002396.SZ,2025Q3,0.0007914761,1115,AAA,0
002396.SZ,2025Q4,0.00074440445,1119,AAA,0
002396.SZ,2026Q1,0.0012935873,1079,AAA,0
002397.SZ,2025Q3,0.01658704,894,AAA,0
002397.SZ,2025Q4,0.21883707,691,AA,0
002397.SZ,2026Q1,0.040216506,828,AAA,0
002398.SZ,2025Q3,0.0014716282,1070,AAA,0
002398.SZ,2025Q4,0.0018445187,1053,AAA,0
002398.SZ,2026Q1,0.0021922416,1041,AAA,0
002399.SZ,2025Q3,0.0011664885,1087,AAA,0
002399.SZ,2025Q4,0.0015688236,1065,AAA,0
002399.SZ,2026Q1,0.0013394419,1077,AAA,0
002400.SZ,2025Q3,0.0040951367,996,AAA,0
002400.SZ,2025Q4,0.002627652,1028,AAA,0
002400.SZ,2026Q1,0.008917977,939,AAA,0
002401.SZ,2025Q3,0.005070923,980,AAA,0
002401.SZ,2025Q4,0.0037631623,1002,AAA,0
002401.SZ,2026Q1,0.00509829,980,AAA,0
002402.SZ,2025Q3,0.0015494551,1066,AAA,0
002402.SZ,2025Q4,0.00088165066,1107,AAA,0
002402.SZ,2026Q1,0.0010235027,1096,AAA,0
002403.SZ,2025Q3,0.004677807,986,AAA,0
002403.SZ,2025Q4,0.0064290864,963,AAA,0
002403.SZ,2026Q1,0.004825809,984,AAA,0
002404.SZ,2025Q3,0.001677427,1060,AAA,0
002404.SZ,2025Q4,0.0027879768,1024,AAA,0
002404.SZ,2026Q1,0.0026591087,1027,AAA,0
002405.SZ,2025Q3,0.003678009,1004,AAA,0
002405.SZ,2025Q4,0.0032040242,1014,AAA,0
002405.SZ,2026Q1,0.0042424696,993,AAA,0
002406.SZ,2025Q3,0.0012445226,1082,AAA,0
002406.SZ,2025Q4,0.0012632158,1081,AAA,0
002406.SZ,2026Q1,0.0015288674,1067,AAA,0
002407.SZ,2025Q3,0.0023157145,1037,AAA,0
002407.SZ,2025Q4,0.0026702005,1027,AAA,0
002407.SZ,2026Q1,0.002379142,1035,AAA,0
002408.SZ,2025Q3,0.0035773776,1006,AAA,0
002408.SZ,2025Q4,0.004386433,991,AAA,0
002408.SZ,2026Q1,0.0040231007,997,AAA,0
002409.SZ,2025Q3,0.00088882574,1106,AAA,0
002409.SZ,2025Q4,0.0013347969,1077,AAA,0
002409.SZ,2026Q1,0.0008476699,1110,AAA,0
002410.SZ,2025Q3,0.0023094083,1037,AAA,0
002410.SZ,2025Q4,0.0022870568,1038,AAA,0
002410.SZ,2026Q1,0.0049814684,982,AAA,0
002412.SZ,2025Q3,0.0013979385,1074,AAA,0
002412.SZ,2025Q4,0.0015507141,1066,AAA,0
002412.SZ,2026Q1,0.0025251363,1031,AAA,0
002413.SZ,2025Q3,0.011486201,921,AAA,0
002413.SZ,2025Q4,0.004983059,982,AAA,0
002413.SZ,2026Q1,0.0068508466,958,AAA,0
002414.SZ,2025Q3,0.0019904058,1048,AAA,0
002414.SZ,2025Q4,0.0015828355,1065,AAA,0
002414.SZ,2026Q1,0.0022540693,1039,AAA,0
002415.SZ,2025Q3,0.0007110958,1122,AAA,0
002415.SZ,2025Q4,0.0008889244,1106,AAA,0
002415.SZ,2026Q1,0.00093310134,1103,AAA,0
002416.SZ,2025Q3,0.0058728587,970,AAA,0
002416.SZ,2025Q4,0.0023323826,1037,AAA,0
002416.SZ,2026Q1,0.0019455659,1050,AAA,0
002418.SZ,2025Q3,0.008685883,941,AAA,0
002418.SZ,2025Q4,0.009499904,935,AAA,0
002418.SZ,2026Q1,0.004734805,985,AAA,0
002419.SZ,2025Q3,0.007433434,953,AAA,0
002419.SZ,2025Q4,0.007613313,951,AAA,0
002419.SZ,2026Q1,0.013569825,909,AAA,0
002420.SZ,2025Q3,0.0056850845,972,AAA,0
002420.SZ,2025Q4,0.008889406,940,AAA,0
002420.SZ,2026Q1,0.010742057,926,AAA,0
002421.SZ,2025Q3,0.012267803,916,AAA,0
002421.SZ,2025Q4,0.023844628,867,AAA,0
002421.SZ,2026Q1,0.029967321,850,AAA,0
002422.SZ,2025Q3,0.0009541975,1101,AAA,0
002422.SZ,2025Q4,0.0017566183,1057,AAA,0
002422.SZ,2026Q1,0.0011309034,1089,AAA,0
002423.SZ,2025Q3,0.002489326,1032,AAA,0
002423.SZ,2025Q4,0.0024698128,1032,AAA,0
002423.SZ,2026Q1,0.0023585497,1036,AAA,0
002424.SZ,2025Q3,0.23183577,686,AA,1
002424.SZ,2025Q4,0.33320397,650,AA,1
002424.SZ,2026Q1,0.3097788,657,AA,0
002425.SZ,2025Q3,0.19769974,701,AAA,1
002425.SZ,2025Q4,0.06838486,788,AAA,0
002425.SZ,2026Q1,0.03810718,832,AAA,0
002426.SZ,2025Q3,0.03207841,845,AAA,0
002426.SZ,2025Q4,0.021216104,876,AAA,0
002426.SZ,2026Q1,0.03383851,841,AAA,0
002427.SZ,2025Q3,0.02067715,878,AAA,0
002427.SZ,2025Q4,0.01818458,887,AAA,0
002427.SZ,2026Q1,0.02187788,874,AAA,0
002428.SZ,2025Q3,0.004245478,993,AAA,0
002428.SZ,2025Q4,0.005593091,973,AAA,0
002428.SZ,2026Q1,0.007350317,953,AAA,0
002429.SZ,2025Q3,0.0029968326,1018,AAA,0
002429.SZ,2025Q4,0.0038928012,999,AAA,0
002429.SZ,2026Q1,0.0037070327,1003,AAA,0
002430.SZ,2025Q3,0.0009057201,1105,AAA,0
002430.SZ,2025Q4,0.0010456484,1094,AAA,0
002430.SZ,2026Q1,0.0010023358,1098,AAA,0
002431.SZ,2025Q3,0.07476297,781,AAA,0
002431.SZ,2025Q4,0.31259736,656,AA,0
002431.SZ,2026Q1,0.277341,669,AA,0
002432.SZ,2025Q3,0.0011642983,1087,AAA,0
002432.SZ,2025Q4,0.0015389023,1067,AAA,0
002432.SZ,2026Q1,0.0038813318,1000,AAA,0
002434.SZ,2025Q3,0.0019138095,1051,AAA,0
002434.SZ,2025Q4,0.0034255565,1009,AAA,0
002434.SZ,2026Q1,0.005824127,970,AAA,0
002436.SZ,2025Q3,0.008168517,946,AAA,0
002436.SZ,2025Q4,0.0027032592,1026,AAA,0
002436.SZ,2026Q1,0.0070756446,956,AAA,0
002437.SZ,2025Q3,0.0037415759,1002,AAA,0
002437.SZ,2025Q4,0.014688409,903,AAA,0
002437.SZ,2026Q1,0.0032935552,1012,AAA,0
002438.SZ,2025Q3,0.0011449548,1088,AAA,0
002438.SZ,2025Q4,0.0010293704,1096,AAA,0
002438.SZ,2026Q1,0.0010241942,1096,AAA,0
002439.SZ,2025Q3,0.0015731137,1065,AAA,0
002439.SZ,2025Q4,0.002231939,1040,AAA,0
002439.SZ,2026Q1,0.0025780285,1029,AAA,0
002440.SZ,2025Q3,0.0010859547,1092,AAA,0
002440.SZ,2025Q4,0.0015832667,1065,AAA,0
002440.SZ,2026Q1,0.0012201883,1083,AAA,0
002441.SZ,2025Q3,0.0009947929,1098,AAA,0
002441.SZ,2025Q4,0.001083275,1092,AAA,0
002441.SZ,2026Q1,0.0016035249,1064,AAA,0
002442.SZ,2025Q3,0.0029358044,1020,AAA,0
002442.SZ,2025Q4,0.009066802,938,AAA,0
002442.SZ,2026Q1,0.009304776,936,AAA,0
002443.SZ,2025Q3,0.0024597323,1033,AAA,0
002443.SZ,2025Q4,0.0022637146,1039,AAA,0
002443.SZ,2026Q1,0.0023889714,1035,AAA,0
002444.SZ,2025Q3,0.0008398676,1110,AAA,0
002444.SZ,2025Q4,0.0011950595,1085,AAA,0
002444.SZ,2026Q1,0.00090683793,1105,AAA,0
002445.SZ,2025Q3,0.0064617936,963,AAA,0
002445.SZ,2025Q4,0.014793578,902,AAA,0
002445.SZ,2026Q1,0.027696718,856,AAA,0
002446.SZ,2025Q3,0.008413586,944,AAA,0
002446.SZ,2025Q4,0.0036673534,1004,AAA,0
002446.SZ,2026Q1,0.007891966,948,AAA,0
002448.SZ,2025Q3,0.0014083808,1073,AAA,0
002448.SZ,2025Q4,0.0010124341,1097,AAA,0
002448.SZ,2026Q1,0.0010201198,1096,AAA,0
002449.SZ,2025Q3,0.0018199094,1054,AAA,0
002449.SZ,2025Q4,0.0027512687,1025,AAA,0
002449.SZ,2026Q1,0.0037357556,1002,AAA,0
002451.SZ,2025Q3,0.002968768,1019,AAA,0
002451.SZ,2025Q4,0.0028342784,1022,AAA,0
002451.SZ,2026Q1,0.008733941,941,AAA,0
002452.SZ,2025Q3,0.003916142,999,AAA,0
002452.SZ,2025Q4,0.0019175065,1051,AAA,0
002452.SZ,2026Q1,0.0013502744,1076,AAA,0
002453.SZ,2025Q3,0.028254183,855,AAA,0
002453.SZ,2025Q4,0.04371054,822,AAA,0
002453.SZ,2026Q1,0.04029161,828,AAA,0
002454.SZ,2025Q3,0.001291131,1079,AAA,0
002454.SZ,2025Q4,0.0012891674,1079,AAA,0
002454.SZ,2026Q1,0.0019283886,1050,AAA,0
002455.SZ,2025Q3,0.01757186,890,AAA,0
002455.SZ,2025Q4,0.04576718,819,AAA,0
002455.SZ,2026Q1,0.010825406,925,AAA,0
002456.SZ,2025Q3,0.005882387,970,AAA,0
002456.SZ,2025Q4,0.006964362,957,AAA,0
002456.SZ,2026Q1,0.023583248,868,AAA,0
002457.SZ,2025Q3,0.0020307705,1047,AAA,0
002457.SZ,2025Q4,0.001238625,1082,AAA,0
002457.SZ,2026Q1,0.001776394,1056,AAA,0
002458.SZ,2025Q3,0.0041358764,995,AAA,0
002458.SZ,2025Q4,0.009708972,933,AAA,0
002458.SZ,2026Q1,0.013506235,909,AAA,0
002459.SZ,2025Q3,0.002743636,1025,AAA,0
002459.SZ,2025Q4,0.0027915013,1024,AAA,0
002459.SZ,2026Q1,0.0037379693,1002,AAA,0
002460.SZ,2025Q3,0.009950102,931,AAA,0
002460.SZ,2025Q4,0.0044742976,989,AAA,0
002460.SZ,2026Q1,0.005137422,979,AAA,0
002461.SZ,2025Q3,0.009031471,938,AAA,0
002461.SZ,2025Q4,0.018944645,884,AAA,0
002461.SZ,2026Q1,0.023891198,867,AAA,0
002462.SZ,2025Q3,0.002944922,1020,AAA,0
002462.SZ,2025Q4,0.0031985252,1014,AAA,0
002462.SZ,2026Q1,0.0047431197,985,AAA,0
002463.SZ,2025Q3,0.0007633476,1117,AAA,0
002463.SZ,2025Q4,0.00075267185,1118,AAA,0
002463.SZ,2026Q1,0.0008679624,1108,AAA,0
002465.SZ,2025Q3,0.0054687895,975,AAA,0
002465.SZ,2025Q4,0.0033565369,1010,AAA,0
002465.SZ,2026Q1,0.01693836,892,AAA,0
002466.SZ,2025Q3,0.0016144058,1063,AAA,0
002466.SZ,2025Q4,0.003320041,1011,AAA,0
002466.SZ,2026Q1,0.0022327376,1040,AAA,0
002467.SZ,2025Q3,0.0044581126,990,AAA,0
002467.SZ,2025Q4,0.006128608,967,AAA,0
002467.SZ,2026Q1,0.0116601745,920,AAA,0
002468.SZ,2025Q3,0.0010012902,1098,AAA,0
002468.SZ,2025Q4,0.0015771309,1065,AAA,0
002468.SZ,2026Q1,0.0011281397,1089,AAA,0
002469.SZ,2025Q3,0.005579772,973,AAA,0
002469.SZ,2025Q4,0.0021372144,1043,AAA,0
002469.SZ,2026Q1,0.004824442,984,AAA,0
002470.SZ,2025Q3,0.00971097,933,AAA,0
002470.SZ,2025Q4,0.02375367,868,AAA,0
002470.SZ,2026Q1,0.029110603,852,AAA,0
002471.SZ,2025Q3,0.0133140115,910,AAA,0
002471.SZ,2025Q4,0.034296673,840,AAA,0
002471.SZ,2026Q1,0.2498565,679,AA,0
002472.SZ,2025Q3,0.0008237196,1112,AAA,0
002472.SZ,2025Q4,0.00083813234,1110,AAA,0
002472.SZ,2026Q1,0.0008116958,1113,AAA,0
002474.SZ,2025Q3,0.0029181228,1020,AAA,0
002474.SZ,2025Q4,0.0030638115,1017,AAA,0
002474.SZ,2026Q1,0.005177433,979,AAA,0
002475.SZ,2025Q3,0.0006861649,1125,AAA,0
002475.SZ,2025Q4,0.0007230379,1121,AAA,0
002475.SZ,2026Q1,0.0008784106,1107,AAA,0
002476.SZ,2025Q3,0.0035751993,1006,AAA,0
002476.SZ,2025Q4,0.023658913,868,AAA,0
002476.SZ,2026Q1,0.010121813,930,AAA,0
002478.SZ,2025Q3,0.00090477645,1105,AAA,0
002478.SZ,2025Q4,0.0011483129,1088,AAA,0
002478.SZ,2026Q1,0.0012773412,1080,AAA,0
002479.SZ,2025Q3,0.0021947098,1041,AAA,0
002479.SZ,2025Q4,0.004337381,992,AAA,0
002479.SZ,2026Q1,0.0030545234,1017,AAA,0
002480.SZ,2025Q3,0.008712339,941,AAA,0
002480.SZ,2025Q4,0.011292651,922,AAA,0
002480.SZ,2026Q1,0.019734222,881,AAA,0
002481.SZ,2025Q3,0.0024644053,1033,AAA,0
002481.SZ,2025Q4,0.0046251016,987,AAA,0
002481.SZ,2026Q1,0.0066899764,960,AAA,0
002482.SZ,2025Q3,0.011829709,919,AAA,0
002482.SZ,2025Q4,0.014501773,904,AAA,0
002482.SZ,2026Q1,0.024638513,865,AAA,0
002483.SZ,2025Q3,0.0012566096,1081,AAA,0
002483.SZ,2025Q4,0.0015126157,1068,AAA,0
002483.SZ,2026Q1,0.001711251,1059,AAA,0
002484.SZ,2025Q3,0.00070955476,1122,AAA,0
002484.SZ,2025Q4,0.000793452,1114,AAA,0
002484.SZ,2026Q1,0.0008244778,1112,AAA,0
002485.SZ,2025Q3,0.69324714,541,BB,1
002485.SZ,2025Q4,0.7759906,510,BB,1
002485.SZ,2026Q1,0.8954154,445,C,0
002486.SZ,2025Q3,0.0026266773,1028,AAA,0
002486.SZ,2025Q4,0.0027869362,1024,AAA,0
002486.SZ,2026Q1,0.0032056342,1014,AAA,0
002487.SZ,2025Q3,0.00077520526,1116,AAA,0
002487.SZ,2025Q4,0.0007548433,1118,AAA,0
002487.SZ,2026Q1,0.0008714607,1108,AAA,0
002488.SZ,2025Q3,0.005231089,978,AAA,0
002488.SZ,2025Q4,0.02969438,851,AAA,0
002488.SZ,2026Q1,0.010736338,926,AAA,0
002489.SZ,2025Q3,0.0015204245,1067,AAA,0
002489.SZ,2025Q4,0.0018717973,1052,AAA,0
002489.SZ,2026Q1,0.0019941402,1048,AAA,0
002490.SZ,2025Q3,0.23863646,683,AA,0
002490.SZ,2025Q4,0.20477308,697,AA,0
002490.SZ,2026Q1,0.10509551,754,AAA,0
002491.SZ,2025Q3,0.009569725,934,AAA,0
002491.SZ,2025Q4,0.009037341,938,AAA,0
002491.SZ,2026Q1,0.006365422,964,AAA,0
002492.SZ,2025Q3,0.0049202433,982,AAA,0
002492.SZ,2025Q4,0.024432043,865,AAA,0
002492.SZ,2026Q1,0.0061888653,966,AAA,0
002493.SZ,2025Q3,0.002615293,1028,AAA,0
002493.SZ,2025Q4,0.0032861533,1012,AAA,0
002493.SZ,2026Q1,0.0043535163,991,AAA,0
002494.SZ,2025Q3,0.020781776,877,AAA,0
002494.SZ,2025Q4,0.13054949,736,AAA,0
002494.SZ,2026Q1,0.01504017,901,AAA,0
002495.SZ,2025Q3,0.007911243,948,AAA,0
002495.SZ,2025Q4,0.01484522,902,AAA,0
002495.SZ,2026Q1,0.018423244,886,AAA,0
002496.SZ,2025Q3,0.19945832,700,AAA,1
002496.SZ,2025Q4,0.7324823,527,BB,1
002496.SZ,2026Q1,0.5761375,577,BBB,0
002497.SZ,2025Q3,0.001296523,1079,AAA,0
002497.SZ,2025Q4,0.0012137238,1084,AAA,0
002497.SZ,2026Q1,0.0012526411,1081,AAA,0
002498.SZ,2025Q3,0.0030202544,1018,AAA,0
002498.SZ,2025Q4,0.0025331178,1031,AAA,0
002498.SZ,2026Q1,0.004312484,992,AAA,0
002500.SZ,2025Q3,0.0019319896,1050,AAA,0
002500.SZ,2025Q4,0.001808091,1055,AAA,0
002500.SZ,2026Q1,0.0025612728,1030,AAA,0
002501.SZ,2025Q3,0.5183018,594,BBB,0
002501.SZ,2025Q4,0.11676887,745,AAA,0
002501.SZ,2026Q1,0.36026037,641,A,0
002506.SZ,2025Q3,0.034231428,840,AAA,0
002506.SZ,2025Q4,0.050113678,812,AAA,0
002506.SZ,2026Q1,0.22037505,691,AA,0
002507.SZ,2025Q3,0.00081696536,1112,AAA,0
002507.SZ,2025Q4,0.0009091508,1105,AAA,0
002507.SZ,2026Q1,0.001402692,1073,AAA,0
002508.SZ,2025Q3,0.0009795388,1099,AAA,0
002508.SZ,2025Q4,0.0012727099,1080,AAA,0
002508.SZ,2026Q1,0.0013807234,1074,AAA,0
002510.SZ,2025Q3,0.0030408464,1017,AAA,0
002510.SZ,2025Q4,0.0022957122,1038,AAA,0
002510.SZ,2026Q1,0.00811289,946,AAA,0
002511.SZ,2025Q3,0.0021036742,1044,AAA,0
002511.SZ,2025Q4,0.004560662,988,AAA,0
002511.SZ,2026Q1,0.0032432678,1013,AAA,0
002512.SZ,2025Q3,0.2948506,662,AA,0
002512.SZ,2025Q4,0.37737906,636,A,1
002512.SZ,2026Q1,0.38996974,632,A,0
002513.SZ,2025Q3,0.025999725,861,AAA,0
002513.SZ,2025Q4,0.052119944,809,AAA,0
002513.SZ,2026Q1,0.05139039,810,AAA,0
002514.SZ,2025Q3,0.36590248,639,A,0
002514.SZ,2025Q4,0.82707477,487,B,0
002514.SZ,2026Q1,0.9605205,369,C,0
002515.SZ,2025Q3,0.026255643,860,AAA,0
002515.SZ,2025Q4,0.029459797,852,AAA,0
002515.SZ,2026Q1,0.03505478,839,AAA,0
002516.SZ,2025Q3,0.0028700351,1022,AAA,0
002516.SZ,2025Q4,0.0028808028,1021,AAA,0
002516.SZ,2026Q1,0.003548715,1006,AAA,0
002517.SZ,2025Q3,0.0024472266,1033,AAA,0
002517.SZ,2025Q4,0.002550853,1030,AAA,0
002517.SZ,2026Q1,0.002574142,1029,AAA,0
002518.SZ,2025Q3,0.0008666554,1108,AAA,0
002518.SZ,2025Q4,0.001098951,1091,AAA,0
002518.SZ,2026Q1,0.0010828788,1092,AAA,0
002519.SZ,2025Q3,0.025071146,864,AAA,0
002519.SZ,2025Q4,0.012580795,914,AAA,0
002519.SZ,2026Q1,0.041991144,825,AAA,0
002520.SZ,2025Q3,0.12981951,737,AAA,0
002520.SZ,2025Q4,0.27170753,671,AA,0
002520.SZ,2026Q1,0.18414247,707,AAA,0
002521.SZ,2025Q3,0.001026682,1096,AAA,0
002521.SZ,2025Q4,0.0018762517,1052,AAA,0
002521.SZ,2026Q1,0.002119726,1043,AAA,0
002522.SZ,2025Q3,0.0030381933,1017,AAA,0
002522.SZ,2025Q4,0.0046569356,986,AAA,0
002522.SZ,2026Q1,0.005548396,974,AAA,0
002523.SZ,2025Q3,0.004131811,995,AAA,0
002523.SZ,2025Q4,0.0032329087,1013,AAA,0
002523.SZ,2026Q1,0.0027587567,1024,AAA,0
002524.SZ,2025Q3,0.23588382,684,AA,0
002524.SZ,2025Q4,0.31996548,654,AA,0
002524.SZ,2026Q1,0.5179211,594,BBB,0
002526.SZ,2025Q3,0.0032657897,1012,AAA,0
002526.SZ,2025Q4,0.0038657484,1000,AAA,0
002526.SZ,2026Q1,0.013055489,912,AAA,0
002527.SZ,2025Q3,0.004888054,983,AAA,0
002527.SZ,2025Q4,0.0041964315,994,AAA,0
002527.SZ,2026Q1,0.005021412,981,AAA,0
002528.SZ,2025Q3,0.96043795,369,C,1
002528.SZ,2025Q4,0.98442173,300,C,1
002528.SZ,2026Q1,0.96616393,358,C,0
002529.SZ,2025Q3,0.13346845,734,AAA,1
002529.SZ,2025Q4,0.089231506,767,AAA,1
002529.SZ,2026Q1,0.63162863,561,BBB,0
002530.SZ,2025Q3,0.006131562,967,AAA,0
002530.SZ,2025Q4,0.002035003,1046,AAA,0
002530.SZ,2026Q1,0.0028822413,1021,AAA,0
002531.SZ,2025Q3,0.0051035336,980,AAA,0
002531.SZ,2025Q4,0.024890184,864,AAA,0
002531.SZ,2026Q1,0.017644564,889,AAA,0
002532.SZ,2025Q3,0.0036357294,1004,AAA,0
002532.SZ,2025Q4,0.003837234,1001,AAA,0
002532.SZ,2026Q1,0.0054525915,975,AAA,0
002533.SZ,2025Q3,0.0017173347,1059,AAA,0
002533.SZ,2025Q4,0.0010794428,1092,AAA,0
002533.SZ,2026Q1,0.0015788301,1065,AAA,0
002534.SZ,2025Q3,0.0010831419,1092,AAA,0
002534.SZ,2025Q4,0.0011337212,1089,AAA,0
002534.SZ,2026Q1,0.0012836624,1080,AAA,0
002535.SZ,2025Q3,0.023410393,869,AAA,0
002535.SZ,2025Q4,0.030839926,848,AAA,0
002535.SZ,2026Q1,0.07745799,778,AAA,0
002536.SZ,2025Q3,0.0012669403,1081,AAA,0
002536.SZ,2025Q4,0.00091238896,1104,AAA,0
002536.SZ,2026Q1,0.00096153753,1101,AAA,0
002537.SZ,2025Q3,0.0049180794,983,AAA,0
002537.SZ,2025Q4,0.005968338,968,AAA,0
002537.SZ,2026Q1,0.0073585073,953,AAA,0
002538.SZ,2025Q3,0.010593569,927,AAA,0
002538.SZ,2025Q4,0.0063490784,964,AAA,1
002538.SZ,2026Q1,0.008764598,941,AAA,0
002539.SZ,2025Q3,0.0010091816,1097,AAA,0
002539.SZ,2025Q4,0.0010310663,1096,AAA,0
002539.SZ,2026Q1,0.0010568957,1094,AAA,0
002540.SZ,2025Q3,0.0025898903,1029,AAA,0
002540.SZ,2025Q4,0.0027083936,1026,AAA,0
002540.SZ,2026Q1,0.0034019705,1009,AAA,0
002541.SZ,2025Q3,0.0011430526,1088,AAA,0
002541.SZ,2025Q4,0.0014928124,1069,AAA,0
002541.SZ,2026Q1,0.0016950559,1060,AAA,0
002542.SZ,2025Q3,0.23110949,686,AA,0
002542.SZ,2025Q4,0.83219624,484,B,0
002542.SZ,2026Q1,0.9693242,350,C,0
002543.SZ,2025Q3,0.0011861732,1085,AAA,0
002543.SZ,2025Q4,0.0016522689,1061,AAA,0
002543.SZ,2026Q1,0.0014913987,1069,AAA,0
002544.SZ,2025Q3,0.00231705,1037,AAA,0
002544.SZ,2025Q4,0.0025031108,1031,AAA,0
002544.SZ,2026Q1,0.0068769804,958,AAA,0
002545.SZ,2025Q3,0.0012672094,1081,AAA,0
002545.SZ,2025Q4,0.0014432927,1071,AAA,0
002545.SZ,2026Q1,0.0012019137,1084,AAA,0
002546.SZ,2025Q3,0.0032459404,1013,AAA,0
002546.SZ,2025Q4,0.003293164,1012,AAA,0
002546.SZ,2026Q1,0.002366724,1035,AAA,0
002547.SZ,2025Q3,0.9532939,382,C,0
002547.SZ,2025Q4,0.95710903,376,C,0
002547.SZ,2026Q1,0.96270037,365,C,0
002548.SZ,2025Q3,0.008411327,944,AAA,0
002548.SZ,2025Q4,0.018604668,886,AAA,0
002548.SZ,2026Q1,0.035876203,837,AAA,0
002549.SZ,2025Q3,0.0041106087,996,AAA,0
002549.SZ,2025Q4,0.050610922,811,AAA,0
002549.SZ,2026Q1,0.3036332,659,AA,0
002550.SZ,2025Q3,0.0031280066,1015,AAA,0
002550.SZ,2025Q4,0.006960476,957,AAA,0
002550.SZ,2026Q1,0.0032236993,1013,AAA,0
002551.SZ,2025Q3,0.01655167,894,AAA,0
002551.SZ,2025Q4,0.009026471,938,AAA,0
002551.SZ,2026Q1,0.020597504,878,AAA,0
002552.SZ,2025Q3,0.0061026677,967,AAA,0
002552.SZ,2025Q4,0.0029605716,1019,AAA,0
002552.SZ,2026Q1,0.0042132265,994,AAA,0
002553.SZ,2025Q3,0.0039286,999,AAA,0
002553.SZ,2025Q4,0.0033360808,1011,AAA,0
002553.SZ,2026Q1,0.002117756,1044,AAA,0
002554.SZ,2025Q3,0.013999532,906,AAA,0
002554.SZ,2025Q4,0.018519586,886,AAA,0
002554.SZ,2026Q1,0.020386292,879,AAA,0
002555.SZ,2025Q3,0.0027813416,1024,AAA,0
002555.SZ,2025Q4,0.0020861996,1045,AAA,0
002555.SZ,2026Q1,0.0015992846,1064,AAA,0
002556.SZ,2025Q3,0.0021666947,1042,AAA,0
002556.SZ,2025Q4,0.0034654285,1008,AAA,0
002556.SZ,2026Q1,0.0044257236,990,AAA,0
002557.SZ,2025Q3,0.0012528916,1081,AAA,0
002557.SZ,2025Q4,0.0012809816,1080,AAA,0
002557.SZ,2026Q1,0.0011300122,1089,AAA,0
002558.SZ,2025Q3,0.0009993027,1098,AAA,0
002558.SZ,2025Q4,0.0010981754,1091,AAA,0
002558.SZ,2026Q1,0.0014379524,1071,AAA,0
002559.SZ,2025Q3,0.0020509935,1046,AAA,0
002559.SZ,2025Q4,0.002407142,1034,AAA,0
002559.SZ,2026Q1,0.003417404,1009,AAA,0
002560.SZ,2025Q3,0.0016457182,1062,AAA,0
002560.SZ,2025Q4,0.002758517,1024,AAA,0
002560.SZ,2026Q1,0.001995704,1048,AAA,0
002561.SZ,2025Q3,0.018037528,888,AAA,0
002561.SZ,2025Q4,0.06464952,792,AAA,0
002561.SZ,2026Q1,0.025867557,861,AAA,0
002562.SZ,2025Q3,0.0031790654,1014,AAA,0
002562.SZ,2025Q4,0.004090425,996,AAA,0
002562.SZ,2026Q1,0.0046687685,986,AAA,0
002563.SZ,2025Q3,0.0015626054,1065,AAA,0
002563.SZ,2025Q4,0.0031130782,1016,AAA,0
002563.SZ,2026Q1,0.012035509,917,AAA,0
002564.SZ,2025Q3,0.70740175,536,BB,0
002564.SZ,2025Q4,0.4422358,616,A,0
002564.SZ,2026Q1,0.09364657,763,AAA,0
002565.SZ,2025Q3,0.0048563364,983,AAA,0
002565.SZ,2025Q4,0.008206048,945,AAA,0
002565.SZ,2026Q1,0.017811038,889,AAA,0
002566.SZ,2025Q3,0.0023808877,1035,AAA,0
002566.SZ,2025Q4,0.008299982,945,AAA,0
002566.SZ,2026Q1,0.002220332,1040,AAA,0
002567.SZ,2025Q3,0.0054018893,976,AAA,0
002567.SZ,2025Q4,0.030626267,849,AAA,0
002567.SZ,2026Q1,0.045241855,819,AAA,0
002568.SZ,2025Q3,0.003825443,1001,AAA,0
002568.SZ,2025Q4,0.0036716352,1004,AAA,0
002568.SZ,2026Q1,0.0041540004,995,AAA,0
002569.SZ,2025Q3,0.9761511,332,C,1
002569.SZ,2025Q4,0.93956053,402,C,1
002569.SZ,2026Q1,0.920172,423,C,0
002570.SZ,2025Q3,0.0042663827,993,AAA,0
002570.SZ,2025Q4,0.019341998,883,AAA,0
002570.SZ,2026Q1,0.03433557,840,AAA,0
002571.SZ,2025Q3,0.012297004,916,AAA,0
002571.SZ,2025Q4,0.010221894,929,AAA,0
002571.SZ,2026Q1,0.017771415,889,AAA,0
002572.SZ,2025Q3,0.0013703665,1075,AAA,0
002572.SZ,2025Q4,0.0018079361,1055,AAA,0
002572.SZ,2026Q1,0.0049486267,982,AAA,0
002573.SZ,2025Q3,0.005593422,973,AAA,0
002573.SZ,2025Q4,0.011109586,923,AAA,0
002573.SZ,2026Q1,0.0036711362,1004,AAA,0
002574.SZ,2025Q3,0.0038225455,1001,AAA,0
002574.SZ,2025Q4,0.0052410215,978,AAA,0
002574.SZ,2026Q1,0.004196226,994,AAA,0
002575.SZ,2025Q3,0.0164809,894,AAA,0
002575.SZ,2025Q4,0.017378759,891,AAA,0
002575.SZ,2026Q1,0.025041075,864,AAA,0
002576.SZ,2025Q3,0.0009837952,1099,AAA,0
002576.SZ,2025Q4,0.0010103547,1097,AAA,0
002576.SZ,2026Q1,0.0010875511,1092,AAA,0
002577.SZ,2025Q3,0.0030530642,1017,AAA,0
002577.SZ,2025Q4,0.004205745,994,AAA,0
002577.SZ,2026Q1,0.0050358674,981,AAA,0
002578.SZ,2025Q3,0.0042784787,993,AAA,0
002578.SZ,2025Q4,0.0034582217,1008,AAA,0
002578.SZ,2026Q1,0.0049644494,982,AAA,0
002579.SZ,2025Q3,0.0035518357,1006,AAA,0
002579.SZ,2025Q4,0.0028773395,1021,AAA,0
002579.SZ,2026Q1,0.004144104,995,AAA,0
002580.SZ,2025Q3,0.0014244791,1072,AAA,0
002580.SZ,2025Q4,0.0016973586,1060,AAA,0
002580.SZ,2026Q1,0.0018332518,1054,AAA,0
002581.SZ,2025Q3,0.0059026717,969,AAA,1
002581.SZ,2025Q4,0.003613736,1005,AAA,1
002581.SZ,2026Q1,0.0069157686,958,AAA,0
002582.SZ,2025Q3,0.0063112,964,AAA,0
002582.SZ,2025Q4,0.0030843432,1016,AAA,0
002582.SZ,2026Q1,0.0016767012,1060,AAA,0
002583.SZ,2025Q3,0.0679768,788,AAA,0
002583.SZ,2025Q4,0.0076179537,951,AAA,0
002583.SZ,2026Q1,0.008870634,940,AAA,0
002584.SZ,2025Q3,0.004919389,983,AAA,0
002584.SZ,2025Q4,0.0063505378,964,AAA,0
002584.SZ,2026Q1,0.0075704353,951,AAA,0
002585.SZ,2025Q3,0.0014344321,1072,AAA,0
002585.SZ,2025Q4,0.001322509,1078,AAA,0
002585.SZ,2026Q1,0.001770625,1056,AAA,0
002586.SZ,2025Q3,0.7775404,509,BB,1
002586.SZ,2025Q4,0.20769332,696,AA,1
002586.SZ,2026Q1,0.48594984,604,A,0
002587.SZ,2025Q3,0.008384036,944,AAA,0
002587.SZ,2025Q4,0.004391315,991,AAA,0
002587.SZ,2026Q1,0.0069832276,957,AAA,0
002588.SZ,2025Q3,0.0012298739,1083,AAA,0
002588.SZ,2025Q4,0.0018065235,1055,AAA,0
002588.SZ,2026Q1,0.0017399978,1058,AAA,0
002589.SZ,2025Q3,0.004100122,996,AAA,0
002589.SZ,2025Q4,0.006432231,963,AAA,0
002589.SZ,2026Q1,0.008269541,945,AAA,0
002590.SZ,2025Q3,0.0011826701,1086,AAA,0
002590.SZ,2025Q4,0.0010737184,1093,AAA,0
002590.SZ,2026Q1,0.0014123713,1073,AAA,0
002591.SZ,2025Q3,0.011232432,922,AAA,0
002591.SZ,2025Q4,0.0044068065,990,AAA,0
002591.SZ,2026Q1,0.0025496376,1030,AAA,0
002592.SZ,2025Q3,0.18144324,708,AAA,1
002592.SZ,2025Q4,0.23037437,687,AA,1
002592.SZ,2026Q1,0.050379828,811,AAA,0
002593.SZ,2025Q3,0.0019123909,1051,AAA,0
002593.SZ,2025Q4,0.0040924326,996,AAA,0
002593.SZ,2026Q1,0.009424107,935,AAA,0
002594.SZ,2025Q3,0.0008845684,1107,AAA,0
002594.SZ,2025Q4,0.0008907545,1106,AAA,0
002594.SZ,2026Q1,0.0014949006,1069,AAA,0
002595.SZ,2025Q3,0.00084976776,1109,AAA,0
002595.SZ,2025Q4,0.0008039484,1113,AAA,0
002595.SZ,2026Q1,0.0008512443,1109,AAA,0
002596.SZ,2025Q3,0.044777486,820,AAA,0
002596.SZ,2025Q4,0.02252251,871,AAA,0
002596.SZ,2026Q1,0.088864416,767,AAA,0
002597.SZ,2025Q3,0.0007126151,1122,AAA,0
002597.SZ,2025Q4,0.0013998935,1073,AAA,0
002597.SZ,2026Q1,0.001767315,1057,AAA,0
002598.SZ,2025Q3,0.0017484581,1057,AAA,0
002598.SZ,2025Q4,0.009867479,932,AAA,0
002598.SZ,2026Q1,0.010948264,924,AAA,0
002599.SZ,2025Q3,0.0048436713,984,AAA,0
002599.SZ,2025Q4,0.003044089,1017,AAA,0
002599.SZ,2026Q1,0.008639141,942,AAA,0
002600.SZ,2025Q3,0.00073100586,1120,AAA,0
002600.SZ,2025Q4,0.0007260041,1121,AAA,0
002600.SZ,2026Q1,0.0009758403,1099,AAA,0
002601.SZ,2025Q3,0.001495278,1069,AAA,0
002601.SZ,2025Q4,0.002651793,1027,AAA,0
002601.SZ,2026Q1,0.002773552,1024,AAA,0
002602.SZ,2025Q3,0.004302776,992,AAA,1
002602.SZ,2025Q4,0.0034107622,1009,AAA,0
002602.SZ,2026Q1,0.0018549027,1053,AAA,0
002603.SZ,2025Q3,0.00224014,1039,AAA,0
002603.SZ,2025Q4,0.0023397862,1036,AAA,0
002603.SZ,2026Q1,0.0012483187,1082,AAA,0
002605.SZ,2025Q3,0.00094081566,1102,AAA,0
002605.SZ,2025Q4,0.0009435226,1102,AAA,0
002605.SZ,2026Q1,0.0008768974,1107,AAA,0
002606.SZ,2025Q3,0.0020087843,1047,AAA,0
002606.SZ,2025Q4,0.0016994801,1059,AAA,0
002606.SZ,2026Q1,0.00210652,1044,AAA,0
002607.SZ,2025Q3,0.0062880246,965,AAA,0
002607.SZ,2025Q4,0.023711808,868,AAA,0
002607.SZ,2026Q1,0.0075025065,952,AAA,0
002608.SZ,2025Q3,0.0011806976,1086,AAA,0
002608.SZ,2025Q4,0.0012523709,1081,AAA,0
002608.SZ,2026Q1,0.0010514926,1094,AAA,0
002609.SZ,2025Q3,0.0016334942,1062,AAA,0
002609.SZ,2025Q4,0.0018901908,1052,AAA,0
002609.SZ,2026Q1,0.0031939081,1014,AAA,0
002611.SZ,2025Q3,0.0010477724,1094,AAA,0
002611.SZ,2025Q4,0.0009872509,1099,AAA,0
002611.SZ,2026Q1,0.0023908494,1035,AAA,0
002612.SZ,2025Q3,0.0013299076,1077,AAA,0
002612.SZ,2025Q4,0.0015523798,1066,AAA,0
002612.SZ,2026Q1,0.0018836189,1052,AAA,0
002613.SZ,2025Q3,0.0024476314,1033,AAA,0
002613.SZ,2025Q4,0.0037107223,1003,AAA,0
002613.SZ,2026Q1,0.006625079,961,AAA,0
002614.SZ,2025Q3,0.0017287905,1058,AAA,0
002614.SZ,2025Q4,0.0026517855,1027,AAA,0
002614.SZ,2026Q1,0.0045548943,988,AAA,0
002615.SZ,2025Q3,0.0010228889,1096,AAA,0
002615.SZ,2025Q4,0.001248374,1082,AAA,0
002615.SZ,2026Q1,0.0019307394,1050,AAA,0
002616.SZ,2025Q3,0.0034297963,1009,AAA,0
002616.SZ,2025Q4,0.011837581,919,AAA,0
002616.SZ,2026Q1,0.0073479335,953,AAA,0
002617.SZ,2025Q3,0.007454068,952,AAA,0
002617.SZ,2025Q4,0.0057342933,971,AAA,0
002617.SZ,2026Q1,0.010920046,925,AAA,0
002620.SZ,2025Q3,0.25997606,675,AA,1
002620.SZ,2025Q4,0.4973623,600,A,1
002620.SZ,2026Q1,0.66372395,550,BBB,0
002622.SZ,2025Q3,0.15662447,721,AAA,0
002622.SZ,2025Q4,0.21206364,694,AA,0
002622.SZ,2026Q1,0.33952352,647,A,0
002623.SZ,2025Q3,0.0015017842,1068,AAA,0
002623.SZ,2025Q4,0.0014252457,1072,AAA,0
002623.SZ,2026Q1,0.003091715,1016,AAA,0
002624.SZ,2025Q3,0.003639926,1004,AAA,0
002624.SZ,2025Q4,0.0040990296,996,AAA,0
002624.SZ,2026Q1,0.009604213,934,AAA,0
002625.SZ,2025Q3,0.0024834163,1032,AAA,0
002625.SZ,2025Q4,0.0022923497,1038,AAA,0
002625.SZ,2026Q1,0.0035548427,1006,AAA,0
002626.SZ,2025Q3,0.0008207943,1112,AAA,0
002626.SZ,2025Q4,0.0013730341,1075,AAA,0
002626.SZ,2026Q1,0.0013384114,1077,AAA,0
002627.SZ,2025Q3,0.0067953104,959,AAA,0
002627.SZ,2025Q4,0.008877663,940,AAA,0
002627.SZ,2026Q1,0.008976558,939,AAA,0
002628.SZ,2025Q3,0.05446954,805,AAA,0
002628.SZ,2025Q4,0.07211096,784,AAA,0
002628.SZ,2026Q1,0.034548055,840,AAA,0
002629.SZ,2025Q3,0.12779954,738,AAA,0
002629.SZ,2025Q4,0.37415975,637,A,0
002629.SZ,2026Q1,0.23721309,684,AA,0
002630.SZ,2025Q3,0.43462172,618,A,1
002630.SZ,2025Q4,0.6340471,560,BBB,1
002630.SZ,2026Q1,0.718122,532,BB,0
002631.SZ,2025Q3,0.3945713,630,A,0
002631.SZ,2025Q4,0.40858826,626,A,0
002631.SZ,2026Q1,0.24020296,683,AA,0
002632.SZ,2025Q3,0.0018608893,1053,AAA,0
002632.SZ,2025Q4,0.002287589,1038,AAA,0
002632.SZ,2026Q1,0.0028590234,1022,AAA,0
002633.SZ,2025Q3,0.005588645,973,AAA,0
002633.SZ,2025Q4,0.0050512175,981,AAA,0
002633.SZ,2026Q1,0.0073697697,953,AAA,0
002634.SZ,2025Q3,0.928439,415,C,0
002634.SZ,2025Q4,0.96352625,363,C,0
002634.SZ,2026Q1,0.98367184,304,C,0
002635.SZ,2025Q3,0.0022528053,1039,AAA,0
002635.SZ,2025Q4,0.0027483264,1025,AAA,0
002635.SZ,2026Q1,0.0010085938,1097,AAA,0
002636.SZ,2025Q3,0.0025004,1032,AAA,0
002636.SZ,2025Q4,0.0027159967,1026,AAA,0
002636.SZ,2026Q1,0.0017404708,1058,AAA,0
002637.SZ,2025Q3,0.0012353314,1082,AAA,0
002637.SZ,2025Q4,0.0011587474,1087,AAA,0
002637.SZ,2026Q1,0.0015213253,1067,AAA,0
002638.SZ,2025Q3,0.036221713,836,AAA,0
002638.SZ,2025Q4,0.042521175,824,AAA,0
002638.SZ,2026Q1,0.050789356,811,AAA,0
002639.SZ,2025Q3,0.0029104925,1021,AAA,0
002639.SZ,2025Q4,0.0015866449,1064,AAA,0
002639.SZ,2026Q1,0.0045009,989,AAA,0
002640.SZ,2025Q3,0.058028024,801,AAA,0
002640.SZ,2025Q4,0.13870257,731,AAA,0
002640.SZ,2026Q1,0.14206973,729,AAA,0
002641.SZ,2025Q3,0.001211127,1084,AAA,0
002641.SZ,2025Q4,0.0014493976,1071,AAA,0
002641.SZ,2026Q1,0.0027091664,1026,AAA,0
002642.SZ,2025Q3,0.0034195597,1009,AAA,0
002642.SZ,2025Q4,0.0021210306,1043,AAA,0
002642.SZ,2026Q1,0.0033903664,1009,AAA,0
002643.SZ,2025Q3,0.0010138022,1097,AAA,0
002643.SZ,2025Q4,0.0012343411,1083,AAA,0
002643.SZ,2026Q1,0.001146799,1088,AAA,0
002644.SZ,2025Q3,0.0025785337,1029,AAA,0
002644.SZ,2025Q4,0.007356028,953,AAA,0
002644.SZ,2026Q1,0.0049711834,982,AAA,0
002645.SZ,2025Q3,0.0024080342,1034,AAA,0
002645.SZ,2025Q4,0.0020170175,1047,AAA,0
002645.SZ,2026Q1,0.0017042153,1059,AAA,0
002646.SZ,2025Q3,0.0038271185,1001,AAA,0
002646.SZ,2025Q4,0.006335736,964,AAA,0
002646.SZ,2026Q1,0.0048405216,984,AAA,0
002647.SZ,2025Q3,0.96740437,355,C,1
002647.SZ,2025Q4,0.9691068,351,C,1
002647.SZ,2026Q1,0.9707295,347,C,0
002648.SZ,2025Q3,0.0010007895,1098,AAA,0
002648.SZ,2025Q4,0.0011644795,1087,AAA,0
002648.SZ,2026Q1,0.000921244,1104,AAA,0
002649.SZ,2025Q3,0.0013900725,1074,AAA,0
002649.SZ,2025Q4,0.00258924,1029,AAA,0
002649.SZ,2026Q1,0.0060742022,967,AAA,0
002650.SZ,2025Q3,0.49267697,602,A,1
002650.SZ,2025Q4,0.6684691,549,BB,1
002650.SZ,2026Q1,0.28015357,668,AA,0
002651.SZ,2025Q3,0.0032156007,1013,AAA,0
002651.SZ,2025Q4,0.002679391,1027,AAA,0
002651.SZ,2026Q1,0.0034801816,1008,AAA,0
002652.SZ,2025Q3,0.028380297,854,AAA,0
002652.SZ,2025Q4,0.034598876,840,AAA,0
002652.SZ,2026Q1,0.034032546,841,AAA,0
002653.SZ,2025Q3,0.0014565353,1071,AAA,0
002653.SZ,2025Q4,0.0045479247,988,AAA,0
002653.SZ,2026Q1,0.004915982,983,AAA,0
002654.SZ,2025Q3,0.0037991267,1001,AAA,0
002654.SZ,2025Q4,0.0053811925,976,AAA,0
002654.SZ,2026Q1,0.0074207755,953,AAA,0
002655.SZ,2025Q3,0.0022483072,1039,AAA,0
002655.SZ,2025Q4,0.0030835513,1016,AAA,0
002655.SZ,2026Q1,0.0037403211,1002,AAA,0
002656.SZ,2025Q3,0.8908998,448,C,1
002656.SZ,2025Q4,0.94292,397,C,1
002656.SZ,2026Q1,0.8324241,484,B,0
002657.SZ,2025Q3,0.0025184685,1031,AAA,0
002657.SZ,2025Q4,0.0025778767,1029,AAA,0
002657.SZ,2026Q1,0.004578643,988,AAA,0
002658.SZ,2025Q3,0.0021050312,1044,AAA,0
002658.SZ,2025Q4,0.002355437,1036,AAA,0
002658.SZ,2026Q1,0.0031075692,1016,AAA,0
002659.SZ,2025Q3,0.008861223,940,AAA,0
002659.SZ,2025Q4,0.053315394,807,AAA,0
002659.SZ,2026Q1,0.039554246,830,AAA,0
002660.SZ,2025Q3,0.011007682,924,AAA,0
002660.SZ,2025Q4,0.026627239,859,AAA,0
002660.SZ,2026Q1,0.05196406,809,AAA,0
002661.SZ,2025Q3,0.0020137758,1047,AAA,0
002661.SZ,2025Q4,0.005629355,973,AAA,0
002661.SZ,2026Q1,0.0025630363,1030,AAA,0
002662.SZ,2025Q3,0.0021357252,1043,AAA,0
002662.SZ,2025Q4,0.0018136427,1055,AAA,0
002662.SZ,2026Q1,0.0023126649,1037,AAA,0
002663.SZ,2025Q3,0.0039780657,998,AAA,0
002663.SZ,2025Q4,0.007818085,949,AAA,0
002663.SZ,2026Q1,0.014438133,904,AAA,0
002664.SZ,2025Q3,0.0010021114,1098,AAA,0
002664.SZ,2025Q4,0.0015225607,1067,AAA,0
002664.SZ,2026Q1,0.0013912765,1074,AAA,0
002666.SZ,2025Q3,0.0021960835,1041,AAA,0
002666.SZ,2025Q4,0.0024219642,1034,AAA,0
002666.SZ,2026Q1,0.0024027033,1034,AAA,0
002667.SZ,2025Q3,0.046300206,818,AAA,0
002667.SZ,2025Q4,0.45633405,612,A,0
002667.SZ,2026Q1,0.04989176,812,AAA,0
002668.SZ,2025Q3,0.0037713822,1002,AAA,0
002668.SZ,2025Q4,0.0050199805,981,AAA,0
002668.SZ,2026Q1,0.0027902776,1024,AAA,0
002669.SZ,2025Q3,0.006536338,962,AAA,0
002669.SZ,2025Q4,0.0038831206,1000,AAA,0
002669.SZ,2026Q1,0.0016363912,1062,AAA,0
002670.SZ,2025Q3,0.0033349048,1011,AAA,0
002670.SZ,2025Q4,0.002132427,1043,AAA,0
002670.SZ,2026Q1,0.005455553,975,AAA,0
002671.SZ,2025Q3,0.0029941737,1018,AAA,0
002671.SZ,2025Q4,0.009173423,937,AAA,0
002671.SZ,2026Q1,0.019472038,882,AAA,0
002672.SZ,2025Q3,0.0049430653,982,AAA,0
002672.SZ,2025Q4,0.1278459,738,AAA,0
002672.SZ,2026Q1,0.022176182,873,AAA,0
002673.SZ,2025Q3,0.0022483915,1039,AAA,0
002673.SZ,2025Q4,0.0022844959,1038,AAA,0
002673.SZ,2026Q1,0.0022655216,1039,AAA,0
002674.SZ,2025Q3,0.0012519187,1081,AAA,0
002674.SZ,2025Q4,0.0010196485,1096,AAA,0
002674.SZ,2026Q1,0.0010532552,1094,AAA,0
002675.SZ,2025Q3,0.0026194372,1028,AAA,0
002675.SZ,2025Q4,0.006432822,963,AAA,0
002675.SZ,2026Q1,0.0030302312,1018,AAA,0
002676.SZ,2025Q3,0.0044248626,990,AAA,0
002676.SZ,2025Q4,0.006635094,961,AAA,0
002676.SZ,2026Q1,0.006163738,966,AAA,0
002677.SZ,2025Q3,0.028113352,855,AAA,0
002677.SZ,2025Q4,0.051664375,809,AAA,0
002677.SZ,2026Q1,0.043434918,823,AAA,0
002678.SZ,2025Q3,0.026665628,859,AAA,0
002678.SZ,2025Q4,0.03854165,832,AAA,0
002678.SZ,2026Q1,0.06259875,795,AAA,0
002679.SZ,2025Q3,0.018390106,886,AAA,0
002679.SZ,2025Q4,0.04494627,820,AAA,0
002679.SZ,2026Q1,0.6974025,539,BB,0
002681.SZ,2025Q3,0.007279192,954,AAA,0
002681.SZ,2025Q4,0.021755157,874,AAA,0
002681.SZ,2026Q1,0.035850596,837,AAA,0
002682.SZ,2025Q3,0.01647502,894,AAA,0
002682.SZ,2025Q4,0.061854016,796,AAA,0
002682.SZ,2026Q1,0.06835425,788,AAA,0
002683.SZ,2025Q3,0.0010304649,1096,AAA,0
002683.SZ,2025Q4,0.0010761239,1092,AAA,0
002683.SZ,2026Q1,0.0032130813,1013,AAA,0
002685.SZ,2025Q3,0.10036707,758,AAA,0
002685.SZ,2025Q4,0.013170822,911,AAA,0
002685.SZ,2026Q1,0.008652138,942,AAA,0
002686.SZ,2025Q3,0.0065974207,961,AAA,0
002686.SZ,2025Q4,0.03679866,835,AAA,0
002686.SZ,2026Q1,0.0131913265,911,AAA,0
002687.SZ,2025Q3,0.004290346,992,AAA,0
002687.SZ,2025Q4,0.009924033,932,AAA,0
002687.SZ,2026Q1,0.010869437,925,AAA,0
002688.SZ,2025Q3,0.03260327,844,AAA,0
002688.SZ,2025Q4,0.017418826,890,AAA,0
002688.SZ,2026Q1,0.023265881,869,AAA,0
002689.SZ,2025Q3,0.001595079,1064,AAA,1
002689.SZ,2025Q4,0.009305664,936,AAA,1
002689.SZ,2026Q1,0.0048672785,983,AAA,0
002690.SZ,2025Q3,0.0019421681,1050,AAA,0
002690.SZ,2025Q4,0.0033778786,1010,AAA,0
002690.SZ,2026Q1,0.004409839,990,AAA,0
002691.SZ,2025Q3,0.008782445,940,AAA,0
002691.SZ,2025Q4,0.006204805,966,AAA,0
002691.SZ,2026Q1,0.009449269,935,AAA,0
002692.SZ,2025Q3,0.014465523,904,AAA,0
002692.SZ,2025Q4,0.015467489,899,AAA,0
002692.SZ,2026Q1,0.023056515,870,AAA,0
002693.SZ,2025Q3,0.24081156,682,AA,1
002693.SZ,2025Q4,0.09833244,759,AAA,1
002693.SZ,2026Q1,0.04817943,815,AAA,0
002694.SZ,2025Q3,0.052750368,808,AAA,0
002694.SZ,2025Q4,0.16791244,715,AAA,0
002694.SZ,2026Q1,0.8171833,491,B,0
002695.SZ,2025Q3,0.0013056751,1078,AAA,0
002695.SZ,2025Q4,0.0016416133,1062,AAA,0
002695.SZ,2026Q1,0.0015662026,1065,AAA,0
002696.SZ,2025Q3,0.0039680647,998,AAA,0
002696.SZ,2025Q4,0.007774542,949,AAA,0
002696.SZ,2026Q1,0.0051726783,979,AAA,0
002697.SZ,2025Q3,0.0035229144,1007,AAA,0
002697.SZ,2025Q4,0.015618323,898,AAA,0
002697.SZ,2026Q1,0.0036422766,1004,AAA,0
002698.SZ,2025Q3,0.0011696528,1086,AAA,0
002698.SZ,2025Q4,0.0027475334,1025,AAA,0
002698.SZ,2026Q1,0.0030739405,1017,AAA,0
002700.SZ,2025Q3,0.5302835,591,BBB,0
002700.SZ,2025Q4,0.28322545,666,AA,0
002700.SZ,2026Q1,0.11047868,750,AAA,0
002701.SZ,2025Q3,0.0013862533,1074,AAA,0
002701.SZ,2025Q4,0.0020249547,1047,AAA,0
002701.SZ,2026Q1,0.0039670323,998,AAA,0
002702.SZ,2025Q3,0.008106078,946,AAA,0
002702.SZ,2025Q4,0.008968142,939,AAA,0
002702.SZ,2026Q1,0.014883813,902,AAA,0
002703.SZ,2025Q3,0.0018411244,1054,AAA,0
002703.SZ,2025Q4,0.0023612643,1036,AAA,0
002703.SZ,2026Q1,0.0016308291,1062,AAA,0
002705.SZ,2025Q3,0.001123535,1089,AAA,0
002705.SZ,2025Q4,0.0012232525,1083,AAA,0
002705.SZ,2026Q1,0.0027220529,1025,AAA,0
002706.SZ,2025Q3,0.0015635764,1065,AAA,0
002706.SZ,2025Q4,0.0022123,1040,AAA,0
002706.SZ,2026Q1,0.0025372247,1030,AAA,0
002707.SZ,2025Q3,0.008470064,943,AAA,0
002707.SZ,2025Q4,0.005702862,972,AAA,0
002707.SZ,2026Q1,0.0092026545,937,AAA,0
002708.SZ,2025Q3,0.0018586667,1053,AAA,0
002708.SZ,2025Q4,0.0015732732,1065,AAA,0
002708.SZ,2026Q1,0.0022437847,1039,AAA,0
002709.SZ,2025Q3,0.0017551306,1057,AAA,0
002709.SZ,2025Q4,0.0009674467,1100,AAA,0
002709.SZ,2026Q1,0.001293546,1079,AAA,0
002712.SZ,2025Q3,0.0027471085,1025,AAA,0
002712.SZ,2025Q4,0.006536171,962,AAA,0
002712.SZ,2026Q1,0.0053016054,977,AAA,0
002713.SZ,2025Q3,0.85366887,472,B,1
002713.SZ,2025Q4,0.32864684,651,AA,1
002713.SZ,2026Q1,0.02639572,860,AAA,0
002714.SZ,2025Q3,0.0014394115,1071,AAA,0
002714.SZ,2025Q4,0.0017413798,1058,AAA,0
002714.SZ,2026Q1,0.001942719,1050,AAA,0
002715.SZ,2025Q3,0.10898667,751,AAA,0
002715.SZ,2025Q4,0.13323006,735,AAA,0
002715.SZ,2026Q1,0.22535408,689,AA,0
002716.SZ,2025Q3,0.003160012,1015,AAA,0
002716.SZ,2025Q4,0.004138295,995,AAA,0
002716.SZ,2026Q1,0.021097876,876,AAA,0
002717.SZ,2025Q3,0.030935442,848,AAA,1
002717.SZ,2025Q4,0.9791418,322,C,1
002717.SZ,2026Q1,0.9825351,309,C,0
002718.SZ,2025Q3,0.004600159,987,AAA,0
002718.SZ,2025Q4,0.0035925987,1005,AAA,0
002718.SZ,2026Q1,0.0137356715,908,AAA,0
002719.SZ,2025Q3,0.034501232,840,AAA,0
002719.SZ,2025Q4,0.2960473,662,AA,0
002719.SZ,2026Q1,0.5369778,589,BBB,0
002721.SZ,2025Q3,0.4072466,627,A,0
002721.SZ,2025Q4,0.33172268,650,AA,0
002721.SZ,2026Q1,0.029630052,851,AAA,0
002722.SZ,2025Q3,0.0010263895,1096,AAA,0
002722.SZ,2025Q4,0.0010489558,1094,AAA,0
002722.SZ,2026Q1,0.0009964638,1098,AAA,0
002723.SZ,2025Q3,0.05086982,811,AAA,0
002723.SZ,2025Q4,0.06422407,793,AAA,0
002723.SZ,2026Q1,0.072536856,783,AAA,0
002724.SZ,2025Q3,0.0053604553,976,AAA,0
002724.SZ,2025Q4,0.0024960926,1032,AAA,0
002724.SZ,2026Q1,0.009136224,938,AAA,0
002725.SZ,2025Q3,0.003960554,998,AAA,0
002725.SZ,2025Q4,0.0022586735,1039,AAA,0
002725.SZ,2026Q1,0.0054837433,975,AAA,0
002726.SZ,2025Q3,0.013917056,907,AAA,0
002726.SZ,2025Q4,0.09647577,761,AAA,0
002726.SZ,2026Q1,0.17072783,714,AAA,0
002727.SZ,2025Q3,0.0013793171,1074,AAA,0
002727.SZ,2025Q4,0.0015489255,1066,AAA,0
002727.SZ,2026Q1,0.0011940326,1085,AAA,0
002728.SZ,2025Q3,0.0074731996,952,AAA,0
002728.SZ,2025Q4,0.0088953655,939,AAA,0
002728.SZ,2026Q1,0.0060735717,967,AAA,0
002729.SZ,2025Q3,0.0032107425,1013,AAA,0
002729.SZ,2025Q4,0.0056268624,973,AAA,0
002729.SZ,2026Q1,0.0057936893,971,AAA,0
002730.SZ,2025Q3,0.0014522743,1071,AAA,0
002730.SZ,2025Q4,0.0017406248,1058,AAA,0
002730.SZ,2026Q1,0.0019361132,1050,AAA,0
002731.SZ,2025Q3,0.0013191472,1078,AAA,0
002732.SZ,2025Q3,0.0014689595,1070,AAA,0
002732.SZ,2025Q4,0.0017358679,1058,AAA,0
002732.SZ,2026Q1,0.003755182,1002,AAA,0
002733.SZ,2025Q3,0.0019523668,1049,AAA,0
002733.SZ,2025Q4,0.0021757816,1042,AAA,0
002733.SZ,2026Q1,0.0026140334,1028,AAA,0
002734.SZ,2025Q3,0.0016883196,1060,AAA,0
002734.SZ,2025Q4,0.0016559984,1061,AAA,0
002734.SZ,2026Q1,0.001029011,1096,AAA,0
002735.SZ,2025Q3,0.0012229962,1083,AAA,0
002735.SZ,2025Q4,0.0018379346,1054,AAA,0
002735.SZ,2026Q1,0.0052154926,978,AAA,0
002736.SZ,2025Q3,0.00105633,1094,AAA,0
002736.SZ,2025Q4,0.0010140612,1097,AAA,0
002736.SZ,2026Q1,0.0009949697,1098,AAA,0
002737.SZ,2025Q3,0.0087972935,940,AAA,0
002737.SZ,2025Q4,0.024624543,865,AAA,0
002737.SZ,2026Q1,0.00843195,943,AAA,0
002738.SZ,2025Q3,0.0028684812,1022,AAA,0
002738.SZ,2025Q4,0.0016014895,1064,AAA,0
002738.SZ,2026Q1,0.0017474738,1057,AAA,0
002739.SZ,2025Q3,0.004527903,989,AAA,0
002739.SZ,2025Q4,0.0041843476,994,AAA,0
002739.SZ,2026Q1,0.018018955,888,AAA,0
002741.SZ,2025Q3,0.0035845835,1005,AAA,0
002741.SZ,2025Q4,0.002557054,1030,AAA,0
002741.SZ,2026Q1,0.0021093043,1044,AAA,0
002742.SZ,2025Q3,0.99017066,267,C,1
002742.SZ,2025Q4,0.98379034,303,C,1
002742.SZ,2026Q1,0.91815597,425,C,0
002743.SZ,2025Q3,0.0026576258,1027,AAA,0
002743.SZ,2025Q4,0.018977078,884,AAA,0
002743.SZ,2026Q1,0.038603242,831,AAA,0
002745.SZ,2025Q3,0.002275769,1038,AAA,0
002745.SZ,2025Q4,0.0030273614,1018,AAA,0
002745.SZ,2026Q1,0.0008706358,1108,AAA,0
002746.SZ,2025Q3,0.004915035,983,AAA,0
002746.SZ,2025Q4,0.014846552,902,AAA,0
002746.SZ,2026Q1,0.005221664,978,AAA,0
002747.SZ,2025Q3,0.016125789,896,AAA,0
002747.SZ,2025Q4,0.01725723,891,AAA,0
002747.SZ,2026Q1,0.008287126,945,AAA,0
002748.SZ,2025Q3,0.013205946,911,AAA,0
002748.SZ,2025Q4,0.0044020247,991,AAA,0
002748.SZ,2026Q1,0.0030120169,1018,AAA,0
002749.SZ,2025Q3,0.0036220883,1005,AAA,0
002749.SZ,2025Q4,0.01786094,889,AAA,0
002749.SZ,2026Q1,0.0059551885,969,AAA,0
002752.SZ,2025Q3,0.0018712861,1052,AAA,0
002752.SZ,2025Q4,0.0023881828,1035,AAA,0
002752.SZ,2026Q1,0.0020758219,1045,AAA,0
002753.SZ,2025Q3,0.004221513,994,AAA,0
002753.SZ,2025Q4,0.0061044004,967,AAA,0
002753.SZ,2026Q1,0.008531189,943,AAA,0
002755.SZ,2025Q3,0.0023259504,1037,AAA,0
002755.SZ,2025Q4,0.002234102,1040,AAA,0
002755.SZ,2026Q1,0.0023430064,1036,AAA,0
002756.SZ,2025Q3,0.0022944445,1038,AAA,0
002756.SZ,2025Q4,0.0009860497,1099,AAA,0
002756.SZ,2026Q1,0.0010817462,1092,AAA,0
002757.SZ,2025Q3,0.002203348,1041,AAA,0
002757.SZ,2025Q4,0.0024015915,1034,AAA,0
002757.SZ,2026Q1,0.0010783739,1092,AAA,0
002758.SZ,2025Q3,0.0009984965,1098,AAA,0
002758.SZ,2025Q4,0.0012497136,1082,AAA,0
002758.SZ,2026Q1,0.0012700066,1080,AAA,0
002759.SZ,2025Q3,0.0053707743,976,AAA,0
002759.SZ,2025Q4,0.0036514993,1004,AAA,0
002759.SZ,2026Q1,0.004393348,991,AAA,0
002760.SZ,2025Q3,0.001191697,1085,AAA,0
002760.SZ,2025Q4,0.0013940299,1074,AAA,0
002760.SZ,2026Q1,0.0013679744,1075,AAA,0
002761.SZ,2025Q3,0.0017278731,1058,AAA,0
002761.SZ,2025Q4,0.001312809,1078,AAA,0
002761.SZ,2026Q1,0.0017291806,1058,AAA,0
002762.SZ,2025Q3,0.008355023,944,AAA,1
002762.SZ,2025Q4,0.02758983,856,AAA,1
002762.SZ,2026Q1,0.118819244,744,AAA,0
002763.SZ,2025Q3,0.0029971004,1018,AAA,0
002763.SZ,2025Q4,0.008464323,943,AAA,0
002763.SZ,2026Q1,0.002336157,1036,AAA,0
002765.SZ,2025Q3,0.0015375387,1067,AAA,0
002765.SZ,2025Q4,0.0019047074,1051,AAA,0
002765.SZ,2026Q1,0.0050548012,981,AAA,0
002766.SZ,2025Q3,0.016238658,896,AAA,0
002766.SZ,2025Q4,0.008698658,941,AAA,0
002766.SZ,2026Q1,0.021713316,874,AAA,0
002767.SZ,2025Q3,0.0014349499,1072,AAA,0
002767.SZ,2025Q4,0.001219888,1083,AAA,0
002767.SZ,2026Q1,0.0031518526,1015,AAA,0
002768.SZ,2025Q3,0.00084549026,1110,AAA,0
002768.SZ,2025Q4,0.00084195373,1110,AAA,0
002768.SZ,2026Q1,0.00080434186,1113,AAA,0
002769.SZ,2025Q3,0.045703743,819,AAA,0
002769.SZ,2025Q4,0.06784395,789,AAA,0
002769.SZ,2026Q1,0.07289821,783,AAA,0
002771.SZ,2025Q3,0.024164334,866,AAA,0
002771.SZ,2025Q4,0.04441874,821,AAA,0
002771.SZ,2026Q1,0.043925337,822,AAA,0
002772.SZ,2025Q3,0.0015431797,1066,AAA,0
002772.SZ,2025Q4,0.0010301047,1096,AAA,0
002772.SZ,2026Q1,0.0010520372,1094,AAA,0
002773.SZ,2025Q3,0.0010511251,1094,AAA,0
002773.SZ,2025Q4,0.0018129746,1055,AAA,0
002773.SZ,2026Q1,0.0009973866,1098,AAA,0
002774.SZ,2025Q3,0.0017137489,1059,AAA,0
002774.SZ,2025Q4,0.0017366746,1058,AAA,0
002774.SZ,2026Q1,0.0023022122,1037,AAA,0
002775.SZ,2025Q3,0.028072974,855,AAA,0
002775.SZ,2025Q4,0.9540379,381,C,0
002775.SZ,2026Q1,0.7488352,521,BB,0
002777.SZ,2025Q3,0.0017650762,1057,AAA,0
002777.SZ,2025Q4,0.0017254715,1058,AAA,0
002777.SZ,2026Q1,0.0034727822,1008,AAA,0
002778.SZ,2025Q3,0.077871166,778,AAA,0
002778.SZ,2025Q4,0.14451565,728,AAA,0
002778.SZ,2026Q1,0.10929296,751,AAA,0
002779.SZ,2025Q3,0.0015731818,1065,AAA,0
002779.SZ,2025Q4,0.0015807301,1065,AAA,0
002779.SZ,2026Q1,0.0031275027,1015,AAA,0
002780.SZ,2025Q3,0.0029455253,1020,AAA,0
002780.SZ,2025Q4,0.004799789,984,AAA,0
002780.SZ,2026Q1,0.0029375176,1020,AAA,0
002782.SZ,2025Q3,0.0012357874,1082,AAA,0
002782.SZ,2025Q4,0.0012412275,1082,AAA,0
002782.SZ,2026Q1,0.0013605392,1075,AAA,0
002783.SZ,2025Q3,0.0040765833,996,AAA,0
002783.SZ,2025Q4,0.002762217,1024,AAA,0
002783.SZ,2026Q1,0.00927706,936,AAA,0
002785.SZ,2025Q3,0.008811926,940,AAA,0
002785.SZ,2025Q4,0.005248699,978,AAA,0
002785.SZ,2026Q1,0.008089914,946,AAA,0
002786.SZ,2025Q3,0.10229726,756,AAA,0
002786.SZ,2025Q4,0.08037135,775,AAA,0
002786.SZ,2026Q1,0.038125213,832,AAA,0
002787.SZ,2025Q3,0.0035370945,1006,AAA,0
002787.SZ,2025Q4,0.0032993443,1011,AAA,0
002787.SZ,2026Q1,0.0023630147,1036,AAA,0
002788.SZ,2025Q3,0.001689885,1060,AAA,0
002788.SZ,2025Q4,0.0016669473,1061,AAA,0
002788.SZ,2026Q1,0.0040368447,997,AAA,0
002789.SZ,2025Q3,0.91498816,428,C,1
002789.SZ,2025Q4,0.24741752,680,AA,1
002789.SZ,2026Q1,0.17577533,711,AAA,0
002790.SZ,2025Q3,0.0013313206,1077,AAA,0
002790.SZ,2025Q4,0.0046805786,986,AAA,0
002790.SZ,2026Q1,0.0031060171,1016,AAA,0
002791.SZ,2025Q3,0.0024676449,1032,AAA,0
002791.SZ,2025Q4,0.002458587,1033,AAA,0
002791.SZ,2026Q1,0.001723722,1058,AAA,0
002792.SZ,2025Q3,0.00282595,1023,AAA,0
002792.SZ,2025Q4,0.0017377331,1058,AAA,0
002792.SZ,2026Q1,0.0101173995,930,AAA,0
002793.SZ,2025Q3,0.008827532,940,AAA,0
002793.SZ,2025Q4,0.013674426,908,AAA,0
002793.SZ,2026Q1,0.0041964133,994,AAA,0
002795.SZ,2025Q3,0.02625507,860,AAA,0
002795.SZ,2025Q4,0.015344888,900,AAA,0
002795.SZ,2026Q1,0.2976047,661,AA,0
002796.SZ,2025Q3,0.008220728,945,AAA,0
002796.SZ,2025Q4,0.008522856,943,AAA,0
002796.SZ,2026Q1,0.005890259,969,AAA,0
002797.SZ,2025Q3,0.0022257143,1040,AAA,0
002797.SZ,2025Q4,0.002181839,1041,AAA,0
002797.SZ,2026Q1,0.003264846,1012,AAA,0
002798.SZ,2025Q3,0.007892522,948,AAA,0
002798.SZ,2025Q4,0.014292424,905,AAA,0
002798.SZ,2026Q1,0.042364735,824,AAA,0
002799.SZ,2025Q3,0.012708545,913,AAA,0
002799.SZ,2025Q4,0.037810583,833,AAA,0
002799.SZ,2026Q1,0.01605605,896,AAA,0
002800.SZ,2025Q3,0.031648457,846,AAA,0
002800.SZ,2025Q4,0.028241321,855,AAA,0
002800.SZ,2026Q1,0.02406368,867,AAA,0
002801.SZ,2025Q3,0.0013079253,1078,AAA,0
002801.SZ,2025Q4,0.0014223495,1072,AAA,0
002801.SZ,2026Q1,0.0012297267,1083,AAA,0
002802.SZ,2025Q3,0.0032528348,1012,AAA,0
002802.SZ,2025Q4,0.0034776786,1008,AAA,0
002802.SZ,2026Q1,0.0029207002,1020,AAA,0
002803.SZ,2025Q3,0.001102189,1091,AAA,0
002803.SZ,2025Q4,0.0010851057,1092,AAA,0
002803.SZ,2026Q1,0.0013664393,1075,AAA,0
002805.SZ,2025Q3,0.03984763,829,AAA,0
002805.SZ,2025Q4,0.021686662,874,AAA,0
002805.SZ,2026Q1,0.011708681,919,AAA,0
002806.SZ,2025Q3,0.0035330043,1006,AAA,0
002806.SZ,2025Q4,0.0034524947,1008,AAA,0
002806.SZ,2026Q1,0.006590421,961,AAA,0
002807.SZ,2025Q3,0.0014475273,1071,AAA,0
002807.SZ,2025Q4,0.0024498878,1033,AAA,0
002807.SZ,2026Q1,0.0026101028,1028,AAA,0
002808.SZ,2025Q3,0.31106997,657,AA,1
002808.SZ,2025Q4,0.16400097,717,AAA,1
002808.SZ,2026Q1,0.31493104,656,AA,0
002809.SZ,2025Q3,0.010100394,930,AAA,0
002809.SZ,2025Q4,0.008680605,941,AAA,0
002809.SZ,2026Q1,0.012714014,913,AAA,0
002810.SZ,2025Q3,0.0018583208,1053,AAA,0
002810.SZ,2025Q4,0.002553719,1030,AAA,0
002810.SZ,2026Q1,0.0033809317,1010,AAA,0
002811.SZ,2025Q3,0.0016045428,1064,AAA,0
002811.SZ,2025Q4,0.00823814,945,AAA,0
002811.SZ,2026Q1,0.005545773,974,AAA,0
002812.SZ,2025Q3,0.0024190985,1034,AAA,0
002812.SZ,2025Q4,0.0011879819,1085,AAA,0
002812.SZ,2026Q1,0.0017725737,1056,AAA,0
002813.SZ,2025Q3,0.005898191,969,AAA,0
002813.SZ,2025Q4,0.016861774,893,AAA,0
002813.SZ,2026Q1,0.007066107,956,AAA,0
002815.SZ,2025Q3,0.001234063,1083,AAA,0
002815.SZ,2025Q4,0.0012134098,1084,AAA,0
002815.SZ,2026Q1,0.0024132736,1034,AAA,0
002816.SZ,2025Q3,0.0069514015,957,AAA,1
002816.SZ,2025Q4,0.0026528349,1027,AAA,1
002816.SZ,2026Q1,0.005986453,968,AAA,0
002817.SZ,2025Q3,0.002199192,1041,AAA,0
002817.SZ,2025Q4,0.013705699,908,AAA,0
002817.SZ,2026Q1,0.0049216696,982,AAA,0
002818.SZ,2025Q3,0.005676867,972,AAA,0
002818.SZ,2025Q4,0.008235101,945,AAA,0
002818.SZ,2026Q1,0.0051506776,979,AAA,0
002819.SZ,2025Q3,0.0027225956,1025,AAA,0
002819.SZ,2025Q4,0.0017529457,1057,AAA,0
002819.SZ,2026Q1,0.0023236189,1037,AAA,0
002820.SZ,2025Q3,0.005477342,975,AAA,0
002820.SZ,2025Q4,0.007616577,951,AAA,0
002820.SZ,2026Q1,0.0033868044,1010,AAA,0
002821.SZ,2025Q3,0.000750246,1118,AAA,0
002821.SZ,2025Q4,0.00075321505,1118,AAA,0
002821.SZ,2026Q1,0.0017232503,1058,AAA,0
002822.SZ,2025Q3,0.5058954,598,BBB,1
002822.SZ,2025Q4,0.7482168,521,BB,1
002822.SZ,2026Q1,0.6878412,543,BB,0
002823.SZ,2025Q3,0.0018170677,1055,AAA,0
002823.SZ,2025Q4,0.002007565,1047,AAA,0
002823.SZ,2026Q1,0.0019617772,1049,AAA,0
002824.SZ,2025Q3,0.0013813298,1074,AAA,0
002824.SZ,2025Q4,0.0012836122,1080,AAA,0
002824.SZ,2026Q1,0.0016304478,1062,AAA,0
002825.SZ,2025Q3,0.0026602244,1027,AAA,0
002825.SZ,2025Q4,0.0062017827,966,AAA,0
002825.SZ,2026Q1,0.003088814,1016,AAA,0
002826.SZ,2025Q3,0.0032674104,1012,AAA,0
002826.SZ,2025Q4,0.007009548,957,AAA,0
002826.SZ,2026Q1,0.014411904,904,AAA,0
002827.SZ,2025Q3,0.0035561416,1006,AAA,0
002827.SZ,2025Q4,0.0023940157,1035,AAA,0
002827.SZ,2026Q1,0.0035209497,1007,AAA,0
002828.SZ,2025Q3,0.023142127,869,AAA,0
002828.SZ,2025Q4,0.09203332,765,AAA,0
002828.SZ,2026Q1,0.07959376,776,AAA,0
002829.SZ,2025Q3,0.035988186,837,AAA,0
002829.SZ,2025Q4,0.012690441,914,AAA,0
002829.SZ,2026Q1,0.01888278,884,AAA,0
002830.SZ,2025Q3,0.0015916086,1064,AAA,0
002830.SZ,2025Q4,0.0015506137,1066,AAA,0
002830.SZ,2026Q1,0.003867546,1000,AAA,0
002831.SZ,2025Q3,0.001148831,1088,AAA,0
002831.SZ,2025Q4,0.0010526929,1094,AAA,0
002831.SZ,2026Q1,0.0010209467,1096,AAA,0
002832.SZ,2025Q3,0.0011848763,1085,AAA,0
002832.SZ,2025Q4,0.0012677069,1081,AAA,0
002832.SZ,2026Q1,0.001412797,1073,AAA,0
002833.SZ,2025Q3,0.0018342215,1054,AAA,0
002833.SZ,2025Q4,0.0024688554,1032,AAA,0
002833.SZ,2026Q1,0.0011816539,1086,AAA,0
002835.SZ,2025Q3,0.0010252813,1096,AAA,0
002835.SZ,2025Q4,0.0010722945,1093,AAA,0
002835.SZ,2026Q1,0.0016522108,1061,AAA,0
002836.SZ,2025Q3,0.0022395435,1039,AAA,0
002836.SZ,2025Q4,0.004830247,984,AAA,0
002836.SZ,2026Q1,0.0024625913,1033,AAA,0
002837.SZ,2025Q3,0.0015499229,1066,AAA,0
002837.SZ,2025Q4,0.0010470434,1094,AAA,0
002837.SZ,2026Q1,0.002723722,1025,AAA,0
002838.SZ,2025Q3,0.0008508579,1109,AAA,0
002838.SZ,2025Q4,0.000782013,1115,AAA,0
002838.SZ,2026Q1,0.0009441998,1102,AAA,0
002839.SZ,2025Q3,0.0017397476,1058,AAA,0
002839.SZ,2025Q4,0.0018473231,1053,AAA,0
002839.SZ,2026Q1,0.0023364439,1036,AAA,0
002840.SZ,2025Q3,0.0012230969,1083,AAA,0
002840.SZ,2025Q4,0.0029832402,1019,AAA,0
002840.SZ,2026Q1,0.010862221,925,AAA,0
002841.SZ,2025Q3,0.00092105527,1104,AAA,0
002841.SZ,2025Q4,0.00089012325,1106,AAA,0
002841.SZ,2026Q1,0.0011305425,1089,AAA,0
002842.SZ,2025Q3,0.002073189,1045,AAA,0
002842.SZ,2025Q4,0.001896263,1051,AAA,0
002842.SZ,2026Q1,0.0053537246,976,AAA,0
002843.SZ,2025Q3,0.0014922397,1069,AAA,0
002843.SZ,2025Q4,0.0059752585,968,AAA,0
002843.SZ,2026Q1,0.0022009318,1041,AAA,0
002845.SZ,2025Q3,0.003106078,1016,AAA,0
002845.SZ,2025Q4,0.0017777678,1056,AAA,0
002845.SZ,2026Q1,0.002694469,1026,AAA,0
002846.SZ,2025Q3,0.00434424,992,AAA,0
002846.SZ,2025Q4,0.0033160201,1011,AAA,0
002846.SZ,2026Q1,0.0031130516,1016,AAA,0
002847.SZ,2025Q3,0.0010580946,1094,AAA,0
002847.SZ,2025Q4,0.0026598615,1027,AAA,0
002847.SZ,2026Q1,0.00091734057,1104,AAA,0
002848.SZ,2025Q3,0.032188825,845,AAA,1
002848.SZ,2025Q4,0.092810445,764,AAA,1
002848.SZ,2026Q1,0.033174373,843,AAA,0
002849.SZ,2025Q3,0.0013726596,1075,AAA,0
002849.SZ,2025Q4,0.00129108,1079,AAA,0
002849.SZ,2026Q1,0.0013089716,1078,AAA,0
002850.SZ,2025Q3,0.0007786379,1116,AAA,0
002850.SZ,2025Q4,0.00073948165,1120,AAA,0
002850.SZ,2026Q1,0.00094370235,1102,AAA,0
002851.SZ,2025Q3,0.0009427844,1102,AAA,0
002851.SZ,2025Q4,0.00092030043,1104,AAA,0
002851.SZ,2026Q1,0.0009218077,1104,AAA,0
002852.SZ,2025Q3,0.0019199383,1051,AAA,0
002852.SZ,2025Q4,0.0021805055,1041,AAA,0
002852.SZ,2026Q1,0.001654903,1061,AAA,0
002853.SZ,2025Q3,0.012131611,917,AAA,0
002853.SZ,2025Q4,0.0048410455,984,AAA,0
002853.SZ,2026Q1,0.008181194,946,AAA,0
002855.SZ,2025Q3,0.021600645,875,AAA,0
002855.SZ,2025Q4,0.13050306,736,AAA,0
002855.SZ,2026Q1,0.38025677,635,A,0
002856.SZ,2025Q3,0.048632782,814,AAA,0
002856.SZ,2025Q4,0.7796016,508,BB,0
002856.SZ,2026Q1,0.97524697,334,C,0
002857.SZ,2025Q3,0.003233253,1013,AAA,0
002857.SZ,2025Q4,0.01695493,892,AAA,0
002857.SZ,2026Q1,0.11490869,747,AAA,0
002858.SZ,2025Q3,0.0014500472,1071,AAA,0
002858.SZ,2025Q4,0.0023926038,1035,AAA,0
002858.SZ,2026Q1,0.0030811103,1016,AAA,0
002859.SZ,2025Q3,0.0014820745,1069,AAA,0
002859.SZ,2025Q4,0.0009872062,1099,AAA,0
002859.SZ,2026Q1,0.0016388897,1062,AAA,0
002860.SZ,2025Q3,0.0014487884,1071,AAA,0
002860.SZ,2025Q4,0.0013126726,1078,AAA,0
002860.SZ,2026Q1,0.0013770321,1075,AAA,0
002861.SZ,2025Q3,0.0043316786,992,AAA,0
002861.SZ,2025Q4,0.0022361788,1040,AAA,0
002861.SZ,2026Q1,0.003161334,1015,AAA,0
002862.SZ,2025Q3,0.0036079118,1005,AAA,0
002862.SZ,2025Q4,0.009979273,931,AAA,0
002862.SZ,2026Q1,0.0133384755,910,AAA,0
002863.SZ,2025Q3,0.0017392534,1058,AAA,0
002863.SZ,2025Q4,0.0022839752,1038,AAA,0
002863.SZ,2026Q1,0.0030484016,1017,AAA,0
002864.SZ,2025Q3,0.00082200445,1112,AAA,0
002864.SZ,2025Q4,0.0009199261,1104,AAA,0
002864.SZ,2026Q1,0.0009632046,1100,AAA,0
002865.SZ,2025Q3,0.0013717101,1075,AAA,0
002865.SZ,2025Q4,0.001532941,1067,AAA,0
002865.SZ,2026Q1,0.0027733978,1024,AAA,0
002866.SZ,2025Q3,0.0033162297,1011,AAA,0
002866.SZ,2025Q4,0.0033932242,1009,AAA,0
002866.SZ,2026Q1,0.0038157138,1001,AAA,0
002867.SZ,2025Q3,0.0016322955,1062,AAA,0
002867.SZ,2025Q4,0.0019257638,1050,AAA,0
002867.SZ,2026Q1,0.0022247117,1040,AAA,0
002868.SZ,2025Q3,0.97205395,343,C,1
002868.SZ,2025Q4,0.7732066,511,BB,1
002868.SZ,2026Q1,0.1900722,704,AAA,0
002869.SZ,2025Q3,0.0026742953,1027,AAA,0
002869.SZ,2025Q4,0.007802312,949,AAA,0
002869.SZ,2026Q1,0.004436058,990,AAA,0
002870.SZ,2025Q3,0.000901967,1105,AAA,0
002870.SZ,2025Q4,0.0013239476,1077,AAA,0
002870.SZ,2026Q1,0.011641884,920,AAA,0
002871.SZ,2025Q3,0.0024684737,1032,AAA,0
002871.SZ,2025Q4,0.0023747785,1035,AAA,0
002871.SZ,2026Q1,0.0020675834,1045,AAA,0
002872.SZ,2025Q3,0.960842,369,C,1
002872.SZ,2025Q4,0.73561233,526,BB,1
002872.SZ,2026Q1,0.6905849,542,BB,0
002873.SZ,2025Q3,0.004730773,985,AAA,0
002873.SZ,2025Q4,0.002610073,1028,AAA,0
002873.SZ,2026Q1,0.003694434,1003,AAA,0
002875.SZ,2025Q3,0.046804555,817,AAA,0
002875.SZ,2025Q4,0.014555926,904,AAA,0
002875.SZ,2026Q1,0.006366689,964,AAA,0
002876.SZ,2025Q3,0.0013395126,1077,AAA,0
002876.SZ,2025Q4,0.001064706,1093,AAA,0
002876.SZ,2026Q1,0.0013194286,1078,AAA,0
002877.SZ,2025Q3,0.027548468,857,AAA,0
002877.SZ,2025Q4,0.012369959,915,AAA,0
002877.SZ,2026Q1,0.009688733,933,AAA,0
002878.SZ,2025Q3,0.0019924215,1048,AAA,0
002878.SZ,2025Q4,0.0027774812,1024,AAA,0
002878.SZ,2026Q1,0.0038750998,1000,AAA,0
002879.SZ,2025Q3,0.0010561323,1094,AAA,0
002879.SZ,2025Q4,0.00082436664,1112,AAA,0
002879.SZ,2026Q1,0.002505859,1031,AAA,0
002880.SZ,2025Q3,0.0029181102,1020,AAA,0
002880.SZ,2025Q4,0.0015544011,1066,AAA,0
002880.SZ,2026Q1,0.0073233293,954,AAA,0
002881.SZ,2025Q3,0.00086042134,1109,AAA,0
002881.SZ,2025Q4,0.0011563309,1087,AAA,0
002881.SZ,2026Q1,0.0013690392,1075,AAA,0
002882.SZ,2025Q3,0.0015557731,1066,AAA,0
002882.SZ,2025Q4,0.0017675068,1057,AAA,0
002882.SZ,2026Q1,0.0016545303,1061,AAA,0
002883.SZ,2025Q3,0.058562167,800,AAA,0
002883.SZ,2025Q4,0.01059199,927,AAA,0
002883.SZ,2026Q1,0.010657588,926,AAA,0
002884.SZ,2025Q3,0.0019446181,1050,AAA,0
002884.SZ,2025Q4,0.0022603578,1039,AAA,0
002884.SZ,2026Q1,0.0014605917,1070,AAA,0
002885.SZ,2025Q3,0.0015154436,1068,AAA,0
002885.SZ,2025Q4,0.0016427758,1062,AAA,0
002885.SZ,2026Q1,0.0016295804,1062,AAA,0
002886.SZ,2025Q3,0.0011099207,1090,AAA,0
002886.SZ,2025Q4,0.0010969595,1091,AAA,0
002886.SZ,2026Q1,0.0012892582,1079,AAA,0
002887.SZ,2025Q3,0.0035708179,1006,AAA,0
002887.SZ,2025Q4,0.0030305914,1018,AAA,0
002887.SZ,2026Q1,0.0046443692,987,AAA,0
002888.SZ,2025Q3,0.011849094,919,AAA,0
002888.SZ,2025Q4,0.014004081,906,AAA,0
002888.SZ,2026Q1,0.026825838,859,AAA,0
002889.SZ,2025Q3,0.0018216894,1054,AAA,0
002889.SZ,2025Q4,0.0026534102,1027,AAA,0
002889.SZ,2026Q1,0.0028567582,1022,AAA,0
002890.SZ,2025Q3,0.005107086,980,AAA,0
002890.SZ,2025Q4,0.005154349,979,AAA,0
002890.SZ,2026Q1,0.0032798217,1012,AAA,0
002891.SZ,2025Q3,0.0008439633,1110,AAA,0
002891.SZ,2025Q4,0.0007864614,1115,AAA,0
002891.SZ,2026Q1,0.0010803342,1092,AAA,0
002892.SZ,2025Q3,0.0022833147,1038,AAA,0
002892.SZ,2025Q4,0.0026220481,1028,AAA,0
002892.SZ,2026Q1,0.0076793036,950,AAA,0
002893.SZ,2025Q3,0.006019218,968,AAA,0
002893.SZ,2025Q4,0.010335086,929,AAA,0
002893.SZ,2026Q1,0.0076686786,950,AAA,0
002895.SZ,2025Q3,0.0016533312,1061,AAA,0
002895.SZ,2025Q4,0.0012938904,1079,AAA,0
002895.SZ,2026Q1,0.0013689304,1075,AAA,0
002896.SZ,2025Q3,0.0013344561,1077,AAA,0
002896.SZ,2025Q4,0.0011242138,1089,AAA,0
002896.SZ,2026Q1,0.0014844467,1069,AAA,0
002897.SZ,2025Q3,0.0009401853,1102,AAA,0
002897.SZ,2025Q4,0.0009958071,1098,AAA,0
002897.SZ,2026Q1,0.0026130402,1028,AAA,0
002898.SZ,2025Q3,0.0058705593,970,AAA,1
002898.SZ,2025Q4,0.014710288,903,AAA,1
002898.SZ,2026Q1,0.49886426,600,A,0
002899.SZ,2025Q3,0.0012671207,1081,AAA,0
002899.SZ,2025Q4,0.0013809648,1074,AAA,0
002899.SZ,2026Q1,0.0012737681,1080,AAA,0
002900.SZ,2025Q3,0.006698366,960,AAA,0
002900.SZ,2025Q4,0.009318685,936,AAA,0
002900.SZ,2026Q1,0.010703745,926,AAA,0
002901.SZ,2025Q3,0.0008615296,1108,AAA,0
002901.SZ,2025Q4,0.0010687802,1093,AAA,0
002901.SZ,2026Q1,0.0007730125,1116,AAA,0
002902.SZ,2025Q3,0.02240059,872,AAA,0
002902.SZ,2025Q4,0.018239846,887,AAA,0
002902.SZ,2026Q1,0.036413245,836,AAA,0
002903.SZ,2025Q3,0.0028248471,1023,AAA,0
002903.SZ,2025Q4,0.004643067,987,AAA,0
002903.SZ,2026Q1,0.0069316137,958,AAA,0
002905.SZ,2025Q3,0.11700867,745,AAA,0
002905.SZ,2025Q4,0.18030989,709,AAA,0
002905.SZ,2026Q1,0.8773546,458,B,0
002906.SZ,2025Q3,0.0006871452,1125,AAA,0
002906.SZ,2025Q4,0.00071082416,1122,AAA,0
002906.SZ,2026Q1,0.0008419352,1110,AAA,0
002907.SZ,2025Q3,0.0023329207,1037,AAA,0
002907.SZ,2025Q4,0.0025181056,1031,AAA,0
002907.SZ,2026Q1,0.0026816921,1026,AAA,0
002908.SZ,2025Q3,0.0041494304,995,AAA,0
002908.SZ,2025Q4,0.0025728203,1029,AAA,0
002908.SZ,2026Q1,0.008808682,940,AAA,0
002909.SZ,2025Q3,0.010991011,924,AAA,0
002909.SZ,2025Q4,0.0077980557,949,AAA,0
002909.SZ,2026Q1,0.0058776154,970,AAA,0
002910.SZ,2025Q3,0.009442666,935,AAA,0
002910.SZ,2025Q4,0.0058294996,970,AAA,0
002910.SZ,2026Q1,0.0057661207,971,AAA,0
002911.SZ,2025Q3,0.0040144073,997,AAA,0
002911.SZ,2025Q4,0.005573246,973,AAA,0
002911.SZ,2026Q1,0.011397935,921,AAA,0
002912.SZ,2025Q3,0.0036188785,1005,AAA,0
002912.SZ,2025Q4,0.00077070546,1117,AAA,0
002912.SZ,2026Q1,0.0024372786,1033,AAA,0
002913.SZ,2025Q3,0.0007553394,1118,AAA,0
002913.SZ,2025Q4,0.0006569101,1128,AAA,0
002913.SZ,2026Q1,0.003141547,1015,AAA,0
002915.SZ,2025Q3,0.0040962393,996,AAA,0
002915.SZ,2025Q4,0.0032898725,1012,AAA,0
002915.SZ,2026Q1,0.004081984,996,AAA,0
002916.SZ,2025Q3,0.0008225423,1112,AAA,0
002916.SZ,2025Q4,0.00080228393,1114,AAA,0
002916.SZ,2026Q1,0.0006934049,1124,AAA,0
002917.SZ,2025Q3,0.0021003266,1044,AAA,0
002917.SZ,2025Q4,0.0023956618,1035,AAA,0
002917.SZ,2026Q1,0.0037567823,1002,AAA,0
002918.SZ,2025Q3,0.0017269899,1058,AAA,0
002918.SZ,2025Q4,0.0026654722,1027,AAA,0
002918.SZ,2026Q1,0.0031916245,1014,AAA,0
002919.SZ,2025Q3,0.0013603566,1075,AAA,0
002919.SZ,2025Q4,0.0013366466,1077,AAA,0
002919.SZ,2026Q1,0.0029101395,1021,AAA,0
002920.SZ,2025Q3,0.0007151292,1122,AAA,0
002920.SZ,2025Q4,0.00073512364,1120,AAA,0
002920.SZ,2026Q1,0.0007282909,1121,AAA,0
002921.SZ,2025Q3,0.0021002516,1044,AAA,0
002921.SZ,2025Q4,0.0022292698,1040,AAA,0
002921.SZ,2026Q1,0.0020277945,1047,AAA,0
002922.SZ,2025Q3,0.0006875945,1125,AAA,0
002922.SZ,2025Q4,0.0007712675,1116,AAA,0
002922.SZ,2026Q1,0.0009263557,1103,AAA,0
002923.SZ,2025Q3,0.006009996,968,AAA,0
002923.SZ,2025Q4,0.009468905,935,AAA,0
002923.SZ,2026Q1,0.007756777,949,AAA,0
002925.SZ,2025Q3,0.0009947114,1098,AAA,0
002925.SZ,2025Q4,0.0010218039,1096,AAA,0
002925.SZ,2026Q1,0.0014126833,1073,AAA,0
002926.SZ,2025Q3,0.0012315741,1083,AAA,0
002926.SZ,2025Q4,0.0011269082,1089,AAA,0
002926.SZ,2026Q1,0.0011499319,1088,AAA,0
002927.SZ,2025Q3,0.0038363666,1001,AAA,0
002927.SZ,2025Q4,0.004245365,993,AAA,0
002927.SZ,2026Q1,0.004233163,993,AAA,0
002928.SZ,2025Q3,0.003103157,1016,AAA,0
002928.SZ,2025Q4,0.0027791907,1024,AAA,0
002928.SZ,2026Q1,0.0060787667,967,AAA,0
002929.SZ,2025Q3,0.0022384143,1040,AAA,0
002929.SZ,2025Q4,0.0022723274,1038,AAA,0
002929.SZ,2026Q1,0.0038375987,1001,AAA,0
002930.SZ,2025Q3,0.009501663,935,AAA,0
002930.SZ,2025Q4,0.072428524,783,AAA,0
002930.SZ,2026Q1,0.015061971,901,AAA,0
002931.SZ,2025Q3,0.005219234,978,AAA,0
002931.SZ,2025Q4,0.003907302,999,AAA,0
002931.SZ,2026Q1,0.0060366946,968,AAA,0
002932.SZ,2025Q3,0.00198762,1048,AAA,0
002932.SZ,2025Q4,0.0023044804,1037,AAA,0
002932.SZ,2026Q1,0.005548756,974,AAA,0
002933.SZ,2025Q3,0.0016013721,1064,AAA,0
002933.SZ,2025Q4,0.0014805045,1069,AAA,0
002933.SZ,2026Q1,0.007928316,948,AAA,0
002935.SZ,2025Q3,0.00289646,1021,AAA,0
002935.SZ,2025Q4,0.0018823104,1052,AAA,0
002935.SZ,2026Q1,0.004741346,985,AAA,0
002936.SZ,2025Q3,0.0016829354,1060,AAA,0
002936.SZ,2025Q4,0.003067837,1017,AAA,0
002936.SZ,2026Q1,0.007398208,953,AAA,0
002937.SZ,2025Q3,0.0013239855,1077,AAA,0
002937.SZ,2025Q4,0.001750615,1057,AAA,0
002937.SZ,2026Q1,0.0014176125,1073,AAA,0
002938.SZ,2025Q3,0.0008976553,1106,AAA,0
002938.SZ,2025Q4,0.00077173585,1116,AAA,0
002938.SZ,2026Q1,0.0009898003,1098,AAA,0
002939.SZ,2025Q3,0.00185301,1053,AAA,0
002939.SZ,2025Q4,0.001470887,1070,AAA,0
002939.SZ,2026Q1,0.0016856461,1060,AAA,0
002940.SZ,2025Q3,0.00093911856,1102,AAA,0
002940.SZ,2025Q4,0.0012819903,1080,AAA,0
002940.SZ,2026Q1,0.0013632383,1075,AAA,0
002941.SZ,2025Q3,0.002311832,1037,AAA,0
002941.SZ,2025Q4,0.0014354672,1072,AAA,0
002941.SZ,2026Q1,0.006722623,960,AAA,0
002942.SZ,2025Q3,0.0009097539,1105,AAA,0
002942.SZ,2025Q4,0.00095603656,1101,AAA,0
002942.SZ,2026Q1,0.00094981375,1101,AAA,0
002943.SZ,2025Q3,0.0034974723,1007,AAA,0
002943.SZ,2025Q4,0.0022583962,1039,AAA,0
002943.SZ,2026Q1,0.029394506,852,AAA,0
002945.SZ,2025Q3,0.009111824,938,AAA,0
002945.SZ,2025Q4,0.005262914,978,AAA,0
002945.SZ,2026Q1,0.011124504,923,AAA,0
002946.SZ,2025Q3,0.003958416,998,AAA,0
002946.SZ,2025Q4,0.016448345,895,AAA,0
002946.SZ,2026Q1,0.014608008,903,AAA,0
002947.SZ,2025Q3,0.000710495,1122,AAA,0
002947.SZ,2025Q4,0.0010406863,1095,AAA,0
002947.SZ,2026Q1,0.0010884746,1092,AAA,0
002948.SZ,2025Q3,0.0010335117,1095,AAA,0
002948.SZ,2025Q4,0.0010075393,1097,AAA,0
002948.SZ,2026Q1,0.0014965308,1069,AAA,0
002949.SZ,2025Q3,0.0012776697,1080,AAA,0
002949.SZ,2025Q4,0.002068465,1045,AAA,0
002949.SZ,2026Q1,0.003206869,1013,AAA,0
002950.SZ,2025Q3,0.0011695827,1086,AAA,0
002950.SZ,2025Q4,0.0021329992,1043,AAA,0
002950.SZ,2026Q1,0.0017335741,1058,AAA,0
002951.SZ,2025Q3,0.02383935,867,AAA,0
002951.SZ,2025Q4,0.14448024,728,AAA,0
002951.SZ,2026Q1,0.44512564,615,A,0
002952.SZ,2025Q3,0.0013191435,1078,AAA,0
002952.SZ,2025Q4,0.0039018479,999,AAA,0
002952.SZ,2026Q1,0.0074661155,952,AAA,0
002953.SZ,2025Q3,0.0020173236,1047,AAA,0
002953.SZ,2025Q4,0.0022744646,1038,AAA,0
002953.SZ,2026Q1,0.0019508759,1049,AAA,0
002955.SZ,2025Q3,0.0018468801,1053,AAA,0
002955.SZ,2025Q4,0.002495168,1032,AAA,0
002955.SZ,2026Q1,0.004066778,996,AAA,0
002956.SZ,2025Q3,0.0010330938,1095,AAA,0
002956.SZ,2025Q4,0.0008053358,1113,AAA,0
002956.SZ,2026Q1,0.00073544384,1120,AAA,0
002957.SZ,2025Q3,0.0011354235,1089,AAA,0
002957.SZ,2025Q4,0.0009525761,1101,AAA,0
002957.SZ,2026Q1,0.0012202407,1083,AAA,0
002958.SZ,2025Q3,0.0011367222,1088,AAA,0
002958.SZ,2025Q4,0.0032990086,1011,AAA,0
002958.SZ,2026Q1,0.002240042,1039,AAA,0
002959.SZ,2025Q3,0.0008533355,1109,AAA,0
002959.SZ,2025Q4,0.0008673092,1108,AAA,0
002959.SZ,2026Q1,0.0016740463,1061,AAA,0
002960.SZ,2025Q3,0.0007687401,1117,AAA,0
002960.SZ,2025Q4,0.00082543294,1112,AAA,0
002960.SZ,2026Q1,0.0034606827,1008,AAA,0
002961.SZ,2025Q3,0.0021002516,1044,AAA,0
002961.SZ,2025Q4,0.0016839299,1060,AAA,0
002961.SZ,2026Q1,0.0018212239,1054,AAA,0
002962.SZ,2025Q3,0.0012055736,1084,AAA,0
002962.SZ,2025Q4,0.0014713486,1070,AAA,0
002962.SZ,2026Q1,0.001861605,1053,AAA,0
002963.SZ,2025Q3,0.0038340276,1001,AAA,0
002963.SZ,2025Q4,0.0031710544,1014,AAA,0
002963.SZ,2026Q1,0.0046439394,987,AAA,0
002965.SZ,2025Q3,0.0009096144,1105,AAA,0
002965.SZ,2025Q4,0.0010281702,1096,AAA,0
002965.SZ,2026Q1,0.0016380473,1062,AAA,0
002966.SZ,2025Q3,0.0013268333,1077,AAA,0
002966.SZ,2025Q4,0.0012882861,1079,AAA,0
002966.SZ,2026Q1,0.0012741333,1080,AAA,0
002967.SZ,2025Q3,0.001299896,1079,AAA,0
002967.SZ,2025Q4,0.0018336959,1054,AAA,0
002967.SZ,2026Q1,0.0017835839,1056,AAA,0
002968.SZ,2025Q3,0.003374429,1010,AAA,0
002968.SZ,2025Q4,0.0031040097,1016,AAA,0
002968.SZ,2026Q1,0.0033028633,1011,AAA,0
002969.SZ,2025Q3,0.002295592,1038,AAA,0
002969.SZ,2025Q4,0.0030470209,1017,AAA,0
002969.SZ,2026Q1,0.007932315,948,AAA,0
002970.SZ,2025Q3,0.00085403427,1109,AAA,0
002970.SZ,2025Q4,0.0012528462,1081,AAA,0
002970.SZ,2026Q1,0.0020628467,1045,AAA,0
002971.SZ,2025Q3,0.0040061437,997,AAA,0
002971.SZ,2025Q4,0.0043710335,991,AAA,0
002971.SZ,2026Q1,0.0036948693,1003,AAA,0
002972.SZ,2025Q3,0.0013839159,1074,AAA,0
002972.SZ,2025Q4,0.0022619932,1039,AAA,0
002972.SZ,2026Q1,0.0019167245,1051,AAA,0
002973.SZ,2025Q3,0.0048209745,984,AAA,0
002973.SZ,2025Q4,0.005021462,981,AAA,0
002973.SZ,2026Q1,0.007994417,947,AAA,0
002975.SZ,2025Q3,0.0029391171,1020,AAA,0
002975.SZ,2025Q4,0.0012831106,1080,AAA,0
002975.SZ,2026Q1,0.0026803724,1026,AAA,0
002976.SZ,2025Q3,0.002156133,1042,AAA,0
002976.SZ,2025Q4,0.0017311729,1058,AAA,0
002976.SZ,2026Q1,0.0016650391,1061,AAA,0
002977.SZ,2025Q3,0.0061391685,966,AAA,0
002977.SZ,2025Q4,0.04931163,813,AAA,0
002977.SZ,2026Q1,0.041821655,825,AAA,0
002978.SZ,2025Q3,0.0012717351,1080,AAA,0
002978.SZ,2025Q4,0.0014527832,1071,AAA,0
002978.SZ,2026Q1,0.0020429883,1046,AAA,0
002979.SZ,2025Q3,0.0009942794,1098,AAA,0
002979.SZ,2025Q4,0.0015747674,1065,AAA,0
002979.SZ,2026Q1,0.0017409688,1058,AAA,0
002980.SZ,2025Q3,0.0012718091,1080,AAA,0
002980.SZ,2025Q4,0.0012453877,1082,AAA,0
002980.SZ,2026Q1,0.001942389,1050,AAA,0
002981.SZ,2025Q3,0.00092746806,1103,AAA,0
002981.SZ,2025Q4,0.00086093013,1109,AAA,0
002981.SZ,2026Q1,0.0037791727,1002,AAA,0
002982.SZ,2025Q3,0.0019159666,1051,AAA,0
002982.SZ,2025Q4,0.0025785791,1029,AAA,0
002982.SZ,2026Q1,0.0025944172,1029,AAA,0
002983.SZ,2025Q3,0.0014982226,1069,AAA,0
002983.SZ,2025Q4,0.0027113135,1026,AAA,0
002983.SZ,2026Q1,0.0021105683,1044,AAA,0
002984.SZ,2025Q3,0.0008901741,1106,AAA,0
002984.SZ,2025Q4,0.0017427115,1058,AAA,0
002984.SZ,2026Q1,0.0012779265,1080,AAA,0
002985.SZ,2025Q3,0.0012288768,1083,AAA,0
002985.SZ,2025Q4,0.0017081577,1059,AAA,0
002985.SZ,2026Q1,0.0019427653,1050,AAA,0
002986.SZ,2025Q3,0.005444039,975,AAA,0
002986.SZ,2025Q4,0.0063375314,964,AAA,0
002986.SZ,2026Q1,0.0064637256,963,AAA,0
002987.SZ,2025Q3,0.0030215671,1018,AAA,0
002987.SZ,2025Q4,0.0026347695,1028,AAA,0
002987.SZ,2026Q1,0.004636577,987,AAA,0
002988.SZ,2025Q3,0.0014807866,1069,AAA,0
002988.SZ,2025Q4,0.003216689,1013,AAA,0
002988.SZ,2026Q1,0.0020029205,1048,AAA,0
002989.SZ,2025Q3,0.005954212,969,AAA,0
002989.SZ,2025Q4,0.006608271,961,AAA,0
002989.SZ,2026Q1,0.009306424,936,AAA,0
002990.SZ,2025Q3,0.0010127616,1097,AAA,0
002990.SZ,2025Q4,0.00130907,1078,AAA,0
002990.SZ,2026Q1,0.0031195737,1015,AAA,0
002991.SZ,2025Q3,0.0010600893,1094,AAA,0
002991.SZ,2025Q4,0.0011582766,1087,AAA,0
002991.SZ,2026Q1,0.0008739962,1107,AAA,0
002992.SZ,2025Q3,0.0071131997,956,AAA,0
002992.SZ,2025Q4,0.003708761,1003,AAA,0
002992.SZ,2026Q1,0.0126450565,914,AAA,0
002993.SZ,2025Q3,0.00070273306,1123,AAA,0
002993.SZ,2025Q4,0.0008100442,1113,AAA,0
002993.SZ,2026Q1,0.0014502861,1071,AAA,0
002995.SZ,2025Q3,0.0066957017,960,AAA,0
002995.SZ,2025Q4,0.01779901,889,AAA,0
002995.SZ,2026Q1,0.038615603,831,AAA,0
002996.SZ,2025Q3,0.004333841,992,AAA,0
002996.SZ,2025Q4,0.0044203545,990,AAA,0
002996.SZ,2026Q1,0.001858326,1053,AAA,0
002997.SZ,2025Q3,0.0010833611,1092,AAA,0
002997.SZ,2025Q4,0.0007652639,1117,AAA,0
002997.SZ,2026Q1,0.000724852,1121,AAA,0
002998.SZ,2025Q3,0.0016696204,1061,AAA,0
002998.SZ,2025Q4,0.0045351456,988,AAA,0
002998.SZ,2026Q1,0.002210448,1040,AAA,0
002999.SZ,2025Q3,0.004841298,984,AAA,0
002999.SZ,2025Q4,0.0033888216,1010,AAA,0
002999.SZ,2026Q1,0.002456843,1033,AAA,0
003000.SZ,2025Q3,0.0017487886,1057,AAA,0
003000.SZ,2025Q4,0.0070430124,956,AAA,0
003000.SZ,2026Q1,0.006827689,959,AAA,0
003001.SZ,2025Q3,0.0016816965,1060,AAA,0
003001.SZ,2025Q4,0.0023709543,1035,AAA,0
003001.SZ,2026Q1,0.0031035482,1016,AAA,0
003002.SZ,2025Q3,0.001696353,1060,AAA,0
003002.SZ,2025Q4,0.0013316992,1077,AAA,0
003002.SZ,2026Q1,0.0031852,1014,AAA,0
003003.SZ,2025Q3,0.0011384398,1088,AAA,0
003003.SZ,2025Q4,0.0014046343,1073,AAA,0
003003.SZ,2026Q1,0.0011927491,1085,AAA,0
003004.SZ,2025Q3,0.0048279553,984,AAA,1
003004.SZ,2025Q4,0.0030302745,1018,AAA,1
003004.SZ,2026Q1,0.010327309,929,AAA,0
003005.SZ,2025Q3,0.0070499023,956,AAA,0
003005.SZ,2025Q4,0.0023274967,1037,AAA,0
003005.SZ,2026Q1,0.010077907,930,AAA,0
003006.SZ,2025Q3,0.0053608594,976,AAA,0
003006.SZ,2025Q4,0.008531152,943,AAA,0
003006.SZ,2026Q1,0.0032778443,1012,AAA,0
003007.SZ,2025Q3,0.002600666,1029,AAA,0
003007.SZ,2025Q4,0.0015323479,1067,AAA,0
003007.SZ,2026Q1,0.0023209343,1037,AAA,0
003008.SZ,2025Q3,0.0016812698,1060,AAA,0
003008.SZ,2025Q4,0.001422097,1072,AAA,0
003008.SZ,2026Q1,0.001758109,1057,AAA,0
003009.SZ,2025Q3,0.0030770546,1016,AAA,0
003009.SZ,2025Q4,0.0040473756,997,AAA,0
003009.SZ,2026Q1,0.012365998,915,AAA,0
003010.SZ,2025Q3,0.004687374,986,AAA,0
003010.SZ,2025Q4,0.0031068618,1016,AAA,0
003010.SZ,2026Q1,0.0078058485,949,AAA,0
003011.SZ,2025Q3,0.0012691723,1081,AAA,0
003011.SZ,2025Q4,0.0009981114,1098,AAA,0
003011.SZ,2026Q1,0.002084349,1045,AAA,0
003012.SZ,2025Q3,0.0011808713,1086,AAA,0
003012.SZ,2025Q4,0.0025454138,1030,AAA,0
003012.SZ,2026Q1,0.005156868,979,AAA,0
003013.SZ,2025Q3,0.00218265,1041,AAA,0
003013.SZ,2025Q4,0.0010827947,1092,AAA,0
003013.SZ,2026Q1,0.0020511963,1046,AAA,0
003015.SZ,2025Q3,0.0033947616,1009,AAA,0
003015.SZ,2025Q4,0.0016444526,1062,AAA,0
003015.SZ,2026Q1,0.0019524882,1049,AAA,0
003016.SZ,2025Q3,0.0024553172,1033,AAA,0
003016.SZ,2025Q4,0.0023558764,1036,AAA,0
003016.SZ,2026Q1,0.0024523712,1033,AAA,0
003017.SZ,2025Q3,0.0012844016,1080,AAA,0
003017.SZ,2025Q4,0.0009137488,1104,AAA,0
003017.SZ,2026Q1,0.0010025917,1098,AAA,0
003018.SZ,2025Q3,0.0011039444,1091,AAA,0
003018.SZ,2025Q4,0.0014006704,1073,AAA,0
003018.SZ,2026Q1,0.0016988841,1059,AAA,0
003019.SZ,2025Q3,0.0008141591,1113,AAA,0
003019.SZ,2025Q4,0.00080639636,1113,AAA,0
003019.SZ,2026Q1,0.0017098766,1059,AAA,0
003020.SZ,2025Q3,0.0008154895,1112,AAA,0
003020.SZ,2025Q4,0.00083093456,1111,AAA,0
003020.SZ,2026Q1,0.00090815907,1105,AAA,0
003021.SZ,2025Q3,0.0006890072,1125,AAA,0
003021.SZ,2025Q4,0.0008044768,1113,AAA,0
003021.SZ,2026Q1,0.00075112167,1118,AAA,0
003022.SZ,2025Q3,0.0021226015,1043,AAA,0
003022.SZ,2025Q4,0.0023898329,1035,AAA,0
003022.SZ,2026Q1,0.0033444276,1010,AAA,0
003023.SZ,2025Q3,0.0010056812,1097,AAA,0
003023.SZ,2025Q4,0.0015903679,1064,AAA,0
003023.SZ,2026Q1,0.0010686783,1093,AAA,0
003025.SZ,2025Q3,0.0015990181,1064,AAA,0
003025.SZ,2025Q4,0.0016641722,1061,AAA,0
003025.SZ,2026Q1,0.0024383976,1033,AAA,0
003026.SZ,2025Q3,0.002324948,1037,AAA,0
003026.SZ,2025Q4,0.0022540425,1039,AAA,0
003026.SZ,2026Q1,0.0022828423,1038,AAA,0
003027.SZ,2025Q3,0.0008573319,1109,AAA,0
003027.SZ,2025Q4,0.0009092656,1105,AAA,0
003027.SZ,2026Q1,0.0011651786,1087,AAA,0
003028.SZ,2025Q3,0.001428411,1072,AAA,0
003028.SZ,2025Q4,0.0022531857,1039,AAA,0
003028.SZ,2026Q1,0.004463148,990,AAA,0
003029.SZ,2025Q3,0.006048279,968,AAA,0
003029.SZ,2025Q4,0.0052039763,978,AAA,0
003029.SZ,2026Q1,0.008360213,944,AAA,0
003030.SZ,2025Q3,0.006093278,967,AAA,0
003030.SZ,2025Q4,0.005751926,971,AAA,0
003030.SZ,2026Q1,0.0039409534,999,AAA,0
003031.SZ,2025Q3,0.0010909307,1091,AAA,0
003031.SZ,2025Q4,0.0012121686,1084,AAA,0
003031.SZ,2026Q1,0.0010920069,1091,AAA,0
003032.SZ,2025Q3,0.0073677916,953,AAA,1
003032.SZ,2025Q4,0.010667493,926,AAA,1
003032.SZ,2026Q1,0.010279113,929,AAA,0
003033.SZ,2025Q3,0.0009569169,1101,AAA,0
003033.SZ,2025Q4,0.0010462411,1094,AAA,0
003033.SZ,2026Q1,0.000922879,1104,AAA,0
003035.SZ,2025Q3,0.002641414,1028,AAA,0
003035.SZ,2025Q4,0.0054591713,975,AAA,0
003035.SZ,2026Q1,0.0070264884,957,AAA,0
003036.SZ,2025Q3,0.0015832727,1065,AAA,0
003036.SZ,2025Q4,0.001159935,1087,AAA,0
003036.SZ,2026Q1,0.0016069564,1063,AAA,0
003037.SZ,2025Q3,0.0029279804,1020,AAA,0
003037.SZ,2025Q4,0.001952113,1049,AAA,0
003037.SZ,2026Q1,0.0035299235,1007,AAA,0
003038.SZ,2025Q3,0.004501556,989,AAA,0
003038.SZ,2025Q4,0.005228445,978,AAA,0
003038.SZ,2026Q1,0.0047025126,986,AAA,0
003039.SZ,2025Q3,0.0021749558,1042,AAA,0
003039.SZ,2025Q4,0.0032266208,1013,AAA,0
003039.SZ,2026Q1,0.00346844,1008,AAA,0
003040.SZ,2025Q3,0.010698779,926,AAA,0
003040.SZ,2025Q4,0.008184661,946,AAA,0
003040.SZ,2026Q1,0.026924457,858,AAA,0
003041.SZ,2025Q3,0.0014572226,1071,AAA,0
003041.SZ,2025Q4,0.0012469431,1082,AAA,0
003041.SZ,2026Q1,0.0022930151,1038,AAA,0
003042.SZ,2025Q3,0.003963714,998,AAA,0
003042.SZ,2025Q4,0.005432799,975,AAA,0
003042.SZ,2026Q1,0.011763992,919,AAA,0
003043.SZ,2025Q3,0.001123824,1089,AAA,0
003043.SZ,2025Q4,0.001246945,1082,AAA,0
003043.SZ,2026Q1,0.0030293697,1018,AAA,0
003816.SZ,2025Q3,0.007765899,949,AAA,0
003816.SZ,2025Q4,0.0039608213,998,AAA,0
003816.SZ,2026Q1,0.0047384063,985,AAA,0
300001.SZ,2025Q3,0.0010049102,1097,AAA,0
300001.SZ,2025Q4,0.0008918895,1106,AAA,0
300001.SZ,2026Q1,0.002179233,1041,AAA,0
300002.SZ,2025Q3,0.001790945,1056,AAA,0
300002.SZ,2025Q4,0.002256156,1039,AAA,0
300002.SZ,2026Q1,0.0020513858,1046,AAA,0
300003.SZ,2025Q3,0.0010291811,1096,AAA,0
300003.SZ,2025Q4,0.0010043799,1097,AAA,0
300003.SZ,2026Q1,0.0017385283,1058,AAA,0
300004.SZ,2025Q3,0.00575771,971,AAA,0
300004.SZ,2025Q4,0.0022855112,1038,AAA,0
300004.SZ,2026Q1,0.010174396,930,AAA,0
300005.SZ,2025Q3,0.003977641,998,AAA,0
300005.SZ,2025Q4,0.0029815373,1019,AAA,0
300005.SZ,2026Q1,0.001980527,1048,AAA,0
300006.SZ,2025Q3,0.0028234785,1023,AAA,0
300006.SZ,2025Q4,0.0079956455,947,AAA,0
300006.SZ,2026Q1,0.0028372176,1022,AAA,0
300007.SZ,2025Q3,0.0012815442,1080,AAA,0
300007.SZ,2025Q4,0.0011716166,1086,AAA,0
300007.SZ,2026Q1,0.0026241003,1028,AAA,0
300008.SZ,2025Q3,0.0049734437,982,AAA,0
300008.SZ,2025Q4,0.0026346156,1028,AAA,0
300008.SZ,2026Q1,0.0021302782,1043,AAA,0
300009.SZ,2025Q3,0.002750574,1025,AAA,0
300009.SZ,2025Q4,0.0028058458,1023,AAA,0
300009.SZ,2026Q1,0.0019412559,1050,AAA,0
300010.SZ,2025Q3,0.012486108,915,AAA,0
300010.SZ,2025Q4,0.018072102,888,AAA,0
300010.SZ,2026Q1,0.056964334,802,AAA,0
300011.SZ,2025Q3,0.005249309,978,AAA,0
300011.SZ,2025Q4,0.0069763605,957,AAA,0
300011.SZ,2026Q1,0.006963024,957,AAA,0
300012.SZ,2025Q3,0.0011642965,1087,AAA,0
300012.SZ,2025Q4,0.0015802387,1065,AAA,0
300012.SZ,2026Q1,0.0011684368,1086,AAA,0
300013.SZ,2025Q3,0.41937017,623,A,0
300013.SZ,2025Q4,0.12179067,742,AAA,0
300013.SZ,2026Q1,0.071733855,784,AAA,0
300014.SZ,2025Q3,0.0007979574,1114,AAA,0
300014.SZ,2025Q4,0.00081248156,1113,AAA,0
300014.SZ,2026Q1,0.0010133842,1097,AAA,0
300015.SZ,2025Q3,0.0017571326,1057,AAA,0
300015.SZ,2025Q4,0.0027294166,1025,AAA,0
300015.SZ,2026Q1,0.0037729053,1002,AAA,0
300016.SZ,2025Q3,0.0027264357,1025,AAA,0
300016.SZ,2025Q4,0.0027480728,1025,AAA,0
300016.SZ,2026Q1,0.0034304871,1009,AAA,0
300017.SZ,2025Q3,0.0021681737,1042,AAA,0
300017.SZ,2025Q4,0.0033796867,1010,AAA,0
300017.SZ,2026Q1,0.0060034646,968,AAA,0
300018.SZ,2025Q3,0.002125383,1043,AAA,0
300018.SZ,2025Q4,0.0027076078,1026,AAA,0
300018.SZ,2026Q1,0.0033272328,1011,AAA,0
300019.SZ,2025Q3,0.0014861644,1069,AAA,0
300019.SZ,2025Q4,0.0018860464,1052,AAA,0
300019.SZ,2026Q1,0.001885348,1052,AAA,0
300020.SZ,2025Q3,0.25502792,677,AA,1
300020.SZ,2025Q4,0.19486062,702,AAA,1
300020.SZ,2026Q1,0.20049784,699,AA,0
300021.SZ,2025Q3,0.005963923,969,AAA,0
300021.SZ,2025Q4,0.0041568144,995,AAA,0
300021.SZ,2026Q1,0.013107941,911,AAA,0
300022.SZ,2025Q3,0.0038792621,1000,AAA,0
300022.SZ,2025Q4,0.0034775513,1008,AAA,0
300022.SZ,2026Q1,0.0032950707,1012,AAA,0
300024.SZ,2025Q3,0.0032502771,1013,AAA,0
300024.SZ,2025Q4,0.0032881408,1012,AAA,0
300024.SZ,2026Q1,0.0038205963,1001,AAA,0
300025.SZ,2025Q3,0.0121354405,917,AAA,0
300025.SZ,2025Q4,0.011945206,918,AAA,0
300025.SZ,2026Q1,0.0410821,827,AAA,0
300026.SZ,2025Q3,0.0037062913,1003,AAA,0
300026.SZ,2025Q4,0.0067290035,960,AAA,0
300026.SZ,2026Q1,0.005756296,971,AAA,0
300027.SZ,2025Q3,0.15874484,720,AAA,0
300027.SZ,2025Q4,0.43485388,618,A,0
300027.SZ,2026Q1,0.8655981,465,B,0
300029.SZ,2025Q3,0.9382528,403,C,1
300029.SZ,2025Q4,0.92593855,417,C,1
300029.SZ,2026Q1,0.8936243,446,C,0
300030.SZ,2025Q3,0.010628246,927,AAA,0
300030.SZ,2025Q4,0.011709,919,AAA,0
300030.SZ,2026Q1,0.010431172,928,AAA,0
300031.SZ,2025Q3,0.0008594053,1109,AAA,0
300031.SZ,2025Q4,0.00088627555,1106,AAA,0
300031.SZ,2026Q1,0.0008809629,1107,AAA,0
300032.SZ,2025Q3,0.037170243,834,AAA,0
300032.SZ,2025Q4,0.036681544,835,AAA,0
300032.SZ,2026Q1,0.033151638,843,AAA,0
300033.SZ,2025Q3,0.00095204933,1101,AAA,0
300033.SZ,2025Q4,0.001106595,1090,AAA,0
300033.SZ,2026Q1,0.0008852935,1107,AAA,0
300034.SZ,2025Q3,0.0031758256,1014,AAA,0
300034.SZ,2025Q4,0.0016915745,1060,AAA,0
300034.SZ,2026Q1,0.0020143269,1047,AAA,0
300035.SZ,2025Q3,0.0019203705,1051,AAA,0
300035.SZ,2025Q4,0.0010789663,1092,AAA,0
300035.SZ,2026Q1,0.0016755013,1060,AAA,0
300036.SZ,2025Q3,0.002584341,1029,AAA,0
300036.SZ,2025Q4,0.001860134,1053,AAA,0
300036.SZ,2026Q1,0.008820343,940,AAA,0
300037.SZ,2025Q3,0.0007720245,1116,AAA,0
300037.SZ,2025Q4,0.00082265324,1112,AAA,0
300037.SZ,2026Q1,0.0008814533,1107,AAA,0
300039.SZ,2025Q3,0.0016008439,1064,AAA,0
300039.SZ,2025Q4,0.0014403838,1071,AAA,0
300039.SZ,2026Q1,0.0022795917,1038,AAA,0
300040.SZ,2025Q3,0.0026645076,1027,AAA,0
300040.SZ,2025Q4,0.0029948943,1018,AAA,0
300040.SZ,2026Q1,0.0036611524,1004,AAA,0
300041.SZ,2025Q3,0.005820227,970,AAA,0
300041.SZ,2025Q4,0.0063105333,964,AAA,0
300041.SZ,2026Q1,0.0017856454,1056,AAA,0
300042.SZ,2025Q3,0.002624507,1028,AAA,0
300042.SZ,2025Q4,0.0013519394,1076,AAA,0
300042.SZ,2026Q1,0.001739909,1058,AAA,0
300043.SZ,2025Q3,0.012847645,913,AAA,0
300043.SZ,2025Q4,0.024629796,865,AAA,0
300043.SZ,2026Q1,0.021119222,876,AAA,0
300044.SZ,2025Q3,0.4507266,614,A,1
300044.SZ,2025Q4,0.92032886,423,C,1
300044.SZ,2026Q1,0.93665946,405,C,0
300045.SZ,2025Q3,0.0044777547,989,AAA,0
300045.SZ,2025Q4,0.010414711,928,AAA,0
300045.SZ,2026Q1,0.019049184,884,AAA,0
300046.SZ,2025Q3,0.0025220048,1031,AAA,0
300046.SZ,2025Q4,0.0022555722,1039,AAA,0
300046.SZ,2026Q1,0.0025839526,1029,AAA,0
300047.SZ,2025Q3,0.0027262047,1025,AAA,0
300047.SZ,2025Q4,0.001874784,1052,AAA,0
300047.SZ,2026Q1,0.0018329037,1054,AAA,0
300048.SZ,2025Q3,0.0030429417,1017,AAA,0
300048.SZ,2025Q4,0.0036952943,1003,AAA,0
300048.SZ,2026Q1,0.004129059,995,AAA,0
300049.SZ,2025Q3,0.0011649278,1087,AAA,0
300049.SZ,2025Q4,0.0010633786,1093,AAA,0
300049.SZ,2026Q1,0.0010780005,1092,AAA,0
300050.SZ,2025Q3,0.016901534,893,AAA,0
300050.SZ,2025Q4,0.008870705,940,AAA,0
300050.SZ,2026Q1,0.024667459,865,AAA,0
300051.SZ,2025Q3,0.052097734,809,AAA,0
300051.SZ,2025Q4,0.53978276,588,BBB,0
300051.SZ,2026Q1,0.92702824,416,C,0
300052.SZ,2025Q3,0.009242046,937,AAA,1
300052.SZ,2025Q4,0.00857738,942,AAA,1
300052.SZ,2026Q1,0.03509029,839,AAA,0
300053.SZ,2025Q3,0.009158491,937,AAA,0
300053.SZ,2025Q4,0.009453144,935,AAA,0
300053.SZ,2026Q1,0.0052942755,977,AAA,0
300054.SZ,2025Q3,0.0013074246,1078,AAA,0
300054.SZ,2025Q4,0.0013183685,1078,AAA,0
300054.SZ,2026Q1,0.0013521295,1076,AAA,0
300055.SZ,2025Q3,0.009171641,937,AAA,0
300055.SZ,2025Q4,0.012339877,916,AAA,0
300055.SZ,2026Q1,0.0053333943,977,AAA,0
300056.SZ,2025Q3,0.36764407,639,A,0
300056.SZ,2025Q4,0.37940368,635,A,0
300056.SZ,2026Q1,0.935075,407,C,0
300057.SZ,2025Q3,0.002922034,1020,AAA,0
300057.SZ,2025Q4,0.002644344,1027,AAA,0
300057.SZ,2026Q1,0.0034940653,1007,AAA,0
300058.SZ,2025Q3,0.003395273,1009,AAA,0
300058.SZ,2025Q4,0.0028621787,1022,AAA,0
300058.SZ,2026Q1,0.012110194,917,AAA,0
300059.SZ,2025Q3,0.0014307812,1072,AAA,0
300059.SZ,2025Q4,0.0015880006,1064,AAA,0
300059.SZ,2026Q1,0.0017049944,1059,AAA,0
300061.SZ,2025Q3,0.022679228,871,AAA,0
300061.SZ,2025Q4,0.0077872905,949,AAA,0
300061.SZ,2026Q1,0.03044498,849,AAA,0
300062.SZ,2025Q3,0.027064638,858,AAA,0
300062.SZ,2025Q4,0.024944192,864,AAA,0
300062.SZ,2026Q1,0.017860739,889,AAA,0
300063.SZ,2025Q3,0.0050489726,981,AAA,0
300063.SZ,2025Q4,0.007921728,948,AAA,0
300063.SZ,2026Q1,0.009801923,932,AAA,0
300065.SZ,2025Q3,0.005711754,972,AAA,0
300065.SZ,2025Q4,0.0057298904,971,AAA,0
300065.SZ,2026Q1,0.0068198163,959,AAA,0
300066.SZ,2025Q3,0.0048447317,984,AAA,0
300066.SZ,2025Q4,0.0018435988,1054,AAA,0
300066.SZ,2026Q1,0.0034955733,1007,AAA,0
300067.SZ,2025Q3,0.004228948,993,AAA,0
300067.SZ,2025Q4,0.008670873,941,AAA,0
300067.SZ,2026Q1,0.008984006,939,AAA,0
300068.SZ,2025Q3,0.011054485,924,AAA,0
300068.SZ,2025Q4,0.23655832,684,AA,0
300068.SZ,2026Q1,0.309729,657,AA,0
300069.SZ,2025Q3,0.021229174,876,AAA,0
300069.SZ,2025Q4,0.028815895,853,AAA,0
300069.SZ,2026Q1,0.008085247,946,AAA,0
300070.SZ,2025Q3,0.005249324,978,AAA,0
300070.SZ,2025Q4,0.005228085,978,AAA,0
300070.SZ,2026Q1,0.006299742,965,AAA,0
300071.SZ,2025Q3,0.19949234,700,AAA,0
300071.SZ,2025Q4,0.45109156,614,A,0
300071.SZ,2026Q1,0.28158942,667,AA,0
300072.SZ,2025Q3,0.013469149,909,AAA,0
300072.SZ,2025Q4,0.014801789,902,AAA,0
300072.SZ,2026Q1,0.059085164,799,AAA,0
300073.SZ,2025Q3,0.0007065894,1123,AAA,0
300073.SZ,2025Q4,0.00069242227,1124,AAA,0
300073.SZ,2026Q1,0.0009375906,1102,AAA,0
300074.SZ,2025Q3,0.0042063342,994,AAA,0
300074.SZ,2025Q4,0.008017707,947,AAA,0
300074.SZ,2026Q1,0.010132712,930,AAA,0
300075.SZ,2025Q3,0.009508221,935,AAA,0
300075.SZ,2025Q4,0.0090797935,938,AAA,0
300075.SZ,2026Q1,0.005586631,973,AAA,0
300076.SZ,2025Q3,0.053155705,807,AAA,0
300076.SZ,2025Q4,0.055147275,804,AAA,0
300076.SZ,2026Q1,0.04154662,826,AAA,0
300077.SZ,2025Q3,0.009877472,932,AAA,0
300077.SZ,2025Q4,0.013891212,907,AAA,0
300077.SZ,2026Q1,0.0038660178,1000,AAA,0
300078.SZ,2025Q3,0.07804869,778,AAA,0
300078.SZ,2025Q4,0.14924599,725,AAA,0
300078.SZ,2026Q1,0.36970755,638,A,0
300079.SZ,2025Q3,0.007589895,951,AAA,0
300079.SZ,2025Q4,0.0052900887,977,AAA,0
300079.SZ,2026Q1,0.0180596,888,AAA,0
300080.SZ,2025Q3,0.018297533,887,AAA,0
300080.SZ,2025Q4,0.026543884,859,AAA,0
300080.SZ,2026Q1,0.0208346,877,AAA,0
300081.SZ,2025Q3,0.005312359,977,AAA,0
300081.SZ,2025Q4,0.009091293,938,AAA,0
300081.SZ,2026Q1,0.04072245,827,AAA,0
300082.SZ,2025Q3,0.0038539353,1000,AAA,0
300082.SZ,2025Q4,0.0034157431,1009,AAA,0
300082.SZ,2026Q1,0.0031559693,1015,AAA,0
300083.SZ,2025Q3,0.0018840805,1052,AAA,0
300083.SZ,2025Q4,0.0016989415,1059,AAA,0
300083.SZ,2026Q1,0.0046899887,986,AAA,0
300084.SZ,2025Q3,0.00583225,970,AAA,0
300084.SZ,2025Q4,0.017197829,891,AAA,0
300084.SZ,2026Q1,0.080806896,775,AAA,0
300085.SZ,2025Q3,0.013517091,909,AAA,0
300085.SZ,2025Q4,0.02290057,870,AAA,0
300085.SZ,2026Q1,0.044383384,821,AAA,0
300086.SZ,2025Q3,0.043850437,822,AAA,0
300086.SZ,2025Q4,0.031126095,848,AAA,0
300086.SZ,2026Q1,0.067647226,789,AAA,0
300087.SZ,2025Q3,0.007453447,952,AAA,0
300087.SZ,2025Q4,0.0626586,795,AAA,0
300087.SZ,2026Q1,0.12780392,738,AAA,0
300088.SZ,2025Q3,0.0023237295,1037,AAA,0
300088.SZ,2025Q4,0.0023115263,1037,AAA,0
300088.SZ,2026Q1,0.0045658946,988,AAA,0
300091.SZ,2025Q3,0.27901047,668,AA,0
300091.SZ,2025Q4,0.868144,464,B,1
300091.SZ,2026Q1,0.17750667,710,AAA,0
300092.SZ,2025Q3,0.0014549743,1071,AAA,0
300092.SZ,2025Q4,0.001369107,1075,AAA,0
300092.SZ,2026Q1,0.0012991471,1079,AAA,0
300093.SZ,2025Q3,0.9076103,435,C,1
300093.SZ,2025Q4,0.09928862,759,AAA,1
300093.SZ,2026Q1,0.13759759,732,AAA,0
300094.SZ,2025Q3,0.022152904,873,AAA,0
300094.SZ,2025Q4,0.5272499,592,BBB,0
300094.SZ,2026Q1,0.56759,580,BBB,0
300095.SZ,2025Q3,0.0024069943,1034,AAA,0
300095.SZ,2025Q4,0.007058319,956,AAA,0
300095.SZ,2026Q1,0.008596021,942,AAA,0
300096.SZ,2025Q3,0.07930506,776,AAA,1
300096.SZ,2025Q4,0.017556204,890,AAA,1
300096.SZ,2026Q1,0.024381723,866,AAA,0
300097.SZ,2025Q3,0.023668686,868,AAA,1
300097.SZ,2025Q4,0.13694544,732,AAA,1
300097.SZ,2026Q1,0.2625315,674,AA,0
300098.SZ,2025Q3,0.0031667121,1014,AAA,0
300098.SZ,2025Q4,0.0049068676,983,AAA,0
300098.SZ,2026Q1,0.0076464093,950,AAA,0
300099.SZ,2025Q3,0.0022028803,1041,AAA,0
300099.SZ,2025Q4,0.0040506353,997,AAA,0
300099.SZ,2026Q1,0.017896162,888,AAA,0
300100.SZ,2025Q3,0.0011208358,1089,AAA,0
300100.SZ,2025Q4,0.0014712267,1070,AAA,0
300100.SZ,2026Q1,0.0016111088,1063,AAA,0
300101.SZ,2025Q3,0.00398949,998,AAA,0
300101.SZ,2025Q4,0.0035339142,1006,AAA,0
300101.SZ,2026Q1,0.016388414,895,AAA,0
300102.SZ,2025Q3,0.0025487621,1030,AAA,0
300102.SZ,2025Q4,0.0025310186,1031,AAA,0
300102.SZ,2026Q1,0.0054559954,975,AAA,0
300103.SZ,2025Q3,0.038262594,832,AAA,0
300103.SZ,2025Q4,0.03452602,840,AAA,0
300103.SZ,2026Q1,0.06255356,795,AAA,0
300105.SZ,2025Q3,0.0026533508,1027,AAA,0
300105.SZ,2025Q4,0.005869878,970,AAA,0
300105.SZ,2026Q1,0.008113764,946,AAA,0
300106.SZ,2025Q3,0.017364457,891,AAA,0
300106.SZ,2025Q4,0.021397416,875,AAA,0
300106.SZ,2026Q1,0.04973857,812,AAA,0
300107.SZ,2025Q3,0.002560028,1030,AAA,0
300107.SZ,2025Q4,0.0073910644,953,AAA,0
300107.SZ,2026Q1,0.0051053497,980,AAA,0
300109.SZ,2025Q3,0.001430989,1072,AAA,0
300109.SZ,2025Q4,0.0026674173,1027,AAA,0
300109.SZ,2026Q1,0.0014886078,1069,AAA,0
300110.SZ,2025Q3,0.007907732,948,AAA,0
300110.SZ,2025Q4,0.006194481,966,AAA,0
300110.SZ,2026Q1,0.007444545,952,AAA,0
300111.SZ,2025Q3,0.011527704,921,AAA,0
300111.SZ,2025Q4,0.011699635,920,AAA,0
300111.SZ,2026Q1,0.08702639,769,AAA,0
300112.SZ,2025Q3,0.003550668,1006,AAA,0
300112.SZ,2025Q4,0.005275631,977,AAA,0
300112.SZ,2026Q1,0.004429833,990,AAA,0
300113.SZ,2025Q3,0.0013740165,1075,AAA,0
300113.SZ,2025Q4,0.0029392568,1020,AAA,0
300113.SZ,2026Q1,0.0034628164,1008,AAA,0
300115.SZ,2025Q3,0.00095490867,1101,AAA,0
300115.SZ,2025Q4,0.00089413114,1106,AAA,0
300115.SZ,2026Q1,0.0014172918,1073,AAA,0
300118.SZ,2025Q3,0.0031622942,1015,AAA,0
300118.SZ,2025Q4,0.013507295,909,AAA,0
300118.SZ,2026Q1,0.023697006,868,AAA,0
300119.SZ,2025Q3,0.0007863996,1115,AAA,0
300119.SZ,2025Q4,0.0013467125,1076,AAA,0
300119.SZ,2026Q1,0.0010007737,1098,AAA,0
300120.SZ,2025Q3,0.006301811,965,AAA,0
300120.SZ,2025Q4,0.008587888,942,AAA,0
300120.SZ,2026Q1,0.0016540918,1061,AAA,0
300121.SZ,2025Q3,0.0011919531,1085,AAA,0
300121.SZ,2025Q4,0.0012083414,1084,AAA,0
300121.SZ,2026Q1,0.0012846115,1080,AAA,0
300122.SZ,2025Q3,0.002665618,1027,AAA,0
300122.SZ,2025Q4,0.014800286,902,AAA,0
300122.SZ,2026Q1,0.009193512,937,AAA,0
300123.SZ,2025Q3,0.06339363,794,AAA,0
300123.SZ,2025Q4,0.5921426,573,BBB,0
300123.SZ,2026Q1,0.80424273,498,B,0
300124.SZ,2025Q3,0.00078372477,1115,AAA,0
300124.SZ,2025Q4,0.00074106257,1119,AAA,0
300124.SZ,2026Q1,0.0009801114,1099,AAA,0
300125.SZ,2025Q3,0.97551835,334,C,1
300125.SZ,2025Q4,0.04193677,825,AAA,1
300125.SZ,2026Q1,0.04994214,812,AAA,0
300126.SZ,2025Q3,0.0070987567,956,AAA,0
300126.SZ,2025Q4,0.01001246,931,AAA,0
300126.SZ,2026Q1,0.009637366,934,AAA,0
300127.SZ,2025Q3,0.0022744494,1038,AAA,0
300127.SZ,2025Q4,0.0028294148,1023,AAA,0
300127.SZ,2026Q1,0.0019109888,1051,AAA,0
300128.SZ,2025Q3,0.31233695,656,AA,0
300128.SZ,2025Q4,0.41172302,625,A,0
300128.SZ,2026Q1,0.11612433,746,AAA,0
300129.SZ,2025Q3,0.0012172399,1084,AAA,0
300129.SZ,2025Q4,0.0014626363,1070,AAA,0
300129.SZ,2026Q1,0.0040417556,997,AAA,0
300130.SZ,2025Q3,0.0010545409,1094,AAA,0
300130.SZ,2025Q4,0.0009427161,1102,AAA,0
300130.SZ,2026Q1,0.0014769954,1070,AAA,0
300131.SZ,2025Q3,0.0037864898,1001,AAA,0
300131.SZ,2025Q4,0.0028932928,1021,AAA,0
300131.SZ,2026Q1,0.002545479,1030,AAA,0
300132.SZ,2025Q3,0.004591566,988,AAA,0
300132.SZ,2025Q4,0.004165342,995,AAA,0
300132.SZ,2026Q1,0.0085718585,942,AAA,0
300133.SZ,2025Q3,0.0014072486,1073,AAA,0
300133.SZ,2025Q4,0.0013692544,1075,AAA,0
300133.SZ,2026Q1,0.003521022,1007,AAA,0
300134.SZ,2025Q3,0.008462411,943,AAA,0
300134.SZ,2025Q4,0.0059002796,969,AAA,0
300134.SZ,2026Q1,0.017933294,888,AAA,0
300135.SZ,2025Q3,0.024906358,864,AAA,0
300135.SZ,2025Q4,0.028484693,854,AAA,0
300135.SZ,2026Q1,0.033628255,842,AAA,0
300136.SZ,2025Q3,0.0010149658,1097,AAA,0
300136.SZ,2025Q4,0.0011480493,1088,AAA,0
300136.SZ,2026Q1,0.0011749645,1086,AAA,0
300137.SZ,2025Q3,0.025974086,861,AAA,1
300137.SZ,2025Q4,0.0064004576,963,AAA,0
300137.SZ,2026Q1,0.006416254,963,AAA,0
300138.SZ,2025Q3,0.001143687,1088,AAA,0
300138.SZ,2025Q4,0.0015790451,1065,AAA,0
300138.SZ,2026Q1,0.0012880198,1079,AAA,0
300139.SZ,2025Q3,0.015518866,899,AAA,0
300139.SZ,2025Q4,0.020179747,880,AAA,0
300139.SZ,2026Q1,0.02019278,880,AAA,0
300140.SZ,2025Q3,0.002559019,1030,AAA,0
300140.SZ,2025Q4,0.0033356892,1011,AAA,0
300140.SZ,2026Q1,0.0037486192,1002,AAA,0
300141.SZ,2025Q3,0.019037038,884,AAA,0
300141.SZ,2025Q4,0.006912511,958,AAA,0
300141.SZ,2026Q1,0.0061707254,966,AAA,0
300142.SZ,2025Q3,0.0019527607,1049,AAA,0
300142.SZ,2025Q4,0.0037390864,1002,AAA,0
300142.SZ,2026Q1,0.010319402,929,AAA,0
300143.SZ,2025Q3,0.0021510373,1042,AAA,0
300143.SZ,2025Q4,0.0022660377,1039,AAA,0
300143.SZ,2026Q1,0.0021325538,1043,AAA,0
300144.SZ,2025Q3,0.0024229554,1034,AAA,0
300144.SZ,2025Q4,0.003777437,1002,AAA,0
300144.SZ,2026Q1,0.011016147,924,AAA,0
300145.SZ,2025Q3,0.0037415314,1002,AAA,0
300145.SZ,2025Q4,0.0030588082,1017,AAA,0
300145.SZ,2026Q1,0.009333126,936,AAA,0
300146.SZ,2025Q3,0.0012894645,1079,AAA,0
300146.SZ,2025Q4,0.0014539085,1071,AAA,0
300146.SZ,2026Q1,0.0013034963,1079,AAA,0
300147.SZ,2025Q3,0.1609268,719,AAA,1
300147.SZ,2025Q4,0.59973246,570,BBB,1
300147.SZ,2026Q1,0.9795633,320,C,0
300148.SZ,2025Q3,0.0044373553,990,AAA,0
300148.SZ,2025Q4,0.0024631768,1033,AAA,0
300148.SZ,2026Q1,0.009957231,931,AAA,0
300149.SZ,2025Q3,0.0070421523,956,AAA,0
300149.SZ,2025Q4,0.011407541,921,AAA,0
300149.SZ,2026Q1,0.0062544313,965,AAA,0
300150.SZ,2025Q3,0.0031823325,1014,AAA,0
300150.SZ,2025Q4,0.002341118,1036,AAA,0
300150.SZ,2026Q1,0.0036146014,1005,AAA,0
300151.SZ,2025Q3,0.002423164,1034,AAA,0
300151.SZ,2025Q4,0.002467111,1032,AAA,0
300151.SZ,2026Q1,0.002479927,1032,AAA,0
300152.SZ,2025Q3,0.13118413,736,AAA,1
300152.SZ,2025Q4,0.13614209,733,AAA,1
300152.SZ,2026Q1,0.24885052,679,AA,0
300153.SZ,2025Q3,0.0023222829,1037,AAA,0
300153.SZ,2025Q4,0.0016653008,1061,AAA,0
300153.SZ,2026Q1,0.0019177976,1051,AAA,0
300154.SZ,2025Q3,0.001283171,1080,AAA,0
300154.SZ,2025Q4,0.0013750951,1075,AAA,0
300154.SZ,2026Q1,0.0014885013,1069,AAA,0
300155.SZ,2025Q3,0.015171833,901,AAA,0
300155.SZ,2025Q4,0.016238177,896,AAA,0
300155.SZ,2026Q1,0.019374585,883,AAA,0
300157.SZ,2025Q3,0.17690456,710,AAA,0
300157.SZ,2025Q4,0.2223082,690,AA,0
300157.SZ,2026Q1,0.22801106,687,AA,0
300158.SZ,2025Q3,0.033493035,842,AAA,0
300158.SZ,2025Q4,0.004383531,991,AAA,0
300158.SZ,2026Q1,0.0030607297,1017,AAA,0
300159.SZ,2025Q3,0.8356789,482,B,1
300159.SZ,2025Q4,0.050373737,811,AAA,1
300159.SZ,2026Q1,0.2389923,683,AA,0
300160.SZ,2025Q3,0.002263216,1039,AAA,0
300160.SZ,2025Q4,0.0017618203,1057,AAA,0
300160.SZ,2026Q1,0.0023926222,1035,AAA,0
300161.SZ,2025Q3,0.005071486,980,AAA,0
300161.SZ,2025Q4,0.0030379507,1017,AAA,0
300161.SZ,2026Q1,0.0027382153,1025,AAA,0
300162.SZ,2025Q3,0.0096506495,934,AAA,0
300162.SZ,2025Q4,0.010731386,926,AAA,0
300162.SZ,2026Q1,0.010571975,927,AAA,0
300163.SZ,2025Q3,0.04612129,818,AAA,0
300163.SZ,2025Q4,0.06019991,798,AAA,0
300163.SZ,2026Q1,0.12878455,737,AAA,0
300164.SZ,2025Q3,0.012425377,915,AAA,0
300164.SZ,2025Q4,0.015412355,899,AAA,0
300164.SZ,2026Q1,0.009906834,932,AAA,0
300165.SZ,2025Q3,0.019341992,883,AAA,1
300165.SZ,2025Q4,0.011819156,919,AAA,1
300165.SZ,2026Q1,0.0195055,882,AAA,0
300166.SZ,2025Q3,0.0041411277,995,AAA,0
300166.SZ,2025Q4,0.0036557002,1004,AAA,0
300166.SZ,2026Q1,0.0032330898,1013,AAA,0
300167.SZ,2025Q3,0.5764327,577,BBB,1
300167.SZ,2025Q4,0.10411503,755,AAA,1
300167.SZ,2026Q1,0.26403198,673,AA,0
300168.SZ,2025Q3,0.035948463,837,AAA,0
300168.SZ,2025Q4,0.01014051,930,AAA,0
300168.SZ,2026Q1,0.17506294,711,AAA,0
300169.SZ,2025Q3,0.81721586,491,B,0
300169.SZ,2025Q4,0.06588172,791,AAA,0
300169.SZ,2026Q1,0.133618,734,AAA,0
300170.SZ,2025Q3,0.0023334036,1036,AAA,0
300170.SZ,2025Q4,0.0019910291,1048,AAA,0
300170.SZ,2026Q1,0.004190923,994,AAA,0
300171.SZ,2025Q3,0.00087232346,1108,AAA,0
300171.SZ,2025Q4,0.0008822099,1107,AAA,0
300171.SZ,2026Q1,0.0010309215,1096,AAA,0
300172.SZ,2025Q3,0.0013999488,1073,AAA,0
300172.SZ,2025Q4,0.0026084324,1028,AAA,0
300172.SZ,2026Q1,0.005196867,979,AAA,0
300173.SZ,2025Q3,0.0073907855,953,AAA,1
300173.SZ,2025Q4,0.00961544,934,AAA,1
300173.SZ,2026Q1,0.007961264,948,AAA,0
300174.SZ,2025Q3,0.0010238772,1096,AAA,0
300174.SZ,2025Q4,0.0010196471,1096,AAA,0
300174.SZ,2026Q1,0.0010765042,1092,AAA,0
300175.SZ,2025Q3,0.027948394,856,AAA,1
300175.SZ,2025Q4,0.099830076,758,AAA,1
300175.SZ,2026Q1,0.03606687,837,AAA,0
300176.SZ,2025Q3,0.0021090202,1044,AAA,0
300176.SZ,2025Q4,0.0019358902,1050,AAA,0
300176.SZ,2026Q1,0.0017858571,1056,AAA,0
300177.SZ,2025Q3,0.011632572,920,AAA,0
300177.SZ,2025Q4,0.011128239,923,AAA,0
300177.SZ,2026Q1,0.007913152,948,AAA,0
300179.SZ,2025Q3,0.0037184956,1003,AAA,0
300179.SZ,2025Q4,0.0046922173,986,AAA,0
300179.SZ,2026Q1,0.005083178,980,AAA,0
300180.SZ,2025Q3,0.0053258915,977,AAA,0
300180.SZ,2025Q4,0.006915401,958,AAA,0
300180.SZ,2026Q1,0.015651654,898,AAA,0
300181.SZ,2025Q3,0.0014374,1072,AAA,0
300181.SZ,2025Q4,0.001568371,1065,AAA,0
300181.SZ,2026Q1,0.0014263517,1072,AAA,0
300182.SZ,2025Q3,0.0102444915,929,AAA,0
300182.SZ,2025Q4,0.009611277,934,AAA,0
300182.SZ,2026Q1,0.0109574525,924,AAA,0
300183.SZ,2025Q3,0.008343464,944,AAA,0
300183.SZ,2025Q4,0.006289264,965,AAA,0
300183.SZ,2026Q1,0.041767783,825,AAA,0
300184.SZ,2025Q3,0.001996004,1048,AAA,0
300184.SZ,2025Q4,0.0017161653,1059,AAA,0
300184.SZ,2026Q1,0.0020119557,1047,AAA,0
300185.SZ,2025Q3,0.005963711,969,AAA,0
300185.SZ,2025Q4,0.0063924477,964,AAA,0
300185.SZ,2026Q1,0.01468709,903,AAA,0
300187.SZ,2025Q3,0.0033694664,1010,AAA,0
300187.SZ,2025Q4,0.003664354,1004,AAA,0
300187.SZ,2026Q1,0.008860147,940,AAA,0
300188.SZ,2025Q3,0.0051244,980,AAA,0
300188.SZ,2025Q4,0.010539504,927,AAA,0
300188.SZ,2026Q1,0.023733988,868,AAA,0
300189.SZ,2025Q3,0.0071139713,956,AAA,0
300189.SZ,2025Q4,0.74426377,522,BB,0
300189.SZ,2026Q1,0.755203,518,BB,0
300190.SZ,2025Q3,0.008993304,939,AAA,0
300190.SZ,2025Q4,0.0073622703,953,AAA,0
300190.SZ,2026Q1,0.010140611,930,AAA,0
300191.SZ,2025Q3,0.05320964,807,AAA,0
300191.SZ,2025Q4,0.043325275,823,AAA,0
300191.SZ,2026Q1,0.0711532,785,AAA,0
300192.SZ,2025Q3,0.0029148974,1020,AAA,0
300192.SZ,2025Q4,0.002234036,1040,AAA,0
300192.SZ,2026Q1,0.0017657198,1057,AAA,0
300193.SZ,2025Q3,0.0013651255,1075,AAA,0
300193.SZ,2025Q4,0.0011998649,1085,AAA,0
300193.SZ,2026Q1,0.0026385165,1028,AAA,0
300194.SZ,2025Q3,0.0026314138,1028,AAA,0
300194.SZ,2025Q4,0.0027449084,1025,AAA,0
300194.SZ,2026Q1,0.0035677364,1006,AAA,0
300195.SZ,2025Q3,0.0019855516,1048,AAA,0
300195.SZ,2025Q4,0.0020774424,1045,AAA,0
300195.SZ,2026Q1,0.0086140325,942,AAA,0
300196.SZ,2025Q3,0.00082069734,1112,AAA,0
300196.SZ,2025Q4,0.00085882406,1109,AAA,0
300196.SZ,2026Q1,0.0009942998,1098,AAA,0
300197.SZ,2025Q3,0.040179286,828,AAA,0
300197.SZ,2025Q4,0.18720125,705,AAA,0
300197.SZ,2026Q1,0.49999374,600,A,0
300198.SZ,2025Q3,0.14805397,726,AAA,1
300198.SZ,2025Q4,0.98876756,277,C,1
300198.SZ,2026Q1,0.91626275,427,C,0
300199.SZ,2025Q3,0.02656821,859,AAA,0
300199.SZ,2025Q4,0.009923012,932,AAA,0
300199.SZ,2026Q1,0.006309738,964,AAA,0
300200.SZ,2025Q3,0.0022680515,1039,AAA,0
300200.SZ,2025Q4,0.0024943207,1032,AAA,0
300200.SZ,2026Q1,0.0064612026,963,AAA,0
300201.SZ,2025Q3,0.0075038946,952,AAA,0
300201.SZ,2025Q4,0.009226943,937,AAA,0
300201.SZ,2026Q1,0.0076044914,951,AAA,0
300203.SZ,2025Q3,0.0030885553,1016,AAA,0
300203.SZ,2025Q4,0.005196177,979,AAA,0
300203.SZ,2026Q1,0.0061631068,966,AAA,0
300204.SZ,2025Q3,0.012116042,917,AAA,0
300204.SZ,2025Q4,0.009024458,938,AAA,0
300204.SZ,2026Q1,0.0077701397,949,AAA,0
300205.SZ,2025Q3,0.4769134,606,A,1
300205.SZ,2025Q4,0.18412204,707,AAA,1
300205.SZ,2026Q1,0.15004319,725,AAA,0
300206.SZ,2025Q3,0.0014462892,1071,AAA,0
300206.SZ,2025Q4,0.0018724995,1052,AAA,0
300206.SZ,2026Q1,0.0018021574,1055,AAA,0
300207.SZ,2025Q3,0.0007915127,1115,AAA,0
300207.SZ,2025Q4,0.0017932036,1056,AAA,0
300207.SZ,2026Q1,0.0010606783,1093,AAA,0
300209.SZ,2025Q3,0.035147555,838,AAA,0
300209.SZ,2025Q4,0.036694083,835,AAA,0
300209.SZ,2026Q1,0.012074143,917,AAA,0
300210.SZ,2025Q3,0.007216163,955,AAA,0
300210.SZ,2025Q4,0.013876119,907,AAA,0
300210.SZ,2026Q1,0.03932507,830,AAA,0
300211.SZ,2025Q3,0.005400721,976,AAA,1
300211.SZ,2025Q4,0.011998055,918,AAA,1
300211.SZ,2026Q1,0.019637085,882,AAA,0
300212.SZ,2025Q3,0.2702538,671,AA,0
300212.SZ,2025Q4,0.78937966,504,BB,0
300212.SZ,2026Q1,0.953506,382,C,0
300213.SZ,2025Q3,0.009207851,937,AAA,0
300213.SZ,2025Q4,0.018668467,885,AAA,0
300213.SZ,2026Q1,0.0059235054,969,AAA,0
300214.SZ,2025Q3,0.0057864645,971,AAA,0
300214.SZ,2025Q4,0.004339245,992,AAA,0
300214.SZ,2026Q1,0.006389907,964,AAA,0
300215.SZ,2025Q3,0.059483346,799,AAA,0
300215.SZ,2025Q4,0.046856873,817,AAA,0
300215.SZ,2026Q1,0.027504278,857,AAA,0
300217.SZ,2025Q3,0.0036973294,1003,AAA,0
300217.SZ,2025Q4,0.0023862591,1035,AAA,0
300217.SZ,2026Q1,0.0039699613,998,AAA,0
300218.SZ,2025Q3,0.0010063417,1097,AAA,0
300218.SZ,2025Q4,0.0007601323,1118,AAA,0
300218.SZ,2026Q1,0.0018393567,1054,AAA,0
300219.SZ,2025Q3,0.0029852022,1019,AAA,0
300219.SZ,2025Q4,0.0026350655,1028,AAA,0
300219.SZ,2026Q1,0.0026942934,1026,AAA,0
300220.SZ,2025Q3,0.15656094,721,AAA,0
300220.SZ,2025Q4,0.36882767,638,A,0
300220.SZ,2026Q1,0.092205696,764,AAA,0
300221.SZ,2025Q3,0.0027157962,1026,AAA,0
300221.SZ,2025Q4,0.004062855,996,AAA,0
300221.SZ,2026Q1,0.0038012734,1001,AAA,0
300222.SZ,2025Q3,0.014974766,901,AAA,0
300222.SZ,2025Q4,0.012602334,914,AAA,0
300222.SZ,2026Q1,0.043548305,822,AAA,0
300223.SZ,2025Q3,0.0007351674,1120,AAA,0
300223.SZ,2025Q4,0.0008139916,1113,AAA,0
300223.SZ,2026Q1,0.0009363435,1102,AAA,0
300224.SZ,2025Q3,0.0015609026,1066,AAA,0
300224.SZ,2025Q4,0.0014807499,1069,AAA,0
300224.SZ,2026Q1,0.0012478343,1082,AAA,0
300225.SZ,2025Q3,0.008898372,939,AAA,1
300225.SZ,2025Q4,0.0072375285,954,AAA,1
300225.SZ,2026Q1,0.015847249,897,AAA,0
300226.SZ,2025Q3,0.0018936213,1052,AAA,0
300226.SZ,2025Q4,0.0019238666,1050,AAA,0
300226.SZ,2026Q1,0.0019941365,1048,AAA,0
300227.SZ,2025Q3,0.0033720424,1010,AAA,0
300227.SZ,2025Q4,0.0037031604,1003,AAA,0
300227.SZ,2026Q1,0.0048190258,984,AAA,0
300228.SZ,2025Q3,0.0020336225,1046,AAA,0
300228.SZ,2025Q4,0.0016024079,1064,AAA,0
300228.SZ,2026Q1,0.0016013401,1064,AAA,0
300229.SZ,2025Q3,0.020390455,879,AAA,0
300229.SZ,2025Q4,0.02179817,874,AAA,0
300229.SZ,2026Q1,0.094218515,763,AAA,0
300230.SZ,2025Q3,0.0016910463,1060,AAA,0
300230.SZ,2025Q4,0.0016232397,1063,AAA,0
300230.SZ,2026Q1,0.002275979,1038,AAA,0
300231.SZ,2025Q3,0.0094186645,935,AAA,0
300231.SZ,2025Q4,0.0030192079,1018,AAA,0
300231.SZ,2026Q1,0.0045778975,988,AAA,0
300232.SZ,2025Q3,0.0020502107,1046,AAA,0
300232.SZ,2025Q4,0.0022462383,1039,AAA,0
300232.SZ,2026Q1,0.008076403,947,AAA,0
300233.SZ,2025Q3,0.0017189614,1059,AAA,0
300233.SZ,2025Q4,0.0031825202,1014,AAA,0
300233.SZ,2026Q1,0.001470037,1070,AAA,0
300234.SZ,2025Q3,0.011013348,924,AAA,0
300234.SZ,2025Q4,0.013494499,909,AAA,0
300234.SZ,2026Q1,0.009680172,933,AAA,0
300235.SZ,2025Q3,0.019043246,884,AAA,0
300235.SZ,2025Q4,0.009363305,936,AAA,0
300235.SZ,2026Q1,0.039740544,829,AAA,0
300236.SZ,2025Q3,0.0008717369,1108,AAA,0
300236.SZ,2025Q4,0.00080955494,1113,AAA,0
300236.SZ,2026Q1,0.0008716671,1108,AAA,0
300237.SZ,2025Q3,0.9433374,397,C,1
300237.SZ,2025Q4,0.1083391,752,AAA,1
300237.SZ,2026Q1,0.2766839,669,AA,0
300238.SZ,2025Q3,0.0024235698,1034,AAA,0
300238.SZ,2025Q4,0.002845919,1022,AAA,0
300238.SZ,2026Q1,0.004626645,987,AAA,0
300239.SZ,2025Q3,0.0022758772,1038,AAA,0
300239.SZ,2025Q4,0.0021401066,1043,AAA,0
300239.SZ,2026Q1,0.0030919164,1016,AAA,0
300240.SZ,2025Q3,0.0022367928,1040,AAA,0
300240.SZ,2025Q4,0.0033834197,1010,AAA,0
300240.SZ,2026Q1,0.0050117727,981,AAA,0
300241.SZ,2025Q3,0.0038993356,999,AAA,0
300241.SZ,2025Q4,0.0040627643,996,AAA,0
300241.SZ,2026Q1,0.0067034536,960,AAA,0
300242.SZ,2025Q3,0.024248272,866,AAA,0
300242.SZ,2025Q4,0.039965607,829,AAA,0
300242.SZ,2026Q1,0.11650055,746,AAA,0
300243.SZ,2025Q3,0.0023012322,1038,AAA,0
300243.SZ,2025Q4,0.0027151366,1026,AAA,0
300243.SZ,2026Q1,0.0027194072,1025,AAA,0
300244.SZ,2025Q3,0.0013708762,1075,AAA,0
300244.SZ,2025Q4,0.0036073495,1005,AAA,0
300244.SZ,2026Q1,0.0019034813,1051,AAA,0
300245.SZ,2025Q3,0.0043453043,992,AAA,0
300245.SZ,2025Q4,0.0055133146,974,AAA,0
300245.SZ,2026Q1,0.0074751773,952,AAA,0
300246.SZ,2025Q3,0.002250864,1039,AAA,0
300246.SZ,2025Q4,0.0027697405,1024,AAA,0
300246.SZ,2026Q1,0.0033111474,1011,AAA,0
300247.SZ,2025Q3,0.0036708903,1004,AAA,0
300247.SZ,2025Q4,0.0042018867,994,AAA,0
300247.SZ,2026Q1,0.003845902,1000,AAA,0
300248.SZ,2025Q3,0.006116274,967,AAA,0
300248.SZ,2025Q4,0.001268301,1081,AAA,0
300248.SZ,2026Q1,0.0069080433,958,AAA,0
300249.SZ,2025Q3,0.0100229625,931,AAA,0
300249.SZ,2025Q4,0.010845921,925,AAA,0
300249.SZ,2026Q1,0.076488145,779,AAA,0
300250.SZ,2025Q3,0.003991569,998,AAA,0
300250.SZ,2025Q4,0.002618559,1028,AAA,0
300250.SZ,2026Q1,0.005100936,980,AAA,0
300251.SZ,2025Q3,0.0031137886,1016,AAA,0
300251.SZ,2025Q4,0.007369721,953,AAA,0
300251.SZ,2026Q1,0.059115455,799,AAA,0
300252.SZ,2025Q3,0.013356506,910,AAA,0
300252.SZ,2025Q4,0.008714844,941,AAA,0
300252.SZ,2026Q1,0.006147035,966,AAA,0
300253.SZ,2025Q3,0.017691677,889,AAA,0
300253.SZ,2025Q4,0.02202761,873,AAA,0
300253.SZ,2026Q1,0.032657567,844,AAA,0
300254.SZ,2025Q3,0.0031696954,1014,AAA,0
300254.SZ,2025Q4,0.0030996983,1016,AAA,0
300254.SZ,2026Q1,0.004274753,993,AAA,0
300255.SZ,2025Q3,0.010104133,930,AAA,0
300255.SZ,2025Q4,0.014691384,903,AAA,0
300255.SZ,2026Q1,0.057123058,802,AAA,0
300256.SZ,2025Q3,0.0123957405,915,AAA,0
300256.SZ,2025Q4,0.008223522,945,AAA,0
300256.SZ,2026Q1,0.015558191,899,AAA,0
300257.SZ,2025Q3,0.002057632,1046,AAA,0
300257.SZ,2025Q4,0.0020021182,1048,AAA,0
300257.SZ,2026Q1,0.002566072,1030,AAA,0
300258.SZ,2025Q3,0.00088612013,1106,AAA,0
300258.SZ,2025Q4,0.001255149,1081,AAA,0
300258.SZ,2026Q1,0.0030798116,1016,AAA,0
300259.SZ,2025Q3,0.0017102845,1059,AAA,0
300259.SZ,2025Q4,0.0015824272,1065,AAA,0
300259.SZ,2026Q1,0.0028162326,1023,AAA,0
300260.SZ,2025Q3,0.0010627968,1093,AAA,0
300260.SZ,2025Q4,0.0012983147,1079,AAA,0
300260.SZ,2026Q1,0.0011730721,1086,AAA,0
300261.SZ,2025Q3,0.011144513,923,AAA,0
300261.SZ,2025Q4,0.01076204,926,AAA,0
300261.SZ,2026Q1,0.022088556,873,AAA,0
300263.SZ,2025Q3,0.001433825,1072,AAA,0
300263.SZ,2025Q4,0.0018939251,1052,AAA,0
300263.SZ,2026Q1,0.0028332288,1022,AAA,0
300264.SZ,2025Q3,0.6750864,547,BB,0
300264.SZ,2025Q4,0.39920127,629,A,0
300264.SZ,2026Q1,0.26775438,672,AA,0
300265.SZ,2025Q3,0.0016562522,1061,AAA,0
300265.SZ,2025Q4,0.002399511,1034,AAA,0
300265.SZ,2026Q1,0.0028738163,1021,AAA,0
300266.SZ,2025Q3,0.028240042,855,AAA,0
300266.SZ,2025Q4,0.05637155,803,AAA,0
300266.SZ,2026Q1,0.14007644,730,AAA,0
300267.SZ,2025Q3,0.00807216,947,AAA,0
300267.SZ,2025Q4,0.013830238,907,AAA,0
300267.SZ,2026Q1,0.01961546,882,AAA,0
300268.SZ,2025Q3,0.059340995,799,AAA,1
300268.SZ,2025Q4,0.407796,626,A,1
300268.SZ,2026Q1,0.0900284,766,AAA,0
300269.SZ,2025Q3,0.2575707,676,AA,0
300269.SZ,2025Q4,0.4660403,609,A,0
300269.SZ,2026Q1,0.5203602,594,BBB,0
300270.SZ,2025Q3,0.015632983,898,AAA,0
300270.SZ,2025Q4,0.013096022,911,AAA,0
300270.SZ,2026Q1,0.021502221,875,AAA,0
300271.SZ,2025Q3,0.0053961254,976,AAA,0
300271.SZ,2025Q4,0.004385773,991,AAA,0
300271.SZ,2026Q1,0.006860427,958,AAA,0
300272.SZ,2025Q3,0.0041092057,996,AAA,0
300272.SZ,2025Q4,0.00396393,998,AAA,0
300272.SZ,2026Q1,0.0046768477,986,AAA,0
300274.SZ,2025Q3,0.0006955489,1124,AAA,0
300274.SZ,2025Q4,0.00076931826,1117,AAA,0
300274.SZ,2026Q1,0.0009767704,1099,AAA,0
300275.SZ,2025Q3,0.015007542,901,AAA,0
300275.SZ,2025Q4,0.00447158,989,AAA,0
300275.SZ,2026Q1,0.024935244,864,AAA,0
300276.SZ,2025Q3,0.003024292,1018,AAA,0
300276.SZ,2025Q4,0.004429011,990,AAA,0
300276.SZ,2026Q1,0.0075313924,952,AAA,0
300277.SZ,2025Q3,0.008035099,947,AAA,0
300277.SZ,2025Q4,0.002355798,1036,AAA,0
300277.SZ,2026Q1,0.0012429192,1082,AAA,0
300278.SZ,2025Q3,0.0023958508,1035,AAA,0
300278.SZ,2025Q4,0.0044795023,989,AAA,0
300278.SZ,2026Q1,0.008533689,943,AAA,0
300279.SZ,2025Q3,0.0063645504,964,AAA,0
300279.SZ,2025Q4,0.0111064585,923,AAA,0
300279.SZ,2026Q1,0.008852951,940,AAA,0
300281.SZ,2025Q3,0.0068731066,958,AAA,0
300281.SZ,2025Q4,0.009410518,935,AAA,0
300281.SZ,2026Q1,0.008283008,945,AAA,0
300283.SZ,2025Q3,0.006803474,959,AAA,0
300283.SZ,2025Q4,0.0057206536,972,AAA,0
300283.SZ,2026Q1,0.006362042,964,AAA,0
300284.SZ,2025Q3,0.0034281586,1009,AAA,0
300284.SZ,2025Q4,0.003218774,1013,AAA,0
300284.SZ,2026Q1,0.0039100833,999,AAA,0
300285.SZ,2025Q3,0.0017515627,1057,AAA,0
300285.SZ,2025Q4,0.0019747252,1049,AAA,0
300285.SZ,2026Q1,0.0014159739,1073,AAA,0
300286.SZ,2025Q3,0.00082266773,1112,AAA,0
300286.SZ,2025Q4,0.0007983396,1114,AAA,0
300286.SZ,2026Q1,0.000956263,1101,AAA,0
300287.SZ,2025Q3,0.041774835,825,AAA,0
300287.SZ,2025Q4,0.060897965,797,AAA,0
300287.SZ,2026Q1,0.081187986,775,AAA,0
300288.SZ,2025Q3,0.028602494,854,AAA,0
300288.SZ,2025Q4,0.010230243,929,AAA,0
300288.SZ,2026Q1,0.017090756,892,AAA,0
300289.SZ,2025Q3,0.018113432,888,AAA,0
300289.SZ,2025Q4,0.024992466,864,AAA,0
300289.SZ,2026Q1,0.036268927,836,AAA,0
300290.SZ,2025Q3,0.004242236,993,AAA,0
300290.SZ,2025Q4,0.004580021,988,AAA,0
300290.SZ,2026Q1,0.041235823,826,AAA,0
300291.SZ,2025Q3,0.014424718,904,AAA,0
300291.SZ,2025Q4,0.030035513,850,AAA,0
300291.SZ,2026Q1,0.017649448,889,AAA,0
300292.SZ,2025Q3,0.0035237966,1007,AAA,0
300292.SZ,2025Q4,0.00289758,1021,AAA,0
300292.SZ,2026Q1,0.0034795431,1008,AAA,0
300293.SZ,2025Q3,0.005142723,979,AAA,0
300293.SZ,2025Q4,0.0051738434,979,AAA,0
300293.SZ,2026Q1,0.006424632,963,AAA,0
300294.SZ,2025Q3,0.00088808284,1106,AAA,0
300294.SZ,2025Q4,0.0021251715,1043,AAA,0
300294.SZ,2026Q1,0.0031345065,1015,AAA,0
300295.SZ,2025Q3,0.01416042,906,AAA,0
300295.SZ,2025Q4,0.0074441615,952,AAA,0
300295.SZ,2026Q1,0.08660715,769,AAA,0
300296.SZ,2025Q3,0.003250898,1013,AAA,0
300296.SZ,2025Q4,0.0025935685,1029,AAA,0
300296.SZ,2026Q1,0.008913974,939,AAA,0
300298.SZ,2025Q3,0.0010357882,1095,AAA,0
300298.SZ,2025Q4,0.0011693175,1086,AAA,0
300298.SZ,2026Q1,0.001382929,1074,AAA,0
300299.SZ,2025Q3,0.015687142,898,AAA,0
300299.SZ,2025Q4,0.0107842265,925,AAA,0
300299.SZ,2026Q1,0.05544179,804,AAA,0
300300.SZ,2025Q3,0.67987573,545,BB,0
300300.SZ,2025Q4,0.6181393,565,BBB,0
300300.SZ,2026Q1,0.7978208,500,BB,0
300301.SZ,2025Q3,0.1590438,720,AAA,1
300301.SZ,2025Q4,0.94059235,400,C,1
300301.SZ,2026Q1,0.3608531,641,A,0
300302.SZ,2025Q3,0.05200268,809,AAA,0
300302.SZ,2025Q4,0.018795287,885,AAA,0
300302.SZ,2026Q1,0.012854226,913,AAA,0
300303.SZ,2025Q3,0.0017293296,1058,AAA,0
300303.SZ,2025Q4,0.002251528,1039,AAA,0
300303.SZ,2026Q1,0.004304153,992,AAA,0
300304.SZ,2025Q3,0.0012600314,1081,AAA,0
300304.SZ,2025Q4,0.0012530133,1081,AAA,0
300304.SZ,2026Q1,0.0012592888,1081,AAA,0
300305.SZ,2025Q3,0.002979528,1019,AAA,0
300305.SZ,2025Q4,0.0035302169,1007,AAA,0
300305.SZ,2026Q1,0.0040473067,997,AAA,0
300306.SZ,2025Q3,0.008793873,940,AAA,0
300306.SZ,2025Q4,0.009086488,938,AAA,0
300306.SZ,2026Q1,0.002174276,1042,AAA,0
300307.SZ,2025Q3,0.0026029872,1029,AAA,0
300307.SZ,2025Q4,0.0030693132,1017,AAA,0
300307.SZ,2026Q1,0.0023437666,1036,AAA,0
300308.SZ,2025Q3,0.0008903816,1106,AAA,0
300308.SZ,2025Q4,0.0008742348,1107,AAA,0
300308.SZ,2026Q1,0.0009799402,1099,AAA,0
300310.SZ,2025Q3,0.009035552,938,AAA,0
300310.SZ,2025Q4,0.005174133,979,AAA,0
300310.SZ,2026Q1,0.0074915495,952,AAA,0
300311.SZ,2025Q3,0.024652297,865,AAA,1
300311.SZ,2025Q4,0.010966029,924,AAA,1
300311.SZ,2026Q1,0.04678723,817,AAA,0
300313.SZ,2025Q3,0.64033407,558,BBB,1
300313.SZ,2025Q4,0.9819381,311,C,1
300313.SZ,2026Q1,0.9373536,404,C,0
300314.SZ,2025Q3,0.0019920224,1048,AAA,0
300314.SZ,2025Q4,0.0019279023,1050,AAA,0
300314.SZ,2026Q1,0.0047868616,984,AAA,0
300315.SZ,2025Q3,0.005634196,973,AAA,0
300315.SZ,2025Q4,0.008723713,941,AAA,0
300315.SZ,2026Q1,0.011958247,918,AAA,0
300316.SZ,2025Q3,0.0021729511,1042,AAA,0
300316.SZ,2025Q4,0.0021794962,1041,AAA,0
300316.SZ,2026Q1,0.0022228337,1040,AAA,0
300317.SZ,2025Q3,0.024966236,864,AAA,0
300317.SZ,2025Q4,0.010057547,931,AAA,0
300317.SZ,2026Q1,0.012530953,915,AAA,0
300318.SZ,2025Q3,0.0106405215,926,AAA,0
300318.SZ,2025Q4,0.06879871,787,AAA,0
300318.SZ,2026Q1,0.22958282,687,AA,0
300319.SZ,2025Q3,0.0012015925,1084,AAA,0
300319.SZ,2025Q4,0.0011726633,1086,AAA,0
300319.SZ,2026Q1,0.0016461241,1062,AAA,0
300320.SZ,2025Q3,0.0020120821,1047,AAA,0
300320.SZ,2025Q4,0.0020836578,1045,AAA,0
300320.SZ,2026Q1,0.0020501679,1046,AAA,0
300321.SZ,2025Q3,0.0025379392,1030,AAA,0
300321.SZ,2025Q4,0.0016468836,1062,AAA,0
300321.SZ,2026Q1,0.0026205932,1028,AAA,0
300322.SZ,2025Q3,0.003523494,1007,AAA,0
300322.SZ,2025Q4,0.0027519425,1025,AAA,0
300322.SZ,2026Q1,0.0020060712,1047,AAA,0
300323.SZ,2025Q3,0.0028121315,1023,AAA,0
300323.SZ,2025Q4,0.0031763692,1014,AAA,0
300323.SZ,2026Q1,0.002783101,1024,AAA,0
300324.SZ,2025Q3,0.0037303625,1003,AAA,0
300324.SZ,2025Q4,0.0068571824,958,AAA,0
300324.SZ,2026Q1,0.013117375,911,AAA,0
300326.SZ,2025Q3,0.002755829,1024,AAA,1
300326.SZ,2025Q4,0.0035257228,1007,AAA,1
300326.SZ,2026Q1,0.00464724,987,AAA,0
300327.SZ,2025Q3,0.0013515552,1076,AAA,0
300327.SZ,2025Q4,0.0016601351,1061,AAA,0
300327.SZ,2026Q1,0.002570671,1029,AAA,0
300328.SZ,2025Q3,0.0028854033,1021,AAA,0
300328.SZ,2025Q4,0.0026678958,1027,AAA,0
300328.SZ,2026Q1,0.0040060063,997,AAA,0
300329.SZ,2025Q3,0.012635718,914,AAA,0
300329.SZ,2025Q4,0.019363055,883,AAA,0
300329.SZ,2026Q1,0.012318485,916,AAA,0
300331.SZ,2025Q3,0.0013844036,1074,AAA,0
300331.SZ,2025Q4,0.0022764532,1038,AAA,0
300331.SZ,2026Q1,0.0018237968,1054,AAA,0
300332.SZ,2025Q3,0.013175881,911,AAA,0
300332.SZ,2025Q4,0.1893973,704,AAA,0
300332.SZ,2026Q1,0.0067767664,959,AAA,0
300333.SZ,2025Q3,0.025957447,861,AAA,0
300333.SZ,2025Q4,0.028984046,853,AAA,0
300333.SZ,2026Q1,0.027192501,858,AAA,0
300334.SZ,2025Q3,0.0043624174,991,AAA,0
300334.SZ,2025Q4,0.0032540916,1012,AAA,0
300334.SZ,2026Q1,0.0043501053,991,AAA,0
300335.SZ,2025Q3,0.0020100293,1047,AAA,0
300335.SZ,2025Q4,0.0028847337,1021,AAA,0
300335.SZ,2026Q1,0.0039251233,999,AAA,0
300337.SZ,2025Q3,0.0027456929,1025,AAA,0
300337.SZ,2025Q4,0.0041268445,995,AAA,0
300337.SZ,2026Q1,0.017505022,890,AAA,0
300338.SZ,2025Q3,0.92426664,419,C,1
300338.SZ,2025Q4,0.9696907,350,C,1
300338.SZ,2026Q1,0.97532666,334,C,0
300339.SZ,2025Q3,0.0053529404,976,AAA,0
300339.SZ,2025Q4,0.0024597382,1033,AAA,0
300339.SZ,2026Q1,0.005754078,971,AAA,0
300340.SZ,2025Q3,0.91004425,433,C,0
300340.SZ,2025Q4,0.75189584,520,BB,0
300340.SZ,2026Q1,0.9201864,423,C,0
300341.SZ,2025Q3,0.002285399,1038,AAA,0
300341.SZ,2025Q4,0.002364922,1036,AAA,0
300341.SZ,2026Q1,0.0036877196,1003,AAA,0
300342.SZ,2025Q3,0.0034281947,1009,AAA,0
300342.SZ,2025Q4,0.003277101,1012,AAA,0
300342.SZ,2026Q1,0.0031798452,1014,AAA,0
300343.SZ,2025Q3,0.003188907,1014,AAA,1
300343.SZ,2025Q4,0.0026075805,1028,AAA,1
300343.SZ,2026Q1,0.003981105,998,AAA,0
300345.SZ,2025Q3,0.112605534,748,AAA,0
300345.SZ,2025Q4,0.076464266,779,AAA,0
300345.SZ,2026Q1,0.37300938,637,A,0
300346.SZ,2025Q3,0.0025263978,1031,AAA,0
300346.SZ,2025Q4,0.0018355043,1054,AAA,0
300346.SZ,2026Q1,0.0016403174,1062,AAA,0
300347.SZ,2025Q3,0.0009821834,1099,AAA,0
300347.SZ,2025Q4,0.00092215824,1104,AAA,0
300347.SZ,2026Q1,0.0012295148,1083,AAA,0
300348.SZ,2025Q3,0.0033063325,1011,AAA,0
300348.SZ,2025Q4,0.0022016629,1041,AAA,0
300348.SZ,2026Q1,0.0055025406,974,AAA,0
300349.SZ,2025Q3,0.0010319935,1095,AAA,0
300349.SZ,2025Q4,0.0008747843,1107,AAA,0
300349.SZ,2026Q1,0.0015298323,1067,AAA,0
300350.SZ,2025Q3,0.004649431,987,AAA,0
300350.SZ,2025Q4,0.003991135,998,AAA,0
300350.SZ,2026Q1,0.0047036735,986,AAA,0
300351.SZ,2025Q3,0.0011349294,1089,AAA,0
300351.SZ,2025Q4,0.000984226,1099,AAA,0
300351.SZ,2026Q1,0.0022115791,1040,AAA,0
300352.SZ,2025Q3,0.010018048,931,AAA,0
300352.SZ,2025Q4,0.019401029,882,AAA,0
300352.SZ,2026Q1,0.034803197,839,AAA,0
300353.SZ,2025Q3,0.0059615658,969,AAA,0
300353.SZ,2025Q4,0.0032932907,1012,AAA,0
300353.SZ,2026Q1,0.012954768,912,AAA,0
300354.SZ,2025Q3,0.0010974157,1091,AAA,0
300354.SZ,2025Q4,0.0012700647,1080,AAA,0
300354.SZ,2026Q1,0.0019287466,1050,AAA,0
300355.SZ,2025Q3,0.0071137524,956,AAA,0
300355.SZ,2025Q4,0.004406472,990,AAA,0
300355.SZ,2026Q1,0.007800443,949,AAA,0
300357.SZ,2025Q3,0.006603677,961,AAA,0
300357.SZ,2025Q4,0.004875473,983,AAA,0
300357.SZ,2026Q1,0.0041527087,995,AAA,0
300358.SZ,2025Q3,0.0015033932,1068,AAA,0
300358.SZ,2025Q4,0.0015550932,1066,AAA,0
300358.SZ,2026Q1,0.0018274733,1054,AAA,0
300359.SZ,2025Q3,0.02705416,858,AAA,0
300359.SZ,2025Q4,0.027333207,857,AAA,0
300359.SZ,2026Q1,0.07185397,784,AAA,0
300360.SZ,2025Q3,0.0010128644,1097,AAA,0
300360.SZ,2025Q4,0.0012966668,1079,AAA,0
300360.SZ,2026Q1,0.002044207,1046,AAA,0
300363.SZ,2025Q3,0.0015323501,1067,AAA,0
300363.SZ,2025Q4,0.0013982799,1074,AAA,0
300363.SZ,2026Q1,0.0018944145,1052,AAA,0
300364.SZ,2025Q3,0.012844066,913,AAA,0
300364.SZ,2025Q4,0.026980925,858,AAA,0
300364.SZ,2026Q1,0.17828271,710,AAA,0
300365.SZ,2025Q3,0.003338709,1011,AAA,0
300365.SZ,2025Q4,0.0079842815,947,AAA,0
300365.SZ,2026Q1,0.020154255,880,AAA,0
300366.SZ,2025Q3,0.0195599,882,AAA,1
300366.SZ,2025Q4,0.05183479,809,AAA,1
300366.SZ,2026Q1,0.034510937,840,AAA,0
300368.SZ,2025Q3,0.18000332,709,AAA,0
300368.SZ,2025Q4,0.66787356,549,BB,0
300368.SZ,2026Q1,0.5600086,582,BBB,0
300369.SZ,2025Q3,0.002000082,1048,AAA,0
300369.SZ,2025Q4,0.0034691752,1008,AAA,0
300369.SZ,2026Q1,0.002684697,1026,AAA,0
300370.SZ,2025Q3,0.030468816,849,AAA,0
300370.SZ,2025Q4,0.050949346,810,AAA,0
300370.SZ,2026Q1,0.17502312,711,AAA,0
300371.SZ,2025Q3,0.0013223182,1078,AAA,0
300371.SZ,2025Q4,0.0012628898,1081,AAA,0
300371.SZ,2026Q1,0.0014066235,1073,AAA,0
300373.SZ,2025Q3,0.0007925595,1115,AAA,0
300373.SZ,2025Q4,0.0007546847,1118,AAA,0
300373.SZ,2026Q1,0.00093722803,1102,AAA,0
300374.SZ,2025Q3,0.00454387,988,AAA,0
300374.SZ,2025Q4,0.007668505,950,AAA,0
300374.SZ,2026Q1,0.012587569,914,AAA,0
300375.SZ,2025Q3,0.0015942393,1064,AAA,0
300375.SZ,2025Q4,0.0049703415,982,AAA,0
300375.SZ,2026Q1,0.012778038,913,AAA,0
300376.SZ,2025Q3,0.00475855,985,AAA,1
300376.SZ,2025Q4,0.015061978,901,AAA,1
300376.SZ,2026Q1,0.05146174,810,AAA,0
300377.SZ,2025Q3,0.018898299,884,AAA,0
300377.SZ,2025Q4,0.006320408,964,AAA,0
300377.SZ,2026Q1,0.006088778,967,AAA,0
300378.SZ,2025Q3,0.0009989514,1098,AAA,0
300378.SZ,2025Q4,0.000760787,1117,AAA,0
300378.SZ,2026Q1,0.0019517592,1049,AAA,0
300380.SZ,2025Q3,0.004404439,991,AAA,0
300380.SZ,2025Q4,0.0023375165,1036,AAA,0
300380.SZ,2026Q1,0.0035619556,1006,AAA,0
300381.SZ,2025Q3,0.0020895954,1044,AAA,0
300381.SZ,2025Q4,0.00870161,941,AAA,0
300381.SZ,2026Q1,0.002511939,1031,AAA,0
300382.SZ,2025Q3,0.0031131832,1016,AAA,0
300382.SZ,2025Q4,0.007509458,952,AAA,0
300382.SZ,2026Q1,0.020044908,880,AAA,0
300383.SZ,2025Q3,0.0028234504,1023,AAA,0
300383.SZ,2025Q4,0.01208833,917,AAA,0
300383.SZ,2026Q1,0.0052453317,978,AAA,0
300384.SZ,2025Q3,0.0011574362,1087,AAA,0
300384.SZ,2025Q4,0.0009770674,1099,AAA,0
300384.SZ,2026Q1,0.0014116734,1073,AAA,0
300385.SZ,2025Q3,0.06426135,793,AAA,0
300385.SZ,2025Q4,0.14656639,727,AAA,0
300385.SZ,2026Q1,0.50964725,597,BBB,0
300386.SZ,2025Q3,0.007702095,950,AAA,0
300386.SZ,2025Q4,0.009608177,934,AAA,0
300386.SZ,2026Q1,0.02268224,871,AAA,0
300387.SZ,2025Q3,0.001813168,1055,AAA,0
300387.SZ,2025Q4,0.0015078908,1068,AAA,0
300387.SZ,2026Q1,0.0019966187,1048,AAA,0
300388.SZ,2025Q3,0.0073457784,953,AAA,0
300388.SZ,2025Q4,0.0063553657,964,AAA,0
300388.SZ,2026Q1,0.0054282355,975,AAA,0
300389.SZ,2025Q3,0.001491434,1069,AAA,0
300389.SZ,2025Q4,0.0013190549,1078,AAA,0
300389.SZ,2026Q1,0.0022812148,1038,AAA,0
300390.SZ,2025Q3,0.0015046492,1068,AAA,0
300390.SZ,2025Q4,0.0014862714,1069,AAA,0
300390.SZ,2026Q1,0.0023595428,1036,AAA,0
300393.SZ,2025Q3,0.0069273384,958,AAA,0
300393.SZ,2025Q4,0.019399866,882,AAA,0
300393.SZ,2026Q1,0.045771595,819,AAA,0
300394.SZ,2025Q3,0.0010975536,1091,AAA,0
300394.SZ,2025Q4,0.0010690928,1093,AAA,0
300394.SZ,2026Q1,0.0008507772,1109,AAA,0
300395.SZ,2025Q3,0.0012150442,1084,AAA,0
300395.SZ,2025Q4,0.0011649516,1087,AAA,0
300395.SZ,2026Q1,0.0008632857,1108,AAA,0
300396.SZ,2025Q3,0.003979285,998,AAA,0
300396.SZ,2025Q4,0.0048252274,984,AAA,0
300396.SZ,2026Q1,0.005797234,971,AAA,0
300397.SZ,2025Q3,0.009936034,931,AAA,0
300397.SZ,2025Q4,0.0077777095,949,AAA,0
300397.SZ,2026Q1,0.012191997,917,AAA,0
300398.SZ,2025Q3,0.001142485,1088,AAA,0
300398.SZ,2025Q4,0.001152789,1087,AAA,0
300398.SZ,2026Q1,0.00094745436,1102,AAA,0
300399.SZ,2025Q3,0.006072472,967,AAA,0
300399.SZ,2025Q4,0.003707908,1003,AAA,0
300399.SZ,2026Q1,0.0028057378,1023,AAA,0
300400.SZ,2025Q3,0.0051539135,979,AAA,0
300400.SZ,2025Q4,0.0033637595,1010,AAA,0
300400.SZ,2026Q1,0.0045915465,988,AAA,0
300401.SZ,2025Q3,0.0016444057,1062,AAA,0
300401.SZ,2025Q4,0.001713881,1059,AAA,0
300401.SZ,2026Q1,0.0021513014,1042,AAA,0
300402.SZ,2025Q3,0.0016581551,1061,AAA,0
300402.SZ,2025Q4,0.0017375337,1058,AAA,0
300402.SZ,2026Q1,0.0036496436,1004,AAA,0
300403.SZ,2025Q3,0.0021475162,1043,AAA,0
300403.SZ,2025Q4,0.0037022524,1003,AAA,0
300403.SZ,2026Q1,0.004277605,993,AAA,0
300404.SZ,2025Q3,0.004607258,987,AAA,0
300404.SZ,2025Q4,0.0019448403,1050,AAA,0
300404.SZ,2026Q1,0.003057205,1017,AAA,0
300405.SZ,2025Q3,0.009909805,932,AAA,0
300405.SZ,2025Q4,0.014550908,904,AAA,0
300405.SZ,2026Q1,0.023215186,869,AAA,0
300406.SZ,2025Q3,0.0014521546,1071,AAA,0
300406.SZ,2025Q4,0.0017719748,1056,AAA,0
300406.SZ,2026Q1,0.0018496554,1053,AAA,0
300407.SZ,2025Q3,0.00117825,1086,AAA,0
300407.SZ,2025Q4,0.0014902487,1069,AAA,0
300407.SZ,2026Q1,0.0016310953,1062,AAA,0
300408.SZ,2025Q3,0.0008217456,1112,AAA,0
300408.SZ,2025Q4,0.0007857041,1115,AAA,0
300408.SZ,2026Q1,0.0007674635,1117,AAA,0
300409.SZ,2025Q3,0.0021440142,1043,AAA,0
300409.SZ,2025Q4,0.0011130685,1090,AAA,0
300409.SZ,2026Q1,0.001535554,1067,AAA,0
300410.SZ,2025Q3,0.034697935,839,AAA,0
300410.SZ,2025Q4,0.014982582,901,AAA,0
300410.SZ,2026Q1,0.008598755,942,AAA,0
300411.SZ,2025Q3,0.0022444127,1039,AAA,0
300411.SZ,2025Q4,0.0050895875,980,AAA,0
300411.SZ,2026Q1,0.0037335625,1002,AAA,0
300412.SZ,2025Q3,0.0076753185,950,AAA,0
300412.SZ,2025Q4,0.0030456393,1017,AAA,0
300412.SZ,2026Q1,0.004875325,983,AAA,0
300413.SZ,2025Q3,0.001284617,1080,AAA,0
300413.SZ,2025Q4,0.0015105589,1068,AAA,0
300413.SZ,2026Q1,0.0021157446,1044,AAA,0
300414.SZ,2025Q3,0.003873096,1000,AAA,0
300414.SZ,2025Q4,0.0039844965,998,AAA,0
300414.SZ,2026Q1,0.0065201577,962,AAA,0
300415.SZ,2025Q3,0.0008745414,1107,AAA,0
300415.SZ,2025Q4,0.0009744889,1100,AAA,0
300415.SZ,2026Q1,0.00089929043,1105,AAA,0
300416.SZ,2025Q3,0.0012266611,1083,AAA,0
300416.SZ,2025Q4,0.0014051534,1073,AAA,0
300416.SZ,2026Q1,0.0021268567,1043,AAA,0
300417.SZ,2025Q3,0.004476811,989,AAA,0
300417.SZ,2025Q4,0.0022652315,1039,AAA,0
300417.SZ,2026Q1,0.002223389,1040,AAA,0
300418.SZ,2025Q3,0.0020300024,1047,AAA,0
300418.SZ,2025Q4,0.0021912532,1041,AAA,0
300418.SZ,2026Q1,0.0027189818,1025,AAA,0
300419.SZ,2025Q3,0.011311151,922,AAA,1
300419.SZ,2025Q4,0.07362476,782,AAA,1
300419.SZ,2026Q1,0.1059496,753,AAA,0
300420.SZ,2025Q3,0.0022649805,1039,AAA,0
300420.SZ,2025Q4,0.0020611843,1045,AAA,0
300420.SZ,2026Q1,0.0051369006,979,AAA,0
300421.SZ,2025Q3,0.001344653,1076,AAA,0
300421.SZ,2025Q4,0.0017662167,1057,AAA,0
300421.SZ,2026Q1,0.004149712,995,AAA,0
300422.SZ,2025Q3,0.015171064,901,AAA,0
300422.SZ,2025Q4,0.017930405,888,AAA,0
300422.SZ,2026Q1,0.032376993,845,AAA,0
300423.SZ,2025Q3,0.09159857,765,AAA,0
300423.SZ,2025Q4,0.046368815,818,AAA,0
300423.SZ,2026Q1,0.029222034,852,AAA,0
300424.SZ,2025Q3,0.002890767,1021,AAA,0
300424.SZ,2025Q4,0.003105462,1016,AAA,0
300424.SZ,2026Q1,0.0037693526,1002,AAA,0
300425.SZ,2025Q3,0.004145588,995,AAA,0
300425.SZ,2025Q4,0.0042256103,994,AAA,0
300425.SZ,2026Q1,0.0038253812,1001,AAA,0
300426.SZ,2025Q3,0.048937865,814,AAA,0
300426.SZ,2025Q4,0.095365286,762,AAA,0
300426.SZ,2026Q1,0.6102862,567,BBB,0
300427.SZ,2025Q3,0.03626195,836,AAA,0
300427.SZ,2025Q4,0.02645744,860,AAA,0
300427.SZ,2026Q1,0.015307577,900,AAA,0
300428.SZ,2025Q3,0.0008598595,1109,AAA,0
300428.SZ,2025Q4,0.0008143011,1113,AAA,0
300428.SZ,2026Q1,0.0009147483,1104,AAA,0
300429.SZ,2025Q3,0.005782329,971,AAA,0
300429.SZ,2025Q4,0.0074371076,953,AAA,0
300429.SZ,2026Q1,0.024773747,864,AAA,0
300430.SZ,2025Q3,0.0018297047,1054,AAA,0
300430.SZ,2025Q4,0.0047108936,986,AAA,0
300430.SZ,2026Q1,0.0049864557,982,AAA,0
300432.SZ,2025Q3,0.0018929022,1052,AAA,0
300432.SZ,2025Q4,0.0013106712,1078,AAA,0
300432.SZ,2026Q1,0.0020617868,1045,AAA,0
300433.SZ,2025Q3,0.00075102,1118,AAA,0
300433.SZ,2025Q4,0.0009338671,1103,AAA,0
300433.SZ,2026Q1,0.004748687,985,AAA,0
300434.SZ,2025Q3,0.0018038506,1055,AAA,0
300434.SZ,2025Q4,0.001966816,1049,AAA,0
300434.SZ,2026Q1,0.0022231298,1040,AAA,0
300435.SZ,2025Q3,0.0015774041,1065,AAA,0
300435.SZ,2025Q4,0.00204478,1046,AAA,0
300435.SZ,2026Q1,0.0015034497,1068,AAA,0
300436.SZ,2025Q3,0.010209608,929,AAA,0
300436.SZ,2025Q4,0.0070397654,957,AAA,0
300436.SZ,2026Q1,0.0062141325,966,AAA,0
300437.SZ,2025Q3,0.017676974,889,AAA,0
300437.SZ,2025Q4,0.015428904,899,AAA,0
300437.SZ,2026Q1,0.006401916,963,AAA,0
300438.SZ,2025Q3,0.001095951,1091,AAA,0
300438.SZ,2025Q4,0.0014368786,1072,AAA,0
300438.SZ,2026Q1,0.0018118669,1055,AAA,0
300439.SZ,2025Q3,0.0013375595,1077,AAA,0
300439.SZ,2025Q4,0.0012893577,1079,AAA,0
300439.SZ,2026Q1,0.0010011848,1098,AAA,0
300440.SZ,2025Q3,0.0044587133,990,AAA,0
300440.SZ,2025Q4,0.003477821,1008,AAA,0
300440.SZ,2026Q1,0.033203136,843,AAA,0
300441.SZ,2025Q3,0.0013988607,1073,AAA,0
300441.SZ,2025Q4,0.0016434352,1062,AAA,0
300441.SZ,2026Q1,0.0020528114,1046,AAA,0
300442.SZ,2025Q3,0.0020274383,1047,AAA,0
300442.SZ,2025Q4,0.0020290965,1047,AAA,0
300442.SZ,2026Q1,0.0016849666,1060,AAA,0
300443.SZ,2025Q3,0.0013197019,1078,AAA,0
300443.SZ,2025Q4,0.00071358314,1122,AAA,0
300443.SZ,2026Q1,0.0009426806,1102,AAA,0
300444.SZ,2025Q3,0.0035110111,1007,AAA,0
300444.SZ,2025Q4,0.003285988,1012,AAA,0
300444.SZ,2026Q1,0.012027126,918,AAA,0
300445.SZ,2025Q3,0.001003772,1097,AAA,0
300445.SZ,2025Q4,0.001507534,1068,AAA,0
300445.SZ,2026Q1,0.0015958804,1064,AAA,0
300446.SZ,2025Q3,0.0009081847,1105,AAA,0
300446.SZ,2025Q4,0.0010922415,1091,AAA,0
300446.SZ,2026Q1,0.0011502798,1088,AAA,0
300447.SZ,2025Q3,0.0017934889,1056,AAA,0
300447.SZ,2025Q4,0.0025990622,1029,AAA,0
300447.SZ,2026Q1,0.0031945792,1014,AAA,0
300448.SZ,2025Q3,0.011032524,924,AAA,0
300448.SZ,2025Q4,0.008029287,947,AAA,0
300448.SZ,2026Q1,0.026410386,860,AAA,0
300449.SZ,2025Q3,0.04199101,825,AAA,0
300449.SZ,2025Q4,0.04705404,817,AAA,0
300449.SZ,2026Q1,0.07902458,777,AAA,0
300450.SZ,2025Q3,0.0008744697,1107,AAA,0
300450.SZ,2025Q4,0.0015729332,1065,AAA,0
300450.SZ,2026Q1,0.0008257924,1112,AAA,0
300451.SZ,2025Q3,0.0036390163,1004,AAA,0
300451.SZ,2025Q4,0.005947885,969,AAA,0
300451.SZ,2026Q1,0.009761916,933,AAA,0
300452.SZ,2025Q3,0.0017915445,1056,AAA,0
300452.SZ,2025Q4,0.0027598708,1024,AAA,0
300452.SZ,2026Q1,0.0016177131,1063,AAA,0
300453.SZ,2025Q3,0.0032304372,1013,AAA,0
300453.SZ,2025Q4,0.004427304,990,AAA,0
300453.SZ,2026Q1,0.002766122,1024,AAA,0
300454.SZ,2025Q3,0.001967048,1049,AAA,0
300454.SZ,2025Q4,0.00090986706,1105,AAA,0
300454.SZ,2026Q1,0.001903166,1051,AAA,0
300455.SZ,2025Q3,0.0046466226,987,AAA,0
300455.SZ,2025Q4,0.005835569,970,AAA,0
300455.SZ,2026Q1,0.011710667,919,AAA,0
300456.SZ,2025Q3,0.0050835377,980,AAA,0
300456.SZ,2025Q4,0.005633531,973,AAA,0
300456.SZ,2026Q1,0.00820592,945,AAA,0
300457.SZ,2025Q3,0.0023956879,1035,AAA,0
300457.SZ,2025Q4,0.0011666401,1087,AAA,0
300457.SZ,2026Q1,0.0014064506,1073,AAA,0
300458.SZ,2025Q3,0.0014449374,1071,AAA,0
300458.SZ,2025Q4,0.0016763789,1060,AAA,0
300458.SZ,2026Q1,0.0014666497,1070,AAA,0
300459.SZ,2025Q3,0.009252819,937,AAA,0
300459.SZ,2025Q4,0.10494025,754,AAA,0
300459.SZ,2026Q1,0.3188129,654,AA,0
300460.SZ,2025Q3,0.02092841,877,AAA,1
300460.SZ,2025Q4,0.016177177,896,AAA,1
300460.SZ,2026Q1,0.08715673,769,AAA,0
300461.SZ,2025Q3,0.024528787,865,AAA,0
300461.SZ,2025Q4,0.0059195114,969,AAA,0
300461.SZ,2026Q1,0.011906957,918,AAA,0
300462.SZ,2025Q3,0.004127448,995,AAA,1
300462.SZ,2025Q4,0.0028983597,1021,AAA,1
300462.SZ,2026Q1,0.002559383,1030,AAA,0
300463.SZ,2025Q3,0.0012380778,1082,AAA,0
300463.SZ,2025Q4,0.0020537172,1046,AAA,0
300463.SZ,2026Q1,0.0013180765,1078,AAA,0
300464.SZ,2025Q3,0.11357453,748,AAA,0
300464.SZ,2025Q4,0.108347245,752,AAA,0
300464.SZ,2026Q1,0.22102389,690,AA,0
300465.SZ,2025Q3,0.004669097,986,AAA,0
300465.SZ,2025Q4,0.0026827317,1026,AAA,0
300465.SZ,2026Q1,0.0040955273,996,AAA,0
300466.SZ,2025Q3,0.005662168,972,AAA,0
300466.SZ,2025Q4,0.012536996,914,AAA,0
300466.SZ,2026Q1,0.019051496,884,AAA,0
300467.SZ,2025Q3,0.011760301,919,AAA,0
300467.SZ,2025Q4,0.012023811,918,AAA,0
300467.SZ,2026Q1,0.0057618497,971,AAA,0
300468.SZ,2025Q3,0.0030576221,1017,AAA,0
300468.SZ,2025Q4,0.0051410743,979,AAA,0
300468.SZ,2026Q1,0.014963833,902,AAA,0
300469.SZ,2025Q3,0.005130573,979,AAA,0
300469.SZ,2025Q4,0.0054145213,976,AAA,0
300469.SZ,2026Q1,0.014473071,904,AAA,0
300470.SZ,2025Q3,0.00074816094,1119,AAA,0
300470.SZ,2025Q4,0.0010029294,1098,AAA,0
300470.SZ,2026Q1,0.00082022825,1112,AAA,0
300471.SZ,2025Q3,0.004411139,990,AAA,0
300471.SZ,2025Q4,0.0040499694,997,AAA,0
300471.SZ,2026Q1,0.004676517,986,AAA,0
300472.SZ,2025Q3,0.94653505,392,C,1
300472.SZ,2025Q4,0.76375425,515,BB,1
300472.SZ,2026Q1,0.3933473,631,A,0
300473.SZ,2025Q3,0.0009779396,1099,AAA,0
300473.SZ,2025Q4,0.001337247,1077,AAA,0
300473.SZ,2026Q1,0.0008467525,1110,AAA,0
300474.SZ,2025Q3,0.0024593545,1033,AAA,0
300474.SZ,2025Q4,0.0013478973,1076,AAA,0
300474.SZ,2026Q1,0.0063381684,964,AAA,0
300475.SZ,2025Q3,0.0012669143,1081,AAA,0
300475.SZ,2025Q4,0.0023372408,1036,AAA,0
300475.SZ,2026Q1,0.0019491832,1050,AAA,0
300476.SZ,2025Q3,0.00080227474,1114,AAA,0
300476.SZ,2025Q4,0.0007592135,1118,AAA,0
300476.SZ,2026Q1,0.0007354298,1120,AAA,0
300477.SZ,2025Q3,0.07667062,779,AAA,1
300477.SZ,2025Q4,0.8914076,448,C,1
300477.SZ,2026Q1,0.9682975,353,C,0
300478.SZ,2025Q3,0.0056991023,972,AAA,0
300478.SZ,2025Q4,0.04805558,815,AAA,0
300478.SZ,2026Q1,0.09907471,759,AAA,0
300479.SZ,2025Q3,0.028336406,854,AAA,0
300479.SZ,2025Q4,0.002876549,1021,AAA,0
300479.SZ,2026Q1,0.0041971467,994,AAA,0
300480.SZ,2025Q3,0.0021857936,1041,AAA,0
300480.SZ,2025Q4,0.0030191191,1018,AAA,0
300480.SZ,2026Q1,0.0015652261,1065,AAA,0
300481.SZ,2025Q3,0.00092461455,1103,AAA,0
300481.SZ,2025Q4,0.0010184719,1096,AAA,0
300481.SZ,2026Q1,0.0028402223,1022,AAA,0
300482.SZ,2025Q3,0.0014026699,1073,AAA,0
300482.SZ,2025Q4,0.0033675677,1010,AAA,0
300482.SZ,2026Q1,0.0012019761,1084,AAA,0
300483.SZ,2025Q3,0.040790923,827,AAA,0
300483.SZ,2025Q4,0.014498108,904,AAA,0
300483.SZ,2026Q1,0.003979103,998,AAA,0
300484.SZ,2025Q3,0.002505083,1031,AAA,0
300484.SZ,2025Q4,0.003755999,1002,AAA,0
300484.SZ,2026Q1,0.0042761005,993,AAA,0
300485.SZ,2025Q3,0.0017887009,1056,AAA,0
300485.SZ,2025Q4,0.0018471737,1053,AAA,0
300485.SZ,2026Q1,0.003410313,1009,AAA,0
300486.SZ,2025Q3,0.005568816,974,AAA,0
300486.SZ,2025Q4,0.0056908615,972,AAA,0
300486.SZ,2026Q1,0.005417971,976,AAA,0
300487.SZ,2025Q3,0.0008068948,1113,AAA,0
300487.SZ,2025Q4,0.001140357,1088,AAA,0
300487.SZ,2026Q1,0.0012790997,1080,AAA,0
300488.SZ,2025Q3,0.0010619123,1093,AAA,0
300488.SZ,2025Q4,0.00087054446,1108,AAA,0
300488.SZ,2026Q1,0.0010029685,1098,AAA,0
300489.SZ,2025Q3,0.004732484,985,AAA,0
300489.SZ,2025Q4,0.004381386,991,AAA,0
300489.SZ,2026Q1,0.0022735947,1038,AAA,0
300490.SZ,2025Q3,0.002821503,1023,AAA,0
300490.SZ,2025Q4,0.0026550337,1027,AAA,0
300490.SZ,2026Q1,0.003816861,1001,AAA,0
300491.SZ,2025Q3,0.002004761,1047,AAA,0
300491.SZ,2025Q4,0.0012681409,1081,AAA,0
300491.SZ,2026Q1,0.0029286735,1020,AAA,0
300492.SZ,2025Q3,0.004786909,984,AAA,0
300492.SZ,2025Q4,0.014586643,903,AAA,0
300492.SZ,2026Q1,0.059678536,798,AAA,0
300493.SZ,2025Q3,0.001429902,1072,AAA,0
300493.SZ,2025Q4,0.0025436166,1030,AAA,0
300493.SZ,2026Q1,0.0044385013,990,AAA,0
300494.SZ,2025Q3,0.005828856,970,AAA,0
300494.SZ,2025Q4,0.003872,1000,AAA,0
300494.SZ,2026Q1,0.0070065684,957,AAA,0
300496.SZ,2025Q3,0.0010318122,1095,AAA,0
300496.SZ,2025Q4,0.0009751219,1100,AAA,0
300496.SZ,2026Q1,0.0010037788,1097,AAA,0
300497.SZ,2025Q3,0.005252681,978,AAA,0
300497.SZ,2025Q4,0.0037605676,1002,AAA,0
300497.SZ,2026Q1,0.0040274346,997,AAA,0
300498.SZ,2025Q3,0.00197006,1049,AAA,0
300498.SZ,2025Q4,0.00932533,936,AAA,0
300498.SZ,2026Q1,0.005830848,970,AAA,0
300499.SZ,2025Q3,0.0015410073,1066,AAA,0
300499.SZ,2025Q4,0.0012392913,1082,AAA,0
300499.SZ,2026Q1,0.0019188301,1051,AAA,0
300500.SZ,2025Q3,0.0030162053,1018,AAA,0
300500.SZ,2025Q4,0.008313431,944,AAA,0
300500.SZ,2026Q1,0.0038894576,1000,AAA,0
300501.SZ,2025Q3,0.0027847677,1024,AAA,0
300501.SZ,2025Q4,0.0033649073,1010,AAA,0
300501.SZ,2026Q1,0.0046557,987,AAA,0
300502.SZ,2025Q3,0.0009313067,1103,AAA,0
300502.SZ,2025Q4,0.00090234214,1105,AAA,0
300502.SZ,2026Q1,0.001545384,1066,AAA,0
300503.SZ,2025Q3,0.004019146,997,AAA,0
300503.SZ,2025Q4,0.0013451767,1076,AAA,0
300503.SZ,2026Q1,0.0023665337,1035,AAA,0
300504.SZ,2025Q3,0.0036764299,1004,AAA,0
300504.SZ,2025Q4,0.0017080723,1059,AAA,0
300504.SZ,2026Q1,0.0036565166,1004,AAA,0
300505.SZ,2025Q3,0.0009016271,1105,AAA,0
300505.SZ,2025Q4,0.0010315164,1095,AAA,0
300505.SZ,2026Q1,0.002728189,1025,AAA,0
300506.SZ,2025Q3,0.9356247,406,C,1
300506.SZ,2025Q4,0.02210819,873,AAA,1
300506.SZ,2026Q1,0.09605805,761,AAA,0
300507.SZ,2025Q3,0.0023572743,1036,AAA,0
300507.SZ,2025Q4,0.004559145,988,AAA,0
300507.SZ,2026Q1,0.0151875,900,AAA,0
300508.SZ,2025Q3,0.0012934807,1079,AAA,0
300508.SZ,2025Q4,0.0012410282,1082,AAA,0
300508.SZ,2026Q1,0.0038069421,1001,AAA,0
300509.SZ,2025Q3,0.0036020349,1005,AAA,0
300509.SZ,2025Q4,0.0028225388,1023,AAA,0
300509.SZ,2026Q1,0.002742299,1025,AAA,0
300510.SZ,2025Q3,0.029647099,851,AAA,0
300510.SZ,2025Q4,0.021300225,876,AAA,0
300510.SZ,2026Q1,0.036548212,836,AAA,0
300511.SZ,2025Q3,0.08915856,767,AAA,0
300511.SZ,2025Q4,0.040538967,828,AAA,0
300511.SZ,2026Q1,0.016586332,894,AAA,0
300512.SZ,2025Q3,0.0016727103,1061,AAA,0
300512.SZ,2025Q4,0.0024474952,1033,AAA,0
300512.SZ,2026Q1,0.0027292971,1025,AAA,0
300513.SZ,2025Q3,0.04037146,828,AAA,0
300513.SZ,2025Q4,0.102866605,756,AAA,0
300513.SZ,2026Q1,0.08445626,771,AAA,0
300514.SZ,2025Q3,0.0012531279,1081,AAA,0
300514.SZ,2025Q4,0.0013766794,1075,AAA,0
300514.SZ,2026Q1,0.0055913855,973,AAA,0
300515.SZ,2025Q3,0.0010638102,1093,AAA,0
300515.SZ,2025Q4,0.0014716563,1070,AAA,0
300515.SZ,2026Q1,0.001470894,1070,AAA,0
300516.SZ,2025Q3,0.0017411684,1058,AAA,0
300516.SZ,2025Q4,0.0020305251,1047,AAA,0
300516.SZ,2026Q1,0.009945781,931,AAA,0
300517.SZ,2025Q3,0.013734244,908,AAA,0
300517.SZ,2025Q4,0.004330067,992,AAA,0
300517.SZ,2026Q1,0.009745961,933,AAA,0
300518.SZ,2025Q3,0.11111191,749,AAA,0
300518.SZ,2025Q4,0.06138652,796,AAA,0
300518.SZ,2026Q1,0.034756407,839,AAA,0
300519.SZ,2025Q3,0.0017638392,1057,AAA,0
300519.SZ,2025Q4,0.0020613766,1045,AAA,0
300519.SZ,2026Q1,0.0018381543,1054,AAA,0
300520.SZ,2025Q3,0.002176345,1042,AAA,0
300520.SZ,2025Q4,0.0039954437,998,AAA,0
300520.SZ,2026Q1,0.00866166,941,AAA,0
300521.SZ,2025Q3,0.0028243086,1023,AAA,0
300521.SZ,2025Q4,0.003213474,1013,AAA,0
300521.SZ,2026Q1,0.0032303466,1013,AAA,0
300522.SZ,2025Q3,0.0044799764,989,AAA,0
300522.SZ,2025Q4,0.0035921345,1005,AAA,0
300522.SZ,2026Q1,0.00658603,961,AAA,0
300523.SZ,2025Q3,0.0053874645,976,AAA,0
300523.SZ,2025Q4,0.006467196,963,AAA,0
300523.SZ,2026Q1,0.0086108735,942,AAA,0
300525.SZ,2025Q3,0.005903024,969,AAA,0
300525.SZ,2025Q4,0.0023539662,1036,AAA,0
300525.SZ,2026Q1,0.0086500235,942,AAA,0
300527.SZ,2025Q3,0.0076098186,951,AAA,1
300527.SZ,2025Q4,0.0037382657,1002,AAA,1
300527.SZ,2026Q1,0.00866807,941,AAA,0
300528.SZ,2025Q3,0.0066063018,961,AAA,0
300528.SZ,2025Q4,0.0074835876,952,AAA,0
300528.SZ,2026Q1,0.02251739,871,AAA,0
300529.SZ,2025Q3,0.0024497584,1033,AAA,0
300529.SZ,2025Q4,0.0021654859,1042,AAA,0
300529.SZ,2026Q1,0.0019385307,1050,AAA,0
300530.SZ,2025Q3,0.32221457,653,AA,0
300530.SZ,2025Q4,0.44948888,614,A,0
300530.SZ,2026Q1,0.28895867,664,AA,0
300531.SZ,2025Q3,0.0023664874,1035,AAA,0
300531.SZ,2025Q4,0.0029944968,1018,AAA,0
300531.SZ,2026Q1,0.0024442517,1033,AAA,0
300532.SZ,2025Q3,0.0011957154,1085,AAA,0
300532.SZ,2025Q4,0.0012386079,1082,AAA,0
300532.SZ,2026Q1,0.0037874882,1001,AAA,0
300533.SZ,2025Q3,0.0026853073,1026,AAA,0
300533.SZ,2025Q4,0.0042590094,993,AAA,0
300533.SZ,2026Q1,0.007924124,948,AAA,0
300534.SZ,2025Q3,0.0038510442,1000,AAA,0
300534.SZ,2025Q4,0.0027799003,1024,AAA,0
300534.SZ,2026Q1,0.0033626326,1010,AAA,0
300535.SZ,2025Q3,0.0020257516,1047,AAA,0
300535.SZ,2025Q4,0.003614579,1005,AAA,0
300535.SZ,2026Q1,0.004528995,989,AAA,0
300536.SZ,2025Q3,0.04055768,828,AAA,0
300536.SZ,2025Q4,0.09554654,762,AAA,0
300536.SZ,2026Q1,0.15741083,721,AAA,0
300537.SZ,2025Q3,0.0016415563,1062,AAA,0
300537.SZ,2025Q4,0.0021091588,1044,AAA,0
300537.SZ,2026Q1,0.0029017709,1021,AAA,0
300538.SZ,2025Q3,0.0020176077,1047,AAA,0
300538.SZ,2025Q4,0.0022027546,1041,AAA,0
300538.SZ,2026Q1,0.002418308,1034,AAA,0
300539.SZ,2025Q3,0.0012678879,1081,AAA,0
300539.SZ,2025Q4,0.0013819567,1074,AAA,0
300539.SZ,2026Q1,0.0030544694,1017,AAA,0
300540.SZ,2025Q3,0.0028561864,1022,AAA,0
300540.SZ,2025Q4,0.0022460031,1039,AAA,0
300540.SZ,2026Q1,0.013212504,911,AAA,0
300541.SZ,2025Q3,0.0032760361,1012,AAA,0
300541.SZ,2025Q4,0.002597567,1029,AAA,0
300541.SZ,2026Q1,0.0025158646,1031,AAA,0
300542.SZ,2025Q3,0.0050119036,981,AAA,0
300542.SZ,2025Q4,0.004207547,994,AAA,0
300542.SZ,2026Q1,0.0054846117,975,AAA,0
300543.SZ,2025Q3,0.0033151754,1011,AAA,0
300543.SZ,2025Q4,0.0046297973,987,AAA,0
300543.SZ,2026Q1,0.0029085432,1021,AAA,0
300545.SZ,2025Q3,0.0021857761,1041,AAA,0
300545.SZ,2025Q4,0.0017654063,1057,AAA,0
300545.SZ,2026Q1,0.00095419114,1101,AAA,0
300546.SZ,2025Q3,0.0010719186,1093,AAA,0
300546.SZ,2025Q4,0.0012675691,1081,AAA,0
300546.SZ,2026Q1,0.0045624436,988,AAA,0
300547.SZ,2025Q3,0.0016568153,1061,AAA,0
300547.SZ,2025Q4,0.0017254994,1058,AAA,0
300547.SZ,2026Q1,0.0012426736,1082,AAA,0
300548.SZ,2025Q3,0.002855741,1022,AAA,0
300548.SZ,2025Q4,0.0017824414,1056,AAA,0
300548.SZ,2026Q1,0.0011198343,1090,AAA,0
300549.SZ,2025Q3,0.0018018924,1055,AAA,0
300549.SZ,2025Q4,0.002451514,1033,AAA,0
300549.SZ,2026Q1,0.0030053174,1018,AAA,0
300550.SZ,2025Q3,0.019224586,883,AAA,0
300550.SZ,2025Q4,0.0034408744,1008,AAA,0
300550.SZ,2026Q1,0.009095852,938,AAA,0
300551.SZ,2025Q3,0.15406927,722,AAA,0
300551.SZ,2025Q4,0.14208546,729,AAA,0
300551.SZ,2026Q1,0.4361353,618,A,0
300552.SZ,2025Q3,0.004287591,992,AAA,0
300552.SZ,2025Q4,0.0033970368,1009,AAA,0
300552.SZ,2026Q1,0.0030804102,1016,AAA,0
300553.SZ,2025Q3,0.0010550523,1094,AAA,0
300553.SZ,2025Q4,0.0008578365,1109,AAA,0
300553.SZ,2026Q1,0.0015616169,1066,AAA,0
300554.SZ,2025Q3,0.0068827085,958,AAA,0
300554.SZ,2025Q4,0.009800039,932,AAA,0
300554.SZ,2026Q1,0.029888947,851,AAA,0
300555.SZ,2025Q3,0.5758101,577,BBB,1
300555.SZ,2025Q4,0.09123792,765,AAA,1
300555.SZ,2026Q1,0.2895901,664,AA,0
300556.SZ,2025Q3,0.014228785,905,AAA,0
300556.SZ,2025Q4,0.008906597,939,AAA,0
300556.SZ,2026Q1,0.010487335,927,AAA,0
300557.SZ,2025Q3,0.0015583164,1066,AAA,0
300557.SZ,2025Q4,0.0015948466,1064,AAA,0
300557.SZ,2026Q1,0.0016429588,1062,AAA,0
300558.SZ,2025Q3,0.0012557768,1081,AAA,0
300558.SZ,2025Q4,0.0014622025,1070,AAA,0
300558.SZ,2026Q1,0.0014075334,1073,AAA,0
300559.SZ,2025Q3,0.0040531307,997,AAA,0
300559.SZ,2025Q4,0.0026453706,1027,AAA,0
300559.SZ,2026Q1,0.017761622,889,AAA,0
300560.SZ,2025Q3,0.004424875,990,AAA,0
300560.SZ,2025Q4,0.01708623,892,AAA,0
300560.SZ,2026Q1,0.01041739,928,AAA,0
300561.SZ,2025Q3,0.0039062425,999,AAA,1
300561.SZ,2025Q4,0.0074225706,953,AAA,1
300561.SZ,2026Q1,0.02912348,852,AAA,0
300562.SZ,2025Q3,0.0015993951,1064,AAA,0
300562.SZ,2025Q4,0.0017888799,1056,AAA,0
300562.SZ,2026Q1,0.0017749438,1056,AAA,0
300563.SZ,2025Q3,0.0010944278,1091,AAA,0
300563.SZ,2025Q4,0.0010871544,1092,AAA,0
300563.SZ,2026Q1,0.0012054518,1084,AAA,0
300564.SZ,2025Q3,0.0023404364,1036,AAA,0
300564.SZ,2025Q4,0.0012587275,1081,AAA,0
300564.SZ,2026Q1,0.002325511,1037,AAA,0
300565.SZ,2025Q3,0.05813085,800,AAA,0
300565.SZ,2025Q4,0.052219644,809,AAA,0
300565.SZ,2026Q1,0.05731363,801,AAA,0
300566.SZ,2025Q3,0.0009004068,1105,AAA,0
300566.SZ,2025Q4,0.0009887264,1099,AAA,0
300566.SZ,2026Q1,0.001121044,1089,AAA,0
300567.SZ,2025Q3,0.0009922046,1098,AAA,0
300567.SZ,2025Q4,0.0015849076,1064,AAA,0
300567.SZ,2026Q1,0.0019525394,1049,AAA,0
300568.SZ,2025Q3,0.002965068,1019,AAA,0
300568.SZ,2025Q4,0.006372722,964,AAA,0
300568.SZ,2026Q1,0.0025540895,1030,AAA,0
300569.SZ,2025Q3,0.0037467394,1002,AAA,0
300569.SZ,2025Q4,0.0033651665,1010,AAA,0
300569.SZ,2026Q1,0.0046448433,987,AAA,0
300570.SZ,2025Q3,0.00089536054,1106,AAA,0
300570.SZ,2025Q4,0.0010511421,1094,AAA,0
300570.SZ,2026Q1,0.0039081783,999,AAA,0
300571.SZ,2025Q3,0.0018274211,1054,AAA,0
300571.SZ,2025Q4,0.0067975377,959,AAA,0
300571.SZ,2026Q1,0.0042043217,994,AAA,0
300572.SZ,2025Q3,0.0024837058,1032,AAA,0
300572.SZ,2025Q4,0.01007246,930,AAA,0
300572.SZ,2026Q1,0.012981588,912,AAA,0
300573.SZ,2025Q3,0.0015848655,1064,AAA,0
300573.SZ,2025Q4,0.001646527,1062,AAA,0
300573.SZ,2026Q1,0.00087518495,1107,AAA,0
300575.SZ,2025Q3,0.003105595,1016,AAA,0
300575.SZ,2025Q4,0.004231304,993,AAA,0
300575.SZ,2026Q1,0.004937252,982,AAA,0
300576.SZ,2025Q3,0.0011583009,1087,AAA,0
300576.SZ,2025Q4,0.0014765594,1070,AAA,0
300576.SZ,2026Q1,0.0018274984,1054,AAA,0
300577.SZ,2025Q3,0.00062284525,1132,AAA,0
300577.SZ,2025Q4,0.0010946628,1091,AAA,0
300577.SZ,2026Q1,0.0011313979,1089,AAA,0
300578.SZ,2025Q3,0.0019077021,1051,AAA,0
300578.SZ,2025Q4,0.0047236993,985,AAA,0
300578.SZ,2026Q1,0.010763665,926,AAA,0
300579.SZ,2025Q3,0.0057031377,972,AAA,0
300579.SZ,2025Q4,0.00711017,956,AAA,0
300579.SZ,2026Q1,0.0047015417,986,AAA,0
300580.SZ,2025Q3,0.00117267,1086,AAA,0
300580.SZ,2025Q4,0.0011334514,1089,AAA,0
300580.SZ,2026Q1,0.0014921608,1069,AAA,0
300581.SZ,2025Q3,0.0055831727,973,AAA,0
300581.SZ,2025Q4,0.0050026,981,AAA,0
300581.SZ,2026Q1,0.024173196,866,AAA,0
300582.SZ,2025Q3,0.0028325645,1022,AAA,0
300582.SZ,2025Q4,0.007555174,951,AAA,0
300582.SZ,2026Q1,0.01200018,918,AAA,0
300583.SZ,2025Q3,0.0019540295,1049,AAA,0
300583.SZ,2025Q4,0.0024201425,1034,AAA,0
300583.SZ,2026Q1,0.0013181431,1078,AAA,0
300584.SZ,2025Q3,0.0025917287,1029,AAA,0
300584.SZ,2025Q4,0.0019240534,1050,AAA,0
300584.SZ,2026Q1,0.0021278458,1043,AAA,0
300585.SZ,2025Q3,0.002372334,1035,AAA,0
300585.SZ,2025Q4,0.006117717,967,AAA,0
300585.SZ,2026Q1,0.009531368,934,AAA,0
300586.SZ,2025Q3,0.0024453367,1033,AAA,0
300586.SZ,2025Q4,0.0038837167,1000,AAA,0
300586.SZ,2026Q1,0.013624097,908,AAA,0
300587.SZ,2025Q3,0.00882369,940,AAA,0
300587.SZ,2025Q4,0.013446339,909,AAA,0
300587.SZ,2026Q1,0.010024051,931,AAA,0
300588.SZ,2025Q3,0.008563438,942,AAA,0
300588.SZ,2025Q4,0.0075455164,951,AAA,0
300588.SZ,2026Q1,0.023311745,869,AAA,0
300589.SZ,2025Q3,0.013383578,910,AAA,0
300589.SZ,2025Q4,0.026040427,861,AAA,0
300589.SZ,2026Q1,0.025620138,862,AAA,0
300590.SZ,2025Q3,0.0021128121,1044,AAA,0
300590.SZ,2025Q4,0.0019754008,1049,AAA,0
300590.SZ,2026Q1,0.0041724313,994,AAA,0
300591.SZ,2025Q3,0.029894939,851,AAA,0
300591.SZ,2025Q4,0.1110704,750,AAA,0
300591.SZ,2026Q1,0.056744926,802,AAA,0
300592.SZ,2025Q3,0.0041759056,994,AAA,0
300592.SZ,2025Q4,0.0028496073,1022,AAA,0
300592.SZ,2026Q1,0.004029995,997,AAA,0
300593.SZ,2025Q3,0.0020135324,1047,AAA,0
300593.SZ,2025Q4,0.0022607807,1039,AAA,0
300593.SZ,2026Q1,0.0046243155,987,AAA,0
300594.SZ,2025Q3,0.0029829212,1019,AAA,0
300594.SZ,2025Q4,0.009979405,931,AAA,0
300594.SZ,2026Q1,0.004363279,991,AAA,0
300595.SZ,2025Q3,0.0012408339,1082,AAA,0
300595.SZ,2025Q4,0.0012597517,1081,AAA,0
300595.SZ,2026Q1,0.0013309675,1077,AAA,0
300596.SZ,2025Q3,0.0007328601,1120,AAA,0
300596.SZ,2025Q4,0.0008444203,1110,AAA,0
300596.SZ,2026Q1,0.001000026,1098,AAA,0
300597.SZ,2025Q3,0.007910075,948,AAA,0
300597.SZ,2025Q4,0.015472222,899,AAA,0
300597.SZ,2026Q1,0.022368295,872,AAA,0
300598.SZ,2025Q3,0.0023202908,1037,AAA,0
300598.SZ,2025Q4,0.003207669,1013,AAA,0
300598.SZ,2026Q1,0.0061170966,967,AAA,0
300599.SZ,2025Q3,0.0039234627,999,AAA,0
300599.SZ,2025Q4,0.0050166734,981,AAA,0
300599.SZ,2026Q1,0.0018189654,1055,AAA,0
300600.SZ,2025Q3,0.019209798,883,AAA,0
300600.SZ,2025Q4,0.013616538,908,AAA,0
300600.SZ,2026Q1,0.014689409,903,AAA,0
300601.SZ,2025Q3,0.0012892693,1079,AAA,0
300601.SZ,2025Q4,0.0020065315,1047,AAA,0
300601.SZ,2026Q1,0.002374616,1035,AAA,0
300602.SZ,2025Q3,0.0009794902,1099,AAA,0
300602.SZ,2025Q4,0.0010077399,1097,AAA,0
300602.SZ,2026Q1,0.0010117312,1097,AAA,0
300603.SZ,2025Q3,0.023119308,870,AAA,0
300603.SZ,2025Q4,0.014471649,904,AAA,0
300603.SZ,2026Q1,0.033298045,842,AAA,0
300604.SZ,2025Q3,0.0010992907,1091,AAA,0
300604.SZ,2025Q4,0.0018434225,1054,AAA,0
300604.SZ,2026Q1,0.00088786625,1106,AAA,0
300605.SZ,2025Q3,0.007490501,952,AAA,0
300605.SZ,2025Q4,0.00986235,932,AAA,0
300605.SZ,2026Q1,0.016093675,896,AAA,0
300606.SZ,2025Q3,0.0012032407,1084,AAA,0
300606.SZ,2025Q4,0.0014931031,1069,AAA,0
300606.SZ,2026Q1,0.0017460843,1057,AAA,0
300607.SZ,2025Q3,0.0035386677,1006,AAA,0
300607.SZ,2025Q4,0.0026415535,1028,AAA,0
300607.SZ,2026Q1,0.012259722,916,AAA,0
300608.SZ,2025Q3,0.0067629702,959,AAA,0
300608.SZ,2025Q4,0.00913698,938,AAA,0
300608.SZ,2026Q1,0.0074595097,952,AAA,0
300609.SZ,2025Q3,0.002580223,1029,AAA,0
300609.SZ,2025Q4,0.0025876039,1029,AAA,0
300609.SZ,2026Q1,0.0033835531,1010,AAA,0
300610.SZ,2025Q3,0.0046467395,987,AAA,0
300610.SZ,2025Q4,0.004858079,983,AAA,0
300610.SZ,2026Q1,0.004462612,990,AAA,0
300611.SZ,2025Q3,0.00097324053,1100,AAA,0
300611.SZ,2025Q4,0.0010055667,1097,AAA,0
300611.SZ,2026Q1,0.0012258132,1083,AAA,0
300612.SZ,2025Q3,0.021590414,875,AAA,0
300612.SZ,2025Q4,0.027499016,857,AAA,0
300612.SZ,2026Q1,0.012994883,912,AAA,0
300613.SZ,2025Q3,0.0011784543,1086,AAA,0
300613.SZ,2025Q4,0.0012241727,1083,AAA,0
300613.SZ,2026Q1,0.0011737898,1086,AAA,0
300614.SZ,2025Q3,0.010696805,926,AAA,0
300614.SZ,2025Q4,0.06649814,790,AAA,0
300614.SZ,2026Q1,0.10653373,753,AAA,0
300615.SZ,2025Q3,0.0029054044,1021,AAA,0
300615.SZ,2025Q4,0.0063925385,964,AAA,0
300615.SZ,2026Q1,0.011489482,921,AAA,0
300616.SZ,2025Q3,0.0026134318,1028,AAA,0
300616.SZ,2025Q4,0.0032801337,1012,AAA,0
300616.SZ,2026Q1,0.0033816902,1010,AAA,0
300617.SZ,2025Q3,0.0013892897,1074,AAA,0
300617.SZ,2025Q4,0.0010416082,1095,AAA,0
300617.SZ,2026Q1,0.0018640636,1053,AAA,0
300618.SZ,2025Q3,0.0009895146,1098,AAA,0
300618.SZ,2025Q4,0.0013477298,1076,AAA,0
300618.SZ,2026Q1,0.0016847549,1060,AAA,0
300619.SZ,2025Q3,0.0057673403,971,AAA,0
300619.SZ,2025Q4,0.004777589,985,AAA,0
300619.SZ,2026Q1,0.0050921766,980,AAA,0
300620.SZ,2025Q3,0.0010712603,1093,AAA,0
300620.SZ,2025Q4,0.00104793,1094,AAA,0
300620.SZ,2026Q1,0.0011059343,1090,AAA,0
300621.SZ,2025Q3,0.0042466815,993,AAA,0
300621.SZ,2025Q4,0.016067676,896,AAA,0
300621.SZ,2026Q1,0.028771138,853,AAA,0
300622.SZ,2025Q3,0.0107203815,926,AAA,0
300622.SZ,2025Q4,0.012888348,912,AAA,0
300622.SZ,2026Q1,0.01631106,895,AAA,0
300623.SZ,2025Q3,0.0015261271,1067,AAA,0
300623.SZ,2025Q4,0.0013307045,1077,AAA,0
300623.SZ,2026Q1,0.00118314,1086,AAA,0
300624.SZ,2025Q3,0.006949591,957,AAA,0
300624.SZ,2025Q4,0.0050512273,981,AAA,0
300624.SZ,2026Q1,0.0053127618,977,AAA,0
300625.SZ,2025Q3,0.002318671,1037,AAA,0
300625.SZ,2025Q4,0.003057395,1017,AAA,0
300625.SZ,2026Q1,0.004256854,993,AAA,0
300626.SZ,2025Q3,0.0083878115,944,AAA,0
300626.SZ,2025Q4,0.0068842564,958,AAA,0
300626.SZ,2026Q1,0.007185728,955,AAA,0
300627.SZ,2025Q3,0.0009907164,1098,AAA,0
300627.SZ,2025Q4,0.0009631178,1100,AAA,0
300627.SZ,2026Q1,0.0013950897,1074,AAA,0
300628.SZ,2025Q3,0.0020377948,1046,AAA,0
300628.SZ,2025Q4,0.0013044557,1079,AAA,0
300628.SZ,2026Q1,0.0012836423,1080,AAA,0
300629.SZ,2025Q3,0.0018363083,1054,AAA,0
300629.SZ,2025Q4,0.0016995174,1059,AAA,0
300629.SZ,2026Q1,0.0045996523,987,AAA,0
300631.SZ,2025Q3,0.00089331536,1106,AAA,0
300631.SZ,2025Q4,0.000840259,1110,AAA,0
300631.SZ,2026Q1,0.0013634728,1075,AAA,0
300632.SZ,2025Q3,0.0015960702,1064,AAA,0
300632.SZ,2025Q4,0.0020117757,1047,AAA,0
300632.SZ,2026Q1,0.002079939,1045,AAA,0
300633.SZ,2025Q3,0.0015056538,1068,AAA,0
300633.SZ,2025Q4,0.00088807056,1106,AAA,0
300633.SZ,2026Q1,0.0024355575,1033,AAA,0
300634.SZ,2025Q3,0.00151472,1068,AAA,0
300634.SZ,2025Q4,0.0023901295,1035,AAA,0
300634.SZ,2026Q1,0.0034658075,1008,AAA,0
300635.SZ,2025Q3,0.004574698,988,AAA,0
300635.SZ,2025Q4,0.0076435297,951,AAA,0
300635.SZ,2026Q1,0.013990366,906,AAA,0
300636.SZ,2025Q3,0.0015216854,1067,AAA,0
300636.SZ,2025Q4,0.0016944765,1060,AAA,0
300636.SZ,2026Q1,0.003035518,1017,AAA,0
300637.SZ,2025Q3,0.006527167,962,AAA,0
300637.SZ,2025Q4,0.0076788384,950,AAA,0
300637.SZ,2026Q1,0.009086114,938,AAA,0
300638.SZ,2025Q3,0.0014319344,1072,AAA,0
300638.SZ,2025Q4,0.0009382121,1102,AAA,0
300638.SZ,2026Q1,0.0046964996,986,AAA,0
300639.SZ,2025Q3,0.006632634,961,AAA,0
300639.SZ,2025Q4,0.0049191345,983,AAA,0
300639.SZ,2026Q1,0.0056201885,973,AAA,0
300640.SZ,2025Q3,0.0011995193,1085,AAA,0
300640.SZ,2025Q4,0.0017279398,1058,AAA,0
300640.SZ,2026Q1,0.003443367,1008,AAA,0
300641.SZ,2025Q3,0.010778586,926,AAA,0
300641.SZ,2025Q4,0.042139396,825,AAA,0
300641.SZ,2026Q1,0.018766137,885,AAA,0
300642.SZ,2025Q3,0.0014212574,1072,AAA,0
300642.SZ,2025Q4,0.0018604696,1053,AAA,0
300642.SZ,2026Q1,0.0016477094,1062,AAA,0
300643.SZ,2025Q3,0.0010730389,1093,AAA,0
300643.SZ,2025Q4,0.001488211,1069,AAA,0
300643.SZ,2026Q1,0.0013033311,1079,AAA,0
300644.SZ,2025Q3,0.0009257469,1103,AAA,0
300644.SZ,2025Q4,0.0008301305,1111,AAA,0
300644.SZ,2026Q1,0.00087801815,1107,AAA,0
300645.SZ,2025Q3,0.0030490495,1017,AAA,0
300645.SZ,2025Q4,0.0024973988,1032,AAA,0
300645.SZ,2026Q1,0.007087617,956,AAA,0
300647.SZ,2025Q3,0.013773804,908,AAA,0
300647.SZ,2025Q4,0.039497778,830,AAA,0
300647.SZ,2026Q1,0.15040372,724,AAA,0
300648.SZ,2025Q3,0.001337152,1077,AAA,0
300648.SZ,2025Q4,0.001700792,1059,AAA,0
300648.SZ,2026Q1,0.0021163437,1044,AAA,0
300649.SZ,2025Q3,0.010490254,927,AAA,0
300649.SZ,2025Q4,0.020606602,878,AAA,0
300649.SZ,2026Q1,0.014975646,901,AAA,0
300650.SZ,2025Q3,0.0017427515,1058,AAA,0
300650.SZ,2025Q4,0.0015104136,1068,AAA,0
300650.SZ,2026Q1,0.0022022987,1041,AAA,0
300651.SZ,2025Q3,0.0015723866,1065,AAA,0
300651.SZ,2025Q4,0.0010849506,1092,AAA,0
300651.SZ,2026Q1,0.002213481,1040,AAA,0
300652.SZ,2025Q3,0.0011695944,1086,AAA,0
300652.SZ,2025Q4,0.00084922335,1110,AAA,0
300652.SZ,2026Q1,0.0012358063,1082,AAA,0
300653.SZ,2025Q3,0.0011981352,1085,AAA,0
300653.SZ,2025Q4,0.0012872007,1079,AAA,0
300653.SZ,2026Q1,0.004177175,994,AAA,0
300654.SZ,2025Q3,0.0022654363,1039,AAA,0
300654.SZ,2025Q4,0.0025245335,1031,AAA,0
300654.SZ,2026Q1,0.00361674,1005,AAA,0
300655.SZ,2025Q3,0.0044268374,990,AAA,0
300655.SZ,2025Q4,0.0050089913,981,AAA,0
300655.SZ,2026Q1,0.01261337,914,AAA,0
300656.SZ,2025Q3,0.015453777,899,AAA,0
300656.SZ,2025Q4,0.015055592,901,AAA,0
300656.SZ,2026Q1,0.02415629,866,AAA,0
300657.SZ,2025Q3,0.0036684007,1004,AAA,0
300657.SZ,2025Q4,0.0028946633,1021,AAA,0
300657.SZ,2026Q1,0.005326798,977,AAA,0
300658.SZ,2025Q3,0.0016821665,1060,AAA,0
300658.SZ,2025Q4,0.0025230066,1031,AAA,0
300658.SZ,2026Q1,0.0025407425,1030,AAA,0
300659.SZ,2025Q3,0.0040894016,996,AAA,0
300659.SZ,2025Q4,0.0059658373,969,AAA,0
300659.SZ,2026Q1,0.016251918,895,AAA,0
300660.SZ,2025Q3,0.00092805544,1103,AAA,0
300660.SZ,2025Q4,0.0008881772,1106,AAA,0
300660.SZ,2026Q1,0.0008068022,1113,AAA,0
300661.SZ,2025Q3,0.00069654256,1124,AAA,0
300661.SZ,2025Q4,0.0007150951,1122,AAA,0
300661.SZ,2026Q1,0.0007605775,1117,AAA,0
300662.SZ,2025Q3,0.0009889025,1099,AAA,0
300662.SZ,2025Q4,0.0010684213,1093,AAA,0
300662.SZ,2026Q1,0.0009801105,1099,AAA,0
300663.SZ,2025Q3,0.06968815,786,AAA,0
300663.SZ,2025Q4,0.083240286,773,AAA,0
300663.SZ,2026Q1,0.36435616,640,A,0
300664.SZ,2025Q3,0.004197918,994,AAA,0
300664.SZ,2025Q4,0.005249645,978,AAA,0
300664.SZ,2026Q1,0.004856053,983,AAA,0
300665.SZ,2025Q3,0.016061459,896,AAA,0
300665.SZ,2025Q4,0.015366374,900,AAA,0
300665.SZ,2026Q1,0.032050963,845,AAA,0
300666.SZ,2025Q3,0.00073873193,1120,AAA,0
300666.SZ,2025Q4,0.00074111804,1119,AAA,0
300666.SZ,2026Q1,0.0007853317,1115,AAA,0
300667.SZ,2025Q3,0.0031627633,1015,AAA,0
300667.SZ,2025Q4,0.0029922698,1019,AAA,0
300667.SZ,2026Q1,0.0016496126,1062,AAA,0
300668.SZ,2025Q3,0.0013725498,1075,AAA,0
300668.SZ,2025Q4,0.0016896768,1060,AAA,0
300668.SZ,2026Q1,0.0052386527,978,AAA,0
300669.SZ,2025Q3,0.0015728928,1065,AAA,0
300669.SZ,2025Q4,0.0020783788,1045,AAA,0
300669.SZ,2026Q1,0.0029187736,1020,AAA,0
300670.SZ,2025Q3,0.025804732,861,AAA,0
300670.SZ,2025Q4,0.06718112,789,AAA,0
300670.SZ,2026Q1,0.07983903,776,AAA,0
300671.SZ,2025Q3,0.002169601,1042,AAA,0
300671.SZ,2025Q4,0.0021349296,1043,AAA,0
300671.SZ,2026Q1,0.0021644724,1042,AAA,0
300672.SZ,2025Q3,0.002566553,1030,AAA,0
300672.SZ,2025Q4,0.0025303434,1031,AAA,0
300672.SZ,2026Q1,0.0013621444,1075,AAA,0
300673.SZ,2025Q3,0.0009874584,1099,AAA,0
300673.SZ,2025Q4,0.0009704096,1100,AAA,0
300673.SZ,2026Q1,0.0023291328,1037,AAA,0
300674.SZ,2025Q3,0.0014429134,1071,AAA,0
300674.SZ,2025Q4,0.0013100648,1078,AAA,0
300674.SZ,2026Q1,0.0017963543,1055,AAA,0
300675.SZ,2025Q3,0.005892476,969,AAA,0
300675.SZ,2025Q4,0.008683934,941,AAA,0
300675.SZ,2026Q1,0.010695135,926,AAA,0
300676.SZ,2025Q3,0.0015768666,1065,AAA,0
300676.SZ,2025Q4,0.0012100812,1084,AAA,0
300676.SZ,2026Q1,0.0017594929,1057,AAA,0
300677.SZ,2025Q3,0.0007504223,1118,AAA,0
300677.SZ,2025Q4,0.0009645655,1100,AAA,0
300677.SZ,2026Q1,0.002515259,1031,AAA,0
300678.SZ,2025Q3,0.0018733508,1052,AAA,0
300678.SZ,2025Q4,0.0013801666,1074,AAA,0
300678.SZ,2026Q1,0.003522886,1007,AAA,0
300679.SZ,2025Q3,0.0008940225,1106,AAA,0
300679.SZ,2025Q4,0.0019673111,1049,AAA,0
300679.SZ,2026Q1,0.0011694133,1086,AAA,0
300680.SZ,2025Q3,0.00084456184,1110,AAA,0
300680.SZ,2025Q4,0.0011223413,1089,AAA,0
300680.SZ,2026Q1,0.0013112955,1078,AAA,0
300681.SZ,2025Q3,0.0008389877,1110,AAA,0
300681.SZ,2025Q4,0.00073381234,1120,AAA,0
300681.SZ,2026Q1,0.0010069789,1097,AAA,0
300682.SZ,2025Q3,0.002261765,1039,AAA,0
300682.SZ,2025Q4,0.002428295,1034,AAA,0
300682.SZ,2026Q1,0.0043628355,991,AAA,0
300683.SZ,2025Q3,0.0020909868,1044,AAA,0
300683.SZ,2025Q4,0.0020279603,1047,AAA,0
300683.SZ,2026Q1,0.0024607938,1033,AAA,0
300684.SZ,2025Q3,0.0014196152,1072,AAA,0
300684.SZ,2025Q4,0.0011102019,1090,AAA,0
300684.SZ,2026Q1,0.0009256874,1103,AAA,0
300685.SZ,2025Q3,0.0019780188,1048,AAA,0
300685.SZ,2025Q4,0.001684544,1060,AAA,0
300685.SZ,2026Q1,0.0014104431,1073,AAA,0
300686.SZ,2025Q3,0.007343226,953,AAA,0
300686.SZ,2025Q4,0.013291906,910,AAA,0
300686.SZ,2026Q1,0.015242279,900,AAA,0
300687.SZ,2025Q3,0.003646148,1004,AAA,0
300687.SZ,2025Q4,0.0073637413,953,AAA,0
300687.SZ,2026Q1,0.00342781,1009,AAA,0
300688.SZ,2025Q3,0.07670391,779,AAA,0
300688.SZ,2025Q4,0.051376928,810,AAA,0
300688.SZ,2026Q1,0.073967606,782,AAA,0
300689.SZ,2025Q3,0.002179993,1041,AAA,0
300689.SZ,2025Q4,0.0016525774,1061,AAA,0
300689.SZ,2026Q1,0.0035782242,1006,AAA,0
300690.SZ,2025Q3,0.0010412049,1095,AAA,0
300690.SZ,2025Q4,0.00073796604,1120,AAA,0
300690.SZ,2026Q1,0.0014155761,1073,AAA,0
300691.SZ,2025Q3,0.0030896817,1016,AAA,0
300691.SZ,2025Q4,0.0017911887,1056,AAA,0
300691.SZ,2026Q1,0.0028482717,1022,AAA,0
300692.SZ,2025Q3,0.0030530526,1017,AAA,0
300692.SZ,2025Q4,0.006614537,961,AAA,0
300692.SZ,2026Q1,0.0071586194,955,AAA,0
300693.SZ,2025Q3,0.0008925407,1106,AAA,0
300693.SZ,2025Q4,0.0012489383,1082,AAA,0
300693.SZ,2026Q1,0.0008767691,1107,AAA,0
300694.SZ,2025Q3,0.0017812736,1056,AAA,0
300694.SZ,2025Q4,0.0023164714,1037,AAA,0
300694.SZ,2026Q1,0.0025691213,1030,AAA,0
300695.SZ,2025Q3,0.0011069693,1090,AAA,0
300695.SZ,2025Q4,0.0010286645,1096,AAA,0
300695.SZ,2026Q1,0.0018891529,1052,AAA,0
300696.SZ,2025Q3,0.0022202907,1040,AAA,0
300696.SZ,2025Q4,0.0024627107,1033,AAA,0
300696.SZ,2026Q1,0.0037165673,1003,AAA,0
300697.SZ,2025Q3,0.0021388624,1043,AAA,0
300697.SZ,2025Q4,0.0017238829,1058,AAA,0
300697.SZ,2026Q1,0.0017268831,1058,AAA,0
300698.SZ,2025Q3,0.002502925,1031,AAA,0
300698.SZ,2025Q4,0.0033098827,1011,AAA,0
300698.SZ,2026Q1,0.010690863,926,AAA,0
300699.SZ,2025Q3,0.0010037429,1097,AAA,0
300699.SZ,2025Q4,0.0016062183,1063,AAA,0
300699.SZ,2026Q1,0.0011876724,1085,AAA,0
300700.SZ,2025Q3,0.010467451,928,AAA,0
300700.SZ,2025Q4,0.009281807,936,AAA,0
300700.SZ,2026Q1,0.017742988,889,AAA,0
300701.SZ,2025Q3,0.003832236,1001,AAA,0
300701.SZ,2025Q4,0.0028540876,1022,AAA,0
300701.SZ,2026Q1,0.0032014681,1014,AAA,0
300702.SZ,2025Q3,0.001071522,1093,AAA,0
300702.SZ,2025Q4,0.0012076222,1084,AAA,0
300702.SZ,2026Q1,0.0011344526,1089,AAA,0
300703.SZ,2025Q3,0.0011229968,1089,AAA,0
300703.SZ,2025Q4,0.0013650534,1075,AAA,0
300703.SZ,2026Q1,0.003229708,1013,AAA,0
300705.SZ,2025Q3,0.0018058514,1055,AAA,0
300705.SZ,2025Q4,0.0019190621,1051,AAA,0
300705.SZ,2026Q1,0.0016682094,1061,AAA,0
300706.SZ,2025Q3,0.0019495692,1049,AAA,0
300706.SZ,2025Q4,0.0021724727,1042,AAA,0
300706.SZ,2026Q1,0.0021241999,1043,AAA,0
300707.SZ,2025Q3,0.0019501668,1049,AAA,0
300707.SZ,2025Q4,0.0019679011,1049,AAA,0
300707.SZ,2026Q1,0.0037565308,1002,AAA,0
300708.SZ,2025Q3,0.0027063915,1026,AAA,0
300708.SZ,2025Q4,0.0041079097,996,AAA,0
300708.SZ,2026Q1,0.0076391767,951,AAA,0
300709.SZ,2025Q3,0.0008806751,1107,AAA,0
300709.SZ,2025Q4,0.0017955492,1055,AAA,0
300709.SZ,2026Q1,0.0011271235,1089,AAA,0
300710.SZ,2025Q3,0.04579842,819,AAA,0
300710.SZ,2025Q4,0.023970496,867,AAA,0
300710.SZ,2026Q1,0.048016977,815,AAA,0
300711.SZ,2025Q3,0.0023370564,1036,AAA,0
300711.SZ,2025Q4,0.0015013058,1068,AAA,0
300711.SZ,2026Q1,0.0046337238,987,AAA,0
300712.SZ,2025Q3,0.004068039,996,AAA,0
300712.SZ,2025Q4,0.005223735,978,AAA,0
300712.SZ,2026Q1,0.012456486,915,AAA,0
300713.SZ,2025Q3,0.0038635049,1000,AAA,0
300713.SZ,2025Q4,0.017156387,892,AAA,0
300713.SZ,2026Q1,0.010416042,928,AAA,0
300715.SZ,2025Q3,0.0020560015,1046,AAA,0
300715.SZ,2025Q4,0.0016864608,1060,AAA,0
300715.SZ,2026Q1,0.0018534891,1053,AAA,0
300716.SZ,2025Q3,0.8928407,447,C,1
300716.SZ,2025Q4,0.9234236,420,C,1
300716.SZ,2026Q1,0.86798996,464,B,0
300717.SZ,2025Q3,0.0013288416,1077,AAA,0
300717.SZ,2025Q4,0.0015290574,1067,AAA,0
300717.SZ,2026Q1,0.0008581639,1109,AAA,0
300718.SZ,2025Q3,0.0012371389,1082,AAA,0
300718.SZ,2025Q4,0.001665365,1061,AAA,0
300718.SZ,2026Q1,0.001343934,1076,AAA,0
300719.SZ,2025Q3,0.0027118295,1026,AAA,0
300719.SZ,2025Q4,0.004431644,990,AAA,0
300719.SZ,2026Q1,0.006201936,966,AAA,0
300720.SZ,2025Q3,0.0032254127,1013,AAA,0
300720.SZ,2025Q4,0.0030365647,1017,AAA,0
300720.SZ,2026Q1,0.0044887364,989,AAA,0
300721.SZ,2025Q3,0.009475124,935,AAA,0
300721.SZ,2025Q4,0.009813811,932,AAA,0
300721.SZ,2026Q1,0.0046817316,986,AAA,0
300722.SZ,2025Q3,0.00298791,1019,AAA,0
300722.SZ,2025Q4,0.0018870636,1052,AAA,0
300722.SZ,2026Q1,0.0035415795,1006,AAA,0
300723.SZ,2025Q3,0.0055003623,974,AAA,0
300723.SZ,2025Q4,0.08584511,770,AAA,0
300723.SZ,2026Q1,0.008494374,943,AAA,0
300724.SZ,2025Q3,0.0010755658,1092,AAA,0
300724.SZ,2025Q4,0.0017022232,1059,AAA,0
300724.SZ,2026Q1,0.0052076383,978,AAA,0
300725.SZ,2025Q3,0.0014410327,1071,AAA,0
300725.SZ,2025Q4,0.0012893068,1079,AAA,0
300725.SZ,2026Q1,0.001047377,1094,AAA,0
300726.SZ,2025Q3,0.0009423515,1102,AAA,0
300726.SZ,2025Q4,0.0010532758,1094,AAA,0
300726.SZ,2026Q1,0.0013711792,1075,AAA,0
300727.SZ,2025Q3,0.001478371,1069,AAA,0
300727.SZ,2025Q4,0.0012188073,1083,AAA,0
300727.SZ,2026Q1,0.0011890959,1085,AAA,0
300729.SZ,2025Q3,0.0007285626,1121,AAA,0
300729.SZ,2025Q4,0.0010131472,1097,AAA,0
300729.SZ,2026Q1,0.0022269608,1040,AAA,0
300730.SZ,2025Q3,0.013472261,909,AAA,0
300730.SZ,2025Q4,0.046242453,818,AAA,0
300730.SZ,2026Q1,0.17478514,711,AAA,0
300731.SZ,2025Q3,0.0014481167,1071,AAA,0
300731.SZ,2025Q4,0.0013802154,1074,AAA,0
300731.SZ,2026Q1,0.002213595,1040,AAA,0
300732.SZ,2025Q3,0.0034159964,1009,AAA,0
300732.SZ,2025Q4,0.0020254913,1047,AAA,0
300732.SZ,2026Q1,0.002061509,1045,AAA,0
300733.SZ,2025Q3,0.0015329461,1067,AAA,0
300733.SZ,2025Q4,0.0015015375,1068,AAA,0
300733.SZ,2026Q1,0.0022317595,1040,AAA,0
300735.SZ,2025Q3,0.0010912233,1091,AAA,0
300735.SZ,2025Q4,0.0011476623,1088,AAA,0
300735.SZ,2026Q1,0.0014139983,1073,AAA,0
300736.SZ,2025Q3,0.038158704,832,AAA,0
300736.SZ,2025Q4,0.063466996,794,AAA,0
300736.SZ,2026Q1,0.051864877,809,AAA,0
300737.SZ,2025Q3,0.0030793769,1016,AAA,0
300737.SZ,2025Q4,0.0046068686,987,AAA,0
300737.SZ,2026Q1,0.007963223,948,AAA,0
300738.SZ,2025Q3,0.003772061,1002,AAA,0
300738.SZ,2025Q4,0.0054931804,975,AAA,0
300738.SZ,2026Q1,0.004720851,985,AAA,0
300739.SZ,2025Q3,0.0012518729,1081,AAA,0
300739.SZ,2025Q4,0.0015576666,1066,AAA,0
300739.SZ,2026Q1,0.0011754956,1086,AAA,0
300740.SZ,2025Q3,0.0011132864,1090,AAA,0
300740.SZ,2025Q4,0.0015793015,1065,AAA,0
300740.SZ,2026Q1,0.0014713956,1070,AAA,0
300741.SZ,2025Q3,0.001424414,1072,AAA,0
300741.SZ,2025Q4,0.0012519534,1081,AAA,0
300741.SZ,2026Q1,0.0009571526,1101,AAA,0
300743.SZ,2025Q3,0.001271648,1080,AAA,0
300743.SZ,2025Q4,0.0024679678,1032,AAA,0
300743.SZ,2026Q1,0.0021045073,1044,AAA,0
300745.SZ,2025Q3,0.0016553829,1061,AAA,0
300745.SZ,2025Q4,0.0016722343,1061,AAA,0
300745.SZ,2026Q1,0.0016715379,1061,AAA,0
300746.SZ,2025Q3,0.017201785,891,AAA,0
300746.SZ,2025Q4,0.009257187,937,AAA,0
300746.SZ,2026Q1,0.010131947,930,AAA,0
300747.SZ,2025Q3,0.0016127111,1063,AAA,0
300747.SZ,2025Q4,0.0009795214,1099,AAA,0
300747.SZ,2026Q1,0.0012142019,1084,AAA,0
300748.SZ,2025Q3,0.001440626,1071,AAA,0
300748.SZ,2025Q4,0.0014104679,1073,AAA,0
300748.SZ,2026Q1,0.001596559,1064,AAA,0
300749.SZ,2025Q3,0.0059436015,969,AAA,0
300749.SZ,2025Q4,0.0061643133,966,AAA,0
300749.SZ,2026Q1,0.014918826,902,AAA,0
300750.SZ,2025Q3,0.0006932132,1124,AAA,0
300750.SZ,2025Q4,0.00070908974,1123,AAA,0
300750.SZ,2026Q1,0.00070675067,1123,AAA,0
300751.SZ,2025Q3,0.0009052356,1105,AAA,0
300751.SZ,2025Q4,0.00102323,1096,AAA,0
300751.SZ,2026Q1,0.002241138,1039,AAA,0
300752.SZ,2025Q3,0.0009634377,1100,AAA,0
300752.SZ,2025Q4,0.00092733506,1103,AAA,0
300752.SZ,2026Q1,0.0011264934,1089,AAA,0
300753.SZ,2025Q3,0.0029820818,1019,AAA,0
300753.SZ,2025Q4,0.004543743,988,AAA,0
300753.SZ,2026Q1,0.0026198195,1028,AAA,0
300755.SZ,2025Q3,0.0101961875,930,AAA,0
300755.SZ,2025Q4,0.020661846,878,AAA,0
300755.SZ,2026Q1,0.014586622,903,AAA,0
300756.SZ,2025Q3,0.0012376691,1082,AAA,0
300756.SZ,2025Q4,0.0015064664,1068,AAA,0
300756.SZ,2026Q1,0.0033280347,1011,AAA,0
300757.SZ,2025Q3,0.0058835894,970,AAA,0
300757.SZ,2025Q4,0.009453858,935,AAA,0
300757.SZ,2026Q1,0.0021904348,1041,AAA,0
300758.SZ,2025Q3,0.0016201317,1063,AAA,0
300758.SZ,2025Q4,0.0033725917,1010,AAA,0
300758.SZ,2026Q1,0.002918804,1020,AAA,0
300759.SZ,2025Q3,0.00090654887,1105,AAA,0
300759.SZ,2025Q4,0.0015049924,1068,AAA,0
300759.SZ,2026Q1,0.0014570847,1071,AAA,0
300760.SZ,2025Q3,0.0011510815,1088,AAA,0
300760.SZ,2025Q4,0.0011719904,1086,AAA,0
300760.SZ,2026Q1,0.0015648216,1065,AAA,0
300761.SZ,2025Q3,0.0018378175,1054,AAA,0
300761.SZ,2025Q4,0.0033588794,1010,AAA,0
300761.SZ,2026Q1,0.001994856,1048,AAA,0
300762.SZ,2025Q3,0.008971037,939,AAA,0
300762.SZ,2025Q4,0.0072952425,954,AAA,0
300762.SZ,2026Q1,0.04154269,826,AAA,0
300763.SZ,2025Q3,0.0013630379,1075,AAA,0
300763.SZ,2025Q4,0.0018440034,1054,AAA,0
300763.SZ,2026Q1,0.0028079946,1023,AAA,0
300765.SZ,2025Q3,0.0033618512,1010,AAA,0
300765.SZ,2025Q4,0.0063773915,964,AAA,0
300765.SZ,2026Q1,0.010859204,925,AAA,0
300766.SZ,2025Q3,0.023926636,867,AAA,0
300766.SZ,2025Q4,0.015463015,899,AAA,0
300766.SZ,2026Q1,0.024586132,865,AAA,0
300767.SZ,2025Q3,0.0033913704,1009,AAA,0
300767.SZ,2025Q4,0.004188409,994,AAA,0
300767.SZ,2026Q1,0.014601022,903,AAA,0
300768.SZ,2025Q3,0.001781182,1056,AAA,0
300768.SZ,2025Q4,0.0014510861,1071,AAA,0
300768.SZ,2026Q1,0.0021569158,1042,AAA,0
300769.SZ,2025Q3,0.0070015104,957,AAA,0
300769.SZ,2025Q4,0.0043626702,991,AAA,0
300769.SZ,2026Q1,0.006004905,968,AAA,0
300770.SZ,2025Q3,0.0009599339,1101,AAA,0
300770.SZ,2025Q4,0.0013992172,1073,AAA,0
300770.SZ,2026Q1,0.0012255261,1083,AAA,0
300771.SZ,2025Q3,0.000991206,1098,AAA,0
300771.SZ,2025Q4,0.0011373634,1088,AAA,0
300771.SZ,2026Q1,0.0011540129,1087,AAA,0
300772.SZ,2025Q3,0.0007741215,1116,AAA,0
300772.SZ,2025Q4,0.000890805,1106,AAA,0
300772.SZ,2026Q1,0.0010863463,1092,AAA,0
300773.SZ,2025Q3,0.002863306,1022,AAA,0
300773.SZ,2025Q4,0.0019438093,1050,AAA,0
300773.SZ,2026Q1,0.002530411,1031,AAA,0
300774.SZ,2025Q3,0.0023155734,1037,AAA,0
300774.SZ,2025Q4,0.0016732686,1061,AAA,0
300774.SZ,2026Q1,0.024408933,866,AAA,0
300775.SZ,2025Q3,0.0012800033,1080,AAA,0
300775.SZ,2025Q4,0.0011626945,1087,AAA,0
300775.SZ,2026Q1,0.0073351394,954,AAA,0
300776.SZ,2025Q3,0.00074802444,1119,AAA,0
300776.SZ,2025Q4,0.00094983773,1101,AAA,0
300776.SZ,2026Q1,0.001231499,1083,AAA,0
300777.SZ,2025Q3,0.0010951995,1091,AAA,0
300777.SZ,2025Q4,0.0012966341,1079,AAA,0
300777.SZ,2026Q1,0.0031509867,1015,AAA,0
300778.SZ,2025Q3,0.00401313,997,AAA,0
300778.SZ,2025Q4,0.0051247426,980,AAA,0
300778.SZ,2026Q1,0.010682681,926,AAA,0
300779.SZ,2025Q3,0.004031164,997,AAA,0
300779.SZ,2025Q4,0.004097967,996,AAA,0
300779.SZ,2026Q1,0.0041413126,995,AAA,0
300780.SZ,2025Q3,0.0030723305,1017,AAA,0
300780.SZ,2025Q4,0.0019824998,1048,AAA,0
300780.SZ,2026Q1,0.0061282446,967,AAA,0
300781.SZ,2025Q3,0.0027573993,1024,AAA,0
300781.SZ,2025Q4,0.0053156484,977,AAA,0
300781.SZ,2026Q1,0.0032844874,1012,AAA,0
300782.SZ,2025Q3,0.0012173356,1084,AAA,0
300782.SZ,2025Q4,0.0016080629,1063,AAA,0
300782.SZ,2026Q1,0.0014808049,1069,AAA,0
300783.SZ,2025Q3,0.0013832044,1074,AAA,0
300783.SZ,2025Q4,0.0011524298,1087,AAA,0
300783.SZ,2026Q1,0.0008449378,1110,AAA,0
300784.SZ,2025Q3,0.0008248184,1112,AAA,0
300784.SZ,2025Q4,0.00086115004,1109,AAA,0
300784.SZ,2026Q1,0.0010599383,1094,AAA,0
300785.SZ,2025Q3,0.0013063045,1078,AAA,0
300785.SZ,2025Q4,0.0008883173,1106,AAA,0
300785.SZ,2026Q1,0.004729617,985,AAA,0
300786.SZ,2025Q3,0.0052726385,977,AAA,0
300786.SZ,2025Q4,0.0051624607,979,AAA,0
300786.SZ,2026Q1,0.0036666463,1004,AAA,0
300787.SZ,2025Q3,0.0010807954,1092,AAA,0
300787.SZ,2025Q4,0.0011053033,1090,AAA,0
300787.SZ,2026Q1,0.0014505796,1071,AAA,0
300788.SZ,2025Q3,0.0009899754,1098,AAA,0
300788.SZ,2025Q4,0.0010636557,1093,AAA,0
300788.SZ,2026Q1,0.0013326679,1077,AAA,0
300789.SZ,2025Q3,0.0012482544,1082,AAA,0
300789.SZ,2025Q4,0.0013954072,1074,AAA,0
300789.SZ,2026Q1,0.0018433682,1054,AAA,0
300790.SZ,2025Q3,0.0014598985,1070,AAA,0
300790.SZ,2025Q4,0.0012017699,1084,AAA,0
300790.SZ,2026Q1,0.0009462071,1102,AAA,0
300791.SZ,2025Q3,0.0009645067,1100,AAA,0
300791.SZ,2025Q4,0.0014683309,1070,AAA,0
300791.SZ,2026Q1,0.0012043552,1084,AAA,0
300792.SZ,2025Q3,0.001094594,1091,AAA,0
300792.SZ,2025Q4,0.0012466712,1082,AAA,0
300792.SZ,2026Q1,0.0012666526,1081,AAA,0
300793.SZ,2025Q3,0.0035712896,1006,AAA,0
300793.SZ,2025Q4,0.0031730419,1014,AAA,0
300793.SZ,2026Q1,0.005815324,970,AAA,0
300795.SZ,2025Q3,0.0030195136,1018,AAA,0
300795.SZ,2025Q4,0.0032791672,1012,AAA,0
300795.SZ,2026Q1,0.013572283,909,AAA,0
300796.SZ,2025Q3,0.0034573132,1008,AAA,0
300796.SZ,2025Q4,0.0018216582,1054,AAA,0
300796.SZ,2026Q1,0.017443793,890,AAA,0
300797.SZ,2025Q3,0.0016523901,1061,AAA,0
300797.SZ,2025Q4,0.0021981983,1041,AAA,0
300797.SZ,2026Q1,0.0037787438,1002,AAA,0
300798.SZ,2025Q3,0.0030643432,1017,AAA,0
300798.SZ,2025Q4,0.0048291944,984,AAA,0
300798.SZ,2026Q1,0.005355503,976,AAA,0
300800.SZ,2025Q3,0.0012570083,1081,AAA,0
300800.SZ,2025Q4,0.0008624101,1108,AAA,0
300800.SZ,2026Q1,0.0018273115,1054,AAA,0
300801.SZ,2025Q3,0.0010959447,1091,AAA,0
300801.SZ,2025Q4,0.0011725365,1086,AAA,0
300801.SZ,2026Q1,0.0012070748,1084,AAA,0
300802.SZ,2025Q3,0.0013899633,1074,AAA,0
300802.SZ,2025Q4,0.0013121708,1078,AAA,0
300802.SZ,2026Q1,0.0016448817,1062,AAA,0
300803.SZ,2025Q3,0.0043926244,991,AAA,0
300803.SZ,2025Q4,0.0022059295,1041,AAA,0
300803.SZ,2026Q1,0.0026370788,1028,AAA,0
300804.SZ,2025Q3,0.0015582889,1066,AAA,0
300804.SZ,2025Q4,0.001760416,1057,AAA,0
300804.SZ,2026Q1,0.0031850608,1014,AAA,0
300805.SZ,2025Q3,0.002368694,1035,AAA,0
300805.SZ,2025Q4,0.0022531375,1039,AAA,0
300805.SZ,2026Q1,0.0024307857,1034,AAA,0
300806.SZ,2025Q3,0.0019623234,1049,AAA,0
300806.SZ,2025Q4,0.0020428766,1046,AAA,0
300806.SZ,2026Q1,0.002816332,1023,AAA,0
300807.SZ,2025Q3,0.0039175744,999,AAA,0
300807.SZ,2025Q4,0.00927894,936,AAA,0
300807.SZ,2026Q1,0.0095097795,935,AAA,0
300808.SZ,2025Q3,0.006617659,961,AAA,0
300808.SZ,2025Q4,0.007935084,948,AAA,0
300808.SZ,2026Q1,0.013539012,909,AAA,0
300809.SZ,2025Q3,0.0011560639,1087,AAA,0
300809.SZ,2025Q4,0.0014560658,1071,AAA,0
300809.SZ,2026Q1,0.0015971351,1064,AAA,0
300810.SZ,2025Q3,0.0037776812,1002,AAA,0
300810.SZ,2025Q4,0.0031587249,1015,AAA,0
300810.SZ,2026Q1,0.003386238,1010,AAA,0
300811.SZ,2025Q3,0.001215106,1084,AAA,0
300811.SZ,2025Q4,0.00094635994,1102,AAA,0
300811.SZ,2026Q1,0.00090002257,1105,AAA,0
300812.SZ,2025Q3,0.0032826052,1012,AAA,0
300812.SZ,2025Q4,0.002716078,1026,AAA,0
300812.SZ,2026Q1,0.0022547224,1039,AAA,0
300813.SZ,2025Q3,0.0031976602,1014,AAA,0
300813.SZ,2025Q4,0.002056647,1046,AAA,0
300813.SZ,2026Q1,0.0017771298,1056,AAA,0
300814.SZ,2025Q3,0.0010760751,1092,AAA,0
300814.SZ,2025Q4,0.0011699654,1086,AAA,0
300814.SZ,2026Q1,0.001148772,1088,AAA,0
300815.SZ,2025Q3,0.0011806053,1086,AAA,0
300815.SZ,2025Q4,0.0010334565,1095,AAA,0
300815.SZ,2026Q1,0.0010694162,1093,AAA,0
300816.SZ,2025Q3,0.001251486,1082,AAA,0
300816.SZ,2025Q4,0.0014785398,1069,AAA,0
300816.SZ,2026Q1,0.0008883702,1106,AAA,0
300817.SZ,2025Q3,0.0014504484,1071,AAA,0
300817.SZ,2025Q4,0.0011664663,1087,AAA,0
300817.SZ,2026Q1,0.0024799977,1032,AAA,0
300818.SZ,2025Q3,0.00202455,1047,AAA,0
300818.SZ,2025Q4,0.00076814985,1117,AAA,0
300818.SZ,2026Q1,0.00552247,974,AAA,0
300819.SZ,2025Q3,0.0011330552,1089,AAA,0
300819.SZ,2025Q4,0.0013676018,1075,AAA,0
300819.SZ,2026Q1,0.0015027684,1068,AAA,0
300820.SZ,2025Q3,0.0007003119,1123,AAA,0
300820.SZ,2025Q4,0.00074682175,1119,AAA,0
300820.SZ,2026Q1,0.0007957652,1114,AAA,0
300821.SZ,2025Q3,0.006018006,968,AAA,0
300821.SZ,2025Q4,0.0065159523,962,AAA,0
300821.SZ,2026Q1,0.0046518124,987,AAA,0
300822.SZ,2025Q3,0.0022744494,1038,AAA,0
300822.SZ,2025Q4,0.0065688905,962,AAA,0
300822.SZ,2026Q1,0.002467071,1032,AAA,0
300823.SZ,2025Q3,0.0013407883,1077,AAA,0
300823.SZ,2025Q4,0.00096569746,1100,AAA,0
300823.SZ,2026Q1,0.0044840486,989,AAA,0
300824.SZ,2025Q3,0.0014450647,1071,AAA,0
300824.SZ,2025Q4,0.0043298593,992,AAA,0
300824.SZ,2026Q1,0.0041349498,995,AAA,0
300825.SZ,2025Q3,0.017644811,889,AAA,0
300825.SZ,2025Q4,0.010515046,927,AAA,0
300825.SZ,2026Q1,0.0020953922,1044,AAA,0
300826.SZ,2025Q3,0.0021201416,1043,AAA,0
300826.SZ,2025Q4,0.0014058106,1073,AAA,0
300826.SZ,2026Q1,0.0023815562,1035,AAA,0
300827.SZ,2025Q3,0.0020419173,1046,AAA,0
300827.SZ,2025Q4,0.000986012,1099,AAA,0
300827.SZ,2026Q1,0.0012740478,1080,AAA,0
300828.SZ,2025Q3,0.0013734833,1075,AAA,0
300828.SZ,2025Q4,0.0013764846,1075,AAA,0
300828.SZ,2026Q1,0.0022316247,1040,AAA,0
300829.SZ,2025Q3,0.0011293907,1089,AAA,0
300829.SZ,2025Q4,0.001253486,1081,AAA,0
300829.SZ,2026Q1,0.0011867281,1085,AAA,0
300830.SZ,2025Q3,0.008000435,947,AAA,0
300830.SZ,2025Q4,0.015637284,898,AAA,0
300830.SZ,2026Q1,0.01904412,884,AAA,0
300831.SZ,2025Q3,0.008771447,941,AAA,0
300831.SZ,2025Q4,0.004458314,990,AAA,0
300831.SZ,2026Q1,0.031145535,847,AAA,0
300832.SZ,2025Q3,0.0008275112,1111,AAA,0
300832.SZ,2025Q4,0.0012257829,1083,AAA,0
300832.SZ,2026Q1,0.001421043,1072,AAA,0
300833.SZ,2025Q3,0.0019964562,1048,AAA,0
300833.SZ,2025Q4,0.001911641,1051,AAA,0
300833.SZ,2026Q1,0.0011920303,1085,AAA,0
300834.SZ,2025Q3,0.0032883391,1012,AAA,0
300834.SZ,2025Q4,0.0031870434,1014,AAA,0
300834.SZ,2026Q1,0.002632545,1028,AAA,0
300835.SZ,2025Q3,0.0011957752,1085,AAA,0
300835.SZ,2025Q4,0.0011685793,1086,AAA,0
300835.SZ,2026Q1,0.0012829285,1080,AAA,0
300836.SZ,2025Q3,0.0018414933,1054,AAA,0
300836.SZ,2025Q4,0.0016610887,1061,AAA,0
300836.SZ,2026Q1,0.0026997367,1026,AAA,0
300837.SZ,2025Q3,0.00096240646,1100,AAA,0
300837.SZ,2025Q4,0.00090350315,1105,AAA,0
300837.SZ,2026Q1,0.0016475791,1062,AAA,0
300838.SZ,2025Q3,0.002182142,1041,AAA,0
300838.SZ,2025Q4,0.0049019507,983,AAA,0
300838.SZ,2026Q1,0.0027975102,1023,AAA,0
300839.SZ,2025Q3,0.0362153,836,AAA,0
300839.SZ,2025Q4,0.023229739,869,AAA,0
300839.SZ,2026Q1,0.007486538,952,AAA,0
300840.SZ,2025Q3,0.0036265221,1005,AAA,0
300840.SZ,2025Q4,0.002581195,1029,AAA,0
300840.SZ,2026Q1,0.0025274253,1031,AAA,0
300841.SZ,2025Q3,0.0012146119,1084,AAA,0
300841.SZ,2025Q4,0.0012705928,1080,AAA,0
300841.SZ,2026Q1,0.001224274,1083,AAA,0
300842.SZ,2025Q3,0.0013748837,1075,AAA,0
300842.SZ,2025Q4,0.0021813938,1041,AAA,0
300842.SZ,2026Q1,0.0012940809,1079,AAA,0
300843.SZ,2025Q3,0.00086913916,1108,AAA,0
300843.SZ,2025Q4,0.0007274522,1121,AAA,0
300843.SZ,2026Q1,0.00085173314,1109,AAA,0
300844.SZ,2025Q3,0.0033946014,1009,AAA,0
300844.SZ,2025Q4,0.0039716605,998,AAA,0
300844.SZ,2026Q1,0.0019710944,1049,AAA,0
300845.SZ,2025Q3,0.0027702556,1024,AAA,0
300845.SZ,2025Q4,0.003184428,1014,AAA,0
300845.SZ,2026Q1,0.015277719,900,AAA,0
300846.SZ,2025Q3,0.003683787,1003,AAA,0
300846.SZ,2025Q4,0.005037662,981,AAA,0
300846.SZ,2026Q1,0.0050987345,980,AAA,0
300847.SZ,2025Q3,0.0018380712,1054,AAA,0
300847.SZ,2025Q4,0.0024004015,1034,AAA,0
300847.SZ,2026Q1,0.0023453047,1036,AAA,0
300848.SZ,2025Q3,0.0012314164,1083,AAA,0
300848.SZ,2025Q4,0.0037919388,1001,AAA,0
300848.SZ,2026Q1,0.0031518182,1015,AAA,0
300849.SZ,2025Q3,0.007512469,952,AAA,0
300849.SZ,2025Q4,0.007153249,955,AAA,0
300849.SZ,2026Q1,0.006870376,958,AAA,0
300850.SZ,2025Q3,0.0016943872,1060,AAA,0
300850.SZ,2025Q4,0.0014092898,1073,AAA,0
300850.SZ,2026Q1,0.0009719303,1100,AAA,0
300851.SZ,2025Q3,0.0015262674,1067,AAA,0
300851.SZ,2025Q4,0.0015932166,1064,AAA,0
300851.SZ,2026Q1,0.004469099,989,AAA,0
300852.SZ,2025Q3,0.00094767596,1102,AAA,0
300852.SZ,2025Q4,0.0011892278,1085,AAA,0
300852.SZ,2026Q1,0.0011351007,1089,AAA,0
300853.SZ,2025Q3,0.009390039,936,AAA,0
300853.SZ,2025Q4,0.0043381886,992,AAA,0
300853.SZ,2026Q1,0.008243556,945,AAA,0
300854.SZ,2025Q3,0.0023164626,1037,AAA,0
300854.SZ,2025Q4,0.0028893503,1021,AAA,0
300854.SZ,2026Q1,0.0017024413,1059,AAA,0
300855.SZ,2025Q3,0.001277096,1080,AAA,0
300855.SZ,2025Q4,0.0014183882,1072,AAA,0
300855.SZ,2026Q1,0.0015794843,1065,AAA,0
300856.SZ,2025Q3,0.0016634269,1061,AAA,0
300856.SZ,2025Q4,0.0016461052,1062,AAA,0
300856.SZ,2026Q1,0.002583541,1029,AAA,0
300857.SZ,2025Q3,0.0013340736,1077,AAA,0
300857.SZ,2025Q4,0.0010084026,1097,AAA,0
300857.SZ,2026Q1,0.0014487843,1071,AAA,0
300858.SZ,2025Q3,0.001337189,1077,AAA,0
300858.SZ,2025Q4,0.0014293226,1072,AAA,0
300858.SZ,2026Q1,0.0020730046,1045,AAA,0
300859.SZ,2025Q3,0.017597761,890,AAA,0
300859.SZ,2025Q4,0.02088349,877,AAA,0
300859.SZ,2026Q1,0.5469424,586,BBB,0
300860.SZ,2025Q3,0.0014260896,1072,AAA,0
300860.SZ,2025Q4,0.0019372008,1050,AAA,0
300860.SZ,2026Q1,0.0024849442,1032,AAA,0
300861.SZ,2025Q3,0.0018698135,1053,AAA,0
300861.SZ,2025Q4,0.00086236326,1108,AAA,0
300861.SZ,2026Q1,0.0016899204,1060,AAA,0
300862.SZ,2025Q3,0.0014479706,1071,AAA,0
300862.SZ,2025Q4,0.0028397823,1022,AAA,0
300862.SZ,2026Q1,0.0016994809,1059,AAA,0
300863.SZ,2025Q3,0.0010075619,1097,AAA,0
300863.SZ,2025Q4,0.00097142573,1100,AAA,0
300863.SZ,2026Q1,0.001009877,1097,AAA,0
300864.SZ,2025Q3,0.0014717284,1070,AAA,0
300864.SZ,2025Q4,0.0016927304,1060,AAA,0
300864.SZ,2026Q1,0.001241251,1082,AAA,0
300865.SZ,2025Q3,0.0020900648,1044,AAA,0
300865.SZ,2025Q4,0.0029215978,1020,AAA,0
300865.SZ,2026Q1,0.0013257893,1077,AAA,0
300866.SZ,2025Q3,0.0006936689,1124,AAA,0
300866.SZ,2025Q4,0.00071625866,1122,AAA,0
300866.SZ,2026Q1,0.00072618056,1121,AAA,0
300867.SZ,2025Q3,0.0042465283,993,AAA,0
300867.SZ,2025Q4,0.008895525,939,AAA,0
300867.SZ,2026Q1,0.0075486344,951,AAA,0
300868.SZ,2025Q3,0.0028854185,1021,AAA,0
300868.SZ,2025Q4,0.0026110413,1028,AAA,0
300868.SZ,2026Q1,0.0026550184,1027,AAA,0
300869.SZ,2025Q3,0.002732405,1025,AAA,0
300869.SZ,2025Q4,0.0045202128,989,AAA,0
300869.SZ,2026Q1,0.013299562,910,AAA,0
300870.SZ,2025Q3,0.0009891221,1099,AAA,0
300870.SZ,2025Q4,0.00071705366,1122,AAA,0
300870.SZ,2026Q1,0.0014490699,1071,AAA,0
300871.SZ,2025Q3,0.0017088269,1059,AAA,0
300871.SZ,2025Q4,0.0019996585,1048,AAA,0
300871.SZ,2026Q1,0.0010304718,1096,AAA,0
300872.SZ,2025Q3,0.0020268653,1047,AAA,0
300872.SZ,2025Q4,0.0020211635,1047,AAA,0
300872.SZ,2026Q1,0.002647403,1027,AAA,0
300873.SZ,2025Q3,0.0009288879,1103,AAA,0
300873.SZ,2025Q4,0.0008691032,1108,AAA,0
300873.SZ,2026Q1,0.0023387347,1036,AAA,0
300875.SZ,2025Q3,0.0036103998,1005,AAA,0
300875.SZ,2025Q4,0.0032420333,1013,AAA,0
300875.SZ,2026Q1,0.0016617853,1061,AAA,0
300876.SZ,2025Q3,0.0038757755,1000,AAA,0
300876.SZ,2025Q4,0.0036612237,1004,AAA,0
300876.SZ,2026Q1,0.006573105,961,AAA,0
300877.SZ,2025Q3,0.0012695204,1080,AAA,0
300877.SZ,2025Q4,0.000848438,1110,AAA,0
300877.SZ,2026Q1,0.0011944546,1085,AAA,0
300878.SZ,2025Q3,0.005691906,972,AAA,0
300878.SZ,2025Q4,0.009949703,931,AAA,0
300878.SZ,2026Q1,0.008325497,944,AAA,0
300879.SZ,2025Q3,0.0021570227,1042,AAA,0
300879.SZ,2025Q4,0.0024964535,1032,AAA,0
300879.SZ,2026Q1,0.0023204377,1037,AAA,0
300880.SZ,2025Q3,0.0013233564,1077,AAA,0
300880.SZ,2025Q4,0.0012408822,1082,AAA,0
300880.SZ,2026Q1,0.0019075078,1051,AAA,0
300881.SZ,2025Q3,0.0014282635,1072,AAA,0
300881.SZ,2025Q4,0.0012114021,1084,AAA,0
300881.SZ,2026Q1,0.0016597639,1061,AAA,0
300882.SZ,2025Q3,0.0011711781,1086,AAA,0
300882.SZ,2025Q4,0.0010012988,1098,AAA,0
300882.SZ,2026Q1,0.0016226673,1063,AAA,0
300883.SZ,2025Q3,0.0026192227,1028,AAA,0
300883.SZ,2025Q4,0.0022374196,1040,AAA,0
300883.SZ,2026Q1,0.0033751412,1010,AAA,0
300884.SZ,2025Q3,0.0024018404,1034,AAA,0
300884.SZ,2025Q4,0.0023215937,1037,AAA,0
300884.SZ,2026Q1,0.0023545397,1036,AAA,0
300885.SZ,2025Q3,0.004726893,985,AAA,0
300885.SZ,2025Q4,0.0016941403,1060,AAA,0
300885.SZ,2026Q1,0.006115476,967,AAA,0
300886.SZ,2025Q3,0.00104633,1094,AAA,0
300886.SZ,2025Q4,0.0012660235,1081,AAA,0
300886.SZ,2026Q1,0.0028902064,1021,AAA,0
300887.SZ,2025Q3,0.0051041,980,AAA,0
300887.SZ,2025Q4,0.006636823,961,AAA,0
300887.SZ,2026Q1,0.0087854555,940,AAA,0
300888.SZ,2025Q3,0.00070318556,1123,AAA,0
300888.SZ,2025Q4,0.00072492287,1121,AAA,0
300888.SZ,2026Q1,0.0007005455,1123,AAA,0
300889.SZ,2025Q3,0.0026742266,1027,AAA,0
300889.SZ,2025Q4,0.0018002738,1055,AAA,0
300889.SZ,2026Q1,0.0037350776,1002,AAA,0
300890.SZ,2025Q3,0.0018418712,1054,AAA,0
300890.SZ,2025Q4,0.0010344549,1095,AAA,0
300890.SZ,2026Q1,0.0016401338,1062,AAA,0
300891.SZ,2025Q3,0.0038598988,1000,AAA,0
300891.SZ,2025Q4,0.008976639,939,AAA,0
300891.SZ,2026Q1,0.008279687,945,AAA,0
300892.SZ,2025Q3,0.0021588318,1042,AAA,0
300892.SZ,2025Q4,0.0014707813,1070,AAA,0
300892.SZ,2026Q1,0.0022028994,1041,AAA,0
300893.SZ,2025Q3,0.0012279616,1083,AAA,0
300893.SZ,2025Q4,0.0018294235,1054,AAA,0
300893.SZ,2026Q1,0.002203171,1041,AAA,0
300894.SZ,2025Q3,0.009570602,934,AAA,0
300894.SZ,2025Q4,0.024319286,866,AAA,0
300894.SZ,2026Q1,0.03402471,841,AAA,0
300895.SZ,2025Q3,0.010311428,929,AAA,0
300895.SZ,2025Q4,0.008771361,941,AAA,0
300895.SZ,2026Q1,0.00819819,945,AAA,0
300896.SZ,2025Q3,0.00095921947,1101,AAA,0
300896.SZ,2025Q4,0.0011462305,1088,AAA,0
300896.SZ,2026Q1,0.0009236073,1103,AAA,0
300897.SZ,2025Q3,0.0026646508,1027,AAA,0
300897.SZ,2025Q4,0.0024072945,1034,AAA,0
300897.SZ,2026Q1,0.003328161,1011,AAA,0
300898.SZ,2025Q3,0.0011502523,1088,AAA,0
300898.SZ,2025Q4,0.0012880812,1079,AAA,0
300898.SZ,2026Q1,0.0022190255,1040,AAA,0
300899.SZ,2025Q3,0.0011590718,1087,AAA,1
300899.SZ,2025Q4,0.0019925286,1048,AAA,1
300899.SZ,2026Q1,0.004619207,987,AAA,0
300900.SZ,2025Q3,0.004197972,994,AAA,0
300900.SZ,2025Q4,0.008739847,941,AAA,0
300900.SZ,2026Q1,0.008493547,943,AAA,0
300901.SZ,2025Q3,0.0055444776,974,AAA,0
300901.SZ,2025Q4,0.0026329209,1028,AAA,0
300901.SZ,2026Q1,0.0036660833,1004,AAA,0
300902.SZ,2025Q3,0.0020740575,1045,AAA,0
300902.SZ,2025Q4,0.0026659006,1027,AAA,0
300902.SZ,2026Q1,0.009381469,936,AAA,0
300903.SZ,2025Q3,0.006611994,961,AAA,0
300903.SZ,2025Q4,0.009701602,933,AAA,0
300903.SZ,2026Q1,0.006200681,966,AAA,0
300904.SZ,2025Q3,0.0027626257,1024,AAA,0
300904.SZ,2025Q4,0.002398703,1035,AAA,0
300904.SZ,2026Q1,0.0021354519,1043,AAA,0
300905.SZ,2025Q3,0.0009256454,1103,AAA,0
300905.SZ,2025Q4,0.0008504433,1109,AAA,0
300905.SZ,2026Q1,0.0009167621,1104,AAA,0
300906.SZ,2025Q3,0.0010733901,1093,AAA,0
300906.SZ,2025Q4,0.0011172604,1090,AAA,0
300906.SZ,2026Q1,0.0023077587,1037,AAA,0
300907.SZ,2025Q3,0.0012732878,1080,AAA,0
300907.SZ,2025Q4,0.0017125484,1059,AAA,0
300907.SZ,2026Q1,0.0022204723,1040,AAA,0
300908.SZ,2025Q3,0.0007787514,1116,AAA,0
300908.SZ,2025Q4,0.0008732179,1108,AAA,0
300908.SZ,2026Q1,0.001017124,1096,AAA,0
300909.SZ,2025Q3,0.0011383134,1088,AAA,0
300909.SZ,2025Q4,0.0030178363,1018,AAA,0
300909.SZ,2026Q1,0.00092739204,1103,AAA,0
300910.SZ,2025Q3,0.0010225221,1096,AAA,0
300910.SZ,2025Q4,0.0017781806,1056,AAA,0
300910.SZ,2026Q1,0.0011852431,1085,AAA,0
300911.SZ,2025Q3,0.010409837,928,AAA,0
300911.SZ,2025Q4,0.036755484,835,AAA,0
300911.SZ,2026Q1,0.06789485,788,AAA,0
300912.SZ,2025Q3,0.004198225,994,AAA,0
300912.SZ,2025Q4,0.0073301513,954,AAA,0
300912.SZ,2026Q1,0.012177458,917,AAA,0
300913.SZ,2025Q3,0.0011957467,1085,AAA,0
300913.SZ,2025Q4,0.0007464414,1119,AAA,0
300913.SZ,2026Q1,0.00074858096,1119,AAA,0
300915.SZ,2025Q3,0.0018735335,1052,AAA,0
300915.SZ,2025Q4,0.001896866,1051,AAA,0
300915.SZ,2026Q1,0.0012443786,1082,AAA,0
300916.SZ,2025Q3,0.0011440313,1088,AAA,0
300916.SZ,2025Q4,0.0011070404,1090,AAA,0
300916.SZ,2026Q1,0.004122314,995,AAA,0
300917.SZ,2025Q3,0.0019218103,1051,AAA,0
300917.SZ,2025Q4,0.0017497295,1057,AAA,0
300917.SZ,2026Q1,0.0014202523,1072,AAA,0
300918.SZ,2025Q3,0.001030758,1096,AAA,0
300918.SZ,2025Q4,0.0010236118,1096,AAA,0
300918.SZ,2026Q1,0.0011581178,1087,AAA,0
300919.SZ,2025Q3,0.0007430479,1119,AAA,0
300919.SZ,2025Q4,0.0007851289,1115,AAA,0
300919.SZ,2026Q1,0.0009840253,1099,AAA,0
300920.SZ,2025Q3,0.0008170779,1112,AAA,0
300920.SZ,2025Q4,0.00085525087,1109,AAA,0
300920.SZ,2026Q1,0.0016155306,1063,AAA,0
300921.SZ,2025Q3,0.002297739,1038,AAA,0
300921.SZ,2025Q4,0.0018408219,1054,AAA,0
300921.SZ,2026Q1,0.0028788066,1021,AAA,0
300922.SZ,2025Q3,0.0016512154,1061,AAA,0
300922.SZ,2025Q4,0.0019517692,1049,AAA,0
300922.SZ,2026Q1,0.028264653,855,AAA,0
300923.SZ,2025Q3,0.0011360602,1089,AAA,0
300923.SZ,2025Q4,0.0010203549,1096,AAA,0
300923.SZ,2026Q1,0.0019383979,1050,AAA,0
300925.SZ,2025Q3,0.0049642683,982,AAA,0
300925.SZ,2025Q4,0.0026142374,1028,AAA,0
300925.SZ,2026Q1,0.0033481997,1010,AAA,0
300926.SZ,2025Q3,0.0012176695,1083,AAA,0
300926.SZ,2025Q4,0.0010500427,1094,AAA,0
300926.SZ,2026Q1,0.001787478,1056,AAA,0
300927.SZ,2025Q3,0.0021309978,1043,AAA,0
300927.SZ,2025Q4,0.0028814906,1021,AAA,0
300927.SZ,2026Q1,0.0026232456,1028,AAA,0
300928.SZ,2025Q3,0.0014735704,1070,AAA,0
300928.SZ,2025Q4,0.0015833857,1065,AAA,0
300928.SZ,2026Q1,0.0016436536,1062,AAA,0
300929.SZ,2025Q3,0.003959828,998,AAA,0
300929.SZ,2025Q4,0.015402387,899,AAA,0
300929.SZ,2026Q1,0.010234387,929,AAA,0
300930.SZ,2025Q3,0.0028495344,1022,AAA,0
300930.SZ,2025Q4,0.002053175,1046,AAA,0
300930.SZ,2026Q1,0.0026561879,1027,AAA,0
300931.SZ,2025Q3,0.011357875,922,AAA,0
300931.SZ,2025Q4,0.015993545,897,AAA,0
300931.SZ,2026Q1,0.010611822,927,AAA,0
300932.SZ,2025Q3,0.0015855484,1064,AAA,0
300932.SZ,2025Q4,0.0015474425,1066,AAA,0
300932.SZ,2026Q1,0.0019142631,1051,AAA,0
300933.SZ,2025Q3,0.0036130066,1005,AAA,0
300933.SZ,2025Q4,0.00580802,970,AAA,0
300933.SZ,2026Q1,0.0047891364,984,AAA,0
300935.SZ,2025Q3,0.002641413,1028,AAA,0
300935.SZ,2025Q4,0.0028019554,1023,AAA,0
300935.SZ,2026Q1,0.01245672,915,AAA,0
300936.SZ,2025Q3,0.0034589022,1008,AAA,0
300936.SZ,2025Q4,0.0034595975,1008,AAA,0
300936.SZ,2026Q1,0.0021661536,1042,AAA,0
300937.SZ,2025Q3,0.0025884889,1029,AAA,0
300937.SZ,2025Q4,0.0019889902,1048,AAA,0
300937.SZ,2026Q1,0.0023592443,1036,AAA,0
300938.SZ,2025Q3,0.001066066,1093,AAA,0
300938.SZ,2025Q4,0.0011118434,1090,AAA,0
300938.SZ,2026Q1,0.001165716,1087,AAA,0
300939.SZ,2025Q3,0.0007662662,1117,AAA,0
300939.SZ,2025Q4,0.0007273039,1121,AAA,0
300939.SZ,2026Q1,0.0007434924,1119,AAA,0
300940.SZ,2025Q3,0.0017194902,1059,AAA,0
300940.SZ,2025Q4,0.0015068558,1068,AAA,0
300940.SZ,2026Q1,0.0042832084,993,AAA,0
300941.SZ,2025Q3,0.0033930985,1009,AAA,0
300941.SZ,2025Q4,0.0019419731,1050,AAA,0
300941.SZ,2026Q1,0.004561227,988,AAA,0
300942.SZ,2025Q3,0.009226533,937,AAA,0
300942.SZ,2025Q4,0.008140525,946,AAA,0
300942.SZ,2026Q1,0.0135489125,909,AAA,0
300943.SZ,2025Q3,0.0011506381,1088,AAA,0
300943.SZ,2025Q4,0.0014084948,1073,AAA,0
300943.SZ,2026Q1,0.0017651477,1057,AAA,0
300945.SZ,2025Q3,0.0017880141,1056,AAA,0
300945.SZ,2025Q4,0.0016246577,1063,AAA,0
300945.SZ,2026Q1,0.0037826265,1002,AAA,0
300946.SZ,2025Q3,0.0010708557,1093,AAA,0
300946.SZ,2025Q4,0.0011340253,1089,AAA,0
300946.SZ,2026Q1,0.00089370104,1106,AAA,0
300947.SZ,2025Q3,0.0028201577,1023,AAA,0
300947.SZ,2025Q4,0.01487326,902,AAA,0
300947.SZ,2026Q1,0.005421999,975,AAA,0
300948.SZ,2025Q3,0.0069800345,957,AAA,0
300948.SZ,2025Q4,0.012438091,915,AAA,0
300948.SZ,2026Q1,0.012391666,915,AAA,0
300949.SZ,2025Q3,0.0037179906,1003,AAA,0
300949.SZ,2025Q4,0.0033031662,1011,AAA,0
300949.SZ,2026Q1,0.0034267888,1009,AAA,0
300950.SZ,2025Q3,0.0013684207,1075,AAA,0
300950.SZ,2025Q4,0.0023817092,1035,AAA,0
300950.SZ,2026Q1,0.0018037303,1055,AAA,0
300951.SZ,2025Q3,0.00086460734,1108,AAA,0
300951.SZ,2025Q4,0.0008181507,1112,AAA,0
300951.SZ,2026Q1,0.0022755286,1038,AAA,0
300952.SZ,2025Q3,0.00085786346,1109,AAA,0
300952.SZ,2025Q4,0.0007856768,1115,AAA,0
300952.SZ,2026Q1,0.001606775,1063,AAA,0
300953.SZ,2025Q3,0.0008938807,1106,AAA,0
300953.SZ,2025Q4,0.0007779151,1116,AAA,0
300953.SZ,2026Q1,0.0009952058,1098,AAA,0
300955.SZ,2025Q3,0.003045512,1017,AAA,0
300955.SZ,2025Q4,0.0015144864,1068,AAA,0
300955.SZ,2026Q1,0.0048106043,984,AAA,0
300956.SZ,2025Q3,0.0018790773,1052,AAA,0
300956.SZ,2025Q4,0.001844092,1054,AAA,0
300956.SZ,2026Q1,0.0049468144,982,AAA,0
300957.SZ,2025Q3,0.0011231761,1089,AAA,0
300957.SZ,2025Q4,0.0010944089,1091,AAA,0
300957.SZ,2026Q1,0.0010778804,1092,AAA,0
300958.SZ,2025Q3,0.0036145481,1005,AAA,0
300958.SZ,2025Q4,0.00232976,1037,AAA,0
300958.SZ,2026Q1,0.0025850171,1029,AAA,0
300959.SZ,2025Q3,0.0021205381,1043,AAA,0
300959.SZ,2025Q4,0.0069887987,957,AAA,0
300959.SZ,2026Q1,0.0039362614,999,AAA,0
300960.SZ,2025Q3,0.0012344546,1083,AAA,0
300960.SZ,2025Q4,0.0012873656,1079,AAA,0
300960.SZ,2026Q1,0.0024058565,1034,AAA,0
300961.SZ,2025Q3,0.03459266,840,AAA,0
300961.SZ,2025Q4,0.014425178,904,AAA,0
300961.SZ,2026Q1,0.013926928,907,AAA,0
300962.SZ,2025Q3,0.003913392,999,AAA,0
300962.SZ,2025Q4,0.0045271507,989,AAA,0
300962.SZ,2026Q1,0.0042568017,993,AAA,0
300963.SZ,2025Q3,0.008598841,942,AAA,0
300963.SZ,2025Q4,0.006030955,968,AAA,0
300963.SZ,2026Q1,0.0038755052,1000,AAA,0
300964.SZ,2025Q3,0.0007617348,1117,AAA,0
300964.SZ,2025Q4,0.000914469,1104,AAA,0
300964.SZ,2026Q1,0.0012160161,1084,AAA,0
300965.SZ,2025Q3,0.0048237666,984,AAA,0
300965.SZ,2025Q4,0.0038780167,1000,AAA,0
300965.SZ,2026Q1,0.023883833,867,AAA,0
300966.SZ,2025Q3,0.0029663579,1019,AAA,0
300966.SZ,2025Q4,0.00435417,991,AAA,0
300966.SZ,2026Q1,0.002774928,1024,AAA,0
300967.SZ,2025Q3,0.0050312323,981,AAA,0
300967.SZ,2025Q4,0.0075443946,951,AAA,0
300967.SZ,2026Q1,0.008947629,939,AAA,0
300968.SZ,2025Q3,0.0013593626,1076,AAA,0
300968.SZ,2025Q4,0.0016905247,1060,AAA,0
300968.SZ,2026Q1,0.002591322,1029,AAA,0
300969.SZ,2025Q3,0.0008078989,1113,AAA,0
300969.SZ,2025Q4,0.00068626396,1125,AAA,0
300969.SZ,2026Q1,0.00082032045,1112,AAA,0
300970.SZ,2025Q3,0.0015502151,1066,AAA,0
300970.SZ,2025Q4,0.0027615998,1024,AAA,0
300970.SZ,2026Q1,0.0015787978,1065,AAA,0
300971.SZ,2025Q3,0.0010869188,1092,AAA,0
300971.SZ,2025Q4,0.00097560836,1100,AAA,0
300971.SZ,2026Q1,0.0013437791,1076,AAA,0
300972.SZ,2025Q3,0.0012340612,1083,AAA,0
300972.SZ,2025Q4,0.0010283142,1096,AAA,0
300972.SZ,2026Q1,0.00074157305,1119,AAA,0
300973.SZ,2025Q3,0.0007955635,1114,AAA,0
300973.SZ,2025Q4,0.0009298991,1103,AAA,0
300973.SZ,2026Q1,0.0008444404,1110,AAA,0
300975.SZ,2025Q3,0.0029717118,1019,AAA,0
300975.SZ,2025Q4,0.0028750899,1021,AAA,0
300975.SZ,2026Q1,0.004260059,993,AAA,0
300976.SZ,2025Q3,0.00093007553,1103,AAA,0
300976.SZ,2025Q4,0.00076456444,1117,AAA,0
300976.SZ,2026Q1,0.0007711569,1116,AAA,0
300977.SZ,2025Q3,0.0012330337,1083,AAA,0
300977.SZ,2025Q4,0.0016932454,1060,AAA,0
300977.SZ,2026Q1,0.001811047,1055,AAA,0
300978.SZ,2025Q3,0.0013610596,1075,AAA,0
300978.SZ,2025Q4,0.002568073,1030,AAA,0
300978.SZ,2026Q1,0.0019473296,1050,AAA,0
300979.SZ,2025Q3,0.00082860363,1111,AAA,0
300979.SZ,2025Q4,0.00101394,1097,AAA,0
300979.SZ,2026Q1,0.0010946727,1091,AAA,0
300980.SZ,2025Q3,0.0010472274,1094,AAA,0
300980.SZ,2025Q4,0.00095598603,1101,AAA,0
300980.SZ,2026Q1,0.00096399355,1100,AAA,0
300981.SZ,2025Q3,0.0014945725,1069,AAA,0
300981.SZ,2025Q4,0.0011391432,1088,AAA,0
300981.SZ,2026Q1,0.0021051131,1044,AAA,0
300982.SZ,2025Q3,0.0012965149,1079,AAA,0
300982.SZ,2025Q4,0.002389202,1035,AAA,0
300982.SZ,2026Q1,0.0018188511,1055,AAA,0
300983.SZ,2025Q3,0.008110783,946,AAA,0
300983.SZ,2025Q4,0.003762907,1002,AAA,0
300983.SZ,2026Q1,0.006264744,965,AAA,0
300984.SZ,2025Q3,0.0012525033,1081,AAA,0
300984.SZ,2025Q4,0.0010204498,1096,AAA,0
300984.SZ,2026Q1,0.0016476379,1062,AAA,0
300985.SZ,2025Q3,0.0014535914,1071,AAA,0
300985.SZ,2025Q4,0.0019243127,1050,AAA,0
300985.SZ,2026Q1,0.0018128047,1055,AAA,0
300986.SZ,2025Q3,0.0021452857,1043,AAA,0
300986.SZ,2025Q4,0.0018764713,1052,AAA,0
300986.SZ,2026Q1,0.0052346536,978,AAA,0
300987.SZ,2025Q3,0.0059851394,968,AAA,0
300987.SZ,2025Q4,0.0066349967,961,AAA,0
300987.SZ,2026Q1,0.01650792,894,AAA,0
300988.SZ,2025Q3,0.00110641,1090,AAA,0
300988.SZ,2025Q4,0.0012424416,1082,AAA,0
300988.SZ,2026Q1,0.001235289,1082,AAA,0
300989.SZ,2025Q3,0.0031734956,1014,AAA,0
300989.SZ,2025Q4,0.0028247046,1023,AAA,0
300989.SZ,2026Q1,0.018258696,887,AAA,0
300990.SZ,2025Q3,0.0010046384,1097,AAA,0
300990.SZ,2025Q4,0.00081603136,1112,AAA,0
300990.SZ,2026Q1,0.00076891994,1117,AAA,0
300991.SZ,2025Q3,0.0024840792,1032,AAA,0
300991.SZ,2025Q4,0.002628203,1028,AAA,0
300991.SZ,2026Q1,0.006520967,962,AAA,0
300992.SZ,2025Q3,0.001696139,1060,AAA,0
300992.SZ,2025Q4,0.0012988106,1079,AAA,0
300992.SZ,2026Q1,0.0028640153,1022,AAA,0
300993.SZ,2025Q3,0.0022333614,1040,AAA,0
300993.SZ,2025Q4,0.0014343802,1072,AAA,0
300993.SZ,2026Q1,0.001925071,1050,AAA,0
300994.SZ,2025Q3,0.0012491768,1082,AAA,0
300994.SZ,2025Q4,0.0011567787,1087,AAA,0
300994.SZ,2026Q1,0.0017603323,1057,AAA,0
300995.SZ,2025Q3,0.001054485,1094,AAA,0
300995.SZ,2025Q4,0.0009863996,1099,AAA,0
300995.SZ,2026Q1,0.0010430545,1095,AAA,0
300996.SZ,2025Q3,0.00261353,1028,AAA,0
300996.SZ,2025Q4,0.0011685097,1086,AAA,0
300996.SZ,2026Q1,0.004014438,997,AAA,0
300997.SZ,2025Q3,0.015461085,899,AAA,0
300997.SZ,2025Q4,0.006393387,963,AAA,0
300997.SZ,2026Q1,0.01740026,890,AAA,0
300998.SZ,2025Q3,0.001466524,1070,AAA,0
300998.SZ,2025Q4,0.0030792654,1016,AAA,0
300998.SZ,2026Q1,0.003238585,1013,AAA,0
300999.SZ,2025Q3,0.0012277091,1083,AAA,0
300999.SZ,2025Q4,0.0010685724,1093,AAA,0
300999.SZ,2026Q1,0.0012158939,1084,AAA,0
301000.SZ,2025Q3,0.0009127002,1104,AAA,0
301000.SZ,2025Q4,0.00091879437,1104,AAA,0
301000.SZ,2026Q1,0.0011254417,1089,AAA,0
301001.SZ,2025Q3,0.002292943,1038,AAA,0
301001.SZ,2025Q4,0.0041311127,995,AAA,0
301001.SZ,2026Q1,0.0034823818,1008,AAA,0
301002.SZ,2025Q3,0.002363621,1036,AAA,0
301002.SZ,2025Q4,0.0031170882,1016,AAA,0
301002.SZ,2026Q1,0.0022699633,1038,AAA,0
301003.SZ,2025Q3,0.0008853809,1107,AAA,0
301003.SZ,2025Q4,0.00097590825,1099,AAA,0
301003.SZ,2026Q1,0.0013491946,1076,AAA,0
301004.SZ,2025Q3,0.0011870153,1085,AAA,0
301004.SZ,2025Q4,0.0010876164,1092,AAA,0
301004.SZ,2026Q1,0.0015914253,1064,AAA,0
301005.SZ,2025Q3,0.0015665359,1065,AAA,0
301005.SZ,2025Q4,0.0012304971,1083,AAA,0
301005.SZ,2026Q1,0.0012188201,1083,AAA,0
301006.SZ,2025Q3,0.00077136233,1116,AAA,0
301006.SZ,2025Q4,0.0007509066,1118,AAA,0
301006.SZ,2026Q1,0.0028989771,1021,AAA,0
301007.SZ,2025Q3,0.0022883618,1038,AAA,0
301007.SZ,2025Q4,0.0018219044,1054,AAA,0
301007.SZ,2026Q1,0.0015233794,1067,AAA,0
301008.SZ,2025Q3,0.0021965548,1041,AAA,0
301008.SZ,2025Q4,0.0010810781,1092,AAA,0
301008.SZ,2026Q1,0.0036894495,1003,AAA,0
301009.SZ,2025Q3,0.0010928623,1091,AAA,0
301009.SZ,2025Q4,0.0012807973,1080,AAA,0
301009.SZ,2026Q1,0.0018001915,1055,AAA,0
301010.SZ,2025Q3,0.0023743121,1035,AAA,0
301010.SZ,2025Q4,0.0015381214,1067,AAA,0
301010.SZ,2026Q1,0.002992661,1019,AAA,0
301011.SZ,2025Q3,0.0010303451,1096,AAA,0
301011.SZ,2025Q4,0.0009317363,1103,AAA,0
301011.SZ,2026Q1,0.0018823876,1052,AAA,0
301012.SZ,2025Q3,0.0014613896,1070,AAA,0
301012.SZ,2025Q4,0.0022683828,1039,AAA,0
301012.SZ,2026Q1,0.0013605283,1075,AAA,0
301013.SZ,2025Q3,0.007938359,948,AAA,0
301013.SZ,2025Q4,0.009571357,934,AAA,0
301013.SZ,2026Q1,0.013646152,908,AAA,0
301015.SZ,2025Q3,0.0015187706,1068,AAA,0
301015.SZ,2025Q4,0.0023790537,1035,AAA,0
301015.SZ,2026Q1,0.0022677223,1039,AAA,0
301016.SZ,2025Q3,0.0015490354,1066,AAA,0
301016.SZ,2025Q4,0.0016454589,1062,AAA,0
301016.SZ,2026Q1,0.00513712,979,AAA,0
301017.SZ,2025Q3,0.0026936568,1026,AAA,0
301017.SZ,2025Q4,0.0029049942,1021,AAA,0
301017.SZ,2026Q1,0.0045181382,989,AAA,0
301018.SZ,2025Q3,0.0010945117,1091,AAA,0
301018.SZ,2025Q4,0.0009480607,1102,AAA,0
301018.SZ,2026Q1,0.004549704,988,AAA,0
301019.SZ,2025Q3,0.0010513238,1094,AAA,0
301019.SZ,2025Q4,0.0011818396,1086,AAA,0
301019.SZ,2026Q1,0.0011517758,1088,AAA,0
301020.SZ,2025Q3,0.0011316205,1089,AAA,0
301020.SZ,2025Q4,0.0012905673,1079,AAA,0
301020.SZ,2026Q1,0.001436542,1072,AAA,0
301021.SZ,2025Q3,0.002724489,1025,AAA,0
301021.SZ,2025Q4,0.00094747636,1102,AAA,0
301021.SZ,2026Q1,0.0014316372,1072,AAA,0
301022.SZ,2025Q3,0.0010099737,1097,AAA,0
301022.SZ,2025Q4,0.0010694228,1093,AAA,0
301022.SZ,2026Q1,0.0065122214,962,AAA,0
301023.SZ,2025Q3,0.0008262915,1111,AAA,0
301023.SZ,2025Q4,0.00085916213,1109,AAA,0
301023.SZ,2026Q1,0.0009662681,1100,AAA,0
301024.SZ,2025Q3,0.003108503,1016,AAA,0
301024.SZ,2025Q4,0.0038034823,1001,AAA,0
301024.SZ,2026Q1,0.013084436,911,AAA,0
301025.SZ,2025Q3,0.005578124,973,AAA,0
301025.SZ,2025Q4,0.0034064353,1009,AAA,0
301025.SZ,2026Q1,0.006365971,964,AAA,0
301026.SZ,2025Q3,0.0011996827,1085,AAA,0
301026.SZ,2025Q4,0.0017663041,1057,AAA,0
301026.SZ,2026Q1,0.0013733736,1075,AAA,0
301027.SZ,2025Q3,0.0023756148,1035,AAA,0
301027.SZ,2025Q4,0.0050429204,981,AAA,0
301027.SZ,2026Q1,0.0048738495,983,AAA,0
301028.SZ,2025Q3,0.0012347937,1082,AAA,0
301028.SZ,2025Q4,0.001149646,1088,AAA,0
301028.SZ,2026Q1,0.0011974957,1085,AAA,0
301029.SZ,2025Q3,0.00091414317,1104,AAA,0
301029.SZ,2025Q4,0.0009681097,1100,AAA,0
301029.SZ,2026Q1,0.0009965294,1098,AAA,0
301030.SZ,2025Q3,0.009271131,936,AAA,0
301030.SZ,2025Q4,0.49699113,600,A,0
301030.SZ,2026Q1,0.92985225,413,C,0
301031.SZ,2025Q3,0.00089895295,1105,AAA,0
301031.SZ,2025Q4,0.0010443974,1095,AAA,0
301031.SZ,2026Q1,0.0011111123,1090,AAA,0
301032.SZ,2025Q3,0.0017363464,1058,AAA,0
301032.SZ,2025Q4,0.0018399777,1054,AAA,0
301032.SZ,2026Q1,0.0021799465,1041,AAA,0
301033.SZ,2025Q3,0.0010734807,1093,AAA,0
301033.SZ,2025Q4,0.0011027508,1091,AAA,0
301033.SZ,2026Q1,0.0011254819,1089,AAA,0
301035.SZ,2025Q3,0.0007937998,1114,AAA,0
301035.SZ,2025Q4,0.0011356815,1089,AAA,0
301035.SZ,2026Q1,0.0013240788,1077,AAA,0
301036.SZ,2025Q3,0.0017279183,1058,AAA,0
301036.SZ,2025Q4,0.001756706,1057,AAA,0
301036.SZ,2026Q1,0.0024739313,1032,AAA,0
301037.SZ,2025Q3,0.00286155,1022,AAA,0
301037.SZ,2025Q4,0.009503404,935,AAA,0
301037.SZ,2026Q1,0.015596973,898,AAA,0
301038.SZ,2025Q3,0.008203624,945,AAA,0
301038.SZ,2025Q4,0.0025778017,1029,AAA,0
301038.SZ,2026Q1,0.02056226,878,AAA,0
301039.SZ,2025Q3,0.00093607226,1102,AAA,0
301039.SZ,2025Q4,0.00092381024,1103,AAA,0
301039.SZ,2026Q1,0.0010222134,1096,AAA,0
301040.SZ,2025Q3,0.0016972107,1060,AAA,0
301040.SZ,2025Q4,0.0025183235,1031,AAA,0
301040.SZ,2026Q1,0.002434419,1033,AAA,0
301041.SZ,2025Q3,0.0017093997,1059,AAA,0
301041.SZ,2025Q4,0.0017193304,1059,AAA,0
301041.SZ,2026Q1,0.0026468793,1027,AAA,0
301042.SZ,2025Q3,0.0036729942,1004,AAA,0
301042.SZ,2025Q4,0.003035781,1017,AAA,0
301042.SZ,2026Q1,0.0017371221,1058,AAA,0
301043.SZ,2025Q3,0.00096566434,1100,AAA,0
301043.SZ,2025Q4,0.0010131404,1097,AAA,0
301043.SZ,2026Q1,0.001585042,1064,AAA,0
301045.SZ,2025Q3,0.001217375,1084,AAA,0
301045.SZ,2025Q4,0.00088403677,1107,AAA,0
301045.SZ,2026Q1,0.00093911635,1102,AAA,0
301046.SZ,2025Q3,0.0023956457,1035,AAA,0
301046.SZ,2025Q4,0.0036971609,1003,AAA,0
301046.SZ,2026Q1,0.005291662,977,AAA,0
301047.SZ,2025Q3,0.0020090644,1047,AAA,0
301047.SZ,2025Q4,0.0017632237,1057,AAA,0
301047.SZ,2026Q1,0.0023208328,1037,AAA,0
301048.SZ,2025Q3,0.0009280925,1103,AAA,0
301048.SZ,2025Q4,0.0009621063,1101,AAA,0
301048.SZ,2026Q1,0.001474963,1070,AAA,0
301049.SZ,2025Q3,0.06687599,790,AAA,0
301049.SZ,2025Q4,0.049054492,813,AAA,0
301049.SZ,2026Q1,0.118109405,745,AAA,0
301050.SZ,2025Q3,0.0023451531,1036,AAA,0
301050.SZ,2025Q4,0.0024180044,1034,AAA,0
301050.SZ,2026Q1,0.0067893662,959,AAA,0
301051.SZ,2025Q3,0.0040440653,997,AAA,0
301051.SZ,2025Q4,0.0021586572,1042,AAA,0
301051.SZ,2026Q1,0.0039895396,998,AAA,0
301052.SZ,2025Q3,0.0026455314,1027,AAA,0
301052.SZ,2025Q4,0.020129286,880,AAA,0
301052.SZ,2026Q1,0.0031418575,1015,AAA,0
301053.SZ,2025Q3,0.0023468316,1036,AAA,0
301053.SZ,2025Q4,0.0022328258,1040,AAA,0
301053.SZ,2026Q1,0.0015331666,1067,AAA,0
301055.SZ,2025Q3,0.0013978266,1074,AAA,0
301055.SZ,2025Q4,0.0015881888,1064,AAA,0
301055.SZ,2026Q1,0.0012836141,1080,AAA,0
301056.SZ,2025Q3,0.0031051375,1016,AAA,0
301056.SZ,2025Q4,0.0037876861,1001,AAA,0
301056.SZ,2026Q1,0.004678384,986,AAA,0
301057.SZ,2025Q3,0.0025222483,1031,AAA,0
301057.SZ,2025Q4,0.0023745787,1035,AAA,0
301057.SZ,2026Q1,0.0018408493,1054,AAA,0
301058.SZ,2025Q3,0.002202501,1041,AAA,0
301058.SZ,2025Q4,0.0014583952,1070,AAA,0
301058.SZ,2026Q1,0.002790953,1024,AAA,0
301059.SZ,2025Q3,0.0020551092,1046,AAA,0
301059.SZ,2025Q4,0.0031422924,1015,AAA,0
301059.SZ,2026Q1,0.0020560112,1046,AAA,0
301060.SZ,2025Q3,0.0035112598,1007,AAA,0
301060.SZ,2025Q4,0.011138818,923,AAA,0
301060.SZ,2026Q1,0.0055835564,973,AAA,0
301061.SZ,2025Q3,0.0007551422,1118,AAA,0
301061.SZ,2025Q4,0.00094493636,1102,AAA,0
301061.SZ,2026Q1,0.0012535397,1081,AAA,0
301062.SZ,2025Q3,0.0026408301,1028,AAA,0
301062.SZ,2025Q4,0.0041058776,996,AAA,0
301062.SZ,2026Q1,0.007889084,948,AAA,0
301063.SZ,2025Q3,0.001014268,1097,AAA,0
301063.SZ,2025Q4,0.0010388033,1095,AAA,0
301063.SZ,2026Q1,0.0012769804,1080,AAA,0
301065.SZ,2025Q3,0.0007778751,1116,AAA,0
301065.SZ,2025Q4,0.0008717867,1108,AAA,0
301065.SZ,2026Q1,0.0007913984,1115,AAA,0
301066.SZ,2025Q3,0.0008657467,1108,AAA,0
301066.SZ,2025Q4,0.001037599,1095,AAA,0
301066.SZ,2026Q1,0.0023437755,1036,AAA,0
301067.SZ,2025Q3,0.0032411737,1013,AAA,0
301067.SZ,2025Q4,0.003521552,1007,AAA,0
301067.SZ,2026Q1,0.0030510386,1017,AAA,0
301068.SZ,2025Q3,0.0064533595,963,AAA,0
301068.SZ,2025Q4,0.008143675,946,AAA,0
301068.SZ,2026Q1,0.005323371,977,AAA,0
301069.SZ,2025Q3,0.0028193733,1023,AAA,0
301069.SZ,2025Q4,0.0031871023,1014,AAA,0
301069.SZ,2026Q1,0.0039170277,999,AAA,0
301070.SZ,2025Q3,0.0011222012,1089,AAA,0
301070.SZ,2025Q4,0.0033371812,1011,AAA,0
301070.SZ,2026Q1,0.00395792,998,AAA,0
301071.SZ,2025Q3,0.003092944,1016,AAA,0
301071.SZ,2025Q4,0.0025667273,1030,AAA,0
301071.SZ,2026Q1,0.0016370651,1062,AAA,0
301072.SZ,2025Q3,0.0019410666,1050,AAA,0
301072.SZ,2025Q4,0.0022969171,1038,AAA,0
301072.SZ,2026Q1,0.001270876,1080,AAA,0
301073.SZ,2025Q3,0.0029315252,1020,AAA,0
301073.SZ,2025Q4,0.004587712,988,AAA,0
301073.SZ,2026Q1,0.003666479,1004,AAA,0
301075.SZ,2025Q3,0.0065920195,961,AAA,0
301075.SZ,2025Q4,0.009127388,938,AAA,0
301075.SZ,2026Q1,0.004663365,986,AAA,0
301076.SZ,2025Q3,0.0019813937,1048,AAA,0
301076.SZ,2025Q4,0.0021459372,1043,AAA,0
301076.SZ,2026Q1,0.0036837745,1003,AAA,0
301077.SZ,2025Q3,0.002373106,1035,AAA,0
301077.SZ,2025Q4,0.006936289,958,AAA,0
301077.SZ,2026Q1,0.0027404374,1025,AAA,0
301078.SZ,2025Q3,0.0032231659,1013,AAA,0
301078.SZ,2025Q4,0.004127542,995,AAA,0
301078.SZ,2026Q1,0.0036558702,1004,AAA,0
301079.SZ,2025Q3,0.0027165858,1026,AAA,0
301079.SZ,2025Q4,0.003709485,1003,AAA,0
301079.SZ,2026Q1,0.009244802,937,AAA,0
301080.SZ,2025Q3,0.0007037796,1123,AAA,0
301080.SZ,2025Q4,0.0010816714,1092,AAA,0
301080.SZ,2026Q1,0.0010440657,1095,AAA,0
301081.SZ,2025Q3,0.001368686,1075,AAA,0
301081.SZ,2025Q4,0.0013425312,1076,AAA,0
301081.SZ,2026Q1,0.0029829238,1019,AAA,0
301082.SZ,2025Q3,0.0020243677,1047,AAA,0
301082.SZ,2025Q4,0.0036491568,1004,AAA,0
301082.SZ,2026Q1,0.008543616,942,AAA,0
301083.SZ,2025Q3,0.0011553223,1087,AAA,0
301083.SZ,2025Q4,0.0011948962,1085,AAA,0
301083.SZ,2026Q1,0.0017864702,1056,AAA,0
301085.SZ,2025Q3,0.002787583,1024,AAA,0
301085.SZ,2025Q4,0.0043176347,992,AAA,0
301085.SZ,2026Q1,0.006409163,963,AAA,0
301086.SZ,2025Q3,0.00091648794,1104,AAA,0
301086.SZ,2025Q4,0.00086354563,1108,AAA,0
301086.SZ,2026Q1,0.002078182,1045,AAA,0
301087.SZ,2025Q3,0.0007094152,1123,AAA,0
301087.SZ,2025Q4,0.0006952139,1124,AAA,0
301087.SZ,2026Q1,0.0011989595,1085,AAA,0
301088.SZ,2025Q3,0.0012514669,1082,AAA,0
301088.SZ,2025Q4,0.0013200055,1078,AAA,0
301088.SZ,2026Q1,0.0012126929,1084,AAA,0
301089.SZ,2025Q3,0.0020109334,1047,AAA,0
301089.SZ,2025Q4,0.0017628008,1057,AAA,0
301089.SZ,2026Q1,0.0017405336,1058,AAA,0
301090.SZ,2025Q3,0.007763055,949,AAA,0
301090.SZ,2025Q4,0.008194782,945,AAA,0
301090.SZ,2026Q1,0.0036140657,1005,AAA,0
301091.SZ,2025Q3,0.002608425,1028,AAA,0
301091.SZ,2025Q4,0.0017674109,1057,AAA,0
301091.SZ,2026Q1,0.005869883,970,AAA,0
301092.SZ,2025Q3,0.00097373436,1100,AAA,0
301092.SZ,2025Q4,0.0010797565,1092,AAA,0
301092.SZ,2026Q1,0.0015064835,1068,AAA,0
301093.SZ,2025Q3,0.0013155125,1078,AAA,0
301093.SZ,2025Q4,0.0008796687,1107,AAA,0
301093.SZ,2026Q1,0.002308747,1037,AAA,0
301095.SZ,2025Q3,0.0020454912,1046,AAA,0
301095.SZ,2025Q4,0.0006566287,1128,AAA,0
301095.SZ,2026Q1,0.0022035714,1041,AAA,0
301096.SZ,2025Q3,0.0018398471,1054,AAA,0
301096.SZ,2025Q4,0.0012193362,1083,AAA,0
301096.SZ,2026Q1,0.0018485686,1053,AAA,0
301097.SZ,2025Q3,0.0013516871,1076,AAA,0
301097.SZ,2025Q4,0.00452849,989,AAA,0
301097.SZ,2026Q1,0.0019359132,1050,AAA,0
301098.SZ,2025Q3,0.010027464,931,AAA,0
301098.SZ,2025Q4,0.009755598,933,AAA,0
301098.SZ,2026Q1,0.0325543,844,AAA,0
301099.SZ,2025Q3,0.0011073727,1090,AAA,0
301099.SZ,2025Q4,0.0010090859,1097,AAA,0
301099.SZ,2026Q1,0.0012895291,1079,AAA,0
301100.SZ,2025Q3,0.0022790649,1038,AAA,0
301100.SZ,2025Q4,0.0018501028,1053,AAA,0
301100.SZ,2026Q1,0.003949166,998,AAA,0
301101.SZ,2025Q3,0.0007179538,1122,AAA,0
301101.SZ,2025Q4,0.00087559246,1107,AAA,0
301101.SZ,2026Q1,0.00095222035,1101,AAA,0
301102.SZ,2025Q3,0.002012312,1047,AAA,0
301102.SZ,2025Q4,0.0025548937,1030,AAA,0
301102.SZ,2026Q1,0.0038828477,1000,AAA,0
301103.SZ,2025Q3,0.0010949377,1091,AAA,0
301103.SZ,2025Q4,0.0013977294,1074,AAA,0
301103.SZ,2026Q1,0.00095970853,1101,AAA,0
301105.SZ,2025Q3,0.0031547141,1015,AAA,0
301105.SZ,2025Q4,0.0014427932,1071,AAA,0
301105.SZ,2026Q1,0.0044380673,990,AAA,0
301106.SZ,2025Q3,0.0008208706,1112,AAA,0
301106.SZ,2025Q4,0.00094077934,1102,AAA,0
301106.SZ,2026Q1,0.0027214692,1025,AAA,0
301107.SZ,2025Q3,0.000784402,1115,AAA,0
301107.SZ,2025Q4,0.0007742086,1116,AAA,0
301107.SZ,2026Q1,0.00091113325,1104,AAA,0
301108.SZ,2025Q3,0.0009621003,1101,AAA,0
301108.SZ,2025Q4,0.0009849182,1099,AAA,0
301108.SZ,2026Q1,0.0017609835,1057,AAA,0
301109.SZ,2025Q3,0.0015227217,1067,AAA,0
301109.SZ,2025Q4,0.0025355455,1030,AAA,0
301109.SZ,2026Q1,0.0017170681,1059,AAA,0
301110.SZ,2025Q3,0.0008479669,1110,AAA,0
301110.SZ,2025Q4,0.0008282859,1111,AAA,0
301110.SZ,2026Q1,0.0011378874,1088,AAA,0
301111.SZ,2025Q3,0.003694706,1003,AAA,0
301111.SZ,2025Q4,0.0038456975,1000,AAA,0
301111.SZ,2026Q1,0.0033274132,1011,AAA,0
301112.SZ,2025Q3,0.003936054,999,AAA,0
301112.SZ,2025Q4,0.0024630832,1033,AAA,0
301112.SZ,2026Q1,0.009348508,936,AAA,0
301113.SZ,2025Q3,0.002544166,1030,AAA,0
301113.SZ,2025Q4,0.0010725586,1093,AAA,0
301113.SZ,2026Q1,0.0033226614,1011,AAA,0
301115.SZ,2025Q3,0.0013439353,1076,AAA,0
301115.SZ,2025Q4,0.0013301382,1077,AAA,0
301115.SZ,2026Q1,0.002410973,1034,AAA,0
301116.SZ,2025Q3,0.0049747485,982,AAA,0
301116.SZ,2025Q4,0.06354788,794,AAA,0
301116.SZ,2026Q1,0.020937437,877,AAA,0
301117.SZ,2025Q3,0.0017538428,1057,AAA,0
301117.SZ,2025Q4,0.0019044925,1051,AAA,0
301117.SZ,2026Q1,0.0027073273,1026,AAA,0
301118.SZ,2025Q3,0.0054376735,975,AAA,0
301118.SZ,2025Q4,0.009217196,937,AAA,0
301118.SZ,2026Q1,0.0020563565,1046,AAA,0
301119.SZ,2025Q3,0.0008450759,1110,AAA,0
301119.SZ,2025Q4,0.00094836735,1102,AAA,0
301119.SZ,2026Q1,0.0008719283,1108,AAA,0
301120.SZ,2025Q3,0.0026746374,1027,AAA,0
301120.SZ,2025Q4,0.0017381633,1058,AAA,0
301120.SZ,2026Q1,0.0024713015,1032,AAA,0
301121.SZ,2025Q3,0.0012729664,1080,AAA,0
301121.SZ,2025Q4,0.0012884653,1079,AAA,0
301121.SZ,2026Q1,0.0012554295,1081,AAA,0
301122.SZ,2025Q3,0.0021085988,1044,AAA,0
301122.SZ,2025Q4,0.002503187,1031,AAA,0
301122.SZ,2026Q1,0.0014241196,1072,AAA,0
301123.SZ,2025Q3,0.001124359,1089,AAA,0
301123.SZ,2025Q4,0.001511061,1068,AAA,0
301123.SZ,2026Q1,0.0054655126,975,AAA,0
301125.SZ,2025Q3,0.0026007264,1029,AAA,0
301125.SZ,2025Q4,0.0024400349,1033,AAA,0
301125.SZ,2026Q1,0.004031214,997,AAA,0
301126.SZ,2025Q3,0.0046375804,987,AAA,0
301126.SZ,2025Q4,0.020821268,877,AAA,0
301126.SZ,2026Q1,0.03289661,843,AAA,0
301127.SZ,2025Q3,0.001964366,1049,AAA,0
301127.SZ,2025Q4,0.0018800909,1052,AAA,0
301127.SZ,2026Q1,0.0024539253,1033,AAA,0
301128.SZ,2025Q3,0.0012656805,1081,AAA,0
301128.SZ,2025Q4,0.00087334105,1107,AAA,0
301128.SZ,2026Q1,0.0011823633,1086,AAA,0
301129.SZ,2025Q3,0.001685411,1060,AAA,0
301129.SZ,2025Q4,0.0007809645,1116,AAA,0
301129.SZ,2026Q1,0.0053496715,976,AAA,0
301130.SZ,2025Q3,0.0009891876,1099,AAA,0
301130.SZ,2025Q4,0.0013552539,1076,AAA,0
301130.SZ,2026Q1,0.0014681078,1070,AAA,0
301131.SZ,2025Q3,0.0009798482,1099,AAA,0
301131.SZ,2025Q4,0.0010297054,1096,AAA,0
301131.SZ,2026Q1,0.001130564,1089,AAA,0
301132.SZ,2025Q3,0.00091637915,1104,AAA,0
301132.SZ,2025Q4,0.0010761064,1092,AAA,0
301132.SZ,2026Q1,0.0012157509,1084,AAA,0
301133.SZ,2025Q3,0.0014267912,1072,AAA,0
301133.SZ,2025Q4,0.0012415821,1082,AAA,0
301133.SZ,2026Q1,0.0008911072,1106,AAA,0
301135.SZ,2025Q3,0.0008364361,1111,AAA,0
301135.SZ,2025Q4,0.0009438841,1102,AAA,0
301135.SZ,2026Q1,0.0035240126,1007,AAA,0
301136.SZ,2025Q3,0.0024369182,1033,AAA,0
301136.SZ,2025Q4,0.005399927,976,AAA,0
301136.SZ,2026Q1,0.01295575,912,AAA,0
301137.SZ,2025Q3,0.00086741877,1108,AAA,0
301137.SZ,2025Q4,0.0009763281,1099,AAA,0
301137.SZ,2026Q1,0.0013165033,1078,AAA,0
301138.SZ,2025Q3,0.00077343907,1116,AAA,0
301138.SZ,2025Q4,0.0007720783,1116,AAA,0
301138.SZ,2026Q1,0.001016656,1097,AAA,0
301139.SZ,2025Q3,0.0032341152,1013,AAA,0
301139.SZ,2025Q4,0.0033484385,1010,AAA,0
301139.SZ,2026Q1,0.003959873,998,AAA,0
301141.SZ,2025Q3,0.0008396487,1110,AAA,0
301141.SZ,2025Q4,0.0008642059,1108,AAA,0
301141.SZ,2026Q1,0.0024343773,1033,AAA,0
301148.SZ,2025Q3,0.0015432893,1066,AAA,0
301148.SZ,2025Q4,0.0009911847,1098,AAA,0
301148.SZ,2026Q1,0.0029987236,1018,AAA,0
301149.SZ,2025Q3,0.0025885245,1029,AAA,0
301149.SZ,2025Q4,0.0018915524,1052,AAA,0
301149.SZ,2026Q1,0.0015489144,1066,AAA,0
301150.SZ,2025Q3,0.001791396,1056,AAA,0
301150.SZ,2025Q4,0.0016899841,1060,AAA,0
301150.SZ,2026Q1,0.0020597891,1046,AAA,0
301151.SZ,2025Q3,0.0012567012,1081,AAA,0
301151.SZ,2025Q4,0.0007935975,1114,AAA,0
301151.SZ,2026Q1,0.0031892497,1014,AAA,0
301152.SZ,2025Q3,0.008072615,947,AAA,0
301152.SZ,2025Q4,0.0068741674,958,AAA,0
301152.SZ,2026Q1,0.010919474,925,AAA,0
301153.SZ,2025Q3,0.010377246,928,AAA,0
301153.SZ,2025Q4,0.004727328,985,AAA,0
301153.SZ,2026Q1,0.012491871,915,AAA,0
301155.SZ,2025Q3,0.0010361045,1095,AAA,0
301155.SZ,2025Q4,0.0011581265,1087,AAA,0
301155.SZ,2026Q1,0.006341523,964,AAA,0
301156.SZ,2025Q3,0.0022647833,1039,AAA,0
301156.SZ,2025Q4,0.008660198,941,AAA,0
301156.SZ,2026Q1,0.007493273,952,AAA,0
301157.SZ,2025Q3,0.00084142794,1110,AAA,0
301157.SZ,2025Q4,0.00077620125,1116,AAA,0
301157.SZ,2026Q1,0.0011613468,1087,AAA,0
301158.SZ,2025Q3,0.00075601094,1118,AAA,0
301158.SZ,2025Q4,0.0010011266,1098,AAA,0
301158.SZ,2026Q1,0.005043557,981,AAA,0
301159.SZ,2025Q3,0.0048040706,984,AAA,0
301159.SZ,2025Q4,0.00157103,1065,AAA,0
301159.SZ,2026Q1,0.0042819334,993,AAA,0
301160.SZ,2025Q3,0.0007342247,1120,AAA,0
301160.SZ,2025Q4,0.0007291221,1121,AAA,0
301160.SZ,2026Q1,0.0008080394,1113,AAA,0
301161.SZ,2025Q3,0.0016894274,1060,AAA,0
301161.SZ,2025Q4,0.0016925627,1060,AAA,0
301161.SZ,2026Q1,0.0013871889,1074,AAA,0
301162.SZ,2025Q3,0.000805626,1113,AAA,0
301162.SZ,2025Q4,0.0009162487,1104,AAA,0
301162.SZ,2026Q1,0.001277559,1080,AAA,0
301163.SZ,2025Q3,0.0010233861,1096,AAA,0
301163.SZ,2025Q4,0.0010406997,1095,AAA,0
301163.SZ,2026Q1,0.0015657747,1065,AAA,0
301165.SZ,2025Q3,0.0011534123,1087,AAA,0
301165.SZ,2025Q4,0.001122723,1089,AAA,0
301165.SZ,2026Q1,0.0019058,1051,AAA,0
301166.SZ,2025Q3,0.0027876506,1024,AAA,0
301166.SZ,2025Q4,0.0033272456,1011,AAA,0
301166.SZ,2026Q1,0.0023685836,1035,AAA,0
301167.SZ,2025Q3,0.0011030666,1091,AAA,0
301167.SZ,2025Q4,0.001117749,1090,AAA,0
301167.SZ,2026Q1,0.0012063324,1084,AAA,0
301168.SZ,2025Q3,0.0009564042,1101,AAA,0
301168.SZ,2025Q4,0.0010917105,1091,AAA,0
301168.SZ,2026Q1,0.0017642152,1057,AAA,0
301169.SZ,2025Q3,0.0025595338,1030,AAA,0
301169.SZ,2025Q4,0.0026603749,1027,AAA,0
301169.SZ,2026Q1,0.0071213753,956,AAA,0
301170.SZ,2025Q3,0.0008161779,1112,AAA,0
301170.SZ,2025Q4,0.0008096506,1113,AAA,0
301170.SZ,2026Q1,0.00087330193,1107,AAA,0
301171.SZ,2025Q3,0.0016846956,1060,AAA,0
301171.SZ,2025Q4,0.0012334391,1083,AAA,0
301171.SZ,2026Q1,0.00262654,1028,AAA,0
301172.SZ,2025Q3,0.0014709717,1070,AAA,0
301172.SZ,2025Q4,0.0010389299,1095,AAA,0
301172.SZ,2026Q1,0.002381368,1035,AAA,0
301173.SZ,2025Q3,0.0010318471,1095,AAA,0
301173.SZ,2025Q4,0.0011523591,1087,AAA,0
301173.SZ,2026Q1,0.0010400738,1095,AAA,0
301175.SZ,2025Q3,0.0027392753,1025,AAA,0
301175.SZ,2025Q4,0.0037354843,1002,AAA,0
301175.SZ,2026Q1,0.004031084,997,AAA,0
301176.SZ,2025Q3,0.0013796462,1074,AAA,0
301176.SZ,2025Q4,0.0015264404,1067,AAA,0
301176.SZ,2026Q1,0.004131111,995,AAA,0
301177.SZ,2025Q3,0.0011997639,1085,AAA,0
301177.SZ,2025Q4,0.0013167735,1078,AAA,0
301177.SZ,2026Q1,0.0025879312,1029,AAA,0
301178.SZ,2025Q3,0.002075489,1045,AAA,0
301178.SZ,2025Q4,0.0018459705,1053,AAA,0
301178.SZ,2026Q1,0.0023879465,1035,AAA,0
301179.SZ,2025Q3,0.0034141059,1009,AAA,0
301179.SZ,2025Q4,0.0033655071,1010,AAA,0
301179.SZ,2026Q1,0.0042861234,992,AAA,0
301180.SZ,2025Q3,0.0037651972,1002,AAA,0
301180.SZ,2025Q4,0.0035797362,1006,AAA,0
301180.SZ,2026Q1,0.0061332798,967,AAA,0
301181.SZ,2025Q3,0.0009051451,1105,AAA,0
301181.SZ,2025Q4,0.0010723742,1093,AAA,0
301181.SZ,2026Q1,0.00091742974,1104,AAA,0
301182.SZ,2025Q3,0.0024088752,1034,AAA,0
301182.SZ,2025Q4,0.0018244331,1054,AAA,0
301182.SZ,2026Q1,0.0062185368,966,AAA,0
301183.SZ,2025Q3,0.0010321308,1095,AAA,0
301183.SZ,2025Q4,0.0010925063,1091,AAA,0
301183.SZ,2026Q1,0.000942801,1102,AAA,0
301185.SZ,2025Q3,0.007165112,955,AAA,0
301185.SZ,2025Q4,0.008670352,941,AAA,0
301185.SZ,2026Q1,0.026983505,858,AAA,0
301186.SZ,2025Q3,0.0008209007,1112,AAA,0
301186.SZ,2025Q4,0.0007622129,1117,AAA,0
301186.SZ,2026Q1,0.0013245877,1077,AAA,0
301187.SZ,2025Q3,0.0011705534,1086,AAA,0
301187.SZ,2025Q4,0.0013321394,1077,AAA,0
301187.SZ,2026Q1,0.0027175613,1025,AAA,0
301188.SZ,2025Q3,0.0012131695,1084,AAA,0
301188.SZ,2025Q4,0.0023474277,1036,AAA,0
301188.SZ,2026Q1,0.0011642239,1087,AAA,0
301189.SZ,2025Q3,0.002165564,1042,AAA,0
301189.SZ,2025Q4,0.0018904067,1052,AAA,0
301189.SZ,2026Q1,0.004000451,997,AAA,0
301190.SZ,2025Q3,0.0013927461,1074,AAA,0
301190.SZ,2025Q4,0.0012492482,1082,AAA,0
301190.SZ,2026Q1,0.0011793358,1086,AAA,0
301191.SZ,2025Q3,0.001702669,1059,AAA,0
301191.SZ,2025Q4,0.001671709,1061,AAA,0
301191.SZ,2026Q1,0.0013368432,1077,AAA,0
301192.SZ,2025Q3,0.0015917155,1064,AAA,0
301192.SZ,2025Q4,0.0017418723,1058,AAA,0
301192.SZ,2026Q1,0.0012173802,1084,AAA,0
301193.SZ,2025Q3,0.0015669,1065,AAA,0
301193.SZ,2025Q4,0.0018292946,1054,AAA,0
301193.SZ,2026Q1,0.002236263,1040,AAA,0
301195.SZ,2025Q3,0.0012300097,1083,AAA,0
301195.SZ,2025Q4,0.0008785349,1107,AAA,0
301195.SZ,2026Q1,0.0014249342,1072,AAA,0
301196.SZ,2025Q3,0.0007508325,1118,AAA,0
301196.SZ,2025Q4,0.00074810674,1119,AAA,0
301196.SZ,2026Q1,0.00089612603,1106,AAA,0
301197.SZ,2025Q3,0.0014152351,1073,AAA,0
301197.SZ,2025Q4,0.001580575,1065,AAA,0
301197.SZ,2026Q1,0.004391267,991,AAA,0
301198.SZ,2025Q3,0.0014010192,1073,AAA,0
301198.SZ,2025Q4,0.0016160189,1063,AAA,0
301198.SZ,2026Q1,0.002384464,1035,AAA,0
301199.SZ,2025Q3,0.0010344278,1095,AAA,0
301199.SZ,2025Q4,0.0009631219,1100,AAA,0
301199.SZ,2026Q1,0.0018914317,1052,AAA,0
301200.SZ,2025Q3,0.00080931705,1113,AAA,0
301200.SZ,2025Q4,0.00072055607,1121,AAA,0
301200.SZ,2026Q1,0.0010794577,1092,AAA,0
301201.SZ,2025Q3,0.0016721627,1061,AAA,0
301201.SZ,2025Q4,0.0027380565,1025,AAA,0
301201.SZ,2026Q1,0.0021294148,1043,AAA,0
301202.SZ,2025Q3,0.0006997975,1123,AAA,0
301202.SZ,2025Q4,0.00081757794,1112,AAA,0
301202.SZ,2026Q1,0.0011478016,1088,AAA,0
301203.SZ,2025Q3,0.0013570098,1076,AAA,0
301203.SZ,2025Q4,0.0017059157,1059,AAA,0
301203.SZ,2026Q1,0.0011381268,1088,AAA,0
301205.SZ,2025Q3,0.0008850464,1107,AAA,0
301205.SZ,2025Q4,0.0011935732,1085,AAA,0
301205.SZ,2026Q1,0.0067833783,959,AAA,0
301206.SZ,2025Q3,0.0017070042,1059,AAA,0
301206.SZ,2025Q4,0.0016581244,1061,AAA,0
301206.SZ,2026Q1,0.0016454792,1062,AAA,0
301207.SZ,2025Q3,0.0011940639,1085,AAA,0
301207.SZ,2025Q4,0.001209259,1084,AAA,0
301207.SZ,2026Q1,0.0036528076,1004,AAA,0
301208.SZ,2025Q3,0.0032274462,1013,AAA,0
301208.SZ,2025Q4,0.0009568285,1101,AAA,0
301208.SZ,2026Q1,0.002122344,1043,AAA,0
301209.SZ,2025Q3,0.0010543404,1094,AAA,0
301209.SZ,2025Q4,0.0013398826,1077,AAA,0
301209.SZ,2026Q1,0.0018446329,1053,AAA,0
301210.SZ,2025Q3,0.000842774,1110,AAA,0
301210.SZ,2025Q4,0.0008127693,1113,AAA,0
301210.SZ,2026Q1,0.0008823192,1107,AAA,0
301211.SZ,2025Q3,0.0028756054,1021,AAA,0
301211.SZ,2025Q4,0.0019813124,1048,AAA,0
301211.SZ,2026Q1,0.0026111384,1028,AAA,0
301212.SZ,2025Q3,0.0016316553,1062,AAA,0
301212.SZ,2025Q4,0.0014886467,1069,AAA,0
301212.SZ,2026Q1,0.0010757636,1092,AAA,0
301213.SZ,2025Q3,0.0039399182,999,AAA,0
301213.SZ,2025Q4,0.0019483597,1050,AAA,0
301213.SZ,2026Q1,0.001911178,1051,AAA,0
301215.SZ,2025Q3,0.002808513,1023,AAA,0
301215.SZ,2025Q4,0.0027180458,1025,AAA,0
301215.SZ,2026Q1,0.005059487,980,AAA,0
301216.SZ,2025Q3,0.0022840623,1038,AAA,0
301216.SZ,2025Q4,0.0031700223,1014,AAA,0
301216.SZ,2026Q1,0.0016544603,1061,AAA,0
301217.SZ,2025Q3,0.0018587215,1053,AAA,0
301217.SZ,2025Q4,0.0015449515,1066,AAA,0
301217.SZ,2026Q1,0.001924265,1050,AAA,0
301218.SZ,2025Q3,0.0015856095,1064,AAA,0
301218.SZ,2025Q4,0.0021759577,1042,AAA,0
301218.SZ,2026Q1,0.002295543,1038,AAA,0
301219.SZ,2025Q3,0.0011144392,1090,AAA,0
301219.SZ,2025Q4,0.0012203378,1083,AAA,0
301219.SZ,2026Q1,0.0015001599,1068,AAA,0
301220.SZ,2025Q3,0.001023215,1096,AAA,0
301220.SZ,2025Q4,0.0012803418,1080,AAA,0
301220.SZ,2026Q1,0.0026984224,1026,AAA,0
301221.SZ,2025Q3,0.0009833116,1099,AAA,0
301221.SZ,2025Q4,0.0009200843,1104,AAA,0
301221.SZ,2026Q1,0.0031100002,1016,AAA,0
301222.SZ,2025Q3,0.00096549134,1100,AAA,0
301222.SZ,2025Q4,0.00086455216,1108,AAA,0
301222.SZ,2026Q1,0.0009385711,1102,AAA,0
301223.SZ,2025Q3,0.0007762993,1116,AAA,0
301223.SZ,2025Q4,0.00076061627,1117,AAA,0
301223.SZ,2026Q1,0.000805177,1113,AAA,0
301225.SZ,2025Q3,0.0011507066,1088,AAA,0
301225.SZ,2025Q4,0.0008776815,1107,AAA,0
301225.SZ,2026Q1,0.0010398771,1095,AAA,0
301226.SZ,2025Q3,0.0009473888,1102,AAA,0
301226.SZ,2025Q4,0.0009873916,1099,AAA,0
301226.SZ,2026Q1,0.001716948,1059,AAA,0
301227.SZ,2025Q3,0.00216525,1042,AAA,0
301227.SZ,2025Q4,0.0012728815,1080,AAA,0
301227.SZ,2026Q1,0.002270865,1038,AAA,0
301228.SZ,2025Q3,0.002892234,1021,AAA,0
301228.SZ,2025Q4,0.0042527695,993,AAA,0
301228.SZ,2026Q1,0.006352849,964,AAA,0
301229.SZ,2025Q3,0.0013140967,1078,AAA,0
301229.SZ,2025Q4,0.0018421789,1054,AAA,0
301229.SZ,2026Q1,0.0030584186,1017,AAA,0
301230.SZ,2025Q3,0.00096748496,1100,AAA,0
301230.SZ,2025Q4,0.0015642182,1065,AAA,0
301230.SZ,2026Q1,0.0020843719,1045,AAA,0
301231.SZ,2025Q3,0.003331589,1011,AAA,0
301231.SZ,2025Q4,0.0034125014,1009,AAA,0
301231.SZ,2026Q1,0.0049168332,983,AAA,0
301232.SZ,2025Q3,0.0016686319,1061,AAA,0
301232.SZ,2025Q4,0.0015639806,1065,AAA,0
301232.SZ,2026Q1,0.002189842,1041,AAA,0
301233.SZ,2025Q3,0.0011319094,1089,AAA,0
301233.SZ,2025Q4,0.00080660655,1113,AAA,0
301233.SZ,2026Q1,0.00088076066,1107,AAA,0
301234.SZ,2025Q3,0.0016581519,1061,AAA,0
301234.SZ,2025Q4,0.0015477121,1066,AAA,0
301234.SZ,2026Q1,0.0013350574,1077,AAA,0
301235.SZ,2025Q3,0.0010602676,1093,AAA,0
301235.SZ,2025Q4,0.0011800498,1086,AAA,0
301235.SZ,2026Q1,0.0014009658,1073,AAA,0
301236.SZ,2025Q3,0.0015900091,1064,AAA,0
301236.SZ,2025Q4,0.00091887143,1104,AAA,0
301236.SZ,2026Q1,0.0014368662,1072,AAA,0
301237.SZ,2025Q3,0.0011563309,1087,AAA,0
301237.SZ,2025Q4,0.0014328996,1072,AAA,0
301237.SZ,2026Q1,0.0022813277,1038,AAA,0
301238.SZ,2025Q3,0.0011818503,1086,AAA,0
301238.SZ,2025Q4,0.0010060952,1097,AAA,0
301238.SZ,2026Q1,0.0013245575,1077,AAA,0
301239.SZ,2025Q3,0.0012354332,1082,AAA,0
301239.SZ,2025Q4,0.0027199555,1025,AAA,0
301239.SZ,2026Q1,0.001107495,1090,AAA,0
301246.SZ,2025Q3,0.0017578831,1057,AAA,0
301246.SZ,2025Q4,0.0009015618,1105,AAA,0
301246.SZ,2026Q1,0.0011392946,1088,AAA,0
301248.SZ,2025Q3,0.0018628716,1053,AAA,0
301248.SZ,2025Q4,0.0014225865,1072,AAA,0
301248.SZ,2026Q1,0.0049874657,982,AAA,0
301251.SZ,2025Q3,0.00092844723,1103,AAA,0
301251.SZ,2025Q4,0.0009202947,1104,AAA,0
301251.SZ,2026Q1,0.002549856,1030,AAA,0
301252.SZ,2025Q3,0.00085393374,1109,AAA,0
301252.SZ,2025Q4,0.000797865,1114,AAA,0
301252.SZ,2026Q1,0.0011898907,1085,AAA,0
301255.SZ,2025Q3,0.001043473,1095,AAA,0
301255.SZ,2025Q4,0.00097525795,1100,AAA,0
301255.SZ,2026Q1,0.0018388175,1054,AAA,0
301256.SZ,2025Q3,0.014620739,903,AAA,0
301256.SZ,2025Q4,0.049819995,812,AAA,0
301256.SZ,2026Q1,0.0061736186,966,AAA,0
301257.SZ,2025Q3,0.0008054206,1113,AAA,0
301257.SZ,2025Q4,0.0009479428,1102,AAA,0
301257.SZ,2026Q1,0.0010907666,1091,AAA,0
301258.SZ,2025Q3,0.0011913072,1085,AAA,0
301258.SZ,2025Q4,0.00092904636,1103,AAA,0
301258.SZ,2026Q1,0.0018110143,1055,AAA,0
301259.SZ,2025Q3,0.010684268,926,AAA,0
301259.SZ,2025Q4,0.002780991,1024,AAA,0
301259.SZ,2026Q1,0.006752309,960,AAA,0
301260.SZ,2025Q3,0.003007671,1018,AAA,0
301260.SZ,2025Q4,0.0028115672,1023,AAA,0
301260.SZ,2026Q1,0.003131863,1015,AAA,0
301261.SZ,2025Q3,0.001412109,1073,AAA,0
301261.SZ,2025Q4,0.0012070467,1084,AAA,0
301261.SZ,2026Q1,0.0015460338,1066,AAA,0
301262.SZ,2025Q3,0.002015579,1047,AAA,0
301262.SZ,2025Q4,0.0017522449,1057,AAA,0
301262.SZ,2026Q1,0.0023401403,1036,AAA,0
301263.SZ,2025Q3,0.00420506,994,AAA,0
301263.SZ,2025Q4,0.0037249723,1003,AAA,0
301263.SZ,2026Q1,0.0036263308,1005,AAA,0
301265.SZ,2025Q3,0.0017291674,1058,AAA,0
301265.SZ,2025Q4,0.0018180271,1055,AAA,0
301265.SZ,2026Q1,0.003141862,1015,AAA,0
301266.SZ,2025Q3,0.0013241633,1077,AAA,0
301266.SZ,2025Q4,0.001492187,1069,AAA,0
301266.SZ,2026Q1,0.0012282665,1083,AAA,0
301267.SZ,2025Q3,0.0013925616,1074,AAA,0
301267.SZ,2025Q4,0.0017592901,1057,AAA,0
301267.SZ,2026Q1,0.0014452994,1071,AAA,0
301268.SZ,2025Q3,0.0025069213,1031,AAA,0
301268.SZ,2025Q4,0.0054422347,975,AAA,0
301268.SZ,2026Q1,0.0066401316,961,AAA,0
301269.SZ,2025Q3,0.0012722786,1080,AAA,0
301269.SZ,2025Q4,0.0011803467,1086,AAA,0
301269.SZ,2026Q1,0.0028861647,1021,AAA,0
301270.SZ,2025Q3,0.0014150309,1073,AAA,0
301270.SZ,2025Q4,0.0013539509,1076,AAA,0
301270.SZ,2026Q1,0.00839861,944,AAA,0
301272.SZ,2025Q3,0.002423444,1034,AAA,0
301272.SZ,2025Q4,0.001894,1052,AAA,0
301272.SZ,2026Q1,0.0013170462,1078,AAA,0
301273.SZ,2025Q3,0.0011421856,1088,AAA,0
301273.SZ,2025Q4,0.0011470327,1088,AAA,0
301273.SZ,2026Q1,0.0018372909,1054,AAA,0
301275.SZ,2025Q3,0.0016949744,1060,AAA,0
301275.SZ,2025Q4,0.000769821,1117,AAA,0
301275.SZ,2026Q1,0.0018460276,1053,AAA,0
301276.SZ,2025Q3,0.0015745035,1065,AAA,0
301276.SZ,2025Q4,0.0021022772,1044,AAA,0
301276.SZ,2026Q1,0.001445137,1071,AAA,0
301277.SZ,2025Q3,0.0021650244,1042,AAA,0
301277.SZ,2025Q4,0.001773562,1056,AAA,0
301277.SZ,2026Q1,0.0031606683,1015,AAA,0
301278.SZ,2025Q3,0.0013714364,1075,AAA,0
301278.SZ,2025Q4,0.0011253796,1089,AAA,0
301278.SZ,2026Q1,0.0016042268,1064,AAA,0
301279.SZ,2025Q3,0.00079748995,1114,AAA,0
301279.SZ,2025Q4,0.00091476884,1104,AAA,0
301279.SZ,2026Q1,0.000999544,1098,AAA,0
301280.SZ,2025Q3,0.0007439829,1119,AAA,0
301280.SZ,2025Q4,0.0015458734,1066,AAA,0
301280.SZ,2026Q1,0.0006976487,1124,AAA,0
301281.SZ,2025Q3,0.000829179,1111,AAA,0
301281.SZ,2025Q4,0.0012889568,1079,AAA,0
301281.SZ,2026Q1,0.00090884726,1105,AAA,0
301282.SZ,2025Q3,0.00081524905,1112,AAA,0
301282.SZ,2025Q4,0.000990522,1098,AAA,0
301282.SZ,2026Q1,0.002745133,1025,AAA,0
301283.SZ,2025Q3,0.000905541,1105,AAA,0
301283.SZ,2025Q4,0.0008293568,1111,AAA,0
301283.SZ,2026Q1,0.0009774235,1099,AAA,0
301285.SZ,2025Q3,0.004154296,995,AAA,0
301285.SZ,2025Q4,0.005406836,976,AAA,0
301285.SZ,2026Q1,0.0086996155,941,AAA,0
301286.SZ,2025Q3,0.008490745,943,AAA,0
301286.SZ,2025Q4,0.013032157,912,AAA,0
301286.SZ,2026Q1,0.0064953645,962,AAA,0
301287.SZ,2025Q3,0.0010794094,1092,AAA,0
301287.SZ,2025Q4,0.0011351294,1089,AAA,0
301287.SZ,2026Q1,0.0036080193,1005,AAA,0
301288.SZ,2025Q3,0.001693068,1060,AAA,1
301288.SZ,2025Q4,0.0019273766,1050,AAA,1
301288.SZ,2026Q1,0.004372229,991,AAA,0
301289.SZ,2025Q3,0.0009547049,1101,AAA,0
301289.SZ,2025Q4,0.0011000988,1091,AAA,0
301289.SZ,2026Q1,0.0010176528,1096,AAA,0
301290.SZ,2025Q3,0.0022770674,1038,AAA,0
301290.SZ,2025Q4,0.002027806,1047,AAA,0
301290.SZ,2026Q1,0.0010925141,1091,AAA,0
301291.SZ,2025Q3,0.0007311514,1120,AAA,0
301291.SZ,2025Q4,0.00069895235,1124,AAA,0
301291.SZ,2026Q1,0.0021082035,1044,AAA,0
301292.SZ,2025Q3,0.003881924,1000,AAA,0
301292.SZ,2025Q4,0.0024315407,1034,AAA,0
301292.SZ,2026Q1,0.005289931,977,AAA,0
301293.SZ,2025Q3,0.0011611605,1087,AAA,0
301293.SZ,2025Q4,0.0011860145,1085,AAA,0
301293.SZ,2026Q1,0.0014888317,1069,AAA,0
301295.SZ,2025Q3,0.0008066853,1113,AAA,0
301295.SZ,2025Q4,0.0007676369,1117,AAA,0
301295.SZ,2026Q1,0.00074337306,1119,AAA,0
301296.SZ,2025Q3,0.0012331371,1083,AAA,0
301296.SZ,2025Q4,0.0011513162,1088,AAA,0
301296.SZ,2026Q1,0.0021067446,1044,AAA,0
301297.SZ,2025Q3,0.0011072372,1090,AAA,0
301297.SZ,2025Q4,0.0008563016,1109,AAA,0
301297.SZ,2026Q1,0.00093815976,1102,AAA,0
301298.SZ,2025Q3,0.0016668901,1061,AAA,0
301298.SZ,2025Q4,0.0015578015,1066,AAA,0
301298.SZ,2026Q1,0.0030379177,1017,AAA,0
301299.SZ,2025Q3,0.0011641197,1087,AAA,0
301299.SZ,2025Q4,0.0012732272,1080,AAA,0
301299.SZ,2026Q1,0.0013423057,1076,AAA,0
301300.SZ,2025Q3,0.0009911753,1098,AAA,0
301300.SZ,2025Q4,0.001005651,1097,AAA,0
301300.SZ,2026Q1,0.00087813695,1107,AAA,0
301301.SZ,2025Q3,0.0022995675,1038,AAA,0
301301.SZ,2025Q4,0.0019277637,1050,AAA,0
301301.SZ,2026Q1,0.0020409022,1046,AAA,0
301302.SZ,2025Q3,0.0034627472,1008,AAA,0
301302.SZ,2025Q4,0.0021975676,1041,AAA,0
301302.SZ,2026Q1,0.003276626,1012,AAA,0
301303.SZ,2025Q3,0.0008121728,1113,AAA,0
301303.SZ,2025Q4,0.0007430564,1119,AAA,0
301303.SZ,2026Q1,0.0014729601,1070,AAA,0
301305.SZ,2025Q3,0.0018833418,1052,AAA,0
301305.SZ,2025Q4,0.0017216941,1058,AAA,0
301305.SZ,2026Q1,0.0017675699,1057,AAA,0
301306.SZ,2025Q3,0.0047868593,984,AAA,0
301306.SZ,2025Q4,0.008913814,939,AAA,0
301306.SZ,2026Q1,0.0137062725,908,AAA,0
301307.SZ,2025Q3,0.0021855359,1041,AAA,0
301307.SZ,2025Q4,0.0021235107,1043,AAA,0
301307.SZ,2026Q1,0.0027679077,1024,AAA,0
301308.SZ,2025Q3,0.0008559504,1109,AAA,0
301308.SZ,2025Q4,0.0012041826,1084,AAA,0
301308.SZ,2026Q1,0.002005409,1047,AAA,0
301309.SZ,2025Q3,0.0006864569,1125,AAA,0
301309.SZ,2025Q4,0.0007552617,1118,AAA,0
301309.SZ,2026Q1,0.0007127784,1122,AAA,0
301310.SZ,2025Q3,0.0010784777,1092,AAA,0
301310.SZ,2025Q4,0.0011912873,1085,AAA,0
301310.SZ,2026Q1,0.001300353,1079,AAA,0
301311.SZ,2025Q3,0.0025230113,1031,AAA,0
301311.SZ,2025Q4,0.0026510856,1027,AAA,0
301311.SZ,2026Q1,0.0047320845,985,AAA,0
301312.SZ,2025Q3,0.0011256224,1089,AAA,0
301312.SZ,2025Q4,0.0010629249,1093,AAA,0
301312.SZ,2026Q1,0.0013380738,1077,AAA,0
301313.SZ,2025Q3,0.0047113546,986,AAA,0
301313.SZ,2025Q4,0.0041039265,996,AAA,0
301313.SZ,2026Q1,0.006415534,963,AAA,0
301314.SZ,2025Q3,0.0013223838,1078,AAA,0
301314.SZ,2025Q4,0.0012596535,1081,AAA,0
301314.SZ,2026Q1,0.0045292145,988,AAA,0
301315.SZ,2025Q3,0.001237137,1082,AAA,0
301315.SZ,2025Q4,0.0012540509,1081,AAA,0
301315.SZ,2026Q1,0.0013117952,1078,AAA,0
301316.SZ,2025Q3,0.0021114855,1044,AAA,0
301316.SZ,2025Q4,0.00287922,1021,AAA,0
301316.SZ,2026Q1,0.009306724,936,AAA,0
301317.SZ,2025Q3,0.022957806,870,AAA,0
301317.SZ,2025Q4,0.01412442,906,AAA,0
301317.SZ,2026Q1,0.007857926,949,AAA,0
301318.SZ,2025Q3,0.00078350824,1115,AAA,0
301318.SZ,2025Q4,0.0007871307,1115,AAA,0
301318.SZ,2026Q1,0.0060989093,967,AAA,0
301319.SZ,2025Q3,0.0008107535,1113,AAA,0
301319.SZ,2025Q4,0.000900273,1105,AAA,0
301319.SZ,2026Q1,0.0010726522,1093,AAA,0
301320.SZ,2025Q3,0.0010410949,1095,AAA,0
301320.SZ,2025Q4,0.0013564872,1076,AAA,0
301320.SZ,2026Q1,0.0015908049,1064,AAA,0
301321.SZ,2025Q3,0.0021028125,1044,AAA,0
301321.SZ,2025Q4,0.0024223675,1034,AAA,0
301321.SZ,2026Q1,0.0027960115,1023,AAA,0
301322.SZ,2025Q3,0.0029137807,1020,AAA,0
301322.SZ,2025Q4,0.0017026098,1059,AAA,0
301322.SZ,2026Q1,0.0034226275,1009,AAA,0
301323.SZ,2025Q3,0.0008713835,1108,AAA,0
301323.SZ,2025Q4,0.0009075856,1105,AAA,0
301323.SZ,2026Q1,0.00091507914,1104,AAA,0
301325.SZ,2025Q3,0.0031158065,1016,AAA,0
301325.SZ,2025Q4,0.0026491825,1027,AAA,0
301325.SZ,2026Q1,0.018757595,885,AAA,0
301326.SZ,2025Q3,0.0025757097,1029,AAA,0
301326.SZ,2025Q4,0.0043858476,991,AAA,0
301326.SZ,2026Q1,0.0026111668,1028,AAA,0
301327.SZ,2025Q3,0.0014166341,1073,AAA,0
301327.SZ,2025Q4,0.0015931893,1064,AAA,0
301327.SZ,2026Q1,0.002342641,1036,AAA,0
301328.SZ,2025Q3,0.0008278689,1111,AAA,0
301328.SZ,2025Q4,0.00071319187,1122,AAA,0
301328.SZ,2026Q1,0.0008571759,1109,AAA,0
301329.SZ,2025Q3,0.0011612645,1087,AAA,0
301329.SZ,2025Q4,0.0011576595,1087,AAA,0
301329.SZ,2026Q1,0.0011795145,1086,AAA,0
301330.SZ,2025Q3,0.00083241053,1111,AAA,0
301330.SZ,2025Q4,0.0006898045,1125,AAA,0
301330.SZ,2026Q1,0.0010724105,1093,AAA,0
301331.SZ,2025Q3,0.000965789,1100,AAA,0
301331.SZ,2025Q4,0.00094931567,1101,AAA,0
301331.SZ,2026Q1,0.0010627056,1093,AAA,0
301332.SZ,2025Q3,0.0011178049,1090,AAA,0
301332.SZ,2025Q4,0.0010905644,1091,AAA,0
301332.SZ,2026Q1,0.0012353008,1082,AAA,0
301333.SZ,2025Q3,0.0008464108,1110,AAA,0
301333.SZ,2025Q4,0.0008269673,1111,AAA,0
301333.SZ,2026Q1,0.0009968147,1098,AAA,0
301335.SZ,2025Q3,0.0010920564,1091,AAA,0
301335.SZ,2025Q4,0.0009000881,1105,AAA,0
301335.SZ,2026Q1,0.0014940489,1069,AAA,0
301336.SZ,2025Q3,0.0011159967,1090,AAA,0
301336.SZ,2025Q4,0.001128195,1089,AAA,0
301336.SZ,2026Q1,0.0012704639,1080,AAA,0
301337.SZ,2025Q3,0.0016050265,1064,AAA,0
301337.SZ,2025Q4,0.0014115988,1073,AAA,0
301337.SZ,2026Q1,0.0016101925,1063,AAA,0
301338.SZ,2025Q3,0.00090896635,1105,AAA,0
301338.SZ,2025Q4,0.00071120897,1122,AAA,0
301338.SZ,2026Q1,0.0008186572,1112,AAA,0
301339.SZ,2025Q3,0.0039030414,999,AAA,0
301339.SZ,2025Q4,0.0040344642,997,AAA,0
301339.SZ,2026Q1,0.0065367934,962,AAA,0
301345.SZ,2025Q3,0.0009584283,1101,AAA,0
301345.SZ,2025Q4,0.0016423488,1062,AAA,0
301345.SZ,2026Q1,0.0018030119,1055,AAA,0
301348.SZ,2025Q3,0.0031004515,1016,AAA,0
301348.SZ,2025Q4,0.0032402265,1013,AAA,0
301348.SZ,2026Q1,0.0045780065,988,AAA,0
301349.SZ,2025Q3,0.00461595,987,AAA,0
301349.SZ,2025Q4,0.004278438,993,AAA,0
301349.SZ,2026Q1,0.0016666133,1061,AAA,0
301353.SZ,2025Q3,0.00067097886,1127,AAA,0
301353.SZ,2025Q4,0.00073048734,1120,AAA,0
301353.SZ,2026Q1,0.00076366885,1117,AAA,0
301355.SZ,2025Q3,0.0025203547,1031,AAA,0
301355.SZ,2025Q4,0.0041444306,995,AAA,0
301355.SZ,2026Q1,0.0022705412,1038,AAA,0
301356.SZ,2025Q3,0.001325158,1077,AAA,0
301356.SZ,2025Q4,0.0011857756,1085,AAA,0
301356.SZ,2026Q1,0.0007936062,1114,AAA,0
301357.SZ,2025Q3,0.00989419,932,AAA,0
301357.SZ,2025Q4,0.0039831176,998,AAA,0
301357.SZ,2026Q1,0.0024855223,1032,AAA,0
301358.SZ,2025Q3,0.0010623074,1093,AAA,0
301358.SZ,2025Q4,0.00075905223,1118,AAA,0
301358.SZ,2026Q1,0.0011637837,1087,AAA,0
301359.SZ,2025Q3,0.0013765444,1075,AAA,0
301359.SZ,2025Q4,0.0014249058,1072,AAA,0
301359.SZ,2026Q1,0.001971068,1049,AAA,0
301360.SZ,2025Q3,0.0029928745,1018,AAA,0
301360.SZ,2025Q4,0.0008026731,1114,AAA,0
301360.SZ,2026Q1,0.0024927645,1032,AAA,0
301361.SZ,2025Q3,0.0009735521,1100,AAA,0
301361.SZ,2025Q4,0.00089950126,1105,AAA,0
301361.SZ,2026Q1,0.0010573212,1094,AAA,0
301362.SZ,2025Q3,0.0009828063,1099,AAA,0
301362.SZ,2025Q4,0.0011361224,1089,AAA,0
301362.SZ,2026Q1,0.0010730968,1093,AAA,0
301363.SZ,2025Q3,0.000919216,1104,AAA,0
301363.SZ,2025Q4,0.001028155,1096,AAA,0
301363.SZ,2026Q1,0.0017386872,1058,AAA,0
301365.SZ,2025Q3,0.0010203749,1096,AAA,0
301365.SZ,2025Q4,0.0011284342,1089,AAA,0
301365.SZ,2026Q1,0.0022671905,1039,AAA,0
301366.SZ,2025Q3,0.002085199,1045,AAA,0
301366.SZ,2025Q4,0.00195948,1049,AAA,0
301366.SZ,2026Q1,0.002632609,1028,AAA,0
301367.SZ,2025Q3,0.00068410684,1125,AAA,0
301367.SZ,2025Q4,0.0007547451,1118,AAA,0
301367.SZ,2026Q1,0.0012820374,1080,AAA,0
301368.SZ,2025Q3,0.0014890536,1069,AAA,0
301368.SZ,2025Q4,0.0015128843,1068,AAA,0
301368.SZ,2026Q1,0.0019894408,1048,AAA,0
301369.SZ,2025Q3,0.0012206598,1083,AAA,0
301369.SZ,2025Q4,0.00089655526,1106,AAA,0
301369.SZ,2026Q1,0.0017957706,1055,AAA,0
301370.SZ,2025Q3,0.0028644197,1022,AAA,0
301370.SZ,2025Q4,0.005367831,976,AAA,0
301370.SZ,2026Q1,0.0073637203,953,AAA,0
301371.SZ,2025Q3,0.0011700183,1086,AAA,0
301371.SZ,2025Q4,0.0011657553,1087,AAA,0
301371.SZ,2026Q1,0.0013157448,1078,AAA,0
301372.SZ,2025Q3,0.0054821754,975,AAA,0
301372.SZ,2025Q4,0.0077558598,949,AAA,0
301372.SZ,2026Q1,0.008061755,947,AAA,0
301373.SZ,2025Q3,0.0016715856,1061,AAA,0
301373.SZ,2025Q4,0.0017982159,1055,AAA,0
301373.SZ,2026Q1,0.0021445989,1043,AAA,0
301376.SZ,2025Q3,0.0009774151,1099,AAA,0
301376.SZ,2025Q4,0.0009102473,1105,AAA,0
301376.SZ,2026Q1,0.00089660654,1106,AAA,0
301377.SZ,2025Q3,0.00086585886,1108,AAA,0
301377.SZ,2025Q4,0.00083603297,1111,AAA,0
301377.SZ,2026Q1,0.0008782771,1107,AAA,0
301378.SZ,2025Q3,0.0030165855,1018,AAA,0
301378.SZ,2025Q4,0.0020364241,1046,AAA,0
301378.SZ,2026Q1,0.0030958788,1016,AAA,0
301379.SZ,2025Q3,0.0008859023,1106,AAA,0
301379.SZ,2025Q4,0.0007619203,1117,AAA,0
301379.SZ,2026Q1,0.0014602566,1070,AAA,0
301380.SZ,2025Q3,0.002198255,1041,AAA,0
301380.SZ,2025Q4,0.0013342198,1077,AAA,0
301380.SZ,2026Q1,0.0013891787,1074,AAA,0
301381.SZ,2025Q3,0.0029033262,1021,AAA,0
301381.SZ,2025Q4,0.0017508542,1057,AAA,0
301381.SZ,2026Q1,0.002433862,1033,AAA,0
301382.SZ,2025Q3,0.0036311324,1005,AAA,0
301382.SZ,2025Q4,0.0027221618,1025,AAA,0
301382.SZ,2026Q1,0.0044527696,990,AAA,0
301383.SZ,2025Q3,0.0030490248,1017,AAA,0
301383.SZ,2025Q4,0.00310156,1016,AAA,0
301383.SZ,2026Q1,0.003927126,999,AAA,0
301386.SZ,2025Q3,0.0012599288,1081,AAA,0
301386.SZ,2025Q4,0.0011182395,1090,AAA,0
301386.SZ,2026Q1,0.0015185912,1068,AAA,0
301387.SZ,2025Q3,0.0011799128,1086,AAA,0
301387.SZ,2025Q4,0.0009336967,1103,AAA,0
301387.SZ,2026Q1,0.00231761,1037,AAA,0
301388.SZ,2025Q3,0.0010989519,1091,AAA,0
301388.SZ,2025Q4,0.0009331236,1103,AAA,0
301388.SZ,2026Q1,0.0014143216,1073,AAA,0
301389.SZ,2025Q3,0.0009686194,1100,AAA,0
301389.SZ,2025Q4,0.0011308995,1089,AAA,0
301389.SZ,2026Q1,0.0013982654,1074,AAA,0
301390.SZ,2025Q3,0.0012313912,1083,AAA,0
301390.SZ,2025Q4,0.0011434463,1088,AAA,0
301390.SZ,2026Q1,0.002089983,1044,AAA,0
301391.SZ,2025Q3,0.0011947094,1085,AAA,0
301391.SZ,2025Q4,0.0011803152,1086,AAA,0
301391.SZ,2026Q1,0.0011684519,1086,AAA,0
301392.SZ,2025Q3,0.0019730858,1049,AAA,0
301392.SZ,2025Q4,0.0024026863,1034,AAA,0
301392.SZ,2026Q1,0.0009573049,1101,AAA,0
301393.SZ,2025Q3,0.00089775334,1106,AAA,0
301393.SZ,2025Q4,0.0008528397,1109,AAA,0
301393.SZ,2026Q1,0.0009642701,1100,AAA,0
301395.SZ,2025Q3,0.002779841,1024,AAA,0
301395.SZ,2025Q4,0.0032630404,1012,AAA,0
301395.SZ,2026Q1,0.0070417323,956,AAA,0
301396.SZ,2025Q3,0.0029193275,1020,AAA,0
301396.SZ,2025Q4,0.004165728,995,AAA,0
301396.SZ,2026Q1,0.0023084625,1037,AAA,0
301397.SZ,2025Q3,0.0009378537,1102,AAA,0
301397.SZ,2025Q4,0.00078453997,1115,AAA,0
301397.SZ,2026Q1,0.0008001423,1114,AAA,0
301398.SZ,2025Q3,0.00078495464,1115,AAA,0
301398.SZ,2025Q4,0.000832089,1111,AAA,0
301398.SZ,2026Q1,0.0012562823,1081,AAA,0
301399.SZ,2025Q3,0.0009849599,1099,AAA,0
301399.SZ,2025Q4,0.00096910965,1100,AAA,0
301399.SZ,2026Q1,0.0028524203,1022,AAA,0
301408.SZ,2025Q3,0.0025533498,1030,AAA,0
301408.SZ,2025Q4,0.0023255234,1037,AAA,0
301408.SZ,2026Q1,0.0036495675,1004,AAA,0
301413.SZ,2025Q3,0.000795377,1114,AAA,0
301413.SZ,2025Q4,0.0010321892,1095,AAA,0
301413.SZ,2026Q1,0.0018547571,1053,AAA,0
301418.SZ,2025Q3,0.0016417516,1062,AAA,0
301418.SZ,2025Q4,0.0016706032,1061,AAA,0
301418.SZ,2026Q1,0.0012533439,1081,AAA,0
301419.SZ,2025Q3,0.0011562493,1087,AAA,0
301419.SZ,2025Q4,0.0010768566,1092,AAA,0
301419.SZ,2026Q1,0.0012477706,1082,AAA,0
301421.SZ,2025Q3,0.0010386003,1095,AAA,0
301421.SZ,2025Q4,0.000926715,1103,AAA,0
301421.SZ,2026Q1,0.001029436,1096,AAA,0
301428.SZ,2025Q3,0.0016816627,1060,AAA,0
301428.SZ,2025Q4,0.00196415,1049,AAA,0
301428.SZ,2026Q1,0.0023107643,1037,AAA,0
301429.SZ,2025Q3,0.0011628501,1087,AAA,0
301429.SZ,2025Q4,0.000931766,1103,AAA,0
301429.SZ,2026Q1,0.0010418583,1095,AAA,0
301439.SZ,2025Q3,0.0007536681,1118,AAA,0
301439.SZ,2025Q4,0.0007380117,1120,AAA,0
301439.SZ,2026Q1,0.0013304233,1077,AAA,0
301446.SZ,2025Q3,0.0009593561,1101,AAA,0
301446.SZ,2025Q4,0.0008771272,1107,AAA,0
301446.SZ,2026Q1,0.0009876569,1099,AAA,0
301448.SZ,2025Q3,0.007350985,953,AAA,0
301448.SZ,2025Q4,0.0022584652,1039,AAA,0
301448.SZ,2026Q1,0.0025634263,1030,AAA,0
301449.SZ,2025Q3,0.0008701667,1108,AAA,0
301449.SZ,2025Q4,0.0007343657,1120,AAA,0
301449.SZ,2026Q1,0.0019296557,1050,AAA,0
301456.SZ,2025Q3,0.00096716284,1100,AAA,0
301456.SZ,2025Q4,0.00076919113,1117,AAA,0
301456.SZ,2026Q1,0.0016453147,1062,AAA,0
301458.SZ,2025Q3,0.0009855621,1099,AAA,0
301458.SZ,2025Q4,0.0010036597,1097,AAA,0
301458.SZ,2026Q1,0.0009837089,1099,AAA,0
301459.SZ,2025Q3,0.0008351053,1111,AAA,0
301459.SZ,2025Q4,0.0009202566,1104,AAA,0
301459.SZ,2026Q1,0.0009667972,1100,AAA,0
301468.SZ,2025Q3,0.00079516147,1114,AAA,0
301468.SZ,2025Q4,0.00092578924,1103,AAA,0
301468.SZ,2026Q1,0.0063425573,964,AAA,0
301469.SZ,2025Q3,0.0015919928,1064,AAA,0
301469.SZ,2025Q4,0.00135896,1076,AAA,0
301469.SZ,2026Q1,0.0017195295,1059,AAA,0
301479.SZ,2025Q3,0.0007480718,1119,AAA,0
301479.SZ,2025Q4,0.0007056456,1123,AAA,0
301479.SZ,2026Q1,0.00068543025,1125,AAA,0
301486.SZ,2025Q3,0.0010427019,1095,AAA,0
301486.SZ,2025Q4,0.00094561675,1102,AAA,0
301486.SZ,2026Q1,0.004368998,991,AAA,0
301487.SZ,2025Q3,0.0030806784,1016,AAA,0
301487.SZ,2025Q4,0.003393937,1009,AAA,0
301487.SZ,2026Q1,0.0016728871,1061,AAA,0
301488.SZ,2025Q3,0.00076846173,1117,AAA,0
301488.SZ,2025Q4,0.0007820332,1115,AAA,0
301488.SZ,2026Q1,0.00088051474,1107,AAA,0
301489.SZ,2025Q3,0.00095297094,1101,AAA,0
301489.SZ,2025Q4,0.00084809976,1110,AAA,0
301489.SZ,2026Q1,0.00082615204,1112,AAA,0
301491.SZ,2025Q3,0.00067011866,1127,AAA,0
301491.SZ,2025Q4,0.0012621569,1081,AAA,0
301491.SZ,2026Q1,0.00075607037,1118,AAA,0
301498.SZ,2025Q3,0.00075963116,1118,AAA,0
301498.SZ,2025Q4,0.0013803921,1074,AAA,0
301498.SZ,2026Q1,0.0012893891,1079,AAA,0
301499.SZ,2025Q3,0.0008482217,1110,AAA,0
301499.SZ,2025Q4,0.0008466265,1110,AAA,0
301499.SZ,2026Q1,0.00088574237,1106,AAA,0
301500.SZ,2025Q3,0.0015593612,1066,AAA,0
301500.SZ,2025Q4,0.0016223445,1063,AAA,0
301500.SZ,2026Q1,0.0022089921,1040,AAA,0
301501.SZ,2025Q3,0.00087350793,1107,AAA,0
301501.SZ,2025Q4,0.00091771956,1104,AAA,0
301501.SZ,2026Q1,0.0013309276,1077,AAA,0
301502.SZ,2025Q3,0.0010437161,1095,AAA,0
301502.SZ,2025Q4,0.00090177363,1105,AAA,0
301502.SZ,2026Q1,0.0012668794,1081,AAA,0
301503.SZ,2025Q3,0.0015297644,1067,AAA,0
301503.SZ,2025Q4,0.0015482885,1066,AAA,0
301503.SZ,2026Q1,0.002041655,1046,AAA,0
301505.SZ,2025Q3,0.0017278254,1058,AAA,0
301505.SZ,2025Q4,0.0011644618,1087,AAA,0
301505.SZ,2026Q1,0.0020426384,1046,AAA,0
301507.SZ,2025Q3,0.0019253395,1050,AAA,0
301507.SZ,2025Q4,0.001731669,1058,AAA,0
301507.SZ,2026Q1,0.0026968394,1026,AAA,0
301508.SZ,2025Q3,0.000894827,1106,AAA,0
301508.SZ,2025Q4,0.0008700353,1108,AAA,0
301508.SZ,2026Q1,0.006509387,962,AAA,0
301509.SZ,2025Q3,0.0011274585,1089,AAA,0
301509.SZ,2025Q4,0.0010781664,1092,AAA,0
301509.SZ,2026Q1,0.001253609,1081,AAA,0
301510.SZ,2025Q3,0.0017317117,1058,AAA,0
301510.SZ,2025Q4,0.0015580301,1066,AAA,0
301510.SZ,2026Q1,0.0020595845,1046,AAA,0
301511.SZ,2025Q3,0.0014162874,1073,AAA,0
301511.SZ,2025Q4,0.0013716872,1075,AAA,0
301511.SZ,2026Q1,0.0017303283,1058,AAA,0
301512.SZ,2025Q3,0.002803912,1023,AAA,0
301512.SZ,2025Q4,0.0008877829,1106,AAA,0
301512.SZ,2026Q1,0.0016407727,1062,AAA,0
301513.SZ,2025Q3,0.0007432746,1119,AAA,0
301513.SZ,2025Q4,0.0008487707,1110,AAA,0
301513.SZ,2026Q1,0.0014608246,1070,AAA,0
301515.SZ,2025Q3,0.0016433469,1062,AAA,0
301515.SZ,2025Q4,0.0015647879,1065,AAA,0
301515.SZ,2026Q1,0.002167033,1042,AAA,0
301516.SZ,2025Q3,0.0018618592,1053,AAA,0
301516.SZ,2025Q4,0.0021861598,1041,AAA,0
301516.SZ,2026Q1,0.00238902,1035,AAA,0
301517.SZ,2025Q3,0.0031612213,1015,AAA,0
301517.SZ,2025Q4,0.00299908,1018,AAA,0
301517.SZ,2026Q1,0.0019681633,1049,AAA,0
301518.SZ,2025Q3,0.001001481,1098,AAA,0
301518.SZ,2025Q4,0.0009398942,1102,AAA,0
301518.SZ,2026Q1,0.001591958,1064,AAA,0
301519.SZ,2025Q3,0.005565587,974,AAA,0
301519.SZ,2025Q4,0.0059332903,969,AAA,0
301519.SZ,2026Q1,0.004689428,986,AAA,0
301520.SZ,2025Q3,0.0011304994,1089,AAA,0
301520.SZ,2025Q4,0.0012297531,1083,AAA,0
301520.SZ,2026Q1,0.0019959013,1048,AAA,0
301522.SZ,2025Q3,0.001923311,1050,AAA,0
301522.SZ,2025Q4,0.0016253175,1063,AAA,0
301522.SZ,2026Q1,0.0027603342,1024,AAA,0
301525.SZ,2025Q3,0.0007413077,1119,AAA,0
301525.SZ,2025Q4,0.00072486163,1121,AAA,0
301525.SZ,2026Q1,0.0015980494,1064,AAA,0
301526.SZ,2025Q3,0.004993165,981,AAA,0
301526.SZ,2025Q4,0.0055518253,974,AAA,0
301526.SZ,2026Q1,0.005304033,977,AAA,0
301528.SZ,2025Q3,0.0014051722,1073,AAA,0
301528.SZ,2025Q4,0.0009166216,1104,AAA,0
301528.SZ,2026Q1,0.00823833,945,AAA,0
301529.SZ,2025Q3,0.0010623083,1093,AAA,0
301529.SZ,2025Q4,0.00096286915,1100,AAA,0
301529.SZ,2026Q1,0.000945324,1102,AAA,0
301531.SZ,2025Q4,0.0007981316,1114,AAA,0
301531.SZ,2026Q1,0.0009896646,1098,AAA,0
301533.SZ,2025Q3,0.0009242728,1103,AAA,0
301533.SZ,2025Q4,0.0011216669,1089,AAA,0
301533.SZ,2026Q1,0.0011112553,1090,AAA,0
301535.SZ,2025Q3,0.0017447701,1058,AAA,0
301535.SZ,2025Q4,0.0029297627,1020,AAA,0
301535.SZ,2026Q1,0.004840177,984,AAA,0
301536.SZ,2025Q3,0.0010716164,1093,AAA,0
301536.SZ,2025Q4,0.0010376243,1095,AAA,0
301536.SZ,2026Q1,0.0008690179,1108,AAA,0
301538.SZ,2025Q3,0.00068160455,1125,AAA,0
301538.SZ,2025Q4,0.0007151309,1122,AAA,0
301538.SZ,2026Q1,0.00075045915,1118,AAA,0
301539.SZ,2025Q3,0.0010233228,1096,AAA,0
301539.SZ,2025Q4,0.0013580299,1076,AAA,0
301539.SZ,2026Q1,0.0029662142,1019,AAA,0
301548.SZ,2025Q3,0.0007239673,1121,AAA,0
301548.SZ,2025Q4,0.00081793906,1112,AAA,0
301548.SZ,2026Q1,0.00093040516,1103,AAA,0
301550.SZ,2025Q3,0.00088464556,1107,AAA,0
301550.SZ,2025Q4,0.0008650013,1108,AAA,0
301550.SZ,2026Q1,0.001071932,1093,AAA,0
301551.SZ,2025Q3,0.0054804618,975,AAA,0
301551.SZ,2025Q4,0.0042644097,993,AAA,0
301551.SZ,2026Q1,0.00442212,990,AAA,0
301552.SZ,2025Q3,0.0011932254,1085,AAA,0
301552.SZ,2025Q4,0.0014790074,1069,AAA,0
301552.SZ,2026Q1,0.0013141774,1078,AAA,0
301555.SZ,2025Q3,0.004890587,983,AAA,0
301555.SZ,2025Q4,0.002364019,1036,AAA,0
301555.SZ,2026Q1,0.0011925686,1085,AAA,0
301556.SZ,2025Q3,0.0010426929,1095,AAA,0
301556.SZ,2025Q4,0.0012082396,1084,AAA,0
301556.SZ,2026Q1,0.002085114,1045,AAA,0
301557.SZ,2025Q3,0.0011275639,1089,AAA,0
301557.SZ,2025Q4,0.0013413191,1077,AAA,0
301557.SZ,2026Q1,0.0035640646,1006,AAA,0
301558.SZ,2025Q3,0.0020362185,1046,AAA,0
301558.SZ,2025Q4,0.0029315546,1020,AAA,0
301558.SZ,2026Q1,0.003692853,1003,AAA,0
301559.SZ,2025Q3,0.0026843997,1026,AAA,0
301559.SZ,2025Q4,0.0030142614,1018,AAA,0
301559.SZ,2026Q1,0.0016665251,1061,AAA,0
301560.SZ,2025Q3,0.0014534987,1071,AAA,0
301560.SZ,2025Q4,0.0014142225,1073,AAA,0
301560.SZ,2026Q1,0.0021983217,1041,AAA,0
301563.SZ,2025Q3,0.00069734256,1124,AAA,0
301563.SZ,2025Q4,0.0009889766,1099,AAA,0
301563.SZ,2026Q1,0.0020623705,1045,AAA,0
301565.SZ,2025Q3,0.0010127361,1097,AAA,0
301565.SZ,2025Q4,0.000876372,1107,AAA,0
301565.SZ,2026Q1,0.0010613443,1093,AAA,0
301566.SZ,2025Q3,0.0033843364,1010,AAA,0
301566.SZ,2025Q4,0.009083767,938,AAA,0
301566.SZ,2026Q1,0.007548981,951,AAA,0
301567.SZ,2025Q3,0.0008327386,1111,AAA,0
301567.SZ,2025Q4,0.003654259,1004,AAA,0
301567.SZ,2026Q1,0.0019165702,1051,AAA,0
301568.SZ,2025Q3,0.0009991332,1098,AAA,0
301568.SZ,2025Q4,0.00088821317,1106,AAA,0
301568.SZ,2026Q1,0.00088236964,1107,AAA,0
301571.SZ,2025Q3,0.00093506277,1103,AAA,0
301571.SZ,2025Q4,0.0009986222,1098,AAA,0
301571.SZ,2026Q1,0.0014514896,1071,AAA,0
301575.SZ,2025Q3,0.00081204815,1113,AAA,0
301575.SZ,2025Q4,0.0011603041,1087,AAA,0
301575.SZ,2026Q1,0.0015485295,1066,AAA,0
301577.SZ,2025Q3,0.00080149766,1114,AAA,0
301577.SZ,2025Q4,0.002868319,1022,AAA,0
301577.SZ,2026Q1,0.0023427065,1036,AAA,0
301578.SZ,2025Q3,0.0009245657,1103,AAA,0
301578.SZ,2025Q4,0.0020201565,1047,AAA,0
301578.SZ,2026Q1,0.0029692843,1019,AAA,0
301580.SZ,2025Q3,0.000759566,1118,AAA,0
301580.SZ,2025Q4,0.000842833,1110,AAA,0
301580.SZ,2026Q1,0.0011557611,1087,AAA,0
301581.SZ,2025Q3,0.0013323424,1077,AAA,0
301581.SZ,2025Q4,0.0014532198,1071,AAA,0
301581.SZ,2026Q1,0.0021006113,1044,AAA,0
301584.SZ,2025Q3,0.0012180193,1083,AAA,0
301584.SZ,2025Q4,0.0023670066,1035,AAA,0
301584.SZ,2026Q1,0.002415997,1034,AAA,0
301585.SZ,2025Q3,0.0016960445,1060,AAA,0
301585.SZ,2025Q4,0.0011312298,1089,AAA,0
301585.SZ,2026Q1,0.00093814154,1102,AAA,0
301586.SZ,2025Q3,0.0023276827,1037,AAA,0
301586.SZ,2025Q4,0.0022835776,1038,AAA,0
301586.SZ,2026Q1,0.003807112,1001,AAA,0
301587.SZ,2025Q3,0.0014677976,1070,AAA,0
301587.SZ,2025Q4,0.0010779852,1092,AAA,0
301587.SZ,2026Q1,0.0014419964,1071,AAA,0
301588.SZ,2025Q3,0.0011233354,1089,AAA,0
301588.SZ,2025Q4,0.0014192828,1072,AAA,0
301588.SZ,2026Q1,0.0012657143,1081,AAA,0
301589.SZ,2025Q3,0.0007856042,1115,AAA,0
301589.SZ,2025Q4,0.0013254383,1077,AAA,0
301589.SZ,2026Q1,0.0011920014,1085,AAA,0
301590.SZ,2025Q3,0.00089292135,1106,AAA,0
301590.SZ,2025Q4,0.0011284911,1089,AAA,0
301590.SZ,2026Q1,0.0013467516,1076,AAA,0
301591.SZ,2025Q3,0.000711131,1122,AAA,0
301591.SZ,2025Q4,0.0007028419,1123,AAA,0
301591.SZ,2026Q1,0.0007683833,1117,AAA,0
301592.SZ,2025Q3,0.0030221962,1018,AAA,0
301592.SZ,2025Q4,0.0017238607,1058,AAA,0
301592.SZ,2026Q1,0.0020727096,1045,AAA,0
301595.SZ,2025Q3,0.0012206841,1083,AAA,0
301595.SZ,2025Q4,0.0015972735,1064,AAA,0
301595.SZ,2026Q1,0.0024198857,1034,AAA,0
301596.SZ,2025Q3,0.0011104965,1090,AAA,0
301596.SZ,2025Q4,0.0010871922,1092,AAA,0
301596.SZ,2026Q1,0.0011873438,1085,AAA,0
301598.SZ,2025Q3,0.0007568132,1118,AAA,0
301598.SZ,2025Q4,0.0007716465,1116,AAA,0
301598.SZ,2026Q1,0.0008510663,1109,AAA,0
301599.SZ,2025Q3,0.0010976415,1091,AAA,0
301599.SZ,2025Q4,0.0014212487,1072,AAA,0
301599.SZ,2026Q1,0.002412088,1034,AAA,0
301600.SZ,2025Q3,0.0009138815,1104,AAA,0
301600.SZ,2025Q4,0.00091722043,1104,AAA,0
301600.SZ,2026Q1,0.000932083,1103,AAA,0
301601.SZ,2025Q3,0.0022883737,1038,AAA,0
301601.SZ,2025Q4,0.00096996955,1100,AAA,0
301601.SZ,2026Q1,0.0058676857,970,AAA,0
301602.SZ,2025Q3,0.0039251177,999,AAA,0
301602.SZ,2025Q4,0.004177661,994,AAA,0
301602.SZ,2026Q1,0.010346734,928,AAA,0
301603.SZ,2025Q3,0.0012885493,1079,AAA,0
301603.SZ,2025Q4,0.0008638905,1108,AAA,0
301603.SZ,2026Q1,0.0009824375,1099,AAA,0
301606.SZ,2025Q3,0.00071142527,1122,AAA,0
301606.SZ,2025Q4,0.0008392247,1110,AAA,0
301606.SZ,2026Q1,0.0007341268,1120,AAA,0
301607.SZ,2025Q3,0.0009398856,1102,AAA,0
301607.SZ,2025Q4,0.0007467424,1119,AAA,0
301607.SZ,2026Q1,0.0007626274,1117,AAA,0
301608.SZ,2025Q3,0.00076794927,1117,AAA,0
301608.SZ,2025Q4,0.00081093505,1113,AAA,0
301608.SZ,2026Q1,0.00080124405,1114,AAA,0
301609.SZ,2025Q3,0.000673938,1126,AAA,0
301609.SZ,2025Q4,0.0018005566,1055,AAA,0
301609.SZ,2026Q1,0.001388003,1074,AAA,0
301611.SZ,2025Q3,0.0019568661,1049,AAA,0
301611.SZ,2025Q4,0.001190461,1085,AAA,0
301611.SZ,2026Q1,0.0011710242,1086,AAA,0
301613.SZ,2025Q3,0.0012353403,1082,AAA,0
301613.SZ,2025Q4,0.001149726,1088,AAA,0
301613.SZ,2026Q1,0.001248855,1082,AAA,0
301616.SZ,2025Q3,0.0012894775,1079,AAA,0
301616.SZ,2025Q4,0.0016160113,1063,AAA,0
301616.SZ,2026Q1,0.0009229471,1104,AAA,0
301617.SZ,2025Q3,0.0010186922,1096,AAA,0
301617.SZ,2025Q4,0.0011591928,1087,AAA,0
301617.SZ,2026Q1,0.0015803959,1065,AAA,0
301618.SZ,2025Q3,0.00097561907,1099,AAA,0
301618.SZ,2025Q4,0.0018261734,1054,AAA,0
301618.SZ,2026Q1,0.002685116,1026,AAA,0
301622.SZ,2025Q3,0.0007757839,1116,AAA,0
301622.SZ,2025Q4,0.00091113104,1104,AAA,0
301622.SZ,2026Q1,0.0039009375,999,AAA,0
301626.SZ,2025Q3,0.0008337295,1111,AAA,0
301626.SZ,2025Q4,0.00089668465,1106,AAA,0
301626.SZ,2026Q1,0.001875183,1052,AAA,0
301628.SZ,2025Q3,0.000768817,1117,AAA,0
301628.SZ,2025Q4,0.00074401905,1119,AAA,0
301628.SZ,2026Q1,0.00073203264,1120,AAA,0
301629.SZ,2025Q3,0.00190543,1051,AAA,0
301629.SZ,2025Q4,0.0017790984,1056,AAA,0
301629.SZ,2026Q1,0.0044445926,990,AAA,0
301630.SZ,2025Q3,0.0007149946,1122,AAA,0
301630.SZ,2025Q4,0.0010805355,1092,AAA,0
301630.SZ,2026Q1,0.0009857579,1099,AAA,0
301631.SZ,2025Q3,0.0007872341,1115,AAA,0
301631.SZ,2025Q4,0.0007898803,1115,AAA,0
301631.SZ,2026Q1,0.00081788294,1112,AAA,0
301632.SZ,2025Q3,0.0012407925,1082,AAA,0
301632.SZ,2025Q4,0.003007936,1018,AAA,0
301632.SZ,2026Q1,0.0061541763,966,AAA,0
301633.SZ,2025Q3,0.0015759,1065,AAA,0
301633.SZ,2025Q4,0.0009237547,1103,AAA,0
301633.SZ,2026Q1,0.0013970555,1074,AAA,0
301636.SZ,2025Q3,0.0011836658,1086,AAA,0
301636.SZ,2025Q4,0.0018019757,1055,AAA,0
301636.SZ,2026Q1,0.0024214182,1034,AAA,0
301638.SZ,2025Q3,0.0009858274,1099,AAA,0
301638.SZ,2025Q4,0.001304206,1079,AAA,0
301638.SZ,2026Q1,0.0041931467,994,AAA,0
301656.SZ,2025Q3,0.0010447552,1095,AAA,0
301656.SZ,2025Q4,0.0075594587,951,AAA,0
301656.SZ,2026Q1,0.00623133,965,AAA,0
301658.SZ,2025Q3,0.0021001897,1044,AAA,0
301658.SZ,2025Q4,0.0011554649,1087,AAA,0
301658.SZ,2026Q1,0.0045524603,988,AAA,0
301662.SZ,2025Q3,0.0029986298,1018,AAA,0
301662.SZ,2025Q4,0.0026103065,1028,AAA,0
301662.SZ,2026Q1,0.0013501414,1076,AAA,0
301665.SZ,2025Q3,0.0013312097,1077,AAA,0
301665.SZ,2025Q4,0.0012494689,1082,AAA,0
301665.SZ,2026Q1,0.000997984,1098,AAA,0
301666.SZ,2025Q3,0.0008508688,1109,AAA,0
301666.SZ,2025Q4,0.004198546,994,AAA,0
301666.SZ,2026Q1,0.0015384188,1067,AAA,0
301667.SZ,2025Q3,0.00085770816,1109,AAA,0
301667.SZ,2025Q4,0.00078205846,1115,AAA,0
301667.SZ,2026Q1,0.0023306047,1037,AAA,0
301668.SZ,2025Q3,0.00077793293,1116,AAA,0
301668.SZ,2025Q4,0.0015350671,1067,AAA,0
301668.SZ,2026Q1,0.0014963227,1069,AAA,0
301678.SZ,2025Q3,0.0010001818,1098,AAA,0
301678.SZ,2025Q4,0.00081276847,1113,AAA,0
301678.SZ,2026Q1,0.0016991121,1059,AAA,0
301680.SZ,2025Q4,0.00087575306,1107,AAA,0
301680.SZ,2026Q1,0.0010349394,1095,AAA,0
301682.SZ,2025Q4,0.00077666,1116,AAA,0
301682.SZ,2026Q1,0.0010176804,1096,AAA,0
301683.SZ,2025Q3,0.0011885976,1085,AAA,0
301683.SZ,2025Q4,0.0008268514,1111,AAA,0
301683.SZ,2026Q1,0.000945383,1102,AAA,0
301687.SZ,2025Q3,0.0009474683,1102,AAA,0
301687.SZ,2025Q4,0.0007894563,1115,AAA,0
301687.SZ,2026Q1,0.0029073763,1021,AAA,0
301696.SZ,2025Q4,0.0025547869,1030,AAA,0
301696.SZ,2026Q1,0.0010540973,1094,AAA,0
302132.SZ,2025Q3,0.0011173153,1090,AAA,0
302132.SZ,2025Q4,0.0011753691,1086,AAA,0
302132.SZ,2026Q1,0.0019759734,1049,AAA,0
600000.SH,2025Q3,0.0014190666,1072,AAA,0
600000.SH,2025Q4,0.0015371741,1067,AAA,0
600000.SH,2026Q1,0.0025974668,1029,AAA,0
600004.SH,2025Q3,0.001405142,1073,AAA,0
600004.SH,2025Q4,0.0017636083,1057,AAA,0
600004.SH,2026Q1,0.0018581661,1053,AAA,0
600006.SH,2025Q3,0.0045634834,988,AAA,0
600006.SH,2025Q4,0.01104096,924,AAA,0
600006.SH,2026Q1,0.0036333413,1004,AAA,0
600007.SH,2025Q3,0.001855346,1053,AAA,0
600007.SH,2025Q4,0.0029765703,1019,AAA,0
600007.SH,2026Q1,0.002165896,1042,AAA,0
600008.SH,2025Q3,0.003183455,1014,AAA,0
600008.SH,2025Q4,0.0076119364,951,AAA,0
600008.SH,2026Q1,0.007383771,953,AAA,0
600009.SH,2025Q3,0.0009663357,1100,AAA,0
600009.SH,2025Q4,0.0012315472,1083,AAA,0
600009.SH,2026Q1,0.0011899208,1085,AAA,0
600010.SH,2025Q3,0.0075818542,951,AAA,0
600010.SH,2025Q4,0.012192111,917,AAA,0
600010.SH,2026Q1,0.027100954,858,AAA,0
600011.SH,2025Q3,0.001636349,1062,AAA,0
600011.SH,2025Q4,0.002753644,1025,AAA,0
600011.SH,2026Q1,0.0019921332,1048,AAA,0
600012.SH,2025Q3,0.001688465,1060,AAA,0
600012.SH,2025Q4,0.0033076261,1011,AAA,0
600012.SH,2026Q1,0.002448499,1033,AAA,0
600015.SH,2025Q3,0.0019638117,1049,AAA,0
600015.SH,2025Q4,0.0023462353,1036,AAA,0
600015.SH,2026Q1,0.0029061076,1021,AAA,0
600016.SH,2025Q3,0.001663792,1061,AAA,0
600016.SH,2025Q4,0.0030318694,1018,AAA,0
600016.SH,2026Q1,0.0022641453,1039,AAA,0
600017.SH,2025Q3,0.00253059,1031,AAA,0
600017.SH,2025Q4,0.0037637507,1002,AAA,0
600017.SH,2026Q1,0.012922681,912,AAA,0
600018.SH,2025Q3,0.001507112,1068,AAA,0
600018.SH,2025Q4,0.0028783865,1021,AAA,0
600018.SH,2026Q1,0.0020697678,1045,AAA,0
600019.SH,2025Q3,0.0019393712,1050,AAA,0
600019.SH,2025Q4,0.004205643,994,AAA,0
600019.SH,2026Q1,0.0020523318,1046,AAA,0
600020.SH,2025Q3,0.0031879493,1014,AAA,0
600020.SH,2025Q4,0.0040921154,996,AAA,0
600020.SH,2026Q1,0.006328997,964,AAA,0
600021.SH,2025Q3,0.0016011504,1064,AAA,0
600021.SH,2025Q4,0.0017125958,1059,AAA,0
600021.SH,2026Q1,0.0014868177,1069,AAA,0
600022.SH,2025Q3,0.006577017,961,AAA,0
600022.SH,2025Q4,0.0085230125,943,AAA,0
600022.SH,2026Q1,0.0067072646,960,AAA,0
600023.SH,2025Q3,0.0026763284,1027,AAA,0
600023.SH,2025Q4,0.0072866767,954,AAA,0
600023.SH,2026Q1,0.007429952,953,AAA,0
600025.SH,2025Q3,0.0061139953,967,AAA,0
600025.SH,2025Q4,0.011367168,922,AAA,0
600025.SH,2026Q1,0.009218755,937,AAA,0
600026.SH,2025Q3,0.001524586,1067,AAA,0
600026.SH,2025Q4,0.0015044687,1068,AAA,0
600026.SH,2026Q1,0.0014179209,1072,AAA,0
600027.SH,2025Q3,0.0028550376,1022,AAA,0
600027.SH,2025Q4,0.0035763583,1006,AAA,0
600027.SH,2026Q1,0.0037341302,1002,AAA,0
600028.SH,2025Q3,0.00440828,990,AAA,0
600028.SH,2025Q4,0.005428768,975,AAA,0
600028.SH,2026Q1,0.0043750154,991,AAA,0
600029.SH,2025Q3,0.0057283747,971,AAA,0
600029.SH,2025Q4,0.010170195,930,AAA,0
600029.SH,2026Q1,0.0072360067,955,AAA,0
600030.SH,2025Q3,0.00131459,1078,AAA,0
600030.SH,2025Q4,0.0011168986,1090,AAA,0
600030.SH,2026Q1,0.0013011799,1079,AAA,0
600031.SH,2025Q3,0.000878609,1107,AAA,0
600031.SH,2025Q4,0.00077782583,1116,AAA,0
600031.SH,2026Q1,0.0008864031,1106,AAA,0
600032.SH,2025Q3,0.004694075,986,AAA,0
600032.SH,2025Q4,0.008694136,941,AAA,0
600032.SH,2026Q1,0.02139818,875,AAA,0
600033.SH,2025Q3,0.0034865753,1007,AAA,0
600033.SH,2025Q4,0.0067501892,960,AAA,0
600033.SH,2026Q1,0.0070037125,957,AAA,0
600035.SH,2025Q3,0.0025145283,1031,AAA,0
600035.SH,2025Q4,0.0029687253,1019,AAA,0
600035.SH,2026Q1,0.0034408479,1008,AAA,0
600036.SH,2025Q3,0.0010675911,1093,AAA,0
600036.SH,2025Q4,0.0022323139,1040,AAA,0
600036.SH,2026Q1,0.0011302588,1089,AAA,0
600037.SH,2025Q3,0.001915602,1051,AAA,0
600037.SH,2025Q4,0.0013430965,1076,AAA,0
600037.SH,2026Q1,0.0009243072,1103,AAA,0
600038.SH,2025Q3,0.0018424409,1054,AAA,0
600038.SH,2025Q4,0.0020135543,1047,AAA,0
600038.SH,2026Q1,0.004592911,987,AAA,0
600039.SH,2025Q3,0.00501041,981,AAA,0
600039.SH,2025Q4,0.0031810575,1014,AAA,0
600039.SH,2026Q1,0.009957545,931,AAA,0
600048.SH,2025Q3,0.0012600488,1081,AAA,0
600048.SH,2025Q4,0.0016836422,1060,AAA,0
600048.SH,2026Q1,0.0017134071,1059,AAA,0
600050.SH,2025Q3,0.0017608997,1057,AAA,0
600050.SH,2025Q4,0.0023795892,1035,AAA,0
600050.SH,2026Q1,0.0027697482,1024,AAA,0
600051.SH,2025Q3,0.0016269324,1063,AAA,0
600051.SH,2025Q4,0.003211324,1013,AAA,0
600051.SH,2026Q1,0.0021028896,1044,AAA,0
600052.SH,2025Q3,0.023874879,867,AAA,0
600052.SH,2025Q4,0.10794818,752,AAA,0
600052.SH,2026Q1,0.056456164,803,AAA,0
600053.SH,2025Q3,0.01948764,882,AAA,0
600053.SH,2025Q4,0.009170441,937,AAA,0
600053.SH,2026Q1,0.038684454,831,AAA,0
600054.SH,2025Q3,0.0028371476,1022,AAA,0
600054.SH,2025Q4,0.0022653297,1039,AAA,0
600054.SH,2026Q1,0.003484421,1007,AAA,0
600055.SH,2025Q3,0.0022174476,1040,AAA,0
600055.SH,2025Q4,0.0023386122,1036,AAA,0
600055.SH,2026Q1,0.0017483316,1057,AAA,0
600056.SH,2025Q3,0.0027067557,1026,AAA,0
600056.SH,2025Q4,0.0016150138,1063,AAA,0
600056.SH,2026Q1,0.0028194496,1023,AAA,0
600057.SH,2025Q3,0.0015358529,1067,AAA,0
600057.SH,2025Q4,0.001674168,1060,AAA,0
600057.SH,2026Q1,0.001651673,1061,AAA,0
600058.SH,2025Q3,0.002736571,1025,AAA,0
600058.SH,2025Q4,0.0043089725,992,AAA,0
600058.SH,2026Q1,0.004455997,990,AAA,0
600059.SH,2025Q3,0.004205663,994,AAA,0
600059.SH,2025Q4,0.009633357,934,AAA,0
600059.SH,2026Q1,0.008785082,940,AAA,0
600060.SH,2025Q3,0.0009601186,1101,AAA,0
600060.SH,2025Q4,0.0013899747,1074,AAA,0
600060.SH,2026Q1,0.0013920087,1074,AAA,0
600061.SH,2025Q3,0.0016625435,1061,AAA,0
600061.SH,2025Q4,0.001751376,1057,AAA,0
600061.SH,2026Q1,0.0026881555,1026,AAA,0
600062.SH,2025Q3,0.0010101646,1097,AAA,0
600062.SH,2025Q4,0.0012138971,1084,AAA,0
600062.SH,2026Q1,0.001162993,1087,AAA,0
600063.SH,2025Q3,0.0043671816,991,AAA,0
600063.SH,2025Q4,0.0042069457,994,AAA,0
600063.SH,2026Q1,0.0044312044,990,AAA,0
600064.SH,2025Q3,0.0015189926,1068,AAA,0
600064.SH,2025Q4,0.0014415139,1071,AAA,0
600064.SH,2026Q1,0.0018313559,1054,AAA,0
600066.SH,2025Q3,0.0020428018,1046,AAA,0
600066.SH,2025Q4,0.0029515799,1020,AAA,0
600066.SH,2026Q1,0.0020813113,1045,AAA,0
600067.SH,2025Q3,0.003144411,1015,AAA,0
600067.SH,2025Q4,0.0044471426,990,AAA,0
600067.SH,2026Q1,0.0043463423,991,AAA,0
600071.SH,2025Q3,0.007122895,956,AAA,0
600071.SH,2025Q4,0.0047405763,985,AAA,0
600071.SH,2026Q1,0.003937838,999,AAA,0
600072.SH,2025Q3,0.0029922628,1019,AAA,0
600072.SH,2025Q4,0.003668835,1004,AAA,0
600072.SH,2026Q1,0.0069599156,957,AAA,0
600073.SH,2025Q3,0.0042544757,993,AAA,0
600073.SH,2025Q4,0.009043338,938,AAA,0
600073.SH,2026Q1,0.03783937,833,AAA,0
600075.SH,2025Q3,0.005844492,970,AAA,0
600075.SH,2025Q4,0.010591091,927,AAA,0
600075.SH,2026Q1,0.018828845,885,AAA,0
600076.SH,2025Q3,0.016008629,897,AAA,0
600076.SH,2025Q4,0.016207075,896,AAA,0
600076.SH,2026Q1,0.09349758,763,AAA,0
600078.SH,2025Q3,0.018573564,886,AAA,0
600078.SH,2025Q4,0.030480826,849,AAA,0
600078.SH,2026Q1,0.016962396,892,AAA,0
600079.SH,2025Q3,0.00082982006,1111,AAA,1
600079.SH,2025Q4,0.0013256618,1077,AAA,1
600079.SH,2026Q1,0.00087911607,1107,AAA,0
600080.SH,2025Q3,0.009142079,938,AAA,0
600080.SH,2025Q4,0.023276493,869,AAA,0
600080.SH,2026Q1,0.03615993,836,AAA,0
600081.SH,2025Q3,0.0013727851,1075,AAA,0
600081.SH,2025Q4,0.002350996,1036,AAA,0
600081.SH,2026Q1,0.0020610306,1045,AAA,0
600082.SH,2025Q3,0.011552665,920,AAA,0
600082.SH,2025Q4,0.52150744,593,BBB,0
600082.SH,2026Q1,0.10019515,758,AAA,0
600084.SH,2025Q3,0.035813924,837,AAA,0
600084.SH,2025Q4,0.2170087,692,AA,0
600084.SH,2026Q1,0.35763028,642,A,0
600085.SH,2025Q3,0.0016633866,1061,AAA,0
600085.SH,2025Q4,0.0025664468,1030,AAA,0
600085.SH,2026Q1,0.0054872157,975,AAA,0
600088.SH,2025Q3,0.010793911,925,AAA,0
600088.SH,2025Q4,0.0038468207,1000,AAA,0
600088.SH,2026Q1,0.0066619352,961,AAA,0
600089.SH,2025Q3,0.0009556277,1101,AAA,0
600089.SH,2025Q4,0.0009984828,1098,AAA,0
600089.SH,2026Q1,0.0011737412,1086,AAA,0
600094.SH,2025Q3,0.022536522,871,AAA,0
600094.SH,2025Q4,0.013673475,908,AAA,0
600094.SH,2026Q1,0.015494619,899,AAA,0
600095.SH,2025Q3,0.0072640325,954,AAA,0
600095.SH,2025Q4,0.014873247,902,AAA,0
600095.SH,2026Q1,0.0074330014,953,AAA,0
600096.SH,2025Q3,0.0011084218,1090,AAA,0
600096.SH,2025Q4,0.0011656571,1087,AAA,0
600096.SH,2026Q1,0.00089388713,1106,AAA,0
600097.SH,2025Q3,0.0035413168,1006,AAA,0
600097.SH,2025Q4,0.0040266314,997,AAA,0
600097.SH,2026Q1,0.0041654906,995,AAA,0
600098.SH,2025Q3,0.0014278507,1072,AAA,0
600098.SH,2025Q4,0.0022668992,1039,AAA,0
600098.SH,2026Q1,0.0016258338,1063,AAA,0
600099.SH,2025Q3,0.006433376,963,AAA,0
600099.SH,2025Q4,0.0069850734,957,AAA,0
600099.SH,2026Q1,0.0070957122,956,AAA,0
600100.SH,2025Q3,0.002336276,1036,AAA,0
600100.SH,2025Q4,0.0023857255,1035,AAA,0
600100.SH,2026Q1,0.01369392,908,AAA,0
600101.SH,2025Q3,0.002899607,1021,AAA,0
600101.SH,2025Q4,0.004949745,982,AAA,0
600101.SH,2026Q1,0.004830973,984,AAA,0
600103.SH,2025Q3,0.008371831,944,AAA,0
600103.SH,2025Q4,0.01123032,923,AAA,0
600103.SH,2026Q1,0.016860748,893,AAA,0
600104.SH,2025Q3,0.0008300244,1111,AAA,0
600104.SH,2025Q4,0.001262645,1081,AAA,0
600104.SH,2026Q1,0.0011355333,1089,AAA,0
600105.SH,2025Q3,0.0044751624,989,AAA,0
600105.SH,2025Q4,0.0038049966,1001,AAA,0
600105.SH,2026Q1,0.006802707,959,AAA,0
600106.SH,2025Q3,0.009599261,934,AAA,0
600106.SH,2025Q4,0.016814,893,AAA,0
600106.SH,2026Q1,0.02293515,870,AAA,0
600107.SH,2025Q3,0.15352242,723,AAA,1
600107.SH,2025Q4,0.10157015,757,AAA,1
600107.SH,2026Q1,0.95026666,387,C,0
600108.SH,2025Q3,0.006702012,960,AAA,0
600108.SH,2025Q4,0.08677007,769,AAA,0
600108.SH,2026Q1,0.006194716,966,AAA,0
600109.SH,2025Q3,0.0012399607,1082,AAA,0
600109.SH,2025Q4,0.0012727682,1080,AAA,0
600109.SH,2026Q1,0.0015746534,1065,AAA,0
600110.SH,2025Q3,0.0055772294,973,AAA,0
600110.SH,2025Q4,0.005879385,970,AAA,0
600110.SH,2026Q1,0.005786385,971,AAA,0
600111.SH,2025Q3,0.0015150915,1068,AAA,0
600111.SH,2025Q4,0.0012291992,1083,AAA,0
600111.SH,2026Q1,0.0016017953,1064,AAA,0
600113.SH,2025Q3,0.003625831,1005,AAA,0
600113.SH,2025Q4,0.003865715,1000,AAA,0
600113.SH,2026Q1,0.00764933,950,AAA,0
600114.SH,2025Q3,0.0018006141,1055,AAA,0
600114.SH,2025Q4,0.0016337002,1062,AAA,0
600114.SH,2026Q1,0.0013230817,1077,AAA,0
600115.SH,2025Q3,0.034565005,840,AAA,0
600115.SH,2025Q4,0.045213114,820,AAA,0
600115.SH,2026Q1,0.046761323,817,AAA,0
600116.SH,2025Q3,0.003245251,1013,AAA,0
600116.SH,2025Q4,0.0055974815,973,AAA,0
600116.SH,2026Q1,0.012794874,913,AAA,0
600117.SH,2025Q3,0.14513561,727,AAA,0
600117.SH,2025Q4,0.03787398,833,AAA,0
600117.SH,2026Q1,0.16872415,715,AAA,0
600118.SH,2025Q3,0.008170936,946,AAA,0
600118.SH,2025Q4,0.0059764055,968,AAA,0
600118.SH,2026Q1,0.015343613,900,AAA,0
600119.SH,2025Q3,0.17025788,714,AAA,0
600119.SH,2025Q4,0.14955194,725,AAA,0
600119.SH,2026Q1,0.1035076,755,AAA,0
600120.SH,2025Q3,0.003349817,1010,AAA,0
600120.SH,2025Q4,0.0029447959,1020,AAA,0
600120.SH,2026Q1,0.0039103893,999,AAA,0
600121.SH,2025Q3,0.0038150738,1001,AAA,0
600121.SH,2025Q4,0.009776454,933,AAA,0
600121.SH,2026Q1,0.01808624,888,AAA,0
600123.SH,2025Q3,0.01905603,884,AAA,0
600123.SH,2025Q4,0.040723205,827,AAA,0
600123.SH,2026Q1,0.03552017,838,AAA,0
600125.SH,2025Q3,0.0012566886,1081,AAA,0
600125.SH,2025Q4,0.001613075,1063,AAA,0
600125.SH,2026Q1,0.0012669952,1081,AAA,0
600126.SH,2025Q3,0.002657119,1027,AAA,0
600126.SH,2025Q4,0.0050108763,981,AAA,0
600126.SH,2026Q1,0.0056687198,972,AAA,0
600127.SH,2025Q3,0.34443823,646,A,0
600127.SH,2025Q4,0.23077631,686,AA,0
600127.SH,2026Q1,0.5146612,595,BBB,0
600128.SH,2025Q3,0.0010410899,1095,AAA,0
600128.SH,2025Q4,0.0017345316,1058,AAA,0
600128.SH,2026Q1,0.0018447303,1053,AAA,0
600129.SH,2025Q3,0.003346741,1010,AAA,0
600129.SH,2025Q4,0.0034660527,1008,AAA,0
600129.SH,2026Q1,0.00379801,1001,AAA,0
600130.SH,2025Q3,0.0131317405,911,AAA,1
600130.SH,2025Q4,0.012508121,915,AAA,1
600130.SH,2026Q1,0.02810846,855,AAA,0
600131.SH,2025Q3,0.0014371756,1072,AAA,0
600131.SH,2025Q4,0.0024050178,1034,AAA,0
600131.SH,2026Q1,0.0035665531,1006,AAA,0
600132.SH,2025Q3,0.004506005,989,AAA,0
600132.SH,2025Q4,0.045716282,819,AAA,0
600132.SH,2026Q1,0.011275632,922,AAA,0
600133.SH,2025Q3,0.006185344,966,AAA,0
600133.SH,2025Q4,0.003302306,1011,AAA,0
600133.SH,2026Q1,0.0036848409,1003,AAA,0
600135.SH,2025Q3,0.001925007,1050,AAA,0
600135.SH,2025Q4,0.003604884,1005,AAA,0
600135.SH,2026Q1,0.0028453371,1022,AAA,0
600136.SH,2025Q3,0.9814726,313,C,1
600136.SH,2025Q4,0.98703057,287,C,1
600136.SH,2026Q1,0.988561,278,C,0
600137.SH,2025Q3,0.0021518602,1042,AAA,0
600137.SH,2025Q4,0.004468728,989,AAA,0
600137.SH,2026Q1,0.0025851966,1029,AAA,0
600138.SH,2025Q3,0.0010253057,1096,AAA,0
600138.SH,2025Q4,0.0011302453,1089,AAA,0
600138.SH,2026Q1,0.0023287882,1037,AAA,0
600141.SH,2025Q3,0.0011367135,1088,AAA,0
600141.SH,2025Q4,0.0010724146,1093,AAA,0
600141.SH,2026Q1,0.0016607802,1061,AAA,0
600143.SH,2025Q3,0.0007831716,1115,AAA,0
600143.SH,2025Q4,0.00086459506,1108,AAA,0
600143.SH,2026Q1,0.0014131846,1073,AAA,0
600148.SH,2025Q3,0.0066414904,961,AAA,0
600148.SH,2025Q4,0.0027058676,1026,AAA,0
600148.SH,2026Q1,0.0043065343,992,AAA,0
600149.SH,2025Q3,0.114690535,747,AAA,0
600149.SH,2025Q4,0.23716828,684,AA,0
600149.SH,2026Q1,0.70333785,537,BB,0
600150.SH,2025Q3,0.0009363587,1102,AAA,0
600150.SH,2025Q4,0.0010051989,1097,AAA,0
600150.SH,2026Q1,0.0009539007,1101,AAA,0
600151.SH,2025Q3,0.029512981,851,AAA,0
600151.SH,2025Q4,0.019893521,881,AAA,0
600151.SH,2026Q1,0.048886262,814,AAA,0
600152.SH,2025Q3,0.030303044,849,AAA,0
600152.SH,2025Q4,0.036197726,836,AAA,0
600152.SH,2026Q1,0.006965748,957,AAA,0
600153.SH,2025Q3,0.0016752827,1060,AAA,0
600153.SH,2025Q4,0.0049523967,982,AAA,0
600153.SH,2026Q1,0.0057387315,971,AAA,0
600155.SH,2025Q3,0.0015788393,1065,AAA,0
600155.SH,2025Q4,0.0018623866,1053,AAA,0
600155.SH,2026Q1,0.0044574398,990,AAA,0
600156.SH,2025Q3,0.0051256693,980,AAA,0
600156.SH,2025Q4,0.0074082683,953,AAA,0
600156.SH,2026Q1,0.011657191,920,AAA,0
600157.SH,2025Q3,0.015272477,900,AAA,0
600157.SH,2025Q4,0.02868439,854,AAA,0
600157.SH,2026Q1,0.07498633,781,AAA,0
600158.SH,2025Q3,0.014848993,902,AAA,0
600158.SH,2025Q4,0.010150519,930,AAA,0
600158.SH,2026Q1,0.033057462,843,AAA,0
600159.SH,2025Q3,0.008657047,941,AAA,0
600159.SH,2025Q4,0.008004607,947,AAA,0
600159.SH,2026Q1,0.010033538,931,AAA,0
600160.SH,2025Q3,0.0010260199,1096,AAA,0
600160.SH,2025Q4,0.0010392689,1095,AAA,0
600160.SH,2026Q1,0.0017485996,1057,AAA,0
600161.SH,2025Q3,0.0026258905,1028,AAA,0
600161.SH,2025Q4,0.0047420417,985,AAA,0
600161.SH,2026Q1,0.0069615035,957,AAA,0
600162.SH,2025Q3,0.018864721,885,AAA,0
600162.SH,2025Q4,0.026739538,859,AAA,0
600162.SH,2026Q1,0.028965624,853,AAA,0
600163.SH,2025Q3,0.012349068,916,AAA,0
600163.SH,2025Q4,0.031918667,846,AAA,0
600163.SH,2026Q1,0.020999847,877,AAA,0
600165.SH,2025Q3,0.9839864,302,C,1
600165.SH,2025Q4,0.8515601,473,B,1
600165.SH,2026Q1,0.8163111,492,B,0
600166.SH,2025Q3,0.0038942993,999,AAA,0
600166.SH,2025Q4,0.0034209038,1009,AAA,0
600166.SH,2026Q1,0.004761799,985,AAA,0
600167.SH,2025Q3,0.005171326,979,AAA,0
600167.SH,2025Q4,0.006592891,961,AAA,0
600167.SH,2026Q1,0.013281216,910,AAA,0
600168.SH,2025Q3,0.002126452,1043,AAA,0
600168.SH,2025Q4,0.0026927372,1026,AAA,0
600168.SH,2026Q1,0.0026646561,1027,AAA,0
600169.SH,2025Q3,0.008289344,945,AAA,1
600169.SH,2025Q4,0.011131572,923,AAA,1
600169.SH,2026Q1,0.013311225,910,AAA,0
600170.SH,2025Q3,0.0024712675,1032,AAA,0
600170.SH,2025Q4,0.002879012,1021,AAA,0
600170.SH,2026Q1,0.0034440805,1008,AAA,0
600171.SH,2025Q3,0.0018646724,1053,AAA,0
600171.SH,2025Q4,0.0019189818,1051,AAA,0
600171.SH,2026Q1,0.0025408922,1030,AAA,0
600172.SH,2025Q3,0.32268837,653,AA,0
600172.SH,2025Q4,0.3767852,636,A,0
600172.SH,2026Q1,0.5476032,586,BBB,0
600173.SH,2025Q3,0.002667321,1027,AAA,0
600173.SH,2025Q4,0.011393703,921,AAA,0
600173.SH,2026Q1,0.0030300452,1018,AAA,0
600176.SH,2025Q3,0.0015887598,1064,AAA,0
600176.SH,2025Q4,0.0014664459,1070,AAA,0
600176.SH,2026Q1,0.0015066772,1068,AAA,0
600177.SH,2025Q3,0.0012049456,1084,AAA,0
600177.SH,2025Q4,0.0019665314,1049,AAA,0
600177.SH,2026Q1,0.0024891105,1032,AAA,0
600178.SH,2025Q3,0.0016630294,1061,AAA,0
600178.SH,2025Q4,0.0016225013,1063,AAA,0
600178.SH,2026Q1,0.0028462668,1022,AAA,0
600179.SH,2025Q3,0.002935316,1020,AAA,0
600179.SH,2025Q4,0.0026516076,1027,AAA,0
600179.SH,2026Q1,0.0024369634,1033,AAA,0
600180.SH,2025Q3,0.0076906495,950,AAA,0
600180.SH,2025Q4,0.1416992,729,AAA,0
600180.SH,2026Q1,0.056982562,802,AAA,0
600182.SH,2025Q3,0.47713262,606,A,0
600182.SH,2025Q4,0.087421425,769,AAA,0
600182.SH,2026Q1,0.44650578,615,A,0
600183.SH,2025Q3,0.0009967809,1098,AAA,0
600183.SH,2025Q4,0.0010424565,1095,AAA,0
600183.SH,2026Q1,0.0008710228,1108,AAA,0
600184.SH,2025Q3,0.003030659,1018,AAA,0
600184.SH,2025Q4,0.0021152252,1044,AAA,0
600184.SH,2026Q1,0.0030788558,1016,AAA,0
600185.SH,2025Q3,0.13035163,736,AAA,0
600185.SH,2025Q4,0.38707417,633,A,0
600185.SH,2026Q1,0.38721818,633,A,0
600186.SH,2025Q3,0.015180591,900,AAA,0
600186.SH,2025Q4,0.07549833,780,AAA,0
600186.SH,2026Q1,0.08782577,768,AAA,0
600187.SH,2025Q3,0.022676654,871,AAA,0
600187.SH,2025Q4,0.061427794,796,AAA,0
600187.SH,2026Q1,0.057301365,802,AAA,0
600188.SH,2025Q3,0.0031291652,1015,AAA,0
600188.SH,2025Q4,0.0020019182,1048,AAA,0
600188.SH,2026Q1,0.0015713883,1065,AAA,0
600189.SH,2025Q3,0.030066444,850,AAA,0
600189.SH,2025Q4,0.013552431,909,AAA,0
600189.SH,2026Q1,0.13242847,735,AAA,0
600191.SH,2025Q3,0.0058275545,970,AAA,0
600191.SH,2025Q4,0.01638172,895,AAA,0
600191.SH,2026Q1,0.019853132,881,AAA,0
600192.SH,2025Q3,0.068916254,787,AAA,0
600192.SH,2025Q4,0.101037465,757,AAA,0
600192.SH,2026Q1,0.06008822,798,AAA,0
600193.SH,2025Q3,0.44618356,615,A,1
600193.SH,2025Q4,0.12903537,737,AAA,1
600193.SH,2026Q1,0.31659722,655,AA,0
600195.SH,2025Q3,0.0012558121,1081,AAA,0
600195.SH,2025Q4,0.0024808415,1032,AAA,0
600195.SH,2026Q1,0.0030003206,1018,AAA,0
600196.SH,2025Q3,0.0011206784,1089,AAA,0
600196.SH,2025Q4,0.001132014,1089,AAA,0
600196.SH,2026Q1,0.0010975787,1091,AAA,0
600197.SH,2025Q3,0.0016472521,1062,AAA,0
600197.SH,2025Q4,0.0009664633,1100,AAA,0
600197.SH,2026Q1,0.0010169423,1097,AAA,0
600198.SH,2025Q3,0.039857615,829,AAA,0
600198.SH,2025Q4,0.018119304,887,AAA,0
600198.SH,2026Q1,0.26471797,673,AA,0
600199.SH,2025Q3,0.012914782,912,AAA,0
600199.SH,2025Q4,0.02489677,864,AAA,0
600199.SH,2026Q1,0.068808414,787,AAA,0
600201.SH,2025Q3,0.0019413318,1050,AAA,0
600201.SH,2025Q4,0.0035499255,1006,AAA,0
600201.SH,2026Q1,0.0022393442,1039,AAA,0
600202.SH,2025Q3,0.0109138,925,AAA,0
600202.SH,2025Q4,0.00879268,940,AAA,0
600202.SH,2026Q1,0.021266276,876,AAA,0
600203.SH,2025Q3,0.0048060175,984,AAA,0
600203.SH,2025Q4,0.005405797,976,AAA,0
600203.SH,2026Q1,0.003522203,1007,AAA,0
600206.SH,2025Q3,0.0013927978,1074,AAA,0
600206.SH,2025Q4,0.0013850161,1074,AAA,0
600206.SH,2026Q1,0.0015735909,1065,AAA,0
600207.SH,2025Q3,0.017568264,890,AAA,0
600207.SH,2025Q4,0.010531536,927,AAA,0
600207.SH,2026Q1,0.021684062,874,AAA,0
600208.SH,2025Q3,0.0053357473,977,AAA,0
600208.SH,2025Q4,0.004901648,983,AAA,0
600208.SH,2026Q1,0.010149288,930,AAA,0
600210.SH,2025Q3,0.0030613306,1017,AAA,0
600210.SH,2025Q4,0.0013437887,1076,AAA,0
600210.SH,2026Q1,0.0023959205,1035,AAA,0
600211.SH,2025Q3,0.0012929282,1079,AAA,0
600211.SH,2025Q4,0.0012316146,1083,AAA,0
600211.SH,2026Q1,0.0006906096,1124,AAA,0
600212.SH,2025Q3,0.014120377,906,AAA,0
600212.SH,2025Q4,0.01302193,912,AAA,0
600212.SH,2026Q1,0.012407461,915,AAA,0
600215.SH,2025Q3,0.020826872,877,AAA,0
600215.SH,2025Q4,0.06189,796,AAA,0
600215.SH,2026Q1,0.044710383,820,AAA,0
600216.SH,2025Q3,0.00081822247,1112,AAA,0
600216.SH,2025Q4,0.0009675062,1100,AAA,0
600216.SH,2026Q1,0.00083543407,1111,AAA,0
600217.SH,2025Q3,0.04480206,820,AAA,0
600217.SH,2025Q4,0.080568425,775,AAA,0
600217.SH,2026Q1,0.06014928,798,AAA,0
600218.SH,2025Q3,0.00093361404,1103,AAA,0
600218.SH,2025Q4,0.0009946423,1098,AAA,0
600218.SH,2026Q1,0.0012819042,1080,AAA,0
600219.SH,2025Q3,0.002220674,1040,AAA,0
600219.SH,2025Q4,0.0020694162,1045,AAA,0
600219.SH,2026Q1,0.001927795,1050,AAA,0
600221.SH,2025Q3,0.0623832,795,AAA,0
600221.SH,2025Q4,0.030914064,848,AAA,0
600221.SH,2026Q1,0.01367188,908,AAA,0
600222.SH,2025Q3,0.010768768,926,AAA,0
600222.SH,2025Q4,0.008872853,940,AAA,0
600222.SH,2026Q1,0.030595591,849,AAA,0
600223.SH,2025Q3,0.001768526,1057,AAA,0
600223.SH,2025Q4,0.0034566165,1008,AAA,0
600223.SH,2026Q1,0.0018895549,1052,AAA,0
600226.SH,2025Q3,0.0034901393,1007,AAA,0
600226.SH,2025Q4,0.0036531044,1004,AAA,0
600226.SH,2026Q1,0.008710174,941,AAA,0
600227.SH,2025Q3,0.011242234,922,AAA,0
600227.SH,2025Q4,0.017828355,889,AAA,0
600227.SH,2026Q1,0.025935924,861,AAA,0
600228.SH,2025Q3,0.018032333,888,AAA,1
600228.SH,2025Q4,0.018426524,886,AAA,1
600228.SH,2026Q1,0.01832447,887,AAA,0
600229.SH,2025Q3,0.0019492371,1050,AAA,0
600229.SH,2025Q4,0.0044999775,989,AAA,0
600229.SH,2026Q1,0.0029134108,1020,AAA,0
600230.SH,2025Q3,0.0019470656,1050,AAA,0
600230.SH,2025Q4,0.0022939763,1038,AAA,0
600230.SH,2026Q1,0.0033939064,1009,AAA,0
600231.SH,2025Q3,0.02304087,870,AAA,0
600231.SH,2025Q4,0.021205477,876,AAA,0
600231.SH,2026Q1,0.031624455,846,AAA,0
600232.SH,2025Q3,0.0026949046,1026,AAA,0
600232.SH,2025Q4,0.007226207,955,AAA,0
600232.SH,2026Q1,0.004777194,985,AAA,0
600233.SH,2025Q3,0.0012903651,1079,AAA,0
600233.SH,2025Q4,0.0014303691,1072,AAA,0
600233.SH,2026Q1,0.0012212377,1083,AAA,0
600234.SH,2025Q3,0.09046079,766,AAA,0
600234.SH,2025Q4,0.023006955,870,AAA,0
600234.SH,2026Q1,0.009378953,936,AAA,0
600235.SH,2025Q3,0.0029939546,1018,AAA,0
600235.SH,2025Q4,0.0046041296,987,AAA,0
600235.SH,2026Q1,0.004845182,984,AAA,0
600236.SH,2025Q3,0.036546323,836,AAA,0
600236.SH,2025Q4,0.08945715,767,AAA,0
600236.SH,2026Q1,0.06369969,793,AAA,0
600237.SH,2025Q3,0.0024510615,1033,AAA,0
600237.SH,2025Q4,0.0023603723,1036,AAA,0
600237.SH,2026Q1,0.0034067335,1009,AAA,0
600238.SH,2025Q3,0.569461,579,BBB,1
600238.SH,2025Q4,0.7132655,534,BB,1
600238.SH,2026Q1,0.5738477,578,BBB,0
600239.SH,2025Q3,0.032516032,844,AAA,0
600239.SH,2025Q4,0.09022857,766,AAA,0
600239.SH,2026Q1,0.22886227,687,AA,0
600241.SH,2025Q3,0.011151283,923,AAA,0
600241.SH,2025Q4,0.10813543,752,AAA,0
600241.SH,2026Q1,0.06918945,787,AAA,0
600243.SH,2025Q3,0.124017924,741,AAA,1
600243.SH,2025Q4,0.034624774,840,AAA,1
600243.SH,2026Q1,0.21567233,693,AA,0
600246.SH,2025Q3,0.065005556,792,AAA,0
600246.SH,2025Q4,0.0266974,859,AAA,0
600246.SH,2026Q1,0.029805275,851,AAA,0
600248.SH,2025Q3,0.002332568,1037,AAA,0
600248.SH,2025Q4,0.0017691118,1057,AAA,0
600248.SH,2026Q1,0.002656971,1027,AAA,0
600249.SH,2025Q3,0.0032764145,1012,AAA,0
600249.SH,2025Q4,0.0038852054,1000,AAA,0
600249.SH,2026Q1,0.022666728,871,AAA,0
600250.SH,2025Q3,0.0048637902,983,AAA,0
600250.SH,2025Q4,0.010215218,929,AAA,0
600250.SH,2026Q1,0.11226724,749,AAA,0
600251.SH,2025Q3,0.0025074303,1031,AAA,0
600251.SH,2025Q4,0.0030656443,1017,AAA,0
600251.SH,2026Q1,0.0025152757,1031,AAA,0
600252.SH,2025Q3,0.00936116,936,AAA,0
600252.SH,2025Q4,0.01315876,911,AAA,0
600252.SH,2026Q1,0.010682131,926,AAA,0
600255.SH,2025Q3,0.008854851,940,AAA,0
600255.SH,2025Q4,0.005929616,969,AAA,0
600255.SH,2026Q1,0.022877678,870,AAA,0
600256.SH,2025Q3,0.008045737,947,AAA,0
600256.SH,2025Q4,0.029309308,852,AAA,0
600256.SH,2026Q1,0.019137217,883,AAA,0
600257.SH,2025Q3,0.020631589,878,AAA,0
600257.SH,2025Q4,0.060107484,798,AAA,0
600257.SH,2026Q1,0.019133346,883,AAA,0
600258.SH,2025Q3,0.0019156229,1051,AAA,0
600258.SH,2025Q4,0.0031707908,1014,AAA,0
600258.SH,2026Q1,0.0029141505,1020,AAA,0
600259.SH,2025Q3,0.003734359,1002,AAA,0
600259.SH,2025Q4,0.0058955103,969,AAA,0
600259.SH,2026Q1,0.0046218056,987,AAA,0
600261.SH,2025Q3,0.0027991375,1023,AAA,0
600261.SH,2025Q4,0.010515975,927,AAA,0
600261.SH,2026Q1,0.007268824,954,AAA,0
600262.SH,2025Q3,0.00095652585,1101,AAA,0
600262.SH,2025Q4,0.00081529067,1112,AAA,0
600262.SH,2026Q1,0.001126245,1089,AAA,0
600265.SH,2025Q3,0.6213558,564,BBB,1
600265.SH,2025Q4,0.70760256,536,BB,1
600265.SH,2026Q1,0.86289823,467,B,0
600266.SH,2025Q3,0.0015337514,1067,AAA,0
600266.SH,2025Q4,0.0015289176,1067,AAA,0
600266.SH,2026Q1,0.0015250681,1067,AAA,0
600267.SH,2025Q3,0.0025951108,1029,AAA,0
600267.SH,2025Q4,0.0031392362,1015,AAA,0
600267.SH,2026Q1,0.0012224884,1083,AAA,0
600268.SH,2025Q3,0.0041742106,994,AAA,0
600268.SH,2025Q4,0.0016036074,1064,AAA,0
600268.SH,2026Q1,0.007232952,955,AAA,0
600269.SH,2025Q3,0.0033501321,1010,AAA,0
600269.SH,2025Q4,0.0032019324,1014,AAA,0
600269.SH,2026Q1,0.0012917947,1079,AAA,0
600271.SH,2025Q3,0.0041363756,995,AAA,0
600271.SH,2025Q4,0.017037498,892,AAA,0
600271.SH,2026Q1,0.024748111,865,AAA,0
600272.SH,2025Q3,0.0039137956,999,AAA,0
600272.SH,2025Q4,0.015194098,900,AAA,0
600272.SH,2026Q1,0.006009794,968,AAA,0
600273.SH,2025Q3,0.0012158419,1084,AAA,0
600273.SH,2025Q4,0.0014983154,1069,AAA,0
600273.SH,2026Q1,0.0021867778,1041,AAA,0
600276.SH,2025Q3,0.0008776037,1107,AAA,0
600276.SH,2025Q4,0.0009115405,1104,AAA,0
600276.SH,2026Q1,0.00068286655,1125,AAA,0
600278.SH,2025Q3,0.0011070648,1090,AAA,0
600278.SH,2025Q4,0.0009697732,1100,AAA,0
600278.SH,2026Q1,0.001502538,1068,AAA,0
600279.SH,2025Q3,0.0023432951,1036,AAA,0
600279.SH,2025Q4,0.0018634294,1053,AAA,0
600279.SH,2026Q1,0.003297145,1011,AAA,0
600280.SH,2025Q3,0.019331286,883,AAA,0
600280.SH,2025Q4,0.5817176,576,BBB,0
600280.SH,2026Q1,0.7567295,518,BB,0
600281.SH,2025Q3,0.44831023,614,A,0
600281.SH,2025Q4,0.56011236,582,BBB,0
600281.SH,2026Q1,0.64452446,557,BBB,0
600282.SH,2025Q3,0.006274075,965,AAA,0
600282.SH,2025Q4,0.008487141,943,AAA,0
600282.SH,2026Q1,0.002613453,1028,AAA,0
600283.SH,2025Q3,0.0029141465,1020,AAA,0
600283.SH,2025Q4,0.0051100454,980,AAA,0
600283.SH,2026Q1,0.0053097694,977,AAA,0
600284.SH,2025Q3,0.0022345176,1040,AAA,0
600284.SH,2025Q4,0.0014249458,1072,AAA,0
600284.SH,2026Q1,0.0018985945,1051,AAA,0
600285.SH,2025Q3,0.002619229,1028,AAA,0
600285.SH,2025Q4,0.003926673,999,AAA,0
600285.SH,2026Q1,0.0031047594,1016,AAA,0
600287.SH,2025Q3,0.11922279,744,AAA,0
600287.SH,2025Q4,0.01778418,889,AAA,0
600287.SH,2026Q1,0.093264885,764,AAA,0
600288.SH,2025Q3,0.0037715023,1002,AAA,0
600288.SH,2025Q4,0.0038463548,1000,AAA,0
600288.SH,2026Q1,0.004830705,984,AAA,0
600289.SH,2025Q3,0.70477086,537,BB,1
600289.SH,2025Q4,0.3067953,658,AA,1
600289.SH,2026Q1,0.9359625,406,C,0
600292.SH,2025Q3,0.007922351,948,AAA,0
600292.SH,2025Q4,0.15140739,724,AAA,0
600292.SH,2026Q1,0.027020764,858,AAA,0
600293.SH,2025Q3,0.014531085,904,AAA,0
600293.SH,2025Q4,0.013527236,909,AAA,0
600293.SH,2026Q1,0.014544845,904,AAA,0
600295.SH,2025Q3,0.0012681602,1081,AAA,0
600295.SH,2025Q4,0.0016499636,1062,AAA,0
600295.SH,2026Q1,0.0012025979,1084,AAA,0
600298.SH,2025Q3,0.0008213796,1112,AAA,0
600298.SH,2025Q4,0.000813169,1113,AAA,0
600298.SH,2026Q1,0.0010125291,1097,AAA,0
600299.SH,2025Q3,0.0015627757,1065,AAA,0
600299.SH,2025Q4,0.0016342237,1062,AAA,0
600299.SH,2026Q1,0.0015896148,1064,AAA,0
600300.SH,2025Q3,0.0065717506,961,AAA,0
600300.SH,2025Q4,0.012744797,913,AAA,0
600300.SH,2026Q1,0.0099882325,931,AAA,0
600301.SH,2025Q3,0.002966011,1019,AAA,0
600301.SH,2025Q4,0.0014820597,1069,AAA,0
600301.SH,2026Q1,0.0018169398,1055,AAA,0
600302.SH,2025Q3,0.0357038,837,AAA,0
600302.SH,2025Q4,0.08123105,774,AAA,0
600302.SH,2026Q1,0.02429664,866,AAA,0
600303.SH,2025Q3,0.5250037,592,BBB,0
600303.SH,2025Q4,0.2566676,676,AA,0
600303.SH,2026Q1,0.6162131,565,BBB,0
600305.SH,2025Q3,0.002521501,1031,AAA,0
600305.SH,2025Q4,0.0106997015,926,AAA,0
600305.SH,2026Q1,0.013936576,907,AAA,0
600307.SH,2025Q3,0.01724985,891,AAA,0
600307.SH,2025Q4,0.021575779,875,AAA,0
600307.SH,2026Q1,0.05889942,799,AAA,0
600308.SH,2025Q3,0.0026307206,1028,AAA,0
600308.SH,2025Q4,0.0031085901,1016,AAA,0
600308.SH,2026Q1,0.0027540578,1025,AAA,0
600309.SH,2025Q3,0.0012425238,1082,AAA,0
600309.SH,2025Q4,0.001096472,1091,AAA,0
600309.SH,2026Q1,0.000952039,1101,AAA,0
600310.SH,2025Q3,0.009175759,937,AAA,0
600310.SH,2025Q4,0.014061458,906,AAA,0
600310.SH,2026Q1,0.17963493,709,AAA,0
600312.SH,2025Q3,0.00090609764,1105,AAA,0
600312.SH,2025Q4,0.00078053,1116,AAA,0
600312.SH,2026Q1,0.0009645287,1100,AAA,0
600313.SH,2025Q3,0.028010441,855,AAA,0
600313.SH,2025Q4,0.056577906,802,AAA,0
600313.SH,2026Q1,0.017284077,891,AAA,0
600315.SH,2025Q3,0.001390168,1074,AAA,0
600315.SH,2025Q4,0.0026408616,1028,AAA,0
600315.SH,2026Q1,0.000881975,1107,AAA,0
600316.SH,2025Q3,0.00430879,992,AAA,0
600316.SH,2025Q4,0.0035897887,1005,AAA,0
600316.SH,2026Q1,0.011203305,923,AAA,0
600318.SH,2025Q3,0.011276048,922,AAA,0
600318.SH,2025Q4,0.015291233,900,AAA,0
600318.SH,2026Q1,0.013163523,911,AAA,0
600319.SH,2025Q3,0.014953153,902,AAA,0
600319.SH,2025Q4,0.023254419,869,AAA,0
600319.SH,2026Q1,0.024378445,866,AAA,0
600320.SH,2025Q3,0.004635545,987,AAA,0
600320.SH,2025Q4,0.0031850035,1014,AAA,0
600320.SH,2026Q1,0.0068007354,959,AAA,0
600322.SH,2025Q3,0.9244981,419,C,0
600322.SH,2025Q4,0.9453106,394,C,0
600322.SH,2026Q1,0.4770075,606,A,0
600323.SH,2025Q3,0.002383659,1035,AAA,0
600323.SH,2025Q4,0.0026007672,1029,AAA,0
600323.SH,2026Q1,0.0029811037,1019,AAA,0
600325.SH,2025Q3,0.0022595655,1039,AAA,0
600325.SH,2025Q4,0.0034717626,1008,AAA,0
600325.SH,2026Q1,0.019116601,884,AAA,0
600326.SH,2025Q3,0.0049869358,982,AAA,0
600326.SH,2025Q4,0.009122693,938,AAA,0
600326.SH,2026Q1,0.015368587,900,AAA,0
600327.SH,2025Q3,0.008016342,947,AAA,0
600327.SH,2025Q4,0.096983016,760,AAA,0
600327.SH,2026Q1,0.04229696,825,AAA,0
600328.SH,2025Q3,0.00971148,933,AAA,0
600328.SH,2025Q4,0.006190135,966,AAA,0
600328.SH,2026Q1,0.028799694,853,AAA,0
600329.SH,2025Q3,0.0018754659,1052,AAA,0
600329.SH,2025Q4,0.002080329,1045,AAA,0
600329.SH,2026Q1,0.0013754914,1075,AAA,0
600330.SH,2025Q3,0.0019915134,1048,AAA,0
600330.SH,2025Q4,0.0023628732,1036,AAA,0
600330.SH,2026Q1,0.0022785172,1038,AAA,0
600331.SH,2025Q3,0.029906364,850,AAA,0
600331.SH,2025Q4,0.022010734,873,AAA,0
600331.SH,2026Q1,0.021382723,875,AAA,0
600332.SH,2025Q3,0.0011482325,1088,AAA,0
600332.SH,2025Q4,0.0013451959,1076,AAA,0
600332.SH,2026Q1,0.0012313725,1083,AAA,0
600333.SH,2025Q3,0.053252213,807,AAA,0
600333.SH,2025Q4,0.09308098,764,AAA,0
600333.SH,2026Q1,0.08956722,767,AAA,0
600335.SH,2025Q3,0.001056706,1094,AAA,0
600335.SH,2025Q4,0.0014355561,1072,AAA,0
600335.SH,2026Q1,0.001001398,1098,AAA,0
600336.SH,2025Q3,0.004943644,982,AAA,0
600336.SH,2025Q4,0.013412956,910,AAA,0
600336.SH,2026Q1,0.009576941,934,AAA,0
600337.SH,2025Q3,0.020651065,878,AAA,0
600337.SH,2025Q4,0.051654376,809,AAA,0
600337.SH,2026Q1,0.28589955,666,AA,0
600338.SH,2025Q3,0.016567597,894,AAA,0
600338.SH,2025Q4,0.015410329,899,AAA,0
600338.SH,2026Q1,0.01734356,891,AAA,0
600339.SH,2025Q3,0.0037828006,1002,AAA,0
600339.SH,2025Q4,0.0030235557,1018,AAA,0
600339.SH,2026Q1,0.0047603594,985,AAA,0
600340.SH,2025Q3,0.59210587,573,BBB,0
600340.SH,2025Q4,0.580104,576,BBB,0
600340.SH,2026Q1,0.9351904,407,C,0
600343.SH,2025Q3,0.012628629,914,AAA,0
600343.SH,2025Q4,0.008096517,946,AAA,0
600343.SH,2026Q1,0.022449344,872,AAA,0
600345.SH,2025Q3,0.0033624808,1010,AAA,0
600345.SH,2025Q4,0.0009356354,1103,AAA,0
600345.SH,2026Q1,0.017799528,889,AAA,0
600346.SH,2025Q3,0.0022870502,1038,AAA,0
600346.SH,2025Q4,0.0036129842,1005,AAA,0
600346.SH,2026Q1,0.0020663834,1045,AAA,0
600348.SH,2025Q3,0.0018082923,1055,AAA,0
600348.SH,2025Q4,0.0018668657,1053,AAA,0
600348.SH,2026Q1,0.0016627865,1061,AAA,0
600350.SH,2025Q3,0.0034060047,1009,AAA,0
600350.SH,2025Q4,0.003982794,998,AAA,0
600350.SH,2026Q1,0.005221223,978,AAA,0
600351.SH,2025Q3,0.0022402008,1039,AAA,0
600351.SH,2025Q4,0.0046322807,987,AAA,0
600351.SH,2026Q1,0.0033958778,1009,AAA,0
600352.SH,2025Q3,0.0015419811,1066,AAA,0
600352.SH,2025Q4,0.0027550613,1024,AAA,0
600352.SH,2026Q1,0.0035972088,1005,AAA,0
600353.SH,2025Q3,0.0020034409,1048,AAA,0
600353.SH,2025Q4,0.0037385374,1002,AAA,0
600353.SH,2026Q1,0.008275017,945,AAA,0
600354.SH,2025Q3,0.5675863,580,BBB,0
600354.SH,2025Q4,0.63487995,560,BBB,0
600354.SH,2026Q1,0.5958211,572,BBB,0
600356.SH,2025Q3,0.0009881101,1099,AAA,0
600356.SH,2025Q4,0.0011122174,1090,AAA,0
600356.SH,2026Q1,0.0012209336,1083,AAA,0
600358.SH,2025Q3,0.30764732,658,AA,1
600358.SH,2025Q4,0.9646604,361,C,1
600358.SH,2026Q1,0.9683823,353,C,0
600359.SH,2025Q3,0.01519694,900,AAA,0
600359.SH,2025Q4,0.098594904,759,AAA,0
600359.SH,2026Q1,0.17236964,713,AAA,0
600360.SH,2025Q3,0.08103594,775,AAA,1
600360.SH,2025Q4,0.024706747,865,AAA,1
600360.SH,2026Q1,0.010745681,926,AAA,0
600361.SH,2025Q3,0.0025835657,1029,AAA,0
600361.SH,2025Q4,0.0024983801,1032,AAA,0
600361.SH,2026Q1,0.0025564313,1030,AAA,0
600362.SH,2025Q3,0.0010467073,1094,AAA,0
600362.SH,2025Q4,0.0011284611,1089,AAA,0
600362.SH,2026Q1,0.0016657264,1061,AAA,0
600363.SH,2025Q3,0.0010211505,1096,AAA,0
600363.SH,2025Q4,0.0010045158,1097,AAA,0
600363.SH,2026Q1,0.0017072293,1059,AAA,0
600365.SH,2025Q3,0.9903296,266,C,1
600365.SH,2025Q4,0.9648758,361,C,1
600365.SH,2026Q1,0.97820437,325,C,0
600366.SH,2025Q3,0.0019090454,1051,AAA,0
600366.SH,2025Q4,0.0011843167,1086,AAA,0
600366.SH,2026Q1,0.0013745885,1075,AAA,0
600367.SH,2025Q3,0.0011369654,1088,AAA,0
600367.SH,2025Q4,0.0010689547,1093,AAA,0
600367.SH,2026Q1,0.001352425,1076,AAA,0
600368.SH,2025Q3,0.0031559814,1015,AAA,0
600368.SH,2025Q4,0.003761872,1002,AAA,0
600368.SH,2026Q1,0.003507846,1007,AAA,0
600369.SH,2025Q3,0.0029567752,1019,AAA,0
600369.SH,2025Q4,0.0021742326,1042,AAA,0
600369.SH,2026Q1,0.0022974068,1038,AAA,0
600370.SH,2025Q3,0.015463588,899,AAA,0
600370.SH,2025Q4,0.028345669,854,AAA,0
600370.SH,2026Q1,0.034142613,841,AAA,0
600371.SH,2025Q3,0.060841005,797,AAA,0
600371.SH,2025Q4,0.053465478,807,AAA,0
600371.SH,2026Q1,0.049094878,813,AAA,0
600372.SH,2025Q3,0.0013653662,1075,AAA,0
600372.SH,2025Q4,0.001068746,1093,AAA,0
600372.SH,2026Q1,0.0027294855,1025,AAA,0
600373.SH,2025Q3,0.0038097568,1001,AAA,0
600373.SH,2025Q4,0.0063880547,964,AAA,0
600373.SH,2026Q1,0.0025691849,1030,AAA,0
600375.SH,2025Q3,0.1444746,728,AAA,0
600375.SH,2025Q4,0.04080758,827,AAA,0
600375.SH,2026Q1,0.01672264,893,AAA,0
600376.SH,2025Q3,0.0054301973,975,AAA,0
600376.SH,2025Q4,0.0125989225,914,AAA,0
600376.SH,2026Q1,0.011582837,920,AAA,0
600377.SH,2025Q3,0.0025436215,1030,AAA,0
600377.SH,2025Q4,0.0041512693,995,AAA,0
600377.SH,2026Q1,0.0036795854,1004,AAA,0
600378.SH,2025Q3,0.00086109916,1109,AAA,0
600378.SH,2025Q4,0.0009838917,1099,AAA,0
600378.SH,2026Q1,0.001128086,1089,AAA,0
600379.SH,2025Q3,0.0069582975,957,AAA,0
600379.SH,2025Q4,0.0033080317,1011,AAA,0
600379.SH,2026Q1,0.004243231,993,AAA,0
600380.SH,2025Q3,0.0008884383,1106,AAA,0
600380.SH,2025Q4,0.00097010174,1100,AAA,0
600380.SH,2026Q1,0.0009660946,1100,AAA,0
600381.SH,2025Q3,0.12465396,740,AAA,1
600381.SH,2025Q4,0.20685367,696,AA,1
600381.SH,2026Q1,0.6309612,561,BBB,0
600382.SH,2025Q3,0.16430198,717,AAA,0
600382.SH,2025Q4,0.024697518,865,AAA,0
600382.SH,2026Q1,0.013759969,908,AAA,0
600383.SH,2025Q3,0.008018526,947,AAA,0
600383.SH,2025Q4,0.008789464,940,AAA,0
600383.SH,2026Q1,0.005940458,969,AAA,0
600386.SH,2025Q3,0.0029147826,1020,AAA,0
600386.SH,2025Q4,0.010120772,930,AAA,0
600386.SH,2026Q1,0.010834391,925,AAA,0
600388.SH,2025Q3,0.0023479706,1036,AAA,0
600388.SH,2025Q4,0.0013662375,1075,AAA,0
600388.SH,2026Q1,0.0012325963,1083,AAA,0
600389.SH,2025Q3,0.00080406177,1113,AAA,0
600389.SH,2025Q4,0.0011406471,1088,AAA,0
600389.SH,2026Q1,0.0009942382,1098,AAA,0
600390.SH,2025Q3,0.004667647,986,AAA,0
600390.SH,2025Q4,0.00659271,961,AAA,0
600390.SH,2026Q1,0.00521139,978,AAA,0
600391.SH,2025Q3,0.0028130421,1023,AAA,0
600391.SH,2025Q4,0.0029144636,1020,AAA,0
600391.SH,2026Q1,0.004970059,982,AAA,0
600392.SH,2025Q3,0.0017158802,1059,AAA,0
600392.SH,2025Q4,0.0011543653,1087,AAA,0
600392.SH,2026Q1,0.00138223,1074,AAA,0
600395.SH,2025Q3,0.0067697763,959,AAA,0
600395.SH,2025Q4,0.0116496505,920,AAA,0
600395.SH,2026Q1,0.015040723,901,AAA,0
600396.SH,2025Q3,0.022560287,871,AAA,0
600396.SH,2025Q4,0.03361215,842,AAA,0
600396.SH,2026Q1,0.15943699,719,AAA,0
600397.SH,2025Q3,0.05974781,798,AAA,0
600397.SH,2025Q4,0.09052694,766,AAA,0
600397.SH,2026Q1,0.31154278,657,AA,0
600398.SH,2025Q3,0.0008598263,1109,AAA,0
600398.SH,2025Q4,0.001010531,1097,AAA,0
600398.SH,2026Q1,0.0011593872,1087,AAA,0
600399.SH,2025Q3,0.0062954808,965,AAA,0
600399.SH,2025Q4,0.009345215,936,AAA,0
600399.SH,2026Q1,0.015579917,899,AAA,0
600400.SH,2025Q3,0.008659421,941,AAA,0
600400.SH,2025Q4,0.03678582,835,AAA,0
600400.SH,2026Q1,0.04195528,825,AAA,0
600403.SH,2025Q3,0.0071423324,955,AAA,0
600403.SH,2025Q4,0.025388367,863,AAA,0
600403.SH,2026Q1,0.29009312,664,AA,0
600405.SH,2025Q3,0.12919658,737,AAA,0
600405.SH,2025Q4,0.27365315,670,AA,0
600405.SH,2026Q1,0.34688473,645,A,0
600406.SH,2025Q3,0.0014307915,1072,AAA,0
600406.SH,2025Q4,0.0016248665,1063,AAA,0
600406.SH,2026Q1,0.003239575,1013,AAA,0
600408.SH,2025Q3,0.07161472,784,AAA,0
600408.SH,2025Q4,0.34498495,646,A,0
600408.SH,2026Q1,0.40787044,626,A,0
600409.SH,2025Q3,0.002160657,1042,AAA,0
600409.SH,2025Q4,0.002418545,1034,AAA,0
600409.SH,2026Q1,0.005044136,981,AAA,0
600410.SH,2025Q3,0.0016224218,1063,AAA,0
600410.SH,2025Q4,0.0016394946,1062,AAA,0
600410.SH,2026Q1,0.00416683,995,AAA,0
600415.SH,2025Q3,0.0030166325,1018,AAA,0
600415.SH,2025Q4,0.0038533444,1000,AAA,0
600415.SH,2026Q1,0.002564502,1030,AAA,0
600416.SH,2025Q3,0.0016816685,1060,AAA,0
600416.SH,2025Q4,0.0014680625,1070,AAA,0
600416.SH,2026Q1,0.00247988,1032,AAA,0
600418.SH,2025Q3,0.007818503,949,AAA,0
600418.SH,2025Q4,0.0068915305,958,AAA,0
600418.SH,2026Q1,0.008588916,942,AAA,0
600419.SH,2025Q3,0.0025698754,1030,AAA,0
600419.SH,2025Q4,0.0022793207,1038,AAA,0
600419.SH,2026Q1,0.0028060805,1023,AAA,0
600420.SH,2025Q3,0.0010299893,1096,AAA,0
600420.SH,2025Q4,0.0011718817,1086,AAA,0
600420.SH,2026Q1,0.0012165554,1084,AAA,0
600421.SH,2025Q3,0.053933922,806,AAA,1
600421.SH,2025Q4,0.120301664,743,AAA,1
600421.SH,2026Q1,0.91000813,433,C,0
600422.SH,2025Q3,0.0015200655,1067,AAA,0
600422.SH,2025Q4,0.002944135,1020,AAA,0
600422.SH,2026Q1,0.0136460485,908,AAA,0
600423.SH,2025Q3,0.018489257,886,AAA,0
600423.SH,2025Q4,0.03730402,834,AAA,0
600423.SH,2026Q1,0.0373282,834,AAA,0
600425.SH,2025Q3,0.00264054,1028,AAA,0
600425.SH,2025Q4,0.0029593094,1019,AAA,0
600425.SH,2026Q1,0.013155523,911,AAA,0
600426.SH,2025Q3,0.000848772,1110,AAA,0
600426.SH,2025Q4,0.0008610885,1109,AAA,0
600426.SH,2026Q1,0.0009987706,1098,AAA,0
600428.SH,2025Q3,0.001461183,1070,AAA,0
600428.SH,2025Q4,0.002131722,1043,AAA,0
600428.SH,2026Q1,0.001569174,1065,AAA,0
600429.SH,2025Q3,0.00408622,996,AAA,0
600429.SH,2025Q4,0.007532316,952,AAA,0
600429.SH,2026Q1,0.004469511,989,AAA,0
600433.SH,2025Q3,0.0051909685,979,AAA,0
600433.SH,2025Q4,0.004073044,996,AAA,0
600433.SH,2026Q1,0.009411078,935,AAA,0
600435.SH,2025Q3,0.0021878267,1041,AAA,0
600435.SH,2025Q4,0.0031333847,1015,AAA,0
600435.SH,2026Q1,0.006528967,962,AAA,0
600436.SH,2025Q3,0.0009508989,1101,AAA,0
600436.SH,2025Q4,0.0020603577,1045,AAA,0
600436.SH,2026Q1,0.0015496735,1066,AAA,0
600438.SH,2025Q3,0.0012805595,1080,AAA,0
600438.SH,2025Q4,0.0017340487,1058,AAA,0
600438.SH,2026Q1,0.003087105,1016,AAA,0
600439.SH,2025Q3,0.005198479,979,AAA,0
600439.SH,2025Q4,0.011571896,920,AAA,0
600439.SH,2026Q1,0.010145375,930,AAA,0
600444.SH,2025Q3,0.0013877355,1074,AAA,0
600444.SH,2025Q4,0.0018020141,1055,AAA,0
600444.SH,2026Q1,0.0016465458,1062,AAA,0
600446.SH,2025Q3,0.0074917944,952,AAA,0
600446.SH,2025Q4,0.006136184,966,AAA,0
600446.SH,2026Q1,0.0049674627,982,AAA,0
600448.SH,2025Q3,0.0028466592,1022,AAA,0
600448.SH,2025Q4,0.0046826913,986,AAA,0
600448.SH,2026Q1,0.0070992243,956,AAA,0
600449.SH,2025Q3,0.0010036,1097,AAA,0
600449.SH,2025Q4,0.0010064072,1097,AAA,0
600449.SH,2026Q1,0.0036283385,1005,AAA,0
600452.SH,2025Q3,0.005628738,973,AAA,0
600452.SH,2025Q4,0.011433027,921,AAA,0
600452.SH,2026Q1,0.0030341996,1018,AAA,0
600455.SH,2025Q3,0.0039196312,999,AAA,0
600455.SH,2025Q4,0.00429054,992,AAA,0
600455.SH,2026Q1,0.0055345898,974,AAA,0
600456.SH,2025Q3,0.0016688576,1061,AAA,0
600456.SH,2025Q4,0.0017638205,1057,AAA,0
600456.SH,2026Q1,0.0025502075,1030,AAA,0
600458.SH,2025Q3,0.00070174126,1123,AAA,0
600458.SH,2025Q4,0.0012445974,1082,AAA,0
600458.SH,2026Q1,0.001475591,1070,AAA,0
600459.SH,2025Q3,0.00096450944,1100,AAA,0
600459.SH,2025Q4,0.0010698574,1093,AAA,0
600459.SH,2026Q1,0.0014746309,1070,AAA,0
600460.SH,2025Q3,0.001977662,1048,AAA,0
600460.SH,2025Q4,0.0019613293,1049,AAA,0
600460.SH,2026Q1,0.001027895,1096,AAA,0
600461.SH,2025Q3,0.0021837042,1041,AAA,0
600461.SH,2025Q4,0.0021672847,1042,AAA,0
600461.SH,2026Q1,0.002632991,1028,AAA,0
600463.SH,2025Q3,0.020535043,878,AAA,0
600463.SH,2025Q4,0.024895694,864,AAA,0
600463.SH,2026Q1,0.036743324,835,AAA,0
600467.SH,2025Q3,0.018668808,885,AAA,0
600467.SH,2025Q4,0.0875175,769,AAA,0
600467.SH,2026Q1,0.09269225,764,AAA,0
600468.SH,2025Q3,0.008366022,944,AAA,0
600468.SH,2025Q4,0.006399133,963,AAA,0
600468.SH,2026Q1,0.011314079,922,AAA,0
600469.SH,2025Q3,0.0015953181,1064,AAA,0
600469.SH,2025Q4,0.004900576,983,AAA,0
600469.SH,2026Q1,0.0033267,1011,AAA,0
600470.SH,2025Q3,0.0044797533,989,AAA,0
600470.SH,2025Q4,0.0066160136,961,AAA,0
600470.SH,2026Q1,0.0051016524,980,AAA,0
600475.SH,2025Q3,0.0013424321,1076,AAA,0
600475.SH,2025Q4,0.0014342511,1072,AAA,0
600475.SH,2026Q1,0.0015364607,1067,AAA,0
600476.SH,2025Q3,0.729616,528,BB,0
600476.SH,2025Q4,0.9677336,354,C,0
600476.SH,2026Q1,0.9812562,314,C,0
600477.SH,2025Q3,0.010222685,929,AAA,0
600477.SH,2025Q4,0.080451466,775,AAA,0
600477.SH,2026Q1,0.05784176,801,AAA,0
600478.SH,2025Q3,0.0033295078,1011,AAA,0
600478.SH,2025Q4,0.002830494,1023,AAA,0
600478.SH,2026Q1,0.003131537,1015,AAA,0
600479.SH,2025Q3,0.0019914242,1048,AAA,0
600479.SH,2025Q4,0.0044367737,990,AAA,0
600479.SH,2026Q1,0.006029812,968,AAA,0
600480.SH,2025Q3,0.0010675696,1093,AAA,0
600480.SH,2025Q4,0.001416342,1073,AAA,0
600480.SH,2026Q1,0.0013063792,1078,AAA,0
600481.SH,2025Q3,0.09021483,766,AAA,0
600481.SH,2025Q4,0.10045022,758,AAA,0
600481.SH,2026Q1,0.08202329,774,AAA,0
600482.SH,2025Q3,0.0010351775,1095,AAA,0
600482.SH,2025Q4,0.0009983268,1098,AAA,0
600482.SH,2026Q1,0.0010390506,1095,AAA,0
600483.SH,2025Q3,0.003635669,1004,AAA,0
600483.SH,2025Q4,0.0052986545,977,AAA,0
600483.SH,2026Q1,0.0029953483,1018,AAA,0
600486.SH,2025Q3,0.0009771182,1099,AAA,0
600486.SH,2025Q4,0.00096009666,1101,AAA,0
600486.SH,2026Q1,0.0007684951,1117,AAA,0
600487.SH,2025Q3,0.00070101063,1123,AAA,0
600487.SH,2025Q4,0.0013296746,1077,AAA,0
600487.SH,2026Q1,0.0009165115,1104,AAA,0
600488.SH,2025Q3,0.0023546317,1036,AAA,0
600488.SH,2025Q4,0.0056796833,972,AAA,0
600488.SH,2026Q1,0.018663488,885,AAA,0
600489.SH,2025Q3,0.0051200963,980,AAA,0
600489.SH,2025Q4,0.0066056545,961,AAA,0
600489.SH,2026Q1,0.007204524,955,AAA,0
600490.SH,2025Q3,0.00627834,965,AAA,0
600490.SH,2025Q4,0.0071177846,956,AAA,0
600490.SH,2026Q1,0.012253943,916,AAA,0
600491.SH,2025Q3,0.0159764,897,AAA,0
600491.SH,2025Q4,0.021640094,874,AAA,0
600491.SH,2026Q1,0.043786604,822,AAA,0
600493.SH,2025Q3,0.001655278,1061,AAA,0
600493.SH,2025Q4,0.0012582162,1081,AAA,0
600493.SH,2026Q1,0.0025502294,1030,AAA,0
600495.SH,2025Q3,0.0040595187,996,AAA,0
600495.SH,2025Q4,0.0031374865,1015,AAA,0
600495.SH,2026Q1,0.006952893,957,AAA,0
600496.SH,2025Q3,0.0013297905,1077,AAA,0
600496.SH,2025Q4,0.004562199,988,AAA,0
600496.SH,2026Q1,0.002608951,1028,AAA,0
600497.SH,2025Q3,0.0061720274,966,AAA,0
600497.SH,2025Q4,0.007751021,950,AAA,0
600497.SH,2026Q1,0.0057767564,971,AAA,0
600498.SH,2025Q3,0.0011590879,1087,AAA,0
600498.SH,2025Q4,0.0024872443,1032,AAA,0
600498.SH,2026Q1,0.0031117823,1016,AAA,0
600499.SH,2025Q3,0.0014990023,1068,AAA,0
600499.SH,2025Q4,0.0047592726,985,AAA,0
600499.SH,2026Q1,0.001747033,1057,AAA,0
600500.SH,2025Q3,0.00400806,997,AAA,0
600500.SH,2025Q4,0.0031404137,1015,AAA,0
600500.SH,2026Q1,0.0043022367,992,AAA,0
600501.SH,2025Q3,0.036757182,835,AAA,0
600501.SH,2025Q4,0.03701667,835,AAA,0
600501.SH,2026Q1,0.063014515,794,AAA,0
600502.SH,2025Q3,0.0029363015,1020,AAA,0
600502.SH,2025Q4,0.0020357652,1046,AAA,0
600502.SH,2026Q1,0.0031159637,1016,AAA,0
600503.SH,2025Q3,0.012706942,913,AAA,0
600503.SH,2025Q4,0.011192904,923,AAA,0
600503.SH,2026Q1,0.011802249,919,AAA,0
600505.SH,2025Q3,0.007037699,957,AAA,0
600505.SH,2025Q4,0.011151883,923,AAA,0
600505.SH,2026Q1,0.049161058,813,AAA,0
600506.SH,2025Q3,0.010850854,925,AAA,0
600506.SH,2025Q4,0.018755041,885,AAA,0
600506.SH,2026Q1,0.011149717,923,AAA,0
600507.SH,2025Q3,0.0018198651,1054,AAA,0
600507.SH,2025Q4,0.003800244,1001,AAA,0
600507.SH,2026Q1,0.0021666535,1042,AAA,0
600508.SH,2025Q3,0.0035898448,1005,AAA,0
600508.SH,2025Q4,0.0041239685,995,AAA,0
600508.SH,2026Q1,0.0013491438,1076,AAA,0
600509.SH,2025Q3,0.0018502894,1053,AAA,0
600509.SH,2025Q4,0.0019247412,1050,AAA,0
600509.SH,2026Q1,0.0023684595,1035,AAA,0
600510.SH,2025Q3,0.0016096882,1063,AAA,0
600510.SH,2025Q4,0.0016995342,1059,AAA,0
600510.SH,2026Q1,0.0022589788,1039,AAA,0
600511.SH,2025Q3,0.0012069105,1084,AAA,0
600511.SH,2025Q4,0.0012757885,1080,AAA,0
600511.SH,2026Q1,0.0019128951,1051,AAA,0
600512.SH,2025Q3,0.0035259037,1007,AAA,0
600512.SH,2025Q4,0.0034045228,1009,AAA,0
600512.SH,2026Q1,0.0049730283,982,AAA,0
600513.SH,2025Q3,0.0029014316,1021,AAA,0
600513.SH,2025Q4,0.0027740216,1024,AAA,0
600513.SH,2026Q1,0.0016261047,1063,AAA,0
600515.SH,2025Q3,0.03893437,831,AAA,0
600515.SH,2025Q4,0.0076064593,951,AAA,0
600515.SH,2026Q1,0.016027996,896,AAA,0
600516.SH,2025Q3,0.0067135002,960,AAA,0
600516.SH,2025Q4,0.0072219903,955,AAA,0
600516.SH,2026Q1,0.00815226,946,AAA,0
600517.SH,2025Q3,0.003810953,1001,AAA,0
600517.SH,2025Q4,0.004447077,990,AAA,0
600517.SH,2026Q1,0.004028841,997,AAA,0
600518.SH,2025Q3,0.038704097,831,AAA,0
600518.SH,2025Q4,0.07253947,783,AAA,0
600518.SH,2026Q1,0.18007171,709,AAA,0
600519.SH,2025Q3,0.0014973219,1069,AAA,0
600519.SH,2025Q4,0.00206503,1045,AAA,0
600519.SH,2026Q1,0.0016015094,1064,AAA,0
600520.SH,2025Q3,0.0026686075,1027,AAA,0
600520.SH,2025Q4,0.0028218506,1023,AAA,0
600520.SH,2026Q1,0.0065970398,961,AAA,0
600521.SH,2025Q3,0.0014628398,1070,AAA,0
600521.SH,2025Q4,0.0017442105,1058,AAA,0
600521.SH,2026Q1,0.0100381905,931,AAA,0
600522.SH,2025Q3,0.000726937,1121,AAA,0
600522.SH,2025Q4,0.00072032126,1121,AAA,0
600522.SH,2026Q1,0.00093583507,1103,AAA,0
600523.SH,2025Q3,0.0010069928,1097,AAA,0
600523.SH,2025Q4,0.001239362,1082,AAA,0
600523.SH,2026Q1,0.0011291384,1089,AAA,0
600525.SH,2025Q3,0.45094398,614,A,1
600525.SH,2025Q4,0.16048208,719,AAA,1
600525.SH,2026Q1,0.3825624,634,A,0
600526.SH,2025Q3,0.004845621,984,AAA,0
600526.SH,2025Q4,0.0049798028,982,AAA,0
600526.SH,2026Q1,0.011514166,921,AAA,0
600527.SH,2025Q3,0.0068895756,958,AAA,0
600527.SH,2025Q4,0.008718528,941,AAA,0
600527.SH,2026Q1,0.008012298,947,AAA,0
600528.SH,2025Q3,0.001073246,1093,AAA,0
600528.SH,2025Q4,0.001016491,1097,AAA,0
600528.SH,2026Q1,0.0014259232,1072,AAA,0
600529.SH,2025Q3,0.0010289478,1096,AAA,0
600529.SH,2025Q4,0.0011747803,1086,AAA,0
600529.SH,2026Q1,0.0011069487,1090,AAA,0
600530.SH,2025Q3,0.07157151,784,AAA,0
600530.SH,2025Q4,0.94976217,387,C,0
600530.SH,2026Q1,0.12082984,743,AAA,0
600531.SH,2025Q3,0.00198855,1048,AAA,0
600531.SH,2025Q4,0.0032602563,1012,AAA,0
600531.SH,2026Q1,0.0062807174,965,AAA,0
600533.SH,2025Q3,0.031478424,847,AAA,0
600533.SH,2025Q4,0.038721837,831,AAA,0
600533.SH,2026Q1,0.13638192,733,AAA,0
600535.SH,2025Q3,0.0010482157,1094,AAA,0
600535.SH,2025Q4,0.0010262051,1096,AAA,0
600535.SH,2026Q1,0.0011298017,1089,AAA,0
600536.SH,2025Q3,0.003541196,1006,AAA,0
600536.SH,2025Q4,0.0023184328,1037,AAA,0
600536.SH,2026Q1,0.00888657,940,AAA,0
600537.SH,2025Q3,0.3464622,645,A,0
600537.SH,2025Q4,0.5952751,572,BBB,0
600537.SH,2026Q1,0.9772018,328,C,0
600538.SH,2025Q3,0.007669863,950,AAA,0
600538.SH,2025Q4,0.22991265,687,AA,0
600538.SH,2026Q1,0.45020637,614,A,0
600539.SH,2025Q3,0.008015121,947,AAA,0
600539.SH,2025Q4,0.013357642,910,AAA,0
600539.SH,2026Q1,0.011640711,920,AAA,0
600540.SH,2025Q3,0.19392192,702,AAA,0
600540.SH,2025Q4,0.80144894,499,B,0
600540.SH,2026Q1,0.74260503,523,BB,0
600543.SH,2025Q3,0.022997525,870,AAA,0
600543.SH,2025Q4,0.061162114,797,AAA,0
600543.SH,2026Q1,0.06995279,786,AAA,0
600545.SH,2025Q3,0.01600157,897,AAA,0
600545.SH,2025Q4,0.03202684,845,AAA,0
600545.SH,2026Q1,0.016083365,896,AAA,0
600546.SH,2025Q3,0.004306481,992,AAA,0
600546.SH,2025Q4,0.0056523615,972,AAA,0
600546.SH,2026Q1,0.0020074407,1047,AAA,0
600547.SH,2025Q3,0.003498674,1007,AAA,0
600547.SH,2025Q4,0.0042071114,994,AAA,0
600547.SH,2026Q1,0.0029715637,1019,AAA,0
600548.SH,2025Q3,0.0025731311,1029,AAA,0
600548.SH,2025Q4,0.008510478,943,AAA,0
600548.SH,2026Q1,0.0032337385,1013,AAA,0
600549.SH,2025Q3,0.001048856,1094,AAA,0
600549.SH,2025Q4,0.0013177972,1078,AAA,0
600549.SH,2026Q1,0.0012728567,1080,AAA,0
600550.SH,2025Q3,0.039083987,830,AAA,0
600550.SH,2025Q4,0.017975088,888,AAA,0
600550.SH,2026Q1,0.020671275,878,AAA,0
600551.SH,2025Q3,0.0010381616,1095,AAA,0
600551.SH,2025Q4,0.001499385,1068,AAA,0
600551.SH,2026Q1,0.0016690651,1061,AAA,0
600552.SH,2025Q3,0.002946115,1020,AAA,0
600552.SH,2025Q4,0.0025258823,1031,AAA,0
600552.SH,2026Q1,0.003488934,1007,AAA,0
600556.SH,2025Q3,0.004772839,985,AAA,0
600556.SH,2025Q4,0.0024076253,1034,AAA,0
600556.SH,2026Q1,0.011839997,919,AAA,0
600557.SH,2025Q3,0.0008922605,1106,AAA,0
600557.SH,2025Q4,0.0010541114,1094,AAA,0
600557.SH,2026Q1,0.0010243942,1096,AAA,0
600558.SH,2025Q3,0.0019926452,1048,AAA,0
600558.SH,2025Q4,0.0025469698,1030,AAA,0
600558.SH,2026Q1,0.002560413,1030,AAA,0
600559.SH,2025Q3,0.003608491,1005,AAA,0
600559.SH,2025Q4,0.00822413,945,AAA,0
600559.SH,2026Q1,0.0035730256,1006,AAA,0
600560.SH,2025Q3,0.0025709292,1029,AAA,0
600560.SH,2025Q4,0.0030973933,1016,AAA,0
600560.SH,2026Q1,0.0037018727,1003,AAA,0
600561.SH,2025Q3,0.023610285,868,AAA,0
600561.SH,2025Q4,0.04187139,825,AAA,0
600561.SH,2026Q1,0.042680677,824,AAA,0
600562.SH,2025Q3,0.0012636526,1081,AAA,0
600562.SH,2025Q4,0.0010699017,1093,AAA,0
600562.SH,2026Q1,0.002631326,1028,AAA,0
600563.SH,2025Q3,0.001137696,1088,AAA,0
600563.SH,2025Q4,0.001552003,1066,AAA,0
600563.SH,2026Q1,0.0015580264,1066,AAA,0
600566.SH,2025Q3,0.0011756395,1086,AAA,0
600566.SH,2025Q4,0.0015397385,1067,AAA,0
600566.SH,2026Q1,0.0015522047,1066,AAA,0
600567.SH,2025Q3,0.029199224,852,AAA,0
600567.SH,2025Q4,0.006265742,965,AAA,0
600567.SH,2026Q1,0.0049865334,982,AAA,0
600568.SH,2025Q3,0.93354577,409,C,1
600568.SH,2025Q4,0.96759593,354,C,1
600568.SH,2026Q1,0.93813413,403,C,0
600569.SH,2025Q3,0.014888008,902,AAA,0
600569.SH,2025Q4,0.01833588,887,AAA,0
600569.SH,2026Q1,0.06739208,789,AAA,0
600570.SH,2025Q3,0.0024812676,1032,AAA,0
600570.SH,2025Q4,0.0020422789,1046,AAA,0
600570.SH,2026Q1,0.004632534,987,AAA,0
600571.SH,2025Q3,0.003567743,1006,AAA,0
600571.SH,2025Q4,0.0037550018,1002,AAA,0
600571.SH,2026Q1,0.003385847,1010,AAA,0
600572.SH,2025Q3,0.0032556665,1012,AAA,0
600572.SH,2025Q4,0.009095737,938,AAA,0
600572.SH,2026Q1,0.0056170872,973,AAA,0
600573.SH,2025Q3,0.00573135,971,AAA,0
600573.SH,2025Q4,0.008792372,940,AAA,0
600573.SH,2026Q1,0.00801219,947,AAA,0
600575.SH,2025Q3,0.0015005777,1068,AAA,0
600575.SH,2025Q4,0.004387195,991,AAA,0
600575.SH,2026Q1,0.007495327,952,AAA,0
600576.SH,2025Q3,0.0033860723,1010,AAA,0
600576.SH,2025Q4,0.06766578,789,AAA,0
600576.SH,2026Q1,0.10505351,754,AAA,0
600577.SH,2025Q3,0.0046255295,987,AAA,0
600577.SH,2025Q4,0.0034645754,1008,AAA,0
600577.SH,2026Q1,0.0034443634,1008,AAA,0
600578.SH,2025Q3,0.0037319616,1003,AAA,0
600578.SH,2025Q4,0.0060444847,968,AAA,0
600578.SH,2026Q1,0.002113357,1044,AAA,0
600579.SH,2025Q3,0.12604997,739,AAA,0
600579.SH,2025Q4,0.013226623,911,AAA,0
600579.SH,2026Q1,0.009278772,936,AAA,0
600580.SH,2025Q3,0.0014360674,1072,AAA,0
600580.SH,2025Q4,0.0014097817,1073,AAA,0
600580.SH,2026Q1,0.0012589121,1081,AAA,0
600581.SH,2025Q3,0.91425633,429,C,0
600581.SH,2025Q4,0.9487685,389,C,1
600581.SH,2026Q1,0.9456575,393,C,0
600582.SH,2025Q3,0.002070141,1045,AAA,0
600582.SH,2025Q4,0.0012854352,1080,AAA,0
600582.SH,2026Q1,0.0025144876,1031,AAA,0
600583.SH,2025Q3,0.0018427549,1054,AAA,0
600583.SH,2025Q4,0.0024651953,1033,AAA,0
600583.SH,2026Q1,0.0027917086,1024,AAA,0
600584.SH,2025Q3,0.0008587627,1109,AAA,0
600584.SH,2025Q4,0.0008595323,1109,AAA,0
600584.SH,2026Q1,0.0012604407,1081,AAA,0
600585.SH,2025Q3,0.0016599732,1061,AAA,0
600585.SH,2025Q4,0.0020403478,1046,AAA,0
600585.SH,2026Q1,0.0017802608,1056,AAA,0
600586.SH,2025Q3,0.017017353,892,AAA,0
600586.SH,2025Q4,0.013589601,909,AAA,0
600586.SH,2026Q1,0.016143654,896,AAA,0
600587.SH,2025Q3,0.00085826695,1109,AAA,0
600587.SH,2025Q4,0.0008494953,1109,AAA,0
600587.SH,2026Q1,0.00086347904,1108,AAA,0
600588.SH,2025Q3,0.0043754554,991,AAA,0
600588.SH,2025Q4,0.004201031,994,AAA,0
600588.SH,2026Q1,0.015520208,899,AAA,0
600589.SH,2025Q3,0.019130308,884,AAA,0
600589.SH,2025Q4,0.020791827,877,AAA,0
600589.SH,2026Q1,0.02227208,872,AAA,0
600590.SH,2025Q3,0.011001413,924,AAA,0
600590.SH,2025Q4,0.005945151,969,AAA,0
600590.SH,2026Q1,0.014641913,903,AAA,0
600592.SH,2025Q3,0.0012467152,1082,AAA,0
600592.SH,2025Q4,0.0016397061,1062,AAA,0
600592.SH,2026Q1,0.0031189304,1016,AAA,0
600593.SH,2025Q3,0.36065704,641,A,0
600593.SH,2025Q4,0.0586896,800,AAA,0
600593.SH,2026Q1,0.15937671,719,AAA,0
600594.SH,2025Q3,0.0132238725,911,AAA,0
600594.SH,2025Q4,0.05384928,806,AAA,0
600594.SH,2026Q1,0.023608949,868,AAA,0
600595.SH,2025Q3,0.004262266,993,AAA,0
600595.SH,2025Q4,0.003378564,1010,AAA,0
600595.SH,2026Q1,0.0056830477,972,AAA,0
600596.SH,2025Q3,0.0027770267,1024,AAA,0
600596.SH,2025Q4,0.0011966565,1085,AAA,0
600596.SH,2026Q1,0.0012006784,1085,AAA,0
600597.SH,2025Q3,0.0045653186,988,AAA,0
600597.SH,2025Q4,0.006644545,961,AAA,0
600597.SH,2026Q1,0.015163578,901,AAA,0
600598.SH,2025Q3,0.034002423,841,AAA,0
600598.SH,2025Q4,0.032619637,844,AAA,0
600598.SH,2026Q1,0.013221981,911,AAA,0
600599.SH,2025Q3,0.95117646,385,C,1
600599.SH,2025Q4,0.75011057,520,BB,1
600599.SH,2026Q1,0.7854004,506,BB,0
600600.SH,2025Q3,0.00094389485,1102,AAA,0
600600.SH,2025Q4,0.0012236923,1083,AAA,0
600600.SH,2026Q1,0.0011680423,1087,AAA,0
600601.SH,2025Q3,0.004101631,996,AAA,0
600601.SH,2025Q4,0.0025732582,1029,AAA,0
600601.SH,2026Q1,0.005332314,977,AAA,0
600602.SH,2025Q3,0.0017081315,1059,AAA,0
600602.SH,2025Q4,0.0014727385,1070,AAA,0
600602.SH,2026Q1,0.0020811548,1045,AAA,0
600603.SH,2025Q3,0.046906356,817,AAA,1
600603.SH,2025Q4,0.099804685,758,AAA,0
600603.SH,2026Q1,0.039656896,829,AAA,0
600604.SH,2025Q3,0.010708508,926,AAA,0
600604.SH,2025Q4,0.01916073,883,AAA,0
600604.SH,2026Q1,0.027151013,858,AAA,0
600605.SH,2025Q3,0.028202547,855,AAA,0
600605.SH,2025Q4,0.027224489,857,AAA,0
600605.SH,2026Q1,0.021915507,873,AAA,0
600606.SH,2025Q3,0.017458444,890,AAA,0
600606.SH,2025Q4,0.0132252,911,AAA,0
600606.SH,2026Q1,0.024917005,864,AAA,0
600608.SH,2025Q3,0.9829284,307,C,1
600608.SH,2025Q4,0.79990244,500,BB,1
600608.SH,2026Q1,0.8170673,492,B,0
600609.SH,2025Q3,0.006444609,963,AAA,0
600609.SH,2025Q4,0.0025656424,1030,AAA,0
600609.SH,2026Q1,0.0024260103,1034,AAA,0
600610.SH,2025Q3,0.21445452,693,AA,0
600610.SH,2025Q4,0.24399962,681,AA,0
600610.SH,2026Q1,0.38799933,632,A,0
600611.SH,2025Q3,0.009866035,932,AAA,0
600611.SH,2025Q4,0.0045335745,988,AAA,0
600611.SH,2026Q1,0.03946034,830,AAA,0
600612.SH,2025Q3,0.00080039434,1114,AAA,0
600612.SH,2025Q4,0.003842575,1000,AAA,0
600612.SH,2026Q1,0.0015473932,1066,AAA,0
600613.SH,2025Q3,0.001689351,1060,AAA,0
600613.SH,2025Q4,0.024296587,866,AAA,0
600613.SH,2026Q1,0.029960934,850,AAA,0
600615.SH,2025Q3,0.0027078937,1026,AAA,0
600615.SH,2025Q4,0.0066037336,961,AAA,0
600615.SH,2026Q1,0.0067369025,960,AAA,0
600616.SH,2025Q3,0.12117951,742,AAA,0
600616.SH,2025Q4,0.04788374,815,AAA,0
600616.SH,2026Q1,0.13777421,732,AAA,0
600617.SH,2025Q3,0.012410184,915,AAA,0
600617.SH,2025Q4,0.016312666,895,AAA,0
600617.SH,2026Q1,0.1030991,756,AAA,0
600618.SH,2025Q3,0.001254956,1081,AAA,0
600618.SH,2025Q4,0.0013616974,1075,AAA,0
600618.SH,2026Q1,0.0013263803,1077,AAA,0
600619.SH,2025Q3,0.0018262262,1054,AAA,0
600619.SH,2025Q4,0.0015919298,1064,AAA,0
600619.SH,2026Q1,0.0022298086,1040,AAA,0
600620.SH,2025Q3,0.03728957,834,AAA,0
600620.SH,2025Q4,0.053591717,807,AAA,0
600620.SH,2026Q1,0.023302851,869,AAA,0
600621.SH,2025Q3,0.0014876421,1069,AAA,0
600621.SH,2025Q4,0.0014238084,1072,AAA,0
600621.SH,2026Q1,0.0015214694,1067,AAA,0
600622.SH,2025Q3,0.03705372,834,AAA,0
600622.SH,2025Q4,0.04230118,825,AAA,0
600622.SH,2026Q1,0.03261607,844,AAA,0
600623.SH,2025Q3,0.0038840743,1000,AAA,0
600623.SH,2025Q4,0.004869568,983,AAA,0
600623.SH,2026Q1,0.005020116,981,AAA,0
600624.SH,2025Q3,0.01271757,913,AAA,1
600624.SH,2025Q4,0.03465456,839,AAA,1
600624.SH,2026Q1,0.09084023,766,AAA,0
600626.SH,2025Q3,0.015882159,897,AAA,0
600626.SH,2025Q4,0.009411331,935,AAA,0
600626.SH,2026Q1,0.010013736,931,AAA,0
600628.SH,2025Q3,0.0029735195,1019,AAA,0
600628.SH,2025Q4,0.0036306975,1005,AAA,0
600628.SH,2026Q1,0.0037364264,1002,AAA,0
600629.SH,2025Q3,0.0022407188,1039,AAA,0
600629.SH,2025Q4,0.0033323492,1011,AAA,0
600629.SH,2026Q1,0.002536005,1030,AAA,0
600630.SH,2025Q3,0.0060422276,968,AAA,0
600630.SH,2025Q4,0.0073384484,953,AAA,0
600630.SH,2026Q1,0.0046580825,986,AAA,0
600633.SH,2025Q3,0.0009803856,1099,AAA,0
600633.SH,2025Q4,0.0010261573,1096,AAA,0
600633.SH,2026Q1,0.0016249084,1063,AAA,0
600635.SH,2025Q3,0.009548619,934,AAA,0
600635.SH,2025Q4,0.005729244,971,AAA,0
600635.SH,2026Q1,0.044069886,821,AAA,0
600636.SH,2025Q3,0.0037716564,1002,AAA,1
600636.SH,2025Q4,0.017783763,889,AAA,1
600636.SH,2026Q1,0.10104518,757,AAA,0
600637.SH,2025Q3,0.00095111236,1101,AAA,0
600637.SH,2025Q4,0.00088658213,1106,AAA,0
600637.SH,2026Q1,0.0033846293,1010,AAA,0
600638.SH,2025Q3,0.00263578,1028,AAA,0
600638.SH,2025Q4,0.0032401788,1013,AAA,0
600638.SH,2026Q1,0.0030784474,1016,AAA,0
600639.SH,2025Q3,0.0013972836,1074,AAA,0
600639.SH,2025Q4,0.0027393068,1025,AAA,0
600639.SH,2026Q1,0.001915694,1051,AAA,0
600640.SH,2025Q3,0.0052803247,977,AAA,0
600640.SH,2025Q4,0.003930965,999,AAA,0
600640.SH,2026Q1,0.0042770593,993,AAA,0
600641.SH,2025Q3,0.0024104766,1034,AAA,0
600641.SH,2025Q4,0.0014418784,1071,AAA,0
600641.SH,2026Q1,0.0025432634,1030,AAA,0
600642.SH,2025Q3,0.00195676,1049,AAA,0
600642.SH,2025Q4,0.003117896,1016,AAA,0
600642.SH,2026Q1,0.0029181908,1020,AAA,0
600643.SH,2025Q3,0.0026988008,1026,AAA,0
600643.SH,2025Q4,0.023383275,869,AAA,0
600643.SH,2026Q1,0.019040762,884,AAA,0
600644.SH,2025Q3,0.00820596,945,AAA,0
600644.SH,2025Q4,0.0038075314,1001,AAA,0
600644.SH,2026Q1,0.0051244805,980,AAA,0
600645.SH,2025Q3,0.00093281106,1103,AAA,0
600645.SH,2025Q4,0.00091450824,1104,AAA,0
600645.SH,2026Q1,0.0011872008,1085,AAA,0
600648.SH,2025Q3,0.001997436,1048,AAA,0
600648.SH,2025Q4,0.0018557257,1053,AAA,0
600648.SH,2026Q1,0.0026957018,1026,AAA,0
600649.SH,2025Q3,0.0019205294,1051,AAA,0
600649.SH,2025Q4,0.0012769622,1080,AAA,0
600649.SH,2026Q1,0.0029417342,1020,AAA,0
600650.SH,2025Q3,0.0019258527,1050,AAA,0
600650.SH,2025Q4,0.0015153,1068,AAA,0
600650.SH,2026Q1,0.0021632605,1042,AAA,0
600651.SH,2025Q3,0.0031057175,1016,AAA,0
600651.SH,2025Q4,0.0028751886,1021,AAA,0
600651.SH,2026Q1,0.0068723154,958,AAA,0
600653.SH,2025Q3,0.014929473,902,AAA,0
600653.SH,2025Q4,0.046939284,817,AAA,0
600653.SH,2026Q1,0.08045778,775,AAA,0
600654.SH,2025Q3,0.025213584,863,AAA,0
600654.SH,2025Q4,0.010651788,926,AAA,0
600654.SH,2026Q1,0.048552353,814,AAA,0
600655.SH,2025Q3,0.0024213814,1034,AAA,0
600655.SH,2025Q4,0.0045007486,989,AAA,0
600655.SH,2026Q1,0.004130442,995,AAA,0
600657.SH,2025Q3,0.007966003,948,AAA,0
600657.SH,2025Q4,0.0066054263,961,AAA,0
600657.SH,2026Q1,0.012296408,916,AAA,0
600658.SH,2025Q3,0.0060827606,967,AAA,0
600658.SH,2025Q4,0.010470281,928,AAA,0
600658.SH,2026Q1,0.011259091,922,AAA,0
600660.SH,2025Q3,0.00092455465,1103,AAA,0
600660.SH,2025Q4,0.0009405343,1102,AAA,0
600660.SH,2026Q1,0.0009052512,1105,AAA,0
600661.SH,2025Q3,0.049550224,813,AAA,0
600661.SH,2025Q4,0.034359615,840,AAA,0
600661.SH,2026Q1,0.06847594,788,AAA,0
600662.SH,2025Q3,0.0025874772,1029,AAA,0
600662.SH,2025Q4,0.0026490705,1027,AAA,0
600662.SH,2026Q1,0.004378926,991,AAA,0
600663.SH,2025Q3,0.0031645077,1014,AAA,0
600663.SH,2025Q4,0.0027999682,1023,AAA,0
600663.SH,2026Q1,0.0047220546,985,AAA,0
600664.SH,2025Q3,0.0050384533,981,AAA,0
600664.SH,2025Q4,0.008719327,941,AAA,0
600664.SH,2026Q1,0.0068805767,958,AAA,0
600665.SH,2025Q3,0.040546916,828,AAA,0
600665.SH,2025Q4,0.25257507,678,AA,0
600665.SH,2026Q1,0.046546947,817,AAA,0
600666.SH,2025Q3,0.3540952,643,A,0
600666.SH,2025Q4,0.04522225,820,AAA,0
600666.SH,2026Q1,0.05637825,803,AAA,0
600667.SH,2025Q3,0.0028907217,1021,AAA,0
600667.SH,2025Q4,0.0024725255,1032,AAA,0
600667.SH,2026Q1,0.0024112551,1034,AAA,0
600668.SH,2025Q3,0.0029785014,1019,AAA,0
600668.SH,2025Q4,0.0018556198,1053,AAA,0
600668.SH,2026Q1,0.008210373,945,AAA,0
600671.SH,2025Q3,0.82157695,489,B,0
600671.SH,2025Q4,0.44266772,616,A,0
600671.SH,2026Q1,0.13557912,733,AAA,0
600673.SH,2025Q3,0.0036869454,1003,AAA,0
600673.SH,2025Q4,0.0034212503,1009,AAA,0
600673.SH,2026Q1,0.0027155392,1026,AAA,0
600674.SH,2025Q3,0.0017393924,1058,AAA,0
600674.SH,2025Q4,0.0043688198,991,AAA,0
600674.SH,2026Q1,0.003990093,998,AAA,0
600675.SH,2025Q3,0.006146959,966,AAA,0
600675.SH,2025Q4,0.0044992296,989,AAA,0
600675.SH,2026Q1,0.0067362073,960,AAA,0
600676.SH,2025Q3,0.002821263,1023,AAA,0
600676.SH,2025Q4,0.0036413805,1004,AAA,0
600676.SH,2026Q1,0.003298686,1011,AAA,0
600678.SH,2025Q3,0.01804918,888,AAA,0
600678.SH,2025Q4,0.015337297,900,AAA,0
600678.SH,2026Q1,0.034726016,839,AAA,0
600679.SH,2025Q3,0.0019531585,1049,AAA,0
600679.SH,2025Q4,0.0029264342,1020,AAA,0
600679.SH,2026Q1,0.0026240242,1028,AAA,0
600681.SH,2025Q3,0.008836841,940,AAA,0
600681.SH,2025Q4,0.005733317,971,AAA,0
600681.SH,2026Q1,0.04583225,818,AAA,0
600682.SH,2025Q3,0.0030587255,1017,AAA,0
600682.SH,2025Q4,0.0034547267,1008,AAA,0
600682.SH,2026Q1,0.0025554735,1030,AAA,0
600683.SH,2025Q3,0.0155689,899,AAA,0
600683.SH,2025Q4,0.03477845,839,AAA,0
600683.SH,2026Q1,0.021006979,877,AAA,0
600684.SH,2025Q3,0.028581986,854,AAA,0
600684.SH,2025Q4,0.0067437566,960,AAA,0
600684.SH,2026Q1,0.009858933,932,AAA,0
600685.SH,2025Q3,0.001084558,1092,AAA,0
600685.SH,2025Q4,0.0015183063,1068,AAA,0
600685.SH,2026Q1,0.0016781186,1060,AAA,0
600686.SH,2025Q3,0.0014849952,1069,AAA,0
600686.SH,2025Q4,0.001528358,1067,AAA,0
600686.SH,2026Q1,0.0019671172,1049,AAA,0
600688.SH,2025Q3,0.00956018,934,AAA,0
600688.SH,2025Q4,0.016959088,892,AAA,0
600688.SH,2026Q1,0.01171319,919,AAA,0
600689.SH,2025Q3,0.0057499437,971,AAA,0
600689.SH,2025Q4,0.015157071,901,AAA,0
600689.SH,2026Q1,0.01677903,893,AAA,0
600690.SH,2025Q3,0.0008139314,1113,AAA,0
600690.SH,2025Q4,0.000959805,1101,AAA,0
600690.SH,2026Q1,0.0008332609,1111,AAA,0
600691.SH,2025Q3,0.03824765,832,AAA,0
600691.SH,2025Q4,0.053801756,806,AAA,0
600691.SH,2026Q1,0.020765742,877,AAA,0
600692.SH,2025Q3,0.0051419376,979,AAA,0
600692.SH,2025Q4,0.0045342823,988,AAA,0
600692.SH,2026Q1,0.007632615,951,AAA,0
600693.SH,2025Q3,0.010879367,925,AAA,0
600693.SH,2025Q4,0.010408447,928,AAA,0
600693.SH,2026Q1,0.06991568,786,AAA,0
600694.SH,2025Q3,0.001075449,1092,AAA,0
600694.SH,2025Q4,0.00116865,1086,AAA,0
600694.SH,2026Q1,0.0010005721,1098,AAA,0
600696.SH,2025Q3,0.40554094,627,A,1
600696.SH,2025Q4,0.80072975,499,B,1
600696.SH,2026Q1,0.9602971,370,C,0
600697.SH,2025Q3,0.0028008895,1023,AAA,0
600697.SH,2025Q4,0.0046607275,986,AAA,0
600697.SH,2026Q1,0.0039373366,999,AAA,0
600698.SH,2025Q3,0.01059155,927,AAA,0
600698.SH,2025Q4,0.0058452287,970,AAA,0
600698.SH,2026Q1,0.017343998,891,AAA,0
600699.SH,2025Q3,0.0010010898,1098,AAA,0
600699.SH,2025Q4,0.00096766197,1100,AAA,0
600699.SH,2026Q1,0.0009535717,1101,AAA,0
600702.SH,2025Q3,0.0008652568,1108,AAA,0
600702.SH,2025Q4,0.0010244553,1096,AAA,0
600702.SH,2026Q1,0.0011569788,1087,AAA,0
600703.SH,2025Q3,0.0015747382,1065,AAA,0
600703.SH,2025Q4,0.0046498063,987,AAA,0
600703.SH,2026Q1,0.0032650523,1012,AAA,0
600704.SH,2025Q3,0.0013488746,1076,AAA,0
600704.SH,2025Q4,0.0013028459,1079,AAA,0
600704.SH,2026Q1,0.0013786737,1075,AAA,0
600706.SH,2025Q3,0.0739004,782,AAA,0
600706.SH,2025Q4,0.11333627,748,AAA,0
600706.SH,2026Q1,0.06902244,787,AAA,0
600707.SH,2025Q3,0.0017124303,1059,AAA,0
600707.SH,2025Q4,0.003247306,1013,AAA,0
600707.SH,2026Q1,0.004114632,995,AAA,0
600708.SH,2025Q3,0.004658266,986,AAA,0
600708.SH,2025Q4,0.0138436165,907,AAA,0
600708.SH,2026Q1,0.01149003,921,AAA,0
600710.SH,2025Q3,0.0012144194,1084,AAA,0
600710.SH,2025Q4,0.001599111,1064,AAA,0
600710.SH,2026Q1,0.0017800193,1056,AAA,0
600711.SH,2025Q3,0.003017423,1018,AAA,0
600711.SH,2025Q4,0.0025317483,1031,AAA,0
600711.SH,2026Q1,0.00638456,964,AAA,0
600712.SH,2025Q3,0.006766914,959,AAA,0
600712.SH,2025Q4,0.013252396,910,AAA,0
600712.SH,2026Q1,0.013583594,909,AAA,0
600713.SH,2025Q3,0.0037376373,1002,AAA,0
600713.SH,2025Q4,0.005901774,969,AAA,0
600713.SH,2026Q1,0.006573566,961,AAA,0
600714.SH,2025Q3,0.0031341326,1015,AAA,0
600714.SH,2025Q4,0.005749254,971,AAA,0
600714.SH,2026Q1,0.018691715,885,AAA,0
600715.SH,2025Q3,0.9582367,373,C,0
600715.SH,2025Q4,0.8803909,456,B,0
600715.SH,2026Q1,0.10993461,750,AAA,0
600716.SH,2025Q3,0.0056031137,973,AAA,0
600716.SH,2025Q4,0.015314643,900,AAA,0
600716.SH,2026Q1,0.023104452,870,AAA,0
600717.SH,2025Q3,0.0014795989,1069,AAA,0
600717.SH,2025Q4,0.0017747349,1056,AAA,0
600717.SH,2026Q1,0.0023443343,1036,AAA,0
600718.SH,2025Q3,0.0019286841,1050,AAA,0
600718.SH,2025Q4,0.0021212404,1043,AAA,0
600718.SH,2026Q1,0.001971129,1049,AAA,0
600719.SH,2025Q3,0.19156192,703,AAA,0
600719.SH,2025Q4,0.84423196,478,B,0
600719.SH,2026Q1,0.800009,499,B,0
600720.SH,2025Q3,0.0022162367,1040,AAA,0
600720.SH,2025Q4,0.0015816462,1065,AAA,0
600720.SH,2026Q1,0.0030741612,1017,AAA,0
600721.SH,2025Q3,0.009316841,936,AAA,0
600721.SH,2025Q4,0.0075075533,952,AAA,0
600721.SH,2026Q1,0.015548661,899,AAA,0
600722.SH,2025Q3,0.0100057935,931,AAA,0
600722.SH,2025Q4,0.0138876,907,AAA,0
600722.SH,2026Q1,0.027037045,858,AAA,0
600724.SH,2025Q3,0.0030670555,1017,AAA,0
600724.SH,2025Q4,0.0060773897,967,AAA,0
600724.SH,2026Q1,0.01130872,922,AAA,0
600725.SH,2025Q3,0.1412655,730,AAA,0
600725.SH,2025Q4,0.13539726,733,AAA,0
600725.SH,2026Q1,0.1799553,709,AAA,0
600726.SH,2025Q3,0.039342485,830,AAA,0
600726.SH,2025Q4,0.15912461,720,AAA,0
600726.SH,2026Q1,0.16028136,719,AAA,0
600727.SH,2025Q3,0.004040061,997,AAA,0
600727.SH,2025Q4,0.002484032,1032,AAA,0
600727.SH,2026Q1,0.008252789,945,AAA,0
600728.SH,2025Q3,0.0028560315,1022,AAA,0
600728.SH,2025Q4,0.0047085267,986,AAA,0
600728.SH,2026Q1,0.0031491735,1015,AAA,0
600729.SH,2025Q3,0.00096278574,1100,AAA,0
600729.SH,2025Q4,0.0009053408,1105,AAA,0
600729.SH,2026Q1,0.001109065,1090,AAA,0
600730.SH,2025Q3,0.029470578,852,AAA,0
600730.SH,2025Q4,0.058707476,800,AAA,0
600730.SH,2026Q1,0.21113312,695,AA,0
600731.SH,2025Q3,0.001462839,1070,AAA,0
600731.SH,2025Q4,0.0012510051,1082,AAA,0
600731.SH,2026Q1,0.0015371823,1067,AAA,0
600732.SH,2025Q3,0.025756592,862,AAA,0
600732.SH,2025Q4,0.008071638,947,AAA,0
600732.SH,2026Q1,0.008704264,941,AAA,0
600733.SH,2025Q3,0.032542896,844,AAA,0
600733.SH,2025Q4,0.040059786,829,AAA,0
600733.SH,2026Q1,0.0172887,891,AAA,0
600734.SH,2025Q3,0.027818909,856,AAA,0
600734.SH,2025Q4,0.2129928,694,AA,0
600734.SH,2026Q1,0.096333325,761,AAA,0
600735.SH,2025Q3,0.09947446,758,AAA,1
600735.SH,2025Q4,0.026108176,861,AAA,1
600735.SH,2026Q1,0.023847325,867,AAA,0
600736.SH,2025Q3,0.0017409796,1058,AAA,0
600736.SH,2025Q4,0.0024968074,1032,AAA,0
600736.SH,2026Q1,0.0016684145,1061,AAA,0
600737.SH,2025Q3,0.0016410928,1062,AAA,0
600737.SH,2025Q4,0.0014282967,1072,AAA,0
600737.SH,2026Q1,0.0030776763,1016,AAA,0
600738.SH,2025Q3,0.011951523,918,AAA,0
600738.SH,2025Q4,0.008664629,941,AAA,0
600738.SH,2026Q1,0.011084082,923,AAA,0
600739.SH,2025Q3,0.0012614279,1081,AAA,0
600739.SH,2025Q4,0.0016649567,1061,AAA,0
600739.SH,2026Q1,0.0019027864,1051,AAA,0
600740.SH,2025Q3,0.018900778,884,AAA,0
600740.SH,2025Q4,0.023602998,868,AAA,0
600740.SH,2026Q1,0.018815983,885,AAA,0
600741.SH,2025Q3,0.0010830897,1092,AAA,0
600741.SH,2025Q4,0.0010209627,1096,AAA,0
600741.SH,2026Q1,0.0010348369,1095,AAA,0
600742.SH,2025Q3,0.0010430262,1095,AAA,0
600742.SH,2025Q4,0.0010751172,1092,AAA,0
600742.SH,2026Q1,0.0010828262,1092,AAA,0
600743.SH,2025Q3,0.4826176,605,A,0
600743.SH,2025Q4,0.80783814,496,B,0
600743.SH,2026Q1,0.6141447,566,BBB,0
600744.SH,2025Q3,0.009960042,931,AAA,0
600744.SH,2025Q4,0.017695755,889,AAA,0
600744.SH,2026Q1,0.0069532744,957,AAA,0
600745.SH,2025Q3,0.0020084719,1047,AAA,0
600745.SH,2025Q4,0.004164571,995,AAA,0
600745.SH,2026Q1,0.009098509,938,AAA,0
600746.SH,2025Q3,0.0059355386,969,AAA,0
600746.SH,2025Q4,0.009469956,935,AAA,0
600746.SH,2026Q1,0.018506022,886,AAA,0
600748.SH,2025Q3,0.0048042187,984,AAA,0
600748.SH,2025Q4,0.005138385,979,AAA,0
600748.SH,2026Q1,0.006814641,959,AAA,0
600749.SH,2025Q3,0.013805254,907,AAA,0
600749.SH,2025Q4,0.03420114,840,AAA,0
600749.SH,2026Q1,0.2466203,680,AA,0
600750.SH,2025Q3,0.0025472655,1030,AAA,0
600750.SH,2025Q4,0.0053963047,976,AAA,0
600750.SH,2026Q1,0.0034605216,1008,AAA,0
600751.SH,2025Q3,0.0032363907,1013,AAA,0
600751.SH,2025Q4,0.0042574364,993,AAA,0
600751.SH,2026Q1,0.0048946734,983,AAA,0
600753.SH,2025Q3,0.50112695,599,BBB,1
600753.SH,2025Q4,0.87759286,457,B,1
600753.SH,2026Q1,0.96556294,359,C,0
600754.SH,2025Q3,0.0018592089,1053,AAA,0
600754.SH,2025Q4,0.0020916755,1044,AAA,0
600754.SH,2026Q1,0.0020303214,1047,AAA,0
600755.SH,2025Q3,0.0016439892,1062,AAA,0
600755.SH,2025Q4,0.002038044,1046,AAA,0
600755.SH,2026Q1,0.0017305005,1058,AAA,0
600756.SH,2025Q3,0.0049571553,982,AAA,0
600756.SH,2025Q4,0.0034358467,1009,AAA,0
600756.SH,2026Q1,0.006138002,966,AAA,0
600757.SH,2025Q3,0.0013519292,1076,AAA,0
600757.SH,2025Q4,0.0015346213,1067,AAA,0
600757.SH,2026Q1,0.0015990897,1064,AAA,0
600758.SH,2025Q3,0.032512143,844,AAA,0
600758.SH,2025Q4,0.049468853,813,AAA,0
600758.SH,2026Q1,0.026454408,860,AAA,0
600759.SH,2025Q3,0.21045926,695,AA,0
600759.SH,2025Q4,0.29043144,664,AA,0
600759.SH,2026Q1,0.46841216,609,A,0
600760.SH,2025Q3,0.0009265093,1103,AAA,0
600760.SH,2025Q4,0.0008919809,1106,AAA,0
600760.SH,2026Q1,0.004676697,986,AAA,0
600761.SH,2025Q3,0.00081853085,1112,AAA,0
600761.SH,2025Q4,0.00081405434,1113,AAA,0
600761.SH,2026Q1,0.00092303153,1104,AAA,0
600763.SH,2025Q3,0.0010960737,1091,AAA,0
600763.SH,2025Q4,0.0012228395,1083,AAA,0
600763.SH,2026Q1,0.001089196,1092,AAA,0
600764.SH,2025Q3,0.0010341031,1095,AAA,0
600764.SH,2025Q4,0.0038340895,1001,AAA,0
600764.SH,2026Q1,0.0037318622,1003,AAA,0
600765.SH,2025Q3,0.00094629324,1102,AAA,0
600765.SH,2025Q4,0.0011703968,1086,AAA,0
600765.SH,2026Q1,0.0013400727,1077,AAA,0
600768.SH,2025Q3,0.002722435,1025,AAA,0
600768.SH,2025Q4,0.007055489,956,AAA,0
600768.SH,2026Q1,0.008163114,946,AAA,0
600769.SH,2025Q3,0.21838278,691,AA,0
600769.SH,2025Q4,0.060708605,797,AAA,0
600769.SH,2026Q1,0.020287292,879,AAA,0
600770.SH,2025Q3,0.010792399,925,AAA,0
600770.SH,2025Q4,0.010886275,925,AAA,0
600770.SH,2026Q1,0.017734803,889,AAA,0
600771.SH,2025Q3,0.0020623293,1045,AAA,0
600771.SH,2025Q4,0.0024052868,1034,AAA,0
600771.SH,2026Q1,0.002661238,1027,AAA,0
600773.SH,2025Q3,0.030972445,848,AAA,0
600773.SH,2025Q4,0.026161138,860,AAA,0
600773.SH,2026Q1,0.045813717,819,AAA,0
600774.SH,2025Q3,0.0051698787,979,AAA,0
600774.SH,2025Q4,0.014545384,904,AAA,0
600774.SH,2026Q1,0.022685332,871,AAA,0
600775.SH,2025Q3,0.046751663,817,AAA,0
600775.SH,2025Q4,0.009365684,936,AAA,0
600775.SH,2026Q1,0.009163854,937,AAA,0
600776.SH,2025Q3,0.0053306753,977,AAA,0
600776.SH,2025Q4,0.0029834432,1019,AAA,0
600776.SH,2026Q1,0.0231558,869,AAA,0
600777.SH,2025Q3,0.46112785,611,A,1
600777.SH,2025Q4,0.4748263,607,A,1
600777.SH,2026Q1,0.7270071,529,BB,0
600778.SH,2025Q3,0.024187176,866,AAA,0
600778.SH,2025Q4,0.06648416,790,AAA,0
600778.SH,2026Q1,0.030011369,850,AAA,0
600779.SH,2025Q3,0.0019597337,1049,AAA,0
600779.SH,2025Q4,0.0016511055,1061,AAA,0
600779.SH,2026Q1,0.001336719,1077,AAA,0
600780.SH,2025Q3,0.0010855239,1092,AAA,0
600780.SH,2025Q4,0.0013875292,1074,AAA,0
600780.SH,2026Q1,0.0011870781,1085,AAA,0
600782.SH,2025Q3,0.008263438,945,AAA,0
600782.SH,2025Q4,0.0050437506,981,AAA,0
600782.SH,2026Q1,0.017698424,889,AAA,0
600783.SH,2025Q3,0.021373605,875,AAA,0
600783.SH,2025Q4,0.027778018,856,AAA,0
600783.SH,2026Q1,0.14456558,728,AAA,0
600784.SH,2025Q3,0.0027436283,1025,AAA,0
600784.SH,2025Q4,0.00733475,954,AAA,0
600784.SH,2026Q1,0.0044122725,990,AAA,0
600785.SH,2025Q3,0.0018994623,1051,AAA,0
600785.SH,2025Q4,0.00255351,1030,AAA,0
600785.SH,2026Q1,0.0029991244,1018,AAA,0
600787.SH,2025Q3,0.0029230802,1020,AAA,0
600787.SH,2025Q4,0.0016409523,1062,AAA,0
600787.SH,2026Q1,0.0031650388,1014,AAA,0
600789.SH,2025Q3,0.0015770904,1065,AAA,0
600789.SH,2025Q4,0.001653943,1061,AAA,0
600789.SH,2026Q1,0.002301646,1037,AAA,0
600790.SH,2025Q3,0.0028230906,1023,AAA,0
600790.SH,2025Q4,0.03994975,829,AAA,0
600790.SH,2026Q1,0.010750857,926,AAA,0
600791.SH,2025Q3,0.039339207,830,AAA,0
600791.SH,2025Q4,0.48085204,605,A,0
600791.SH,2026Q1,0.087779045,768,AAA,0
600792.SH,2025Q3,0.011673491,920,AAA,0
600792.SH,2025Q4,0.014553137,904,AAA,0
600792.SH,2026Q1,0.3297407,651,AA,0
600793.SH,2025Q3,0.018120678,887,AAA,0
600793.SH,2025Q4,0.040935107,827,AAA,0
600793.SH,2026Q1,0.058861688,799,AAA,0
600794.SH,2025Q3,0.018492486,886,AAA,0
600794.SH,2025Q4,0.029454902,852,AAA,0
600794.SH,2026Q1,0.03406792,841,AAA,0
600795.SH,2025Q3,0.0045860447,988,AAA,0
600795.SH,2025Q4,0.009534794,934,AAA,0
600795.SH,2026Q1,0.0060093123,968,AAA,0
600796.SH,2025Q3,0.0027038082,1026,AAA,0
600796.SH,2025Q4,0.004659648,986,AAA,0
600796.SH,2026Q1,0.0067339647,960,AAA,0
600797.SH,2025Q3,0.0037529133,1002,AAA,0
600797.SH,2025Q4,0.0079132635,948,AAA,0
600797.SH,2026Q1,0.009466557,935,AAA,0
600798.SH,2025Q3,0.004690352,986,AAA,0
600798.SH,2025Q4,0.008368293,944,AAA,0
600798.SH,2026Q1,0.009146509,937,AAA,0
600800.SH,2025Q3,0.010725925,926,AAA,0
600800.SH,2025Q4,0.011805853,919,AAA,0
600800.SH,2026Q1,0.008456567,943,AAA,0
600801.SH,2025Q3,0.0016568113,1061,AAA,0
600801.SH,2025Q4,0.001791912,1056,AAA,0
600801.SH,2026Q1,0.0016480404,1062,AAA,0
600802.SH,2025Q3,0.050012868,812,AAA,0
600802.SH,2025Q4,0.053925917,806,AAA,0
600802.SH,2026Q1,0.09027825,766,AAA,0
600803.SH,2025Q3,0.0020011447,1048,AAA,0
600803.SH,2025Q4,0.0024509614,1033,AAA,0
600803.SH,2026Q1,0.0021427323,1043,AAA,0
600805.SH,2025Q3,0.0035599351,1006,AAA,0
600805.SH,2025Q4,0.004906779,983,AAA,0
600805.SH,2026Q1,0.0036894793,1003,AAA,0
600807.SH,2025Q3,0.031083379,848,AAA,0
600807.SH,2025Q4,0.11707103,745,AAA,0
600807.SH,2026Q1,0.34068945,647,A,0
600808.SH,2025Q3,0.0064927004,962,AAA,0
600808.SH,2025Q4,0.006065319,967,AAA,0
600808.SH,2026Q1,0.015239832,900,AAA,0
600809.SH,2025Q3,0.0009113837,1104,AAA,0
600809.SH,2025Q4,0.0013109503,1078,AAA,0
600809.SH,2026Q1,0.0015912676,1064,AAA,0
600810.SH,2025Q3,0.002576581,1029,AAA,0
600810.SH,2025Q4,0.003859499,1000,AAA,0
600810.SH,2026Q1,0.0019064377,1051,AAA,0
600812.SH,2025Q3,0.001798744,1055,AAA,0
600812.SH,2025Q4,0.002405218,1034,AAA,0
600812.SH,2026Q1,0.0038316646,1001,AAA,0
600814.SH,2025Q3,0.0024535998,1033,AAA,0
600814.SH,2025Q4,0.0032832434,1012,AAA,0
600814.SH,2026Q1,0.0032997504,1011,AAA,0
600815.SH,2025Q3,0.09205517,765,AAA,0
600815.SH,2025Q4,0.018723985,885,AAA,0
600815.SH,2026Q1,0.058207005,800,AAA,0
600816.SH,2025Q3,0.04512059,820,AAA,0
600816.SH,2025Q4,0.0106912,926,AAA,0
600816.SH,2026Q1,0.051419254,810,AAA,0
600817.SH,2025Q3,0.0020008846,1048,AAA,0
600817.SH,2025Q4,0.0020371936,1046,AAA,0
600817.SH,2026Q1,0.0023663512,1035,AAA,0
600818.SH,2025Q3,0.0026207117,1028,AAA,0
600818.SH,2025Q4,0.004524661,989,AAA,0
600818.SH,2026Q1,0.023047648,870,AAA,0
600819.SH,2025Q3,0.002240625,1039,AAA,0
600819.SH,2025Q4,0.0025026442,1031,AAA,0
600819.SH,2026Q1,0.003032067,1018,AAA,0
600820.SH,2025Q3,0.0017043134,1059,AAA,0
600820.SH,2025Q4,0.0011485454,1088,AAA,0
600820.SH,2026Q1,0.0023628902,1036,AAA,0
600821.SH,2025Q3,0.004613335,987,AAA,0
600821.SH,2025Q4,0.0041506407,995,AAA,0
600821.SH,2026Q1,0.0077337483,950,AAA,0
600822.SH,2025Q3,0.026630923,859,AAA,0
600822.SH,2025Q4,0.028302768,855,AAA,0
600822.SH,2026Q1,0.0069016377,958,AAA,0
600824.SH,2025Q3,0.005520648,974,AAA,0
600824.SH,2025Q4,0.008204582,945,AAA,0
600824.SH,2026Q1,0.0058384854,970,AAA,0
600825.SH,2025Q3,0.007664848,950,AAA,0
600825.SH,2025Q4,0.0026750737,1027,AAA,0
600825.SH,2026Q1,0.01203679,917,AAA,0
600826.SH,2025Q3,0.0025483454,1030,AAA,0
600826.SH,2025Q4,0.0019269923,1050,AAA,0
600826.SH,2026Q1,0.005903072,969,AAA,0
600827.SH,2025Q3,0.0014365393,1072,AAA,0
600827.SH,2025Q4,0.0014575835,1071,AAA,0
600827.SH,2026Q1,0.0011672771,1087,AAA,0
600828.SH,2025Q3,0.022645442,871,AAA,0
600828.SH,2025Q4,0.18990536,704,AAA,0
600828.SH,2026Q1,0.14390437,728,AAA,0
600829.SH,2025Q3,0.003913658,999,AAA,0
600829.SH,2025Q4,0.003244051,1013,AAA,0
600829.SH,2026Q1,0.0036081052,1005,AAA,0
600830.SH,2025Q3,0.0063006943,965,AAA,0
600830.SH,2025Q4,0.004058451,996,AAA,0
600830.SH,2026Q1,0.0059659956,969,AAA,0
600831.SH,2025Q3,0.18440332,707,AAA,1
600831.SH,2025Q4,0.19406736,702,AAA,0
600831.SH,2026Q1,0.14517738,727,AAA,0
600833.SH,2025Q3,0.0027082271,1026,AAA,0
600833.SH,2025Q4,0.0031134186,1016,AAA,0
600833.SH,2026Q1,0.004519093,989,AAA,0
600834.SH,2025Q3,0.010015391,931,AAA,0
600834.SH,2025Q4,0.0075224442,952,AAA,0
600834.SH,2026Q1,0.005061345,980,AAA,0
600835.SH,2025Q3,0.00083711545,1111,AAA,0
600835.SH,2025Q4,0.0007988757,1114,AAA,0
600835.SH,2026Q1,0.00095598603,1101,AAA,0
600838.SH,2025Q3,0.008565443,942,AAA,0
600838.SH,2025Q4,0.0105979275,927,AAA,0
600838.SH,2026Q1,0.02627621,860,AAA,0
600839.SH,2025Q3,0.0035436936,1006,AAA,0
600839.SH,2025Q4,0.0026033747,1029,AAA,0
600839.SH,2026Q1,0.0045688865,988,AAA,0
600841.SH,2025Q3,0.011112781,923,AAA,0
600841.SH,2025Q4,0.06620837,790,AAA,0
600841.SH,2026Q1,0.006673706,960,AAA,0
600843.SH,2025Q3,0.0024712393,1032,AAA,0
600843.SH,2025Q4,0.0024153672,1034,AAA,0
600843.SH,2026Q1,0.0041385484,995,AAA,0
600844.SH,2025Q3,0.26296076,674,AA,0
600844.SH,2025Q4,0.374603,636,A,0
600844.SH,2026Q1,0.6821751,544,BB,0
600845.SH,2025Q3,0.0016088232,1063,AAA,0
600845.SH,2025Q4,0.0015201935,1067,AAA,0
600845.SH,2026Q1,0.0019143835,1051,AAA,0
600846.SH,2025Q3,0.0021244679,1043,AAA,0
600846.SH,2025Q4,0.0016248657,1063,AAA,0
600846.SH,2026Q1,0.0028491875,1022,AAA,0
600847.SH,2025Q3,0.10292999,756,AAA,0
600847.SH,2025Q4,0.045947123,818,AAA,0
600847.SH,2026Q1,0.026517794,859,AAA,0
600848.SH,2025Q3,0.0045798845,988,AAA,0
600848.SH,2025Q4,0.0021888088,1041,AAA,0
600848.SH,2026Q1,0.0023370017,1036,AAA,0
600850.SH,2025Q3,0.0021830404,1041,AAA,0
600850.SH,2025Q4,0.0015899622,1064,AAA,0
600850.SH,2026Q1,0.0059147207,969,AAA,0
600851.SH,2025Q3,0.0030779308,1016,AAA,0
600851.SH,2025Q4,0.004352733,991,AAA,0
600851.SH,2026Q1,0.012750337,913,AAA,0
600853.SH,2025Q3,0.0029329513,1020,AAA,0
600853.SH,2025Q4,0.0021287734,1043,AAA,0
600853.SH,2026Q1,0.006205575,966,AAA,0
600854.SH,2025Q3,0.0051840465,979,AAA,0
600854.SH,2025Q4,0.0042090914,994,AAA,0
600854.SH,2026Q1,0.053974718,806,AAA,0
600855.SH,2025Q3,0.0075013028,952,AAA,0
600855.SH,2025Q4,0.0081429165,946,AAA,0
600855.SH,2026Q1,0.016974939,892,AAA,0
600857.SH,2025Q3,0.011731927,919,AAA,0
600857.SH,2025Q4,0.00758142,951,AAA,0
600857.SH,2026Q1,0.011964041,918,AAA,0
600858.SH,2025Q3,0.0029221685,1020,AAA,0
600858.SH,2025Q4,0.004600069,987,AAA,0
600858.SH,2026Q1,0.003100453,1016,AAA,0
600859.SH,2025Q3,0.0020579582,1046,AAA,0
600859.SH,2025Q4,0.0025646922,1030,AAA,0
600859.SH,2026Q1,0.000995771,1098,AAA,0
600860.SH,2025Q3,0.0035315205,1007,AAA,0
600860.SH,2025Q4,0.0033493075,1010,AAA,0
600860.SH,2026Q1,0.010504341,927,AAA,0
600861.SH,2025Q3,0.0008114201,1113,AAA,0
600861.SH,2025Q4,0.0011121904,1090,AAA,0
600861.SH,2026Q1,0.0017671384,1057,AAA,0
600862.SH,2025Q3,0.001204692,1084,AAA,0
600862.SH,2025Q4,0.001357382,1076,AAA,0
600862.SH,2026Q1,0.0022186653,1040,AAA,0
600863.SH,2025Q3,0.0051254868,980,AAA,0
600863.SH,2025Q4,0.03216486,845,AAA,0
600863.SH,2026Q1,0.00990465,932,AAA,0
600864.SH,2025Q3,0.0025541405,1030,AAA,0
600864.SH,2025Q4,0.0024754498,1032,AAA,0
600864.SH,2026Q1,0.0020608166,1045,AAA,0
600865.SH,2025Q3,0.0075921365,951,AAA,0
600865.SH,2025Q4,0.0055513754,974,AAA,0
600865.SH,2026Q1,0.020118954,880,AAA,0
600866.SH,2025Q3,0.0018867295,1052,AAA,0
600866.SH,2025Q4,0.001709691,1059,AAA,0
600866.SH,2026Q1,0.0037890666,1001,AAA,0
600867.SH,2025Q3,0.0036202439,1005,AAA,0
600867.SH,2025Q4,0.003417872,1009,AAA,0
600867.SH,2026Q1,0.0041890014,994,AAA,0
600868.SH,2025Q3,0.0065294644,962,AAA,0
600868.SH,2025Q4,0.004414864,990,AAA,0
600868.SH,2026Q1,0.026874417,858,AAA,0
600869.SH,2025Q3,0.005461833,975,AAA,0
600869.SH,2025Q4,0.00552445,974,AAA,0
600869.SH,2026Q1,0.0062626787,965,AAA,0
600871.SH,2025Q3,0.009795072,932,AAA,0
600871.SH,2025Q4,0.016749838,893,AAA,0
600871.SH,2026Q1,0.015529564,899,AAA,0
600872.SH,2025Q3,0.0007882148,1115,AAA,0
600872.SH,2025Q4,0.0010699639,1093,AAA,0
600872.SH,2026Q1,0.00089763437,1106,AAA,0
600873.SH,2025Q3,0.0017868587,1056,AAA,0
600873.SH,2025Q4,0.003736879,1002,AAA,0
600873.SH,2026Q1,0.003457568,1008,AAA,0
600874.SH,2025Q3,0.003355355,1010,AAA,0
600874.SH,2025Q4,0.01591421,897,AAA,0
600874.SH,2026Q1,0.005745508,971,AAA,0
600875.SH,2025Q3,0.0009108581,1104,AAA,0
600875.SH,2025Q4,0.0008058114,1113,AAA,0
600875.SH,2026Q1,0.0012508634,1082,AAA,0
600876.SH,2025Q3,0.006200975,966,AAA,0
600876.SH,2025Q4,0.025431817,863,AAA,0
600876.SH,2026Q1,0.012927767,912,AAA,0
600877.SH,2025Q3,0.0048896195,983,AAA,0
600877.SH,2025Q4,0.0029598146,1019,AAA,0
600877.SH,2026Q1,0.0061494154,966,AAA,0
600879.SH,2025Q3,0.0021352598,1043,AAA,0
600879.SH,2025Q4,0.0016008264,1064,AAA,0
600879.SH,2026Q1,0.002888378,1021,AAA,0
600880.SH,2025Q3,0.004749237,985,AAA,0
600880.SH,2025Q4,0.005397963,976,AAA,0
600880.SH,2026Q1,0.011565446,920,AAA,0
600881.SH,2025Q3,0.09226814,764,AAA,0
600881.SH,2025Q4,0.38418585,634,A,0
600881.SH,2026Q1,0.2746088,670,AA,0
600882.SH,2025Q3,0.0009108655,1104,AAA,0
600882.SH,2025Q4,0.0015172448,1068,AAA,0
600882.SH,2026Q1,0.0024418973,1033,AAA,0
600883.SH,2025Q3,0.011056247,924,AAA,0
600883.SH,2025Q4,0.017956555,888,AAA,0
600883.SH,2026Q1,0.0318636,846,AAA,0
600884.SH,2025Q3,0.0018939917,1052,AAA,0
600884.SH,2025Q4,0.0016414406,1062,AAA,0
600884.SH,2026Q1,0.0016564991,1061,AAA,0
600885.SH,2025Q3,0.0012012686,1084,AAA,0
600885.SH,2025Q4,0.00086709403,1108,AAA,0
600885.SH,2026Q1,0.00096362445,1100,AAA,0
600886.SH,2025Q3,0.00137076,1075,AAA,0
600886.SH,2025Q4,0.002131222,1043,AAA,0
600886.SH,2026Q1,0.0020751206,1045,AAA,0
600887.SH,2025Q3,0.001854269,1053,AAA,0
600887.SH,2025Q4,0.0017216679,1058,AAA,0
600887.SH,2026Q1,0.0016159675,1063,AAA,0
600888.SH,2025Q3,0.0020235328,1047,AAA,0
600888.SH,2025Q4,0.0025243103,1031,AAA,0
600888.SH,2026Q1,0.001964883,1049,AAA,0
600889.SH,2025Q3,0.2596822,675,AA,0
600889.SH,2025Q4,0.010969423,924,AAA,0
600889.SH,2026Q1,0.006417155,963,AAA,0
600892.SH,2025Q3,0.07831526,777,AAA,1
600892.SH,2025Q4,0.0472172,816,AAA,1
600892.SH,2026Q1,0.07627787,779,AAA,0
600893.SH,2025Q3,0.0045937174,987,AAA,0
600893.SH,2025Q4,0.0018030901,1055,AAA,0
600893.SH,2026Q1,0.0062567843,965,AAA,0
600894.SH,2025Q3,0.0008186685,1112,AAA,0
600894.SH,2025Q4,0.00091592874,1104,AAA,0
600894.SH,2026Q1,0.002345826,1036,AAA,0
600895.SH,2025Q3,0.0021468063,1043,AAA,0
600895.SH,2025Q4,0.0014968708,1069,AAA,0
600895.SH,2026Q1,0.0038665761,1000,AAA,0
600897.SH,2025Q3,0.0012819506,1080,AAA,0
600897.SH,2025Q4,0.0021554816,1042,AAA,0
600897.SH,2026Q1,0.002015539,1047,AAA,0
600900.SH,2025Q3,0.002247427,1039,AAA,0
600900.SH,2025Q4,0.008208311,945,AAA,0
600900.SH,2026Q1,0.0031484505,1015,AAA,0
600901.SH,2025Q3,0.006190012,966,AAA,0
600901.SH,2025Q4,0.017505482,890,AAA,0
600901.SH,2026Q1,0.029940328,850,AAA,0
600903.SH,2025Q3,0.011957966,918,AAA,0
600903.SH,2025Q4,0.05981033,798,AAA,0
600903.SH,2026Q1,0.2302708,687,AA,0
600905.SH,2025Q3,0.0145602375,904,AAA,0
600905.SH,2025Q4,0.036069192,837,AAA,0
600905.SH,2026Q1,0.022777855,871,AAA,0
600906.SH,2025Q3,0.00383543,1001,AAA,0
600906.SH,2025Q4,0.0025475468,1030,AAA,0
600906.SH,2026Q1,0.0038845853,1000,AAA,0
600908.SH,2025Q3,0.0014286232,1072,AAA,0
600908.SH,2025Q4,0.0020435427,1046,AAA,0
600908.SH,2026Q1,0.0018644993,1053,AAA,0
600909.SH,2025Q3,0.001835659,1054,AAA,0
600909.SH,2025Q4,0.0021718494,1042,AAA,0
600909.SH,2026Q1,0.0024772142,1032,AAA,0
600916.SH,2025Q3,0.0024691923,1032,AAA,0
600916.SH,2025Q4,0.0114647485,921,AAA,0
600916.SH,2026Q1,0.0036564125,1004,AAA,0
600917.SH,2025Q3,0.0069206236,958,AAA,0
600917.SH,2025Q4,0.009851065,932,AAA,0
600917.SH,2026Q1,0.025293278,863,AAA,0
600918.SH,2025Q3,0.0012944001,1079,AAA,0
600918.SH,2025Q4,0.0012989455,1079,AAA,0
600918.SH,2026Q1,0.0013557251,1076,AAA,0
600919.SH,2025Q3,0.0020573891,1046,AAA,0
600919.SH,2025Q4,0.0022248821,1040,AAA,0
600919.SH,2026Q1,0.0021435602,1043,AAA,0
600925.SH,2025Q3,0.019917857,881,AAA,0
600925.SH,2025Q4,0.029185466,852,AAA,0
600925.SH,2026Q1,0.046618514,817,AAA,0
600926.SH,2025Q3,0.0019601218,1049,AAA,0
600926.SH,2025Q4,0.0015981635,1064,AAA,0
600926.SH,2026Q1,0.0027939954,1023,AAA,0
600927.SH,2025Q3,0.0017299461,1058,AAA,0
600927.SH,2025Q4,0.001559901,1066,AAA,0
600927.SH,2026Q1,0.0017960995,1055,AAA,0
600928.SH,2025Q3,0.0015283703,1067,AAA,0
600928.SH,2025Q4,0.0017514409,1057,AAA,0
600928.SH,2026Q1,0.0016914842,1060,AAA,0
600929.SH,2025Q3,0.0028948698,1021,AAA,0
600929.SH,2025Q4,0.0027914073,1024,AAA,0
600929.SH,2026Q1,0.0026592896,1027,AAA,0
600930.SH,2025Q3,0.002302923,1037,AAA,0
600930.SH,2025Q4,0.019607846,882,AAA,0
600930.SH,2026Q1,0.042899236,823,AAA,0
600933.SH,2025Q3,0.0008446323,1110,AAA,0
600933.SH,2025Q4,0.00082540297,1112,AAA,0
600933.SH,2026Q1,0.00085667125,1109,AAA,0
600935.SH,2025Q3,0.010336486,929,AAA,0
600935.SH,2025Q4,0.028925236,853,AAA,0
600935.SH,2026Q1,0.052078195,809,AAA,0
600936.SH,2025Q3,0.081479,774,AAA,0
600936.SH,2025Q4,0.16355847,717,AAA,0
600936.SH,2026Q1,0.21784481,692,AA,0
600938.SH,2025Q3,0.0035176654,1007,AAA,0
600938.SH,2025Q4,0.004634467,987,AAA,0
600938.SH,2026Q1,0.0033914992,1009,AAA,0
600939.SH,2025Q3,0.038173653,832,AAA,0
600939.SH,2025Q4,0.016972393,892,AAA,0
600939.SH,2026Q1,0.009656567,934,AAA,0
600941.SH,2025Q3,0.009108062,938,AAA,0
600941.SH,2025Q4,0.025347505,863,AAA,0
600941.SH,2026Q1,0.020674402,878,AAA,0
600955.SH,2025Q3,0.013933097,907,AAA,0
600955.SH,2025Q4,0.015015361,901,AAA,0
600955.SH,2026Q1,0.01380556,907,AAA,0
600956.SH,2025Q3,0.0021345874,1043,AAA,0
600956.SH,2025Q4,0.003838946,1000,AAA,0
600956.SH,2026Q1,0.00438571,991,AAA,0
600958.SH,2025Q3,0.0008809302,1107,AAA,0
600958.SH,2025Q4,0.0008701431,1108,AAA,0
600958.SH,2026Q1,0.0010945648,1091,AAA,0
600959.SH,2025Q3,0.0026360506,1028,AAA,0
600959.SH,2025Q4,0.0021468655,1043,AAA,0
600959.SH,2026Q1,0.0039852005,998,AAA,0
600960.SH,2025Q3,0.013367739,910,AAA,0
600960.SH,2025Q4,0.010104037,930,AAA,0
600960.SH,2026Q1,0.0161818,896,AAA,0
600961.SH,2025Q3,0.0036622884,1004,AAA,0
600961.SH,2025Q4,0.0038278003,1001,AAA,0
600961.SH,2026Q1,0.00325285,1012,AAA,0
600962.SH,2025Q3,0.012751244,913,AAA,0
600962.SH,2025Q4,0.005688814,972,AAA,0
600962.SH,2026Q1,0.0075323335,952,AAA,0
600963.SH,2025Q3,0.0021454797,1043,AAA,0
600963.SH,2025Q4,0.00310811,1016,AAA,0
600963.SH,2026Q1,0.004109873,996,AAA,0
600965.SH,2025Q3,0.07064146,785,AAA,0
600965.SH,2025Q4,0.09558712,762,AAA,0
600965.SH,2026Q1,0.07516788,781,AAA,0
600966.SH,2025Q3,0.0065303245,962,AAA,0
600966.SH,2025Q4,0.0026894251,1026,AAA,0
600966.SH,2026Q1,0.0018606908,1053,AAA,0
600967.SH,2025Q3,0.0012247534,1083,AAA,0
600967.SH,2025Q4,0.0010813114,1092,AAA,0
600967.SH,2026Q1,0.0012253749,1083,AAA,0
600968.SH,2025Q3,0.007239179,954,AAA,0
600968.SH,2025Q4,0.017093657,892,AAA,0
600968.SH,2026Q1,0.022612026,871,AAA,0
600969.SH,2025Q3,0.0019203714,1051,AAA,0
600969.SH,2025Q4,0.0024199202,1034,AAA,0
600969.SH,2026Q1,0.001987688,1048,AAA,0
600970.SH,2025Q3,0.001292271,1079,AAA,0
600970.SH,2025Q4,0.000963545,1100,AAA,0
600970.SH,2026Q1,0.001034695,1095,AAA,0
600971.SH,2025Q3,0.03007168,850,AAA,0
600971.SH,2025Q4,0.012106053,917,AAA,0
600971.SH,2026Q1,0.0022631956,1039,AAA,0
600973.SH,2025Q3,0.014976249,901,AAA,0
600973.SH,2025Q4,0.012107113,917,AAA,0
600973.SH,2026Q1,0.010511882,927,AAA,0
600975.SH,2025Q3,0.0057842154,971,AAA,0
600975.SH,2025Q4,0.13639519,733,AAA,0
600975.SH,2026Q1,0.62245536,563,BBB,0
600976.SH,2025Q3,0.0009122204,1104,AAA,0
600976.SH,2025Q4,0.0032913662,1012,AAA,0
600976.SH,2026Q1,0.0036223668,1005,AAA,0
600977.SH,2025Q3,0.002567597,1030,AAA,0
600977.SH,2025Q4,0.0017538412,1057,AAA,0
600977.SH,2026Q1,0.06995665,786,AAA,0
600979.SH,2025Q3,0.002864101,1022,AAA,0
600979.SH,2025Q4,0.004915919,983,AAA,0
600979.SH,2026Q1,0.0051586493,979,AAA,0
600980.SH,2025Q3,0.0010036678,1097,AAA,0
600980.SH,2025Q4,0.0010396815,1095,AAA,0
600980.SH,2026Q1,0.0010239547,1096,AAA,0
600981.SH,2025Q3,0.0038216852,1001,AAA,0
600981.SH,2025Q4,0.0025622232,1030,AAA,0
600981.SH,2026Q1,0.003282861,1012,AAA,0
600982.SH,2025Q3,0.0028072605,1023,AAA,0
600982.SH,2025Q4,0.00270264,1026,AAA,0
600982.SH,2026Q1,0.0038098693,1001,AAA,0
600983.SH,2025Q3,0.002628148,1028,AAA,0
600983.SH,2025Q4,0.0016144242,1063,AAA,0
600983.SH,2026Q1,0.0045528603,988,AAA,0
600984.SH,2025Q3,0.017682167,889,AAA,0
600984.SH,2025Q4,0.016040154,896,AAA,0
600984.SH,2026Q1,0.04305549,823,AAA,0
600985.SH,2025Q3,0.0053143725,977,AAA,0
600985.SH,2025Q4,0.006667557,960,AAA,0
600985.SH,2026Q1,0.0024098046,1034,AAA,0
600986.SH,2025Q3,0.0017524016,1057,AAA,0
600986.SH,2025Q4,0.0047557056,985,AAA,0
600986.SH,2026Q1,0.0038620718,1000,AAA,0
600987.SH,2025Q3,0.0019862328,1048,AAA,0
600987.SH,2025Q4,0.0024380786,1033,AAA,0
600987.SH,2026Q1,0.003061661,1017,AAA,0
600988.SH,2025Q3,0.011244322,922,AAA,0
600988.SH,2025Q4,0.00852392,943,AAA,0
600988.SH,2026Q1,0.0033374096,1011,AAA,0
600989.SH,2025Q3,0.0050208047,981,AAA,0
600989.SH,2025Q4,0.0066775098,960,AAA,0
600989.SH,2026Q1,0.003125841,1015,AAA,0
600990.SH,2025Q3,0.028934453,853,AAA,0
600990.SH,2025Q4,0.00995513,931,AAA,0
600990.SH,2026Q1,0.06388034,793,AAA,0
600992.SH,2025Q3,0.0040001413,997,AAA,0
600992.SH,2025Q4,0.0023386634,1036,AAA,0
600992.SH,2026Q1,0.0066874297,960,AAA,0
600993.SH,2025Q3,0.00079103274,1115,AAA,0
600993.SH,2025Q4,0.0015495599,1066,AAA,0
600993.SH,2026Q1,0.0012668624,1081,AAA,0
600995.SH,2025Q3,0.0016338247,1062,AAA,0
600995.SH,2025Q4,0.0018733909,1052,AAA,0
600995.SH,2026Q1,0.0015491777,1066,AAA,0
600996.SH,2025Q3,0.05609107,803,AAA,0
600996.SH,2025Q4,0.029947551,850,AAA,0
600996.SH,2026Q1,0.09087242,766,AAA,0
600997.SH,2025Q3,0.004243525,993,AAA,0
600997.SH,2025Q4,0.008388656,944,AAA,0
600997.SH,2026Q1,0.01631869,895,AAA,0
600998.SH,2025Q3,0.0013850742,1074,AAA,0
600998.SH,2025Q4,0.001536057,1067,AAA,0
600998.SH,2026Q1,0.0018669901,1053,AAA,0
600999.SH,2025Q3,0.001340085,1077,AAA,0
600999.SH,2025Q4,0.0013373977,1077,AAA,0
600999.SH,2026Q1,0.0015192805,1068,AAA,0
601000.SH,2025Q3,0.0057943924,971,AAA,0
601000.SH,2025Q4,0.009636797,934,AAA,0
601000.SH,2026Q1,0.006968298,957,AAA,0
601001.SH,2025Q3,0.0032555969,1012,AAA,0
601001.SH,2025Q4,0.0013504416,1076,AAA,0
601001.SH,2026Q1,0.0012199461,1083,AAA,0
601002.SH,2025Q3,0.0016633018,1061,AAA,0
601002.SH,2025Q4,0.0011927044,1085,AAA,0
601002.SH,2026Q1,0.0013901184,1074,AAA,0
601003.SH,2025Q3,0.009048177,938,AAA,0
601003.SH,2025Q4,0.008121904,946,AAA,0
601003.SH,2026Q1,0.0094944,935,AAA,0
601005.SH,2025Q3,0.020758376,877,AAA,0
601005.SH,2025Q4,0.017065853,892,AAA,0
601005.SH,2026Q1,0.028256938,855,AAA,0
601006.SH,2025Q3,0.0013145793,1078,AAA,0
601006.SH,2025Q4,0.0016908057,1060,AAA,0
601006.SH,2026Q1,0.0016322783,1062,AAA,0
601007.SH,2025Q3,0.003799228,1001,AAA,0
601007.SH,2025Q4,0.0043159993,992,AAA,0
601007.SH,2026Q1,0.008293379,945,AAA,0
601008.SH,2025Q3,0.0057521276,971,AAA,0
601008.SH,2025Q4,0.017728351,889,AAA,0
601008.SH,2026Q1,0.013632077,908,AAA,0
601009.SH,2025Q3,0.0011341419,1089,AAA,0
601009.SH,2025Q4,0.0017052792,1059,AAA,0
601009.SH,2026Q1,0.0017382056,1058,AAA,0
601010.SH,2025Q3,0.00656189,962,AAA,0
601010.SH,2025Q4,0.029893793,851,AAA,0
601010.SH,2026Q1,0.012091884,917,AAA,0
601011.SH,2025Q3,0.0442952,821,AAA,0
601011.SH,2025Q4,0.036745712,835,AAA,0
601011.SH,2026Q1,0.14211287,729,AAA,0
601012.SH,2025Q3,0.0013195116,1078,AAA,0
601012.SH,2025Q4,0.0015714152,1065,AAA,0
601012.SH,2026Q1,0.0025977457,1029,AAA,0
601015.SH,2025Q3,0.012386514,915,AAA,0
601015.SH,2025Q4,0.020752234,878,AAA,0
601015.SH,2026Q1,0.016470663,894,AAA,0
601016.SH,2025Q3,0.0030648678,1017,AAA,0
601016.SH,2025Q4,0.004505757,989,AAA,0
601016.SH,2026Q1,0.0046619843,986,AAA,0
601018.SH,2025Q3,0.0018313131,1054,AAA,0
601018.SH,2025Q4,0.0038668865,1000,AAA,0
601018.SH,2026Q1,0.004194457,994,AAA,0
601019.SH,2025Q3,0.0010637627,1093,AAA,0
601019.SH,2025Q4,0.0013686292,1075,AAA,0
601019.SH,2026Q1,0.0013589691,1076,AAA,0
601020.SH,2025Q3,0.01787185,889,AAA,0
601020.SH,2025Q4,0.009950652,931,AAA,0
601020.SH,2026Q1,0.017266557,891,AAA,0
601021.SH,2025Q3,0.0016366638,1062,AAA,0
601021.SH,2025Q4,0.0013311489,1077,AAA,0
601021.SH,2026Q1,0.0012799394,1080,AAA,0
601022.SH,2025Q3,0.0019432397,1050,AAA,0
601022.SH,2025Q4,0.0025873466,1029,AAA,0
601022.SH,2026Q1,0.003085368,1016,AAA,0
601026.SH,2025Q3,0.0015454332,1066,AAA,0
601026.SH,2025Q4,0.001593127,1064,AAA,0
601026.SH,2026Q1,0.007258942,954,AAA,0
601033.SH,2025Q3,0.0016305014,1062,AAA,0
601033.SH,2025Q4,0.0020528387,1046,AAA,0
601033.SH,2026Q1,0.00264281,1027,AAA,0
601038.SH,2025Q3,0.0014876986,1069,AAA,0
601038.SH,2025Q4,0.0011882688,1085,AAA,0
601038.SH,2026Q1,0.0012044809,1084,AAA,0
601058.SH,2025Q3,0.0010271951,1096,AAA,0
601058.SH,2025Q4,0.0012382257,1082,AAA,0
601058.SH,2026Q1,0.0011223716,1089,AAA,0
601059.SH,2025Q3,0.0015757858,1065,AAA,0
601059.SH,2025Q4,0.0014790306,1069,AAA,0
601059.SH,2026Q1,0.0013700103,1075,AAA,0
601061.SH,2025Q3,0.0049113934,983,AAA,0
601061.SH,2025Q4,0.002564498,1030,AAA,0
601061.SH,2026Q1,0.003240747,1013,AAA,0
601065.SH,2025Q3,0.0028703639,1022,AAA,0
601065.SH,2025Q4,0.006784002,959,AAA,0
601065.SH,2026Q1,0.007949718,948,AAA,0
601066.SH,2025Q3,0.0013435826,1076,AAA,0
601066.SH,2025Q4,0.002463026,1033,AAA,0
601066.SH,2026Q1,0.0016141483,1063,AAA,0
601068.SH,2025Q3,0.0048079337,984,AAA,0
601068.SH,2025Q4,0.005442988,975,AAA,0
601068.SH,2026Q1,0.012700344,914,AAA,0
601069.SH,2025Q3,0.004877285,983,AAA,0
601069.SH,2025Q4,0.0048238076,984,AAA,0
601069.SH,2026Q1,0.008567666,942,AAA,0
601077.SH,2025Q3,0.0017410484,1058,AAA,0
601077.SH,2025Q4,0.0014797082,1069,AAA,0
601077.SH,2026Q1,0.0017900042,1056,AAA,0
601083.SH,2025Q3,0.0013514741,1076,AAA,0
601083.SH,2025Q4,0.0014120269,1073,AAA,0
601083.SH,2026Q1,0.0010233866,1096,AAA,0
601086.SH,2025Q3,0.0036527629,1004,AAA,0
601086.SH,2025Q4,0.04609056,818,AAA,0
601086.SH,2026Q1,0.044425774,821,AAA,0
601088.SH,2025Q3,0.0024264627,1034,AAA,0
601088.SH,2025Q4,0.004648504,987,AAA,0
601088.SH,2026Q1,0.001406896,1073,AAA,0
601089.SH,2025Q3,0.0010863324,1092,AAA,0
601089.SH,2025Q4,0.0011890149,1085,AAA,0
601089.SH,2026Q1,0.0010112436,1097,AAA,0
601096.SH,2025Q3,0.00092294574,1104,AAA,0
601096.SH,2025Q4,0.0019368458,1050,AAA,0
601096.SH,2026Q1,0.0044952314,989,AAA,0
601098.SH,2025Q3,0.0014347627,1072,AAA,0
601098.SH,2025Q4,0.0018654312,1053,AAA,0
601098.SH,2026Q1,0.001371618,1075,AAA,0
601099.SH,2025Q3,0.01294306,912,AAA,0
601099.SH,2025Q4,0.008280074,945,AAA,0
601099.SH,2026Q1,0.029178968,852,AAA,0
601100.SH,2025Q3,0.0008009601,1114,AAA,0
601100.SH,2025Q4,0.0008280598,1111,AAA,0
601100.SH,2026Q1,0.0011752968,1086,AAA,0
601101.SH,2025Q3,0.0048214737,984,AAA,0
601101.SH,2025Q4,0.005502118,974,AAA,0
601101.SH,2026Q1,0.0018849792,1052,AAA,0
601106.SH,2025Q3,0.008929329,939,AAA,0
601106.SH,2025Q4,0.012721762,913,AAA,0
601106.SH,2026Q1,0.052426867,808,AAA,0
601107.SH,2025Q3,0.0029894146,1019,AAA,0
601107.SH,2025Q4,0.0022601278,1039,AAA,0
601107.SH,2026Q1,0.0058426494,970,AAA,0
601108.SH,2025Q3,0.0010828794,1092,AAA,0
601108.SH,2025Q4,0.0010287772,1096,AAA,0
601108.SH,2026Q1,0.0010710153,1093,AAA,0
601111.SH,2025Q3,0.0074698757,952,AAA,0
601111.SH,2025Q4,0.014849196,902,AAA,0
601111.SH,2026Q1,0.01834995,887,AAA,0
601112.SH,2025Q3,0.0010678723,1093,AAA,0
601112.SH,2025Q4,0.0009926751,1098,AAA,0
601112.SH,2026Q1,0.0010693514,1093,AAA,0
601113.SH,2025Q3,0.0015350548,1067,AAA,0
601113.SH,2025Q4,0.007719268,950,AAA,0
601113.SH,2026Q1,0.0025636433,1030,AAA,0
601116.SH,2025Q3,0.0019584657,1049,AAA,0
601116.SH,2025Q4,0.0017688652,1057,AAA,0
601116.SH,2026Q1,0.0032172962,1013,AAA,0
601117.SH,2025Q3,0.0012866858,1080,AAA,0
601117.SH,2025Q4,0.00088292256,1107,AAA,0
601117.SH,2026Q1,0.0009417991,1102,AAA,0
601118.SH,2025Q3,0.010247364,929,AAA,0
601118.SH,2025Q4,0.011458082,921,AAA,0
601118.SH,2026Q1,0.0150193395,901,AAA,0
601121.SH,2025Q3,0.005332347,977,AAA,0
601121.SH,2025Q4,0.008437768,943,AAA,0
601121.SH,2026Q1,0.00982871,932,AAA,0
601126.SH,2025Q3,0.0020667817,1045,AAA,0
601126.SH,2025Q4,0.0011483293,1088,AAA,0
601126.SH,2026Q1,0.0010348887,1095,AAA,0
601127.SH,2025Q3,0.001159021,1087,AAA,0
601127.SH,2025Q4,0.0010080828,1097,AAA,0
601127.SH,2026Q1,0.0016828496,1060,AAA,0
601128.SH,2025Q3,0.0009858876,1099,AAA,0
601128.SH,2025Q4,0.0011843065,1086,AAA,0
601128.SH,2026Q1,0.001272459,1080,AAA,0
601133.SH,2025Q3,0.0024573456,1033,AAA,0
601133.SH,2025Q4,0.0018098346,1055,AAA,0
601133.SH,2026Q1,0.002998547,1018,AAA,0
601136.SH,2025Q3,0.0027510736,1025,AAA,0
601136.SH,2025Q4,0.0022017413,1041,AAA,0
601136.SH,2026Q1,0.004070646,996,AAA,0
601137.SH,2025Q3,0.0011279759,1089,AAA,0
601137.SH,2025Q4,0.0024693545,1032,AAA,0
601137.SH,2026Q1,0.0021368728,1043,AAA,0
601138.SH,2025Q3,0.0008432809,1110,AAA,0
601138.SH,2025Q4,0.0008512123,1109,AAA,0
601138.SH,2026Q1,0.00079344737,1114,AAA,0
601139.SH,2025Q3,0.0029371935,1020,AAA,0
601139.SH,2025Q4,0.0037825527,1002,AAA,0
601139.SH,2026Q1,0.013751922,908,AAA,0
601155.SH,2025Q3,0.0032829908,1012,AAA,0
601155.SH,2025Q4,0.002832267,1022,AAA,0
601155.SH,2026Q1,0.0030342343,1018,AAA,0
601156.SH,2025Q3,0.001129572,1089,AAA,0
601156.SH,2025Q4,0.0010075518,1097,AAA,0
601156.SH,2026Q1,0.0008493674,1110,AAA,0
601158.SH,2025Q3,0.0061218934,967,AAA,0
601158.SH,2025Q4,0.006449786,963,AAA,0
601158.SH,2026Q1,0.00910145,938,AAA,0
601162.SH,2025Q3,0.010148938,930,AAA,0
601162.SH,2025Q4,0.0063878456,964,AAA,0
601162.SH,2026Q1,0.015471875,899,AAA,0
601163.SH,2025Q3,0.00078794826,1115,AAA,0
601163.SH,2025Q4,0.0009738198,1100,AAA,0
601163.SH,2026Q1,0.0009794366,1099,AAA,0
601166.SH,2025Q3,0.0011088015,1090,AAA,0
601166.SH,2025Q4,0.001689886,1060,AAA,0
601166.SH,2026Q1,0.0012828734,1080,AAA,0
601168.SH,2025Q3,0.0018603402,1053,AAA,0
601168.SH,2025Q4,0.001934228,1050,AAA,0
601168.SH,2026Q1,0.0018164978,1055,AAA,0
601169.SH,2025Q3,0.0013218033,1078,AAA,0
601169.SH,2025Q4,0.0017316352,1058,AAA,0
601169.SH,2026Q1,0.0016023406,1064,AAA,0
601177.SH,2025Q3,0.0019292563,1050,AAA,0
601177.SH,2025Q4,0.0016250823,1063,AAA,0
601177.SH,2026Q1,0.0022567057,1039,AAA,0
601179.SH,2025Q3,0.0016330727,1062,AAA,0
601179.SH,2025Q4,0.0013242875,1077,AAA,0
601179.SH,2026Q1,0.0035213681,1007,AAA,0
601186.SH,2025Q3,0.0014218552,1072,AAA,0
601186.SH,2025Q4,0.0014074824,1073,AAA,0
601186.SH,2026Q1,0.0035155136,1007,AAA,0
601187.SH,2025Q3,0.006009187,968,AAA,0
601187.SH,2025Q4,0.006667908,960,AAA,0
601187.SH,2026Q1,0.002316142,1037,AAA,0
601188.SH,2025Q3,0.0025957157,1029,AAA,0
601188.SH,2025Q4,0.0035742635,1006,AAA,0
601188.SH,2026Q1,0.01263852,914,AAA,0
601198.SH,2025Q3,0.0013588843,1076,AAA,0
601198.SH,2025Q4,0.0013106563,1078,AAA,0
601198.SH,2026Q1,0.002677389,1027,AAA,0
601199.SH,2025Q3,0.004062749,996,AAA,0
601199.SH,2025Q4,0.006205446,966,AAA,0
601199.SH,2026Q1,0.0039119315,999,AAA,0
601200.SH,2025Q3,0.0023437343,1036,AAA,0
601200.SH,2025Q4,0.0042150556,994,AAA,0
601200.SH,2026Q1,0.0028432205,1022,AAA,0
601208.SH,2025Q3,0.002864029,1022,AAA,0
601208.SH,2025Q4,0.0031845658,1014,AAA,0
601208.SH,2026Q1,0.0040168925,997,AAA,0
601211.SH,2025Q3,0.0011041625,1091,AAA,0
601211.SH,2025Q4,0.0010739205,1093,AAA,0
601211.SH,2026Q1,0.0016615812,1061,AAA,0
601212.SH,2025Q3,0.0042161983,994,AAA,0
601212.SH,2025Q4,0.003343933,1010,AAA,0
601212.SH,2026Q1,0.018389162,886,AAA,0
601216.SH,2025Q3,0.009044945,938,AAA,0
601216.SH,2025Q4,0.0066540097,961,AAA,0
601216.SH,2026Q1,0.009406109,935,AAA,0
601218.SH,2025Q3,0.0032990777,1011,AAA,0
601218.SH,2025Q4,0.0037717223,1002,AAA,0
601218.SH,2026Q1,0.0024394454,1033,AAA,0
601222.SH,2025Q3,0.0015084043,1068,AAA,0
601222.SH,2025Q4,0.001743397,1058,AAA,0
601222.SH,2026Q1,0.0023745503,1035,AAA,0
601225.SH,2025Q3,0.0019442951,1050,AAA,0
601225.SH,2025Q4,0.0022723554,1038,AAA,0
601225.SH,2026Q1,0.0019153776,1051,AAA,0
601226.SH,2025Q3,0.0051487107,979,AAA,0
601226.SH,2025Q4,0.003880589,1000,AAA,0
601226.SH,2026Q1,0.011587669,920,AAA,0
601228.SH,2025Q3,0.0044078864,990,AAA,0
601228.SH,2025Q4,0.010950712,924,AAA,0
601228.SH,2026Q1,0.007091323,956,AAA,0
601229.SH,2025Q3,0.0032094396,1013,AAA,0
601229.SH,2025Q4,0.0028710915,1022,AAA,0
601229.SH,2026Q1,0.0031104172,1016,AAA,0
601231.SH,2025Q3,0.0010687612,1093,AAA,0
601231.SH,2025Q4,0.0011265798,1089,AAA,0
601231.SH,2026Q1,0.0008610934,1109,AAA,0
601233.SH,2025Q3,0.0010353526,1095,AAA,0
601233.SH,2025Q4,0.0012317959,1083,AAA,0
601233.SH,2026Q1,0.0012115863,1084,AAA,0
601236.SH,2025Q3,0.0027957936,1023,AAA,0
601236.SH,2025Q4,0.002588916,1029,AAA,0
601236.SH,2026Q1,0.0046443073,987,AAA,0
601238.SH,2025Q3,0.0066015944,961,AAA,0
601238.SH,2025Q4,0.0052080685,978,AAA,0
601238.SH,2026Q1,0.0033201105,1011,AAA,0
601279.SH,2025Q3,0.0075940266,951,AAA,0
601279.SH,2025Q4,0.0074931597,952,AAA,0
601279.SH,2026Q1,0.011560324,920,AAA,0
601288.SH,2025Q3,0.0011756171,1086,AAA,0
601288.SH,2025Q4,0.0015111502,1068,AAA,0
601288.SH,2026Q1,0.0018064221,1055,AAA,0
601298.SH,2025Q3,0.0015916283,1064,AAA,0
601298.SH,2025Q4,0.0026723794,1027,AAA,0
601298.SH,2026Q1,0.0012001415,1085,AAA,0
601311.SH,2025Q3,0.0009649433,1100,AAA,0
601311.SH,2025Q4,0.0007527805,1118,AAA,0
601311.SH,2026Q1,0.0008627697,1108,AAA,0
601318.SH,2025Q3,0.0009116013,1104,AAA,0
601318.SH,2025Q4,0.00096496625,1100,AAA,0
601318.SH,2026Q1,0.0009759324,1099,AAA,0
601319.SH,2025Q3,0.0013115366,1078,AAA,0
601319.SH,2025Q4,0.0012347873,1082,AAA,0
601319.SH,2026Q1,0.00092711067,1103,AAA,0
601326.SH,2025Q3,0.0022206763,1040,AAA,0
601326.SH,2025Q4,0.01070268,926,AAA,0
601326.SH,2026Q1,0.0068357475,959,AAA,0
601328.SH,2025Q3,0.001622441,1063,AAA,0
601328.SH,2025Q4,0.0016081884,1063,AAA,0
601328.SH,2026Q1,0.0014785306,1069,AAA,0
601330.SH,2025Q3,0.006501195,962,AAA,0
601330.SH,2025Q4,0.011489077,921,AAA,0
601330.SH,2026Q1,0.0088802185,940,AAA,0
601333.SH,2025Q3,0.0021120822,1044,AAA,0
601333.SH,2025Q4,0.0029014247,1021,AAA,0
601333.SH,2026Q1,0.0024262723,1034,AAA,0
601336.SH,2025Q3,0.00090409786,1105,AAA,0
601336.SH,2025Q4,0.00090154,1105,AAA,0
601336.SH,2026Q1,0.0010070653,1097,AAA,0
601339.SH,2025Q3,0.002813897,1023,AAA,0
601339.SH,2025Q4,0.0015797617,1065,AAA,0
601339.SH,2026Q1,0.0014261092,1072,AAA,0
601360.SH,2025Q3,0.0076088826,951,AAA,0
601360.SH,2025Q4,0.0018017491,1055,AAA,0
601360.SH,2026Q1,0.0024948106,1032,AAA,0
601366.SH,2025Q3,0.0062116156,966,AAA,0
601366.SH,2025Q4,0.0512497,810,AAA,0
601366.SH,2026Q1,0.014393879,904,AAA,0
601368.SH,2025Q3,0.0023358103,1036,AAA,0
601368.SH,2025Q4,0.003541684,1006,AAA,0
601368.SH,2026Q1,0.003452575,1008,AAA,0
601369.SH,2025Q3,0.0017872986,1056,AAA,0
601369.SH,2025Q4,0.0058994466,969,AAA,0
601369.SH,2026Q1,0.0015622044,1065,AAA,0
601375.SH,2025Q3,0.0072252895,955,AAA,0
601375.SH,2025Q4,0.0051908353,979,AAA,0
601375.SH,2026Q1,0.007255579,954,AAA,0
601377.SH,2025Q3,0.0016371991,1062,AAA,0
601377.SH,2025Q4,0.0023368406,1036,AAA,0
601377.SH,2026Q1,0.001249115,1082,AAA,0
601388.SH,2025Q3,0.0029847922,1019,AAA,0
601388.SH,2025Q4,0.0034703938,1008,AAA,0
601388.SH,2026Q1,0.0042564236,993,AAA,0
601390.SH,2025Q3,0.0017526927,1057,AAA,0
601390.SH,2025Q4,0.0011837842,1086,AAA,0
601390.SH,2026Q1,0.002425887,1034,AAA,0
601398.SH,2025Q3,0.0011535804,1087,AAA,0
601398.SH,2025Q4,0.001652844,1061,AAA,0
601398.SH,2026Q1,0.0016604664,1061,AAA,0
601399.SH,2025Q3,0.0023954245,1035,AAA,0
601399.SH,2025Q4,0.0019627803,1049,AAA,0
601399.SH,2026Q1,0.008946766,939,AAA,0
601456.SH,2025Q3,0.0028886828,1021,AAA,0
601456.SH,2025Q4,0.0016679642,1061,AAA,0
601456.SH,2026Q1,0.0014688106,1070,AAA,0
601500.SH,2025Q3,0.0029527645,1019,AAA,0
601500.SH,2025Q4,0.0063464977,964,AAA,0
601500.SH,2026Q1,0.0054654037,975,AAA,0
601512.SH,2025Q3,0.0020334881,1046,AAA,0
601512.SH,2025Q4,0.0028979585,1021,AAA,0
601512.SH,2026Q1,0.0023506517,1036,AAA,0
601515.SH,2025Q3,0.010942575,924,AAA,0
601515.SH,2025Q4,0.02388977,867,AAA,0
601515.SH,2026Q1,0.043466173,822,AAA,0
601518.SH,2025Q3,0.011912731,918,AAA,0
601518.SH,2025Q4,0.01615808,896,AAA,0
601518.SH,2026Q1,0.014923303,902,AAA,0
601519.SH,2025Q3,0.009953273,931,AAA,0
601519.SH,2025Q4,0.010804236,925,AAA,0
601519.SH,2026Q1,0.013693206,908,AAA,0
601528.SH,2025Q3,0.0011739318,1086,AAA,0
601528.SH,2025Q4,0.0012994467,1079,AAA,0
601528.SH,2026Q1,0.0013855221,1074,AAA,0
601555.SH,2025Q3,0.0011221595,1089,AAA,0
601555.SH,2025Q4,0.0009196817,1104,AAA,0
601555.SH,2026Q1,0.0011956493,1085,AAA,0
601566.SH,2025Q3,0.0028335024,1022,AAA,0
601566.SH,2025Q4,0.0060304604,968,AAA,0
601566.SH,2026Q1,0.004735553,985,AAA,0
601567.SH,2025Q3,0.00075578724,1118,AAA,0
601567.SH,2025Q4,0.0010610861,1093,AAA,0
601567.SH,2026Q1,0.0022345465,1040,AAA,0
601568.SH,2025Q3,0.017463507,890,AAA,0
601568.SH,2025Q4,0.043064773,823,AAA,0
601568.SH,2026Q1,0.024505083,865,AAA,0
601577.SH,2025Q3,0.0012361218,1082,AAA,0
601577.SH,2025Q4,0.001908415,1051,AAA,0
601577.SH,2026Q1,0.0022659828,1039,AAA,0
601579.SH,2025Q3,0.0015673776,1065,AAA,0
601579.SH,2025Q4,0.0019082287,1051,AAA,0
601579.SH,2026Q1,0.0031780875,1014,AAA,0
601588.SH,2025Q3,0.024277452,866,AAA,0
601588.SH,2025Q4,0.014387385,904,AAA,0
601588.SH,2026Q1,0.014838444,902,AAA,0
601595.SH,2025Q3,0.0015815069,1065,AAA,0
601595.SH,2025Q4,0.0017128354,1059,AAA,0
601595.SH,2026Q1,0.0024008034,1034,AAA,0
601598.SH,2025Q3,0.0022919714,1038,AAA,0
601598.SH,2025Q4,0.0016267124,1063,AAA,0
601598.SH,2026Q1,0.0018406161,1054,AAA,0
601599.SH,2025Q3,0.0050585964,980,AAA,0
601599.SH,2025Q4,0.010923759,925,AAA,0
601599.SH,2026Q1,0.010638725,926,AAA,0
601600.SH,2025Q3,0.0035643275,1006,AAA,0
601600.SH,2025Q4,0.0041396907,995,AAA,0
601600.SH,2026Q1,0.0035488042,1006,AAA,0
601601.SH,2025Q3,0.00080758287,1113,AAA,0
601601.SH,2025Q4,0.000810886,1113,AAA,0
601601.SH,2026Q1,0.0009137331,1104,AAA,0
601606.SH,2025Q3,0.008644153,942,AAA,0
601606.SH,2025Q4,0.0032555552,1012,AAA,0
601606.SH,2026Q1,0.0044875005,989,AAA,0
601607.SH,2025Q3,0.0013204896,1078,AAA,0
601607.SH,2025Q4,0.0012857266,1080,AAA,0
601607.SH,2026Q1,0.002096143,1044,AAA,0
601608.SH,2025Q3,0.0018444863,1053,AAA,0
601608.SH,2025Q4,0.0019661393,1049,AAA,0
601608.SH,2026Q1,0.0022058422,1041,AAA,0
601609.SH,2025Q3,0.0022216728,1040,AAA,0
601609.SH,2025Q4,0.0020219532,1047,AAA,0
601609.SH,2026Q1,0.002618367,1028,AAA,0
601611.SH,2025Q3,0.0019180996,1051,AAA,0
601611.SH,2025Q4,0.0014704346,1070,AAA,0
601611.SH,2026Q1,0.0019685267,1049,AAA,0
601615.SH,2025Q3,0.0011818688,1086,AAA,0
601615.SH,2025Q4,0.0009369106,1102,AAA,0
601615.SH,2026Q1,0.002013106,1047,AAA,0
601616.SH,2025Q3,0.008240176,945,AAA,0
601616.SH,2025Q4,0.022083953,873,AAA,0
601616.SH,2026Q1,0.010419966,928,AAA,0
601618.SH,2025Q3,0.002017797,1047,AAA,0
601618.SH,2025Q4,0.0026979155,1026,AAA,0
601618.SH,2026Q1,0.0017345448,1058,AAA,0
601619.SH,2025Q3,0.005125331,980,AAA,0
601619.SH,2025Q4,0.0074679633,952,AAA,0
601619.SH,2026Q1,0.004633818,987,AAA,0
601628.SH,2025Q3,0.0010724682,1093,AAA,0
601628.SH,2025Q4,0.00090154,1105,AAA,0
601628.SH,2026Q1,0.00096436794,1100,AAA,0
601633.SH,2025Q3,0.00089015294,1106,AAA,0
601633.SH,2025Q4,0.00087203714,1108,AAA,0
601633.SH,2026Q1,0.0012159623,1084,AAA,0
601636.SH,2025Q3,0.0015966204,1064,AAA,0
601636.SH,2025Q4,0.0017131525,1059,AAA,0
601636.SH,2026Q1,0.003679731,1004,AAA,0
601658.SH,2025Q3,0.0011845935,1085,AAA,0
601658.SH,2025Q4,0.0012284735,1083,AAA,0
601658.SH,2026Q1,0.0021369704,1043,AAA,0
601665.SH,2025Q3,0.0012082079,1084,AAA,0
601665.SH,2025Q4,0.0031423175,1015,AAA,0
601665.SH,2026Q1,0.0022353597,1040,AAA,0
601666.SH,2025Q3,0.005503459,974,AAA,0
601666.SH,2025Q4,0.0062531983,965,AAA,0
601666.SH,2026Q1,0.0028901978,1021,AAA,0
601668.SH,2025Q3,0.0009141777,1104,AAA,0
601668.SH,2025Q4,0.0009468636,1102,AAA,0
601668.SH,2026Q1,0.0018474559,1053,AAA,0
601669.SH,2025Q3,0.0016187994,1063,AAA,0
601669.SH,2025Q4,0.0019026415,1051,AAA,0
601669.SH,2026Q1,0.0025395718,1030,AAA,0
601677.SH,2025Q3,0.00085258007,1109,AAA,0
601677.SH,2025Q4,0.00091815024,1104,AAA,0
601677.SH,2026Q1,0.0010003743,1098,AAA,0
601678.SH,2025Q3,0.0041147764,995,AAA,0
601678.SH,2025Q4,0.0062651415,965,AAA,0
601678.SH,2026Q1,0.0036514632,1004,AAA,0
601686.SH,2025Q3,0.0046912087,986,AAA,0
601686.SH,2025Q4,0.0081435945,946,AAA,0
601686.SH,2026Q1,0.010436179,928,AAA,0
601688.SH,2025Q3,0.0009594142,1101,AAA,0
601688.SH,2025Q4,0.0011119341,1090,AAA,0
601688.SH,2026Q1,0.0010877915,1092,AAA,0
601689.SH,2025Q3,0.00073493103,1120,AAA,0
601689.SH,2025Q4,0.0007188671,1122,AAA,0
601689.SH,2026Q1,0.0008379702,1110,AAA,0
601696.SH,2025Q3,0.0039049922,999,AAA,0
601696.SH,2025Q4,0.003362994,1010,AAA,0
601696.SH,2026Q1,0.0041794665,994,AAA,0
601698.SH,2025Q3,0.0028474538,1022,AAA,0
601698.SH,2025Q4,0.0055775684,973,AAA,0
601698.SH,2026Q1,0.025270112,863,AAA,0
601699.SH,2025Q3,0.0055854893,973,AAA,0
601699.SH,2025Q4,0.0072861593,954,AAA,0
601699.SH,2026Q1,0.0020393652,1046,AAA,0
601700.SH,2025Q3,0.008040274,947,AAA,0
601700.SH,2025Q4,0.02442351,865,AAA,0
601700.SH,2026Q1,0.01669958,893,AAA,0
601702.SH,2025Q3,0.0014075937,1073,AAA,0
601702.SH,2025Q4,0.0019639751,1049,AAA,0
601702.SH,2026Q1,0.0022187827,1040,AAA,0
601717.SH,2025Q3,0.001032683,1095,AAA,0
601717.SH,2025Q4,0.000985935,1099,AAA,0
601717.SH,2026Q1,0.0013019398,1079,AAA,0
601718.SH,2025Q3,0.015766969,898,AAA,0
601718.SH,2025Q4,0.11030728,750,AAA,0
601718.SH,2026Q1,0.18620746,706,AAA,0
601727.SH,2025Q3,0.006043425,968,AAA,0
601727.SH,2025Q4,0.004515441,989,AAA,0
601727.SH,2026Q1,0.006262165,965,AAA,0
601728.SH,2025Q3,0.0033633932,1010,AAA,0
601728.SH,2025Q4,0.005313541,977,AAA,0
601728.SH,2026Q1,0.0042078444,994,AAA,0
601766.SH,2025Q3,0.0011804659,1086,AAA,0
601766.SH,2025Q4,0.0010209306,1096,AAA,0
601766.SH,2026Q1,0.0013166443,1078,AAA,0
601777.SH,2025Q3,0.0064852457,962,AAA,0
601777.SH,2025Q4,0.0074914545,952,AAA,0
601777.SH,2026Q1,0.00590268,969,AAA,0
601778.SH,2025Q3,0.003453937,1008,AAA,0
601778.SH,2025Q4,0.004047943,997,AAA,0
601778.SH,2026Q1,0.007887129,948,AAA,0
601788.SH,2025Q3,0.001298374,1079,AAA,0
601788.SH,2025Q4,0.0012958939,1079,AAA,0
601788.SH,2026Q1,0.0019081071,1051,AAA,0
601789.SH,2025Q3,0.0026118997,1028,AAA,0
601789.SH,2025Q4,0.0015126739,1068,AAA,0
601789.SH,2026Q1,0.0033588393,1010,AAA,0
601798.SH,2025Q3,0.0024695613,1032,AAA,0
601798.SH,2025Q4,0.0033743458,1010,AAA,0
601798.SH,2026Q1,0.0026755533,1027,AAA,0
601799.SH,2025Q3,0.0007094976,1122,AAA,0
601799.SH,2025Q4,0.00082850293,1111,AAA,0
601799.SH,2026Q1,0.00072132045,1121,AAA,0
601800.SH,2025Q3,0.0014555764,1071,AAA,0
601800.SH,2025Q4,0.0011227477,1089,AAA,0
601800.SH,2026Q1,0.0019380583,1050,AAA,0
601801.SH,2025Q3,0.0019232505,1050,AAA,0
601801.SH,2025Q4,0.0022035262,1041,AAA,0
601801.SH,2026Q1,0.0015492692,1066,AAA,0
601808.SH,2025Q3,0.0025460604,1030,AAA,0
601808.SH,2025Q4,0.0030928794,1016,AAA,0
601808.SH,2026Q1,0.0031448414,1015,AAA,0
601811.SH,2025Q3,0.0008715574,1108,AAA,0
601811.SH,2025Q4,0.0019529632,1049,AAA,0
601811.SH,2026Q1,0.0021966824,1041,AAA,0
601816.SH,2025Q3,0.0068986746,958,AAA,0
601816.SH,2025Q4,0.008558994,942,AAA,0
601816.SH,2026Q1,0.007482918,952,AAA,0
601818.SH,2025Q3,0.0011836439,1086,AAA,0
601818.SH,2025Q4,0.0013442227,1076,AAA,0
601818.SH,2026Q1,0.0025246139,1031,AAA,0
601825.SH,2025Q3,0.001794645,1055,AAA,0
601825.SH,2025Q4,0.0015434714,1066,AAA,0
601825.SH,2026Q1,0.0021446378,1043,AAA,0
601827.SH,2025Q3,0.0071429857,955,AAA,0
601827.SH,2025Q4,0.004153665,995,AAA,0
601827.SH,2026Q1,0.0033934258,1009,AAA,0
601828.SH,2025Q3,0.00517351,979,AAA,0
601828.SH,2025Q4,0.03567451,837,AAA,0
601828.SH,2026Q1,0.03157716,846,AAA,0
601838.SH,2025Q3,0.002984514,1019,AAA,0
601838.SH,2025Q4,0.0023945475,1035,AAA,0
601838.SH,2026Q1,0.0022033972,1041,AAA,0
601857.SH,2025Q3,0.0022593313,1039,AAA,0
601857.SH,2025Q4,0.0021802948,1041,AAA,0
601857.SH,2026Q1,0.0018013743,1055,AAA,0
601858.SH,2025Q3,0.0016852571,1060,AAA,0
601858.SH,2025Q4,0.0024359655,1033,AAA,0
601858.SH,2026Q1,0.0021457379,1043,AAA,0
601860.SH,2025Q3,0.001782461,1056,AAA,0
601860.SH,2025Q4,0.0034819844,1008,AAA,0
601860.SH,2026Q1,0.0047950535,984,AAA,0
601865.SH,2025Q3,0.0019827604,1048,AAA,0
601865.SH,2025Q4,0.0015509054,1066,AAA,0
601865.SH,2026Q1,0.0028570325,1022,AAA,0
601866.SH,2025Q3,0.0041699293,994,AAA,0
601866.SH,2025Q4,0.003424539,1009,AAA,0
601866.SH,2026Q1,0.008103195,946,AAA,0
601868.SH,2025Q3,0.004389739,991,AAA,0
601868.SH,2025Q4,0.0041507054,995,AAA,0
601868.SH,2026Q1,0.0065591517,962,AAA,0
601869.SH,2025Q3,0.0011160631,1090,AAA,0
601869.SH,2025Q4,0.0010666588,1093,AAA,0
601869.SH,2026Q1,0.000968636,1100,AAA,0
601872.SH,2025Q3,0.0023831849,1035,AAA,0
601872.SH,2025Q4,0.002315665,1037,AAA,0
601872.SH,2026Q1,0.0021155505,1044,AAA,0
601877.SH,2025Q3,0.0010330294,1095,AAA,0
601877.SH,2025Q4,0.0011221756,1089,AAA,0
601877.SH,2026Q1,0.0008877326,1106,AAA,0
601878.SH,2025Q3,0.0012284396,1083,AAA,0
601878.SH,2025Q4,0.0014055556,1073,AAA,0
601878.SH,2026Q1,0.001771451,1056,AAA,0
601880.SH,2025Q3,0.006729526,960,AAA,0
601880.SH,2025Q4,0.010961225,924,AAA,0
601880.SH,2026Q1,0.0068764267,958,AAA,0
601881.SH,2025Q3,0.0014882024,1069,AAA,0
601881.SH,2025Q4,0.0013159052,1078,AAA,0
601881.SH,2026Q1,0.0024056025,1034,AAA,0
601882.SH,2025Q3,0.0009464028,1102,AAA,0
601882.SH,2025Q4,0.0017025037,1059,AAA,0
601882.SH,2026Q1,0.0015985676,1064,AAA,0
601886.SH,2025Q3,0.0012497314,1082,AAA,0
601886.SH,2025Q4,0.0022618629,1039,AAA,0
601886.SH,2026Q1,0.0027086355,1026,AAA,0
601888.SH,2025Q3,0.00078507845,1115,AAA,0
601888.SH,2025Q4,0.000992226,1098,AAA,0
601888.SH,2026Q1,0.000855013,1109,AAA,0
601890.SH,2025Q3,0.0022354778,1040,AAA,0
601890.SH,2025Q4,0.0015986261,1064,AAA,0
601890.SH,2026Q1,0.0023149115,1037,AAA,0
601898.SH,2025Q3,0.0018506374,1053,AAA,0
601898.SH,2025Q4,0.0020289451,1047,AAA,0
601898.SH,2026Q1,0.0018428346,1054,AAA,0
601899.SH,2025Q3,0.001633757,1062,AAA,0
601899.SH,2025Q4,0.0016438734,1062,AAA,0
601899.SH,2026Q1,0.001586126,1064,AAA,0
601900.SH,2025Q3,0.0011392122,1088,AAA,0
601900.SH,2025Q4,0.0015110257,1068,AAA,0
601900.SH,2026Q1,0.0019028555,1051,AAA,0
601901.SH,2025Q3,0.0026624785,1027,AAA,0
601901.SH,2025Q4,0.002273875,1038,AAA,0
601901.SH,2026Q1,0.0023071144,1037,AAA,0
601908.SH,2025Q3,0.08633506,770,AAA,0
601908.SH,2025Q4,0.11973061,743,AAA,0
601908.SH,2026Q1,0.11842673,744,AAA,0
601916.SH,2025Q3,0.001409914,1073,AAA,0
601916.SH,2025Q4,0.002658187,1027,AAA,0
601916.SH,2026Q1,0.0023294252,1037,AAA,0
601918.SH,2025Q3,0.0035163036,1007,AAA,0
601918.SH,2025Q4,0.003204556,1014,AAA,0
601918.SH,2026Q1,0.0026846179,1026,AAA,0
601919.SH,2025Q3,0.0010366886,1095,AAA,0
601919.SH,2025Q4,0.00097099587,1100,AAA,0
601919.SH,2026Q1,0.0013008682,1079,AAA,0
601921.SH,2025Q3,0.001426715,1072,AAA,0
601921.SH,2025Q4,0.0021220755,1043,AAA,0
601921.SH,2026Q1,0.0023706611,1035,AAA,0
601928.SH,2025Q3,0.0020029463,1048,AAA,0
601928.SH,2025Q4,0.0025786527,1029,AAA,0
601928.SH,2026Q1,0.0024604579,1033,AAA,0
601929.SH,2025Q3,0.020214248,879,AAA,0
601929.SH,2025Q4,0.0037276202,1003,AAA,0
601929.SH,2026Q1,0.008589943,942,AAA,0
601933.SH,2025Q3,0.0170225,892,AAA,0
601933.SH,2025Q4,0.56832427,580,BBB,0
601933.SH,2026Q1,0.97928065,321,C,0
601939.SH,2025Q3,0.0015942364,1064,AAA,0
601939.SH,2025Q4,0.0025873098,1029,AAA,0
601939.SH,2026Q1,0.0025999632,1029,AAA,0
601949.SH,2025Q3,0.0021386785,1043,AAA,0
601949.SH,2025Q4,0.0019175018,1051,AAA,0
601949.SH,2026Q1,0.005226404,978,AAA,0
601952.SH,2025Q3,0.006804463,959,AAA,0
601952.SH,2025Q4,0.016112903,896,AAA,0
601952.SH,2026Q1,0.013737848,908,AAA,0
601956.SH,2025Q3,0.002060398,1045,AAA,0
601956.SH,2025Q4,0.004579373,988,AAA,0
601956.SH,2026Q1,0.0071646813,955,AAA,0
601958.SH,2025Q3,0.0018971259,1051,AAA,0
601958.SH,2025Q4,0.002572665,1029,AAA,0
601958.SH,2026Q1,0.0017009386,1059,AAA,0
601963.SH,2025Q3,0.0012957532,1079,AAA,0
601963.SH,2025Q4,0.0014886864,1069,AAA,0
601963.SH,2026Q1,0.001898103,1051,AAA,0
601965.SH,2025Q3,0.0008051974,1113,AAA,0
601965.SH,2025Q4,0.00103558,1095,AAA,0
601965.SH,2026Q1,0.0012285912,1083,AAA,0
601966.SH,2025Q3,0.00077228097,1116,AAA,0
601966.SH,2025Q4,0.0010156013,1097,AAA,0
601966.SH,2026Q1,0.00458734,988,AAA,0
601968.SH,2025Q3,0.0022340498,1040,AAA,0
601968.SH,2025Q4,0.0047408263,985,AAA,0
601968.SH,2026Q1,0.007864627,948,AAA,0
601969.SH,2025Q3,0.008593562,942,AAA,0
601969.SH,2025Q4,0.0056092516,973,AAA,0
601969.SH,2026Q1,0.006248767,965,AAA,0
601975.SH,2025Q3,0.0039715474,998,AAA,0
601975.SH,2025Q4,0.013795903,907,AAA,0
601975.SH,2026Q1,0.0026032794,1029,AAA,0
601985.SH,2025Q3,0.0028714628,1021,AAA,0
601985.SH,2025Q4,0.003999689,998,AAA,0
601985.SH,2026Q1,0.0040965294,996,AAA,0
601988.SH,2025Q3,0.0013182109,1078,AAA,0
601988.SH,2025Q4,0.0016147392,1063,AAA,0
601988.SH,2026Q1,0.0027860631,1024,AAA,0
601990.SH,2025Q3,0.001847798,1053,AAA,0
601990.SH,2025Q4,0.0020710377,1045,AAA,0
601990.SH,2026Q1,0.0024392086,1033,AAA,0
601991.SH,2025Q3,0.0023366017,1036,AAA,0
601991.SH,2025Q4,0.004480423,989,AAA,0
601991.SH,2026Q1,0.0025682368,1030,AAA,0
601992.SH,2025Q3,0.0062540486,965,AAA,0
601992.SH,2025Q4,0.0032090964,1013,AAA,0
601992.SH,2026Q1,0.005581669,973,AAA,0
601995.SH,2025Q3,0.001358407,1076,AAA,0
601995.SH,2025Q4,0.0013357588,1077,AAA,0
601995.SH,2026Q1,0.0013573167,1076,AAA,0
601996.SH,2025Q3,0.006571844,961,AAA,0
601996.SH,2025Q4,0.014170001,906,AAA,0
601996.SH,2026Q1,0.005674964,972,AAA,0
601997.SH,2025Q3,0.0011744032,1086,AAA,0
601997.SH,2025Q4,0.001635409,1062,AAA,0
601997.SH,2026Q1,0.0018253018,1054,AAA,0
601998.SH,2025Q3,0.0010403611,1095,AAA,0
601998.SH,2025Q4,0.0016872342,1060,AAA,0
601998.SH,2026Q1,0.0012944593,1079,AAA,0
601999.SH,2025Q3,0.0023036804,1037,AAA,0
601999.SH,2025Q4,0.0021799465,1041,AAA,0
601999.SH,2026Q1,0.0031234452,1015,AAA,0
603000.SH,2025Q3,0.0022012335,1041,AAA,0
603000.SH,2025Q4,0.0016765735,1060,AAA,0
603000.SH,2026Q1,0.0075136,952,AAA,0
603001.SH,2025Q3,0.010968621,924,AAA,0
603001.SH,2025Q4,0.010482125,928,AAA,0
603001.SH,2026Q1,0.0037938321,1001,AAA,0
603002.SH,2025Q3,0.0016652057,1061,AAA,0
603002.SH,2025Q4,0.0019986778,1048,AAA,0
603002.SH,2026Q1,0.0029540015,1019,AAA,0
603004.SH,2025Q3,0.0007261909,1121,AAA,0
603004.SH,2025Q4,0.0012642461,1081,AAA,0
603004.SH,2026Q1,0.0016350548,1062,AAA,0
603005.SH,2025Q3,0.0014678339,1070,AAA,0
603005.SH,2025Q4,0.0017025822,1059,AAA,0
603005.SH,2026Q1,0.0032647918,1012,AAA,0
603006.SH,2025Q3,0.0013441457,1076,AAA,0
603006.SH,2025Q4,0.005168746,979,AAA,0
603006.SH,2026Q1,0.0041178763,995,AAA,0
603007.SH,2025Q3,0.9540177,381,C,0
603007.SH,2025Q4,0.96214265,366,C,0
603007.SH,2026Q1,0.6645474,550,BBB,0
603008.SH,2025Q3,0.00070975086,1122,AAA,0
603008.SH,2025Q4,0.0009899937,1098,AAA,0
603008.SH,2026Q1,0.0019327382,1050,AAA,0
603009.SH,2025Q3,0.0013437816,1076,AAA,0
603009.SH,2025Q4,0.0011839624,1086,AAA,0
603009.SH,2026Q1,0.0012757527,1080,AAA,0
603010.SH,2025Q3,0.0014598867,1070,AAA,0
603010.SH,2025Q4,0.005199969,978,AAA,0
603010.SH,2026Q1,0.0042555467,993,AAA,0
603011.SH,2025Q3,0.0037326724,1003,AAA,0
603011.SH,2025Q4,0.0057018343,972,AAA,0
603011.SH,2026Q1,0.0054887044,975,AAA,0
603012.SH,2025Q3,0.0047160923,986,AAA,0
603012.SH,2025Q4,0.0020420125,1046,AAA,0
603012.SH,2026Q1,0.0026717759,1027,AAA,0
603013.SH,2025Q3,0.00074898376,1119,AAA,0
603013.SH,2025Q4,0.0008900681,1106,AAA,0
603013.SH,2026Q1,0.0010309406,1096,AAA,0
603014.SH,2025Q3,0.00082956307,1111,AAA,0
603014.SH,2025Q4,0.0008431278,1110,AAA,0
603014.SH,2026Q1,0.0017141585,1059,AAA,0
603015.SH,2025Q3,0.003916916,999,AAA,0
603015.SH,2025Q4,0.004264979,993,AAA,0
603015.SH,2026Q1,0.0069527016,957,AAA,0
603016.SH,2025Q3,0.016224388,896,AAA,0
603016.SH,2025Q4,0.003600921,1005,AAA,0
603016.SH,2026Q1,0.022921702,870,AAA,0
603017.SH,2025Q3,0.0020115029,1047,AAA,0
603017.SH,2025Q4,0.0029694468,1019,AAA,0
603017.SH,2026Q1,0.0018175261,1055,AAA,0
603018.SH,2025Q3,0.0015385412,1067,AAA,0
603018.SH,2025Q4,0.0010829535,1092,AAA,0
603018.SH,2026Q1,0.0013657594,1075,AAA,0
603019.SH,2025Q3,0.0009919759,1098,AAA,0
603019.SH,2025Q4,0.00092965417,1103,AAA,0
603019.SH,2026Q1,0.0010496676,1094,AAA,0
603020.SH,2025Q3,0.0009996931,1098,AAA,0
603020.SH,2025Q4,0.0009830807,1099,AAA,0
603020.SH,2026Q1,0.0009870967,1099,AAA,0
603021.SH,2025Q3,0.95604026,377,C,0
603021.SH,2025Q4,0.97014713,348,C,0
603021.SH,2026Q1,0.9710199,346,C,0
603022.SH,2025Q3,0.0014105365,1073,AAA,0
603022.SH,2025Q4,0.001487149,1069,AAA,0
603022.SH,2026Q1,0.0016403282,1062,AAA,0
603023.SH,2025Q3,0.052946,808,AAA,0
603023.SH,2025Q4,0.1234231,741,AAA,0
603023.SH,2026Q1,0.04234157,824,AAA,0
603025.SH,2025Q3,0.0017424412,1058,AAA,0
603025.SH,2025Q4,0.0017903894,1056,AAA,0
603025.SH,2026Q1,0.0018745824,1052,AAA,0
603026.SH,2025Q3,0.0027047805,1026,AAA,0
603026.SH,2025Q4,0.0026483347,1027,AAA,0
603026.SH,2026Q1,0.0049345214,982,AAA,0
603027.SH,2025Q3,0.0022013497,1041,AAA,0
603027.SH,2025Q4,0.0034463725,1008,AAA,0
603027.SH,2026Q1,0.010870227,925,AAA,0
603028.SH,2025Q3,0.0075095613,952,AAA,0
603028.SH,2025Q4,0.017434053,890,AAA,0
603028.SH,2026Q1,0.027471717,857,AAA,0
603029.SH,2025Q3,0.0013298817,1077,AAA,0
603029.SH,2025Q4,0.0011013907,1091,AAA,0
603029.SH,2026Q1,0.0017753992,1056,AAA,0
603030.SH,2025Q3,0.008871568,940,AAA,0
603030.SH,2025Q4,0.0163396,895,AAA,0
603030.SH,2026Q1,0.018535133,886,AAA,0
603031.SH,2025Q3,0.00091980206,1104,AAA,0
603031.SH,2025Q4,0.00093007454,1103,AAA,0
603031.SH,2026Q1,0.0012014078,1084,AAA,0
603032.SH,2025Q3,0.003056073,1017,AAA,0
603032.SH,2025Q4,0.0024324954,1033,AAA,0
603032.SH,2026Q1,0.0023190416,1037,AAA,0
603033.SH,2025Q3,0.036517777,836,AAA,0
603033.SH,2025Q4,0.031919073,846,AAA,0
603033.SH,2026Q1,0.024134353,866,AAA,0
603035.SH,2025Q3,0.0010890218,1092,AAA,0
603035.SH,2025Q4,0.001042442,1095,AAA,0
603035.SH,2026Q1,0.0010345845,1095,AAA,0
603036.SH,2025Q3,0.0018881902,1052,AAA,0
603036.SH,2025Q4,0.0017008462,1059,AAA,0
603036.SH,2026Q1,0.0019277802,1050,AAA,0
603037.SH,2025Q3,0.0023716819,1035,AAA,0
603037.SH,2025Q4,0.0021560981,1042,AAA,0
603037.SH,2026Q1,0.0034223723,1009,AAA,0
603038.SH,2025Q3,0.0016880431,1060,AAA,0
603038.SH,2025Q4,0.0012383956,1082,AAA,0
603038.SH,2026Q1,0.011527742,921,AAA,0
603039.SH,2025Q3,0.0009748673,1100,AAA,0
603039.SH,2025Q4,0.0010197404,1096,AAA,0
603039.SH,2026Q1,0.0021270553,1043,AAA,0
603040.SH,2025Q3,0.0009616196,1101,AAA,0
603040.SH,2025Q4,0.000976864,1099,AAA,0
603040.SH,2026Q1,0.0015746017,1065,AAA,0
603041.SH,2025Q3,0.0012622753,1081,AAA,0
603041.SH,2025Q4,0.002150509,1042,AAA,0
603041.SH,2026Q1,0.0014947277,1069,AAA,0
603042.SH,2025Q3,0.007877475,948,AAA,0
603042.SH,2025Q4,0.010406806,928,AAA,0
603042.SH,2026Q1,0.009155436,937,AAA,0
603043.SH,2025Q3,0.0015605281,1066,AAA,0
603043.SH,2025Q4,0.0016205413,1063,AAA,0
603043.SH,2026Q1,0.0029986424,1018,AAA,0
603045.SH,2025Q3,0.0013346652,1077,AAA,0
603045.SH,2025Q4,0.0014026907,1073,AAA,0
603045.SH,2026Q1,0.003477877,1008,AAA,0
603048.SH,2025Q3,0.0010770967,1092,AAA,0
603048.SH,2025Q4,0.001374906,1075,AAA,0
603048.SH,2026Q1,0.0017612475,1057,AAA,0
603049.SH,2025Q3,0.0012987829,1079,AAA,0
603049.SH,2025Q4,0.0012083546,1084,AAA,0
603049.SH,2026Q1,0.0010534689,1094,AAA,0
603050.SH,2025Q3,0.0039809085,998,AAA,0
603050.SH,2025Q4,0.0032196166,1013,AAA,0
603050.SH,2026Q1,0.0065843514,961,AAA,0
603051.SH,2025Q3,0.0023525334,1036,AAA,0
603051.SH,2025Q4,0.004563156,988,AAA,0
603051.SH,2026Q1,0.0013670614,1075,AAA,0
603052.SH,2025Q3,0.0015390004,1067,AAA,0
603052.SH,2025Q4,0.001646302,1062,AAA,0
603052.SH,2026Q1,0.0035005615,1007,AAA,0
603053.SH,2025Q3,0.006822058,959,AAA,0
603053.SH,2025Q4,0.00870614,941,AAA,0
603053.SH,2026Q1,0.011465776,921,AAA,0
603055.SH,2025Q3,0.0013139785,1078,AAA,0
603055.SH,2025Q4,0.00342212,1009,AAA,0
603055.SH,2026Q1,0.0018545028,1053,AAA,0
603057.SH,2025Q3,0.0012250136,1083,AAA,0
603057.SH,2025Q4,0.0025522825,1030,AAA,0
603057.SH,2026Q1,0.0027425704,1025,AAA,0
603058.SH,2025Q3,0.0028370854,1022,AAA,0
603058.SH,2025Q4,0.0033132806,1011,AAA,0
603058.SH,2026Q1,0.003948956,998,AAA,0
603059.SH,2025Q3,0.0013762985,1075,AAA,0
603059.SH,2025Q4,0.0066044843,961,AAA,0
603059.SH,2026Q1,0.0026783121,1027,AAA,0
603060.SH,2025Q3,0.005333065,977,AAA,0
603060.SH,2025Q4,0.012296082,916,AAA,0
603060.SH,2026Q1,0.0077180993,950,AAA,0
603061.SH,2025Q3,0.00085054786,1109,AAA,0
603061.SH,2025Q4,0.0006872378,1125,AAA,0
603061.SH,2026Q1,0.0007972756,1114,AAA,0
603062.SH,2025Q3,0.0013417712,1076,AAA,0
603062.SH,2025Q4,0.0017358878,1058,AAA,0
603062.SH,2026Q1,0.004108331,996,AAA,0
603063.SH,2025Q3,0.00071132014,1122,AAA,0
603063.SH,2025Q4,0.00066623004,1127,AAA,0
603063.SH,2026Q1,0.0027685922,1024,AAA,0
603065.SH,2025Q3,0.0060072704,968,AAA,0
603065.SH,2025Q4,0.009526827,934,AAA,0
603065.SH,2026Q1,0.011821857,919,AAA,0
603066.SH,2025Q3,0.003148584,1015,AAA,0
603066.SH,2025Q4,0.0021335403,1043,AAA,0
603066.SH,2026Q1,0.0037297108,1003,AAA,0
603067.SH,2025Q3,0.0015252663,1067,AAA,0
603067.SH,2025Q4,0.002249394,1039,AAA,0
603067.SH,2026Q1,0.0021393124,1043,AAA,0
603068.SH,2025Q3,0.0014693828,1070,AAA,0
603068.SH,2025Q4,0.0011350834,1089,AAA,0
603068.SH,2026Q1,0.0008390593,1110,AAA,0
603069.SH,2025Q3,0.011038404,924,AAA,0
603069.SH,2025Q4,0.008146653,946,AAA,0
603069.SH,2026Q1,0.013278354,910,AAA,0
603070.SH,2025Q3,0.0013548016,1076,AAA,0
603070.SH,2025Q4,0.0016098553,1063,AAA,0
603070.SH,2026Q1,0.004877667,983,AAA,0
603071.SH,2025Q3,0.0014940241,1069,AAA,0
603071.SH,2025Q4,0.0015145448,1068,AAA,0
603071.SH,2026Q1,0.0017743667,1056,AAA,0
603072.SH,2025Q3,0.00092230533,1104,AAA,0
603072.SH,2025Q4,0.00083304616,1111,AAA,0
603072.SH,2026Q1,0.00083632936,1111,AAA,0
603073.SH,2025Q3,0.001066027,1093,AAA,0
603073.SH,2025Q4,0.0018759301,1052,AAA,0
603073.SH,2026Q1,0.0020211798,1047,AAA,0
603075.SH,2025Q3,0.00140117,1073,AAA,0
603075.SH,2025Q4,0.0029259943,1020,AAA,0
603075.SH,2026Q1,0.0015203195,1067,AAA,0
603076.SH,2025Q3,0.0011684969,1086,AAA,0
603076.SH,2025Q4,0.0013157843,1078,AAA,0
603076.SH,2026Q1,0.0017372775,1058,AAA,0
603077.SH,2025Q3,0.0038950911,999,AAA,0
603077.SH,2025Q4,0.038446523,832,AAA,0
603077.SH,2026Q1,0.018114248,888,AAA,0
603078.SH,2025Q3,0.002029082,1047,AAA,0
603078.SH,2025Q4,0.0016966446,1060,AAA,0
603078.SH,2026Q1,0.0020297514,1047,AAA,0
603079.SH,2025Q3,0.0013042121,1079,AAA,0
603079.SH,2025Q4,0.0011698691,1086,AAA,0
603079.SH,2026Q1,0.0013868719,1074,AAA,0
603080.SH,2025Q3,0.0014669248,1070,AAA,0
603080.SH,2025Q4,0.0019888852,1048,AAA,0
603080.SH,2026Q1,0.001707235,1059,AAA,0
603081.SH,2025Q3,0.0015059679,1068,AAA,0
603081.SH,2025Q4,0.0014048531,1073,AAA,0
603081.SH,2026Q1,0.0051412988,979,AAA,0
603082.SH,2025Q3,0.0007712591,1116,AAA,0
603082.SH,2025Q4,0.00073371653,1120,AAA,0
603082.SH,2026Q1,0.000985204,1099,AAA,0
603083.SH,2025Q3,0.001278995,1080,AAA,0
603083.SH,2025Q4,0.0018330957,1054,AAA,0
603083.SH,2026Q1,0.0018699132,1053,AAA,0
603085.SH,2025Q3,0.00415867,995,AAA,0
603085.SH,2025Q4,0.006588445,961,AAA,0
603085.SH,2026Q1,0.017044893,892,AAA,0
603086.SH,2025Q3,0.0038978911,999,AAA,0
603086.SH,2025Q4,0.0031937489,1014,AAA,0
603086.SH,2026Q1,0.0027808812,1024,AAA,0
603087.SH,2025Q3,0.00096274173,1100,AAA,0
603087.SH,2025Q4,0.0014113695,1073,AAA,0
603087.SH,2026Q1,0.00092017814,1104,AAA,0
603088.SH,2025Q3,0.0016208143,1063,AAA,0
603088.SH,2025Q4,0.001332739,1077,AAA,0
603088.SH,2026Q1,0.002432868,1033,AAA,0
603089.SH,2025Q3,0.001783633,1056,AAA,0
603089.SH,2025Q4,0.0012447591,1082,AAA,0
603089.SH,2026Q1,0.0025152806,1031,AAA,0
603090.SH,2025Q3,0.0023286075,1037,AAA,0
603090.SH,2025Q4,0.0011918123,1085,AAA,0
603090.SH,2026Q1,0.0016062213,1063,AAA,0
603091.SH,2025Q3,0.0010097418,1097,AAA,0
603091.SH,2025Q4,0.0008601328,1109,AAA,0
603091.SH,2026Q1,0.0008236011,1112,AAA,0
603092.SH,2025Q3,0.0008407523,1110,AAA,0
603092.SH,2025Q4,0.00080897467,1113,AAA,0
603092.SH,2026Q1,0.0011738222,1086,AAA,0
603093.SH,2025Q3,0.0017440701,1058,AAA,0
603093.SH,2025Q4,0.0017093729,1059,AAA,0
603093.SH,2026Q1,0.0020552403,1046,AAA,0
603095.SH,2025Q3,0.0011149952,1090,AAA,0
603095.SH,2025Q4,0.0011603704,1087,AAA,0
603095.SH,2026Q1,0.0025829365,1029,AAA,0
603096.SH,2025Q3,0.002552471,1030,AAA,0
603096.SH,2025Q4,0.001570831,1065,AAA,0
603096.SH,2026Q1,0.0011991194,1085,AAA,0
603097.SH,2025Q3,0.0013929881,1074,AAA,0
603097.SH,2025Q4,0.0015711766,1065,AAA,0
603097.SH,2026Q1,0.0028011906,1023,AAA,0
603098.SH,2025Q3,0.0015125567,1068,AAA,0
603098.SH,2025Q4,0.0014965386,1069,AAA,0
603098.SH,2026Q1,0.0025625986,1030,AAA,0
603099.SH,2025Q3,0.004769289,985,AAA,0
603099.SH,2025Q4,0.0023854272,1035,AAA,0
603099.SH,2026Q1,0.0033847387,1010,AAA,0
603100.SH,2025Q3,0.00075916795,1118,AAA,0
603100.SH,2025Q4,0.0008543142,1109,AAA,0
603100.SH,2026Q1,0.0008565411,1109,AAA,0
603101.SH,2025Q3,0.004608717,987,AAA,0
603101.SH,2025Q4,0.014675482,903,AAA,0
603101.SH,2026Q1,0.009812661,932,AAA,0
603102.SH,2025Q3,0.0008250059,1112,AAA,0
603102.SH,2025Q4,0.0010000222,1098,AAA,0
603102.SH,2026Q1,0.0011620938,1087,AAA,0
603103.SH,2025Q3,0.0071443818,955,AAA,0
603103.SH,2025Q4,0.006439164,963,AAA,0
603103.SH,2026Q1,0.011573931,920,AAA,0
603105.SH,2025Q3,0.0055647558,974,AAA,0
603105.SH,2025Q4,0.008495588,943,AAA,0
603105.SH,2026Q1,0.020685477,878,AAA,0
603106.SH,2025Q3,0.013006356,912,AAA,0
603106.SH,2025Q4,0.0052028312,978,AAA,0
603106.SH,2026Q1,0.0079198135,948,AAA,0
603107.SH,2025Q3,0.0014156118,1073,AAA,0
603107.SH,2025Q4,0.0012973666,1079,AAA,0
603107.SH,2026Q1,0.0016364853,1062,AAA,0
603108.SH,2025Q3,0.020814095,877,AAA,0
603108.SH,2025Q4,0.023459854,868,AAA,0
603108.SH,2026Q1,0.041199088,827,AAA,0
603109.SH,2025Q3,0.0007846637,1115,AAA,0
603109.SH,2025Q4,0.00090134796,1105,AAA,0
603109.SH,2026Q1,0.0014515953,1071,AAA,0
603110.SH,2025Q3,0.007722359,950,AAA,0
603110.SH,2025Q4,0.0106833,926,AAA,0
603110.SH,2026Q1,0.0061479146,966,AAA,0
603111.SH,2025Q3,0.0012004062,1085,AAA,0
603111.SH,2025Q4,0.0013105714,1078,AAA,0
603111.SH,2026Q1,0.0021226814,1043,AAA,0
603112.SH,2025Q3,0.0009174922,1104,AAA,0
603112.SH,2025Q4,0.0011039164,1091,AAA,0
603112.SH,2026Q1,0.0011192088,1090,AAA,0
603113.SH,2025Q3,0.0025399872,1030,AAA,0
603113.SH,2025Q4,0.0034698346,1008,AAA,0
603113.SH,2026Q1,0.012466239,915,AAA,0
603115.SH,2025Q3,0.0010386102,1095,AAA,0
603115.SH,2025Q4,0.0013933078,1074,AAA,0
603115.SH,2026Q1,0.0011171992,1090,AAA,0
603116.SH,2025Q3,0.0063874223,964,AAA,0
603116.SH,2025Q4,0.01089172,925,AAA,0
603116.SH,2026Q1,0.0029991344,1018,AAA,0
603117.SH,2025Q3,0.043945327,822,AAA,0
603117.SH,2025Q4,0.014253009,905,AAA,0
603117.SH,2026Q1,0.32650468,652,AA,0
603118.SH,2025Q3,0.012508898,915,AAA,0
603118.SH,2025Q4,0.0017822777,1056,AAA,0
603118.SH,2026Q1,0.0021480005,1042,AAA,0
603119.SH,2025Q3,0.0009815744,1099,AAA,0
603119.SH,2025Q4,0.0015154695,1068,AAA,0
603119.SH,2026Q1,0.002922481,1020,AAA,0
603120.SH,2025Q3,0.0012748446,1080,AAA,0
603120.SH,2025Q4,0.0010450318,1095,AAA,0
603120.SH,2026Q1,0.0009068033,1105,AAA,0
603121.SH,2025Q3,0.003606647,1005,AAA,0
603121.SH,2025Q4,0.014410733,904,AAA,0
603121.SH,2026Q1,0.033558886,842,AAA,0
603122.SH,2025Q3,0.008323753,944,AAA,0
603122.SH,2025Q4,0.024993436,864,AAA,0
603122.SH,2026Q1,0.050303817,811,AAA,0
603123.SH,2025Q3,0.010001821,931,AAA,0
603123.SH,2025Q4,0.010753464,926,AAA,0
603123.SH,2026Q1,0.03831527,832,AAA,0
603124.SH,2025Q3,0.0007957879,1114,AAA,0
603124.SH,2025Q4,0.000978542,1099,AAA,0
603124.SH,2026Q1,0.00096353446,1100,AAA,0
603125.SH,2025Q3,0.0017744385,1056,AAA,0
603125.SH,2025Q4,0.002160294,1042,AAA,0
603125.SH,2026Q1,0.0023183157,1037,AAA,0
603126.SH,2025Q3,0.0044675614,989,AAA,0
603126.SH,2025Q4,0.003348058,1010,AAA,0
603126.SH,2026Q1,0.0041064643,996,AAA,0
603127.SH,2025Q3,0.0020418074,1046,AAA,0
603127.SH,2025Q4,0.0017619544,1057,AAA,0
603127.SH,2026Q1,0.0021364368,1043,AAA,0
603128.SH,2025Q3,0.0039496217,998,AAA,0
603128.SH,2025Q4,0.0030116215,1018,AAA,0
603128.SH,2026Q1,0.004236974,993,AAA,0
603129.SH,2025Q3,0.00091007905,1105,AAA,0
603129.SH,2025Q4,0.00088456203,1107,AAA,0
603129.SH,2026Q1,0.00087515195,1107,AAA,0
603130.SH,2025Q3,0.0014484008,1071,AAA,0
603130.SH,2025Q4,0.0018312208,1054,AAA,0
603130.SH,2026Q1,0.0017611955,1057,AAA,0
603131.SH,2025Q3,0.004620413,987,AAA,0
603131.SH,2025Q4,0.004550261,988,AAA,0
603131.SH,2026Q1,0.0060090735,968,AAA,0
603132.SH,2025Q3,0.015962267,897,AAA,0
603132.SH,2025Q4,0.02674727,859,AAA,0
603132.SH,2026Q1,0.015597333,898,AAA,0
603135.SH,2025Q3,0.0043089273,992,AAA,0
603135.SH,2025Q4,0.0079272995,948,AAA,0
603135.SH,2026Q1,0.00445359,990,AAA,0
603136.SH,2025Q3,0.00425647,993,AAA,0
603136.SH,2025Q4,0.017376788,891,AAA,0
603136.SH,2026Q1,0.007982268,947,AAA,0
603137.SH,2025Q3,0.0023813352,1035,AAA,0
603137.SH,2025Q4,0.008601724,942,AAA,0
603137.SH,2026Q1,0.0042290045,993,AAA,0
603138.SH,2025Q3,0.0039171707,999,AAA,0
603138.SH,2025Q4,0.0018263897,1054,AAA,0
603138.SH,2026Q1,0.0047911545,984,AAA,0
603139.SH,2025Q3,0.0048584663,983,AAA,0
603139.SH,2025Q4,0.01806934,888,AAA,0
603139.SH,2026Q1,0.034735546,839,AAA,0
603150.SH,2025Q3,0.00077684765,1116,AAA,0
603150.SH,2025Q4,0.0010376549,1095,AAA,0
603150.SH,2026Q1,0.0016868494,1060,AAA,0
603151.SH,2025Q3,0.0017414163,1058,AAA,0
603151.SH,2025Q4,0.0017668323,1057,AAA,0
603151.SH,2026Q1,0.0020335992,1046,AAA,0
603153.SH,2025Q3,0.0015417184,1066,AAA,0
603153.SH,2025Q4,0.00094336714,1102,AAA,0
603153.SH,2026Q1,0.001862439,1053,AAA,0
603155.SH,2025Q3,0.004685368,986,AAA,0
603155.SH,2025Q4,0.0038277186,1001,AAA,0
603155.SH,2026Q1,0.0035246173,1007,AAA,0
603156.SH,2025Q3,0.0073913652,953,AAA,0
603156.SH,2025Q4,0.022704618,871,AAA,0
603156.SH,2026Q1,0.0030997589,1016,AAA,0
603158.SH,2025Q3,0.002012559,1047,AAA,0
603158.SH,2025Q4,0.0022855513,1038,AAA,0
603158.SH,2026Q1,0.0018600818,1053,AAA,0
603159.SH,2025Q3,0.019859053,881,AAA,0
603159.SH,2025Q4,0.014765007,903,AAA,0
603159.SH,2026Q1,0.026197426,860,AAA,0
603160.SH,2025Q3,0.0008250535,1112,AAA,0
603160.SH,2025Q4,0.0008906378,1106,AAA,0
603160.SH,2026Q1,0.0012269282,1083,AAA,0
603161.SH,2025Q3,0.0010900965,1091,AAA,0
603161.SH,2025Q4,0.0021695627,1042,AAA,0
603161.SH,2026Q1,0.0019526974,1049,AAA,0
603162.SH,2025Q3,0.0029063674,1021,AAA,0
603162.SH,2025Q4,0.004042063,997,AAA,0
603162.SH,2026Q1,0.003261716,1012,AAA,0
603163.SH,2025Q3,0.00097242213,1100,AAA,0
603163.SH,2025Q4,0.0009479753,1102,AAA,0
603163.SH,2026Q1,0.0014936812,1069,AAA,0
603165.SH,2025Q3,0.0022289993,1040,AAA,0
603165.SH,2025Q4,0.0018788448,1052,AAA,0
603165.SH,2026Q1,0.001604132,1064,AAA,0
603166.SH,2025Q3,0.0014147406,1073,AAA,0
603166.SH,2025Q4,0.0012516637,1082,AAA,0
603166.SH,2026Q1,0.0011654944,1087,AAA,0
603167.SH,2025Q3,0.0017920731,1056,AAA,0
603167.SH,2025Q4,0.0023965908,1035,AAA,0
603167.SH,2026Q1,0.0016500272,1062,AAA,0
603168.SH,2025Q3,0.005784564,971,AAA,0
603168.SH,2025Q4,0.007767317,949,AAA,0
603168.SH,2026Q1,0.015973425,897,AAA,0
603169.SH,2025Q3,0.0033836192,1010,AAA,0
603169.SH,2025Q4,0.0047461614,985,AAA,0
603169.SH,2026Q1,0.0104976315,927,AAA,0
603170.SH,2025Q3,0.0019379753,1050,AAA,0
603170.SH,2025Q4,0.0034938313,1007,AAA,0
603170.SH,2026Q1,0.0012564235,1081,AAA,0
603171.SH,2025Q3,0.0019616345,1049,AAA,0
603171.SH,2025Q4,0.0014696702,1070,AAA,0
603171.SH,2026Q1,0.004489998,989,AAA,0
603172.SH,2025Q3,0.0009080764,1105,AAA,0
603172.SH,2025Q4,0.0013053288,1078,AAA,0
603172.SH,2026Q1,0.0015197333,1067,AAA,0
603173.SH,2025Q3,0.0008776697,1107,AAA,0
603173.SH,2025Q4,0.00086723117,1108,AAA,0
603173.SH,2026Q1,0.00089523,1106,AAA,0
603175.SH,2025Q3,0.0010943495,1091,AAA,0
603175.SH,2025Q4,0.0009820791,1099,AAA,0
603175.SH,2026Q1,0.0040321774,997,AAA,0
603176.SH,2025Q3,0.008722208,941,AAA,0
603176.SH,2025Q4,0.0068693836,958,AAA,0
603176.SH,2026Q1,0.011539033,921,AAA,0
603177.SH,2025Q3,0.016415708,895,AAA,0
603177.SH,2025Q4,0.005781359,971,AAA,0
603177.SH,2026Q1,0.018362632,887,AAA,0
603178.SH,2025Q3,0.0026764506,1027,AAA,0
603178.SH,2025Q4,0.0037980333,1001,AAA,0
603178.SH,2026Q1,0.0034756253,1008,AAA,0
603179.SH,2025Q3,0.0008236992,1112,AAA,0
603179.SH,2025Q4,0.00077035814,1117,AAA,0
603179.SH,2026Q1,0.0011335544,1089,AAA,0
603180.SH,2025Q3,0.001410335,1073,AAA,0
603180.SH,2025Q4,0.001782892,1056,AAA,0
603180.SH,2026Q1,0.0016225576,1063,AAA,0
603181.SH,2025Q3,0.0018095071,1055,AAA,0
603181.SH,2025Q4,0.002518592,1031,AAA,0
603181.SH,2026Q1,0.0018031707,1055,AAA,0
603182.SH,2025Q3,0.0012595748,1081,AAA,0
603182.SH,2025Q4,0.0022815675,1038,AAA,0
603182.SH,2026Q1,0.0018742594,1052,AAA,0
603183.SH,2025Q3,0.009038075,938,AAA,0
603183.SH,2025Q4,0.030927,848,AAA,0
603183.SH,2026Q1,0.02380886,867,AAA,0
603185.SH,2025Q3,0.0018536566,1053,AAA,0
603185.SH,2025Q4,0.001530066,1067,AAA,0
603185.SH,2026Q1,0.0018674558,1053,AAA,0
603186.SH,2025Q3,0.0037985784,1001,AAA,0
603186.SH,2025Q4,0.0035546653,1006,AAA,0
603186.SH,2026Q1,0.0012528218,1081,AAA,0
603187.SH,2025Q3,0.00067537697,1126,AAA,0
603187.SH,2025Q4,0.00089716667,1106,AAA,0
603187.SH,2026Q1,0.00085581705,1109,AAA,0
603188.SH,2025Q3,0.040789336,827,AAA,0
603188.SH,2025Q4,0.034546316,840,AAA,0
603188.SH,2026Q1,0.019607686,882,AAA,0
603189.SH,2025Q3,0.0035394765,1006,AAA,0
603189.SH,2025Q4,0.003126841,1015,AAA,0
603189.SH,2026Q1,0.010390246,928,AAA,0
603190.SH,2025Q3,0.0010701709,1093,AAA,0
603190.SH,2025Q4,0.001268336,1081,AAA,0
603190.SH,2026Q1,0.0011405206,1088,AAA,0
603191.SH,2025Q3,0.0010329289,1095,AAA,0
603191.SH,2025Q4,0.0009857641,1099,AAA,0
603191.SH,2026Q1,0.0018792124,1052,AAA,0
603192.SH,2025Q3,0.0012876857,1079,AAA,0
603192.SH,2025Q4,0.0022839678,1038,AAA,0
603192.SH,2026Q1,0.000903229,1105,AAA,0
603193.SH,2025Q3,0.0019166898,1051,AAA,0
603193.SH,2025Q4,0.0037710774,1002,AAA,0
603193.SH,2026Q1,0.0035524264,1006,AAA,0
603194.SH,2025Q3,0.000687435,1125,AAA,0
603194.SH,2025Q4,0.0006948042,1124,AAA,0
603194.SH,2026Q1,0.00078647304,1115,AAA,0
603195.SH,2025Q3,0.0012533577,1081,AAA,0
603195.SH,2025Q4,0.0013318578,1077,AAA,0
603195.SH,2026Q1,0.0008542972,1109,AAA,0
603196.SH,2025Q3,0.004671069,986,AAA,0
603196.SH,2025Q4,0.0024167278,1034,AAA,0
603196.SH,2026Q1,0.0019145593,1051,AAA,0
603197.SH,2025Q3,0.0007387315,1120,AAA,0
603197.SH,2025Q4,0.00078318873,1115,AAA,0
603197.SH,2026Q1,0.0011790448,1086,AAA,0
603198.SH,2025Q3,0.0010896195,1092,AAA,0
603198.SH,2025Q4,0.003181402,1014,AAA,0
603198.SH,2026Q1,0.0008104433,1113,AAA,0
603199.SH,2025Q3,0.0020050986,1047,AAA,0
603199.SH,2025Q4,0.0025768322,1029,AAA,0
603199.SH,2026Q1,0.0020419473,1046,AAA,0
603200.SH,2025Q3,0.0018000647,1055,AAA,0
603200.SH,2025Q4,0.0018753454,1052,AAA,0
603200.SH,2026Q1,0.0041773696,994,AAA,0
603201.SH,2025Q3,0.0010390264,1095,AAA,0
603201.SH,2025Q4,0.00121936,1083,AAA,0
603201.SH,2026Q1,0.0013533044,1076,AAA,0
603202.SH,2025Q3,0.0009396103,1102,AAA,0
603202.SH,2025Q4,0.0010584954,1094,AAA,0
603202.SH,2026Q1,0.0018520755,1053,AAA,0
603203.SH,2025Q3,0.0008967949,1106,AAA,0
603203.SH,2025Q4,0.0009119657,1104,AAA,0
603203.SH,2026Q1,0.00084717176,1110,AAA,0
603205.SH,2025Q3,0.0008067046,1113,AAA,0
603205.SH,2025Q4,0.00081951264,1112,AAA,0
603205.SH,2026Q1,0.00093188946,1103,AAA,0
603206.SH,2025Q3,0.0019471389,1050,AAA,0
603206.SH,2025Q4,0.0012487147,1082,AAA,0
603206.SH,2026Q1,0.0021092722,1044,AAA,0
603207.SH,2025Q3,0.006203458,966,AAA,0
603207.SH,2025Q4,0.0072711306,954,AAA,0
603207.SH,2026Q1,0.004752463,985,AAA,0
603208.SH,2025Q3,0.004791462,984,AAA,0
603208.SH,2025Q4,0.0042704986,993,AAA,0
603208.SH,2026Q1,0.007023934,957,AAA,0
603209.SH,2025Q3,0.0010983114,1091,AAA,0
603209.SH,2025Q4,0.0010797961,1092,AAA,0
603209.SH,2026Q1,0.001442438,1071,AAA,0
603210.SH,2025Q3,0.0012374028,1082,AAA,0
603210.SH,2025Q4,0.0018077993,1055,AAA,0
603210.SH,2026Q1,0.0021090966,1044,AAA,0
603211.SH,2025Q3,0.0019547737,1049,AAA,0
603211.SH,2025Q4,0.001892072,1052,AAA,0
603211.SH,2026Q1,0.0022174076,1040,AAA,0
603212.SH,2025Q3,0.0018820632,1052,AAA,0
603212.SH,2025Q4,0.002108891,1044,AAA,0
603212.SH,2026Q1,0.0018615555,1053,AAA,0
603213.SH,2025Q3,0.008706543,941,AAA,0
603213.SH,2025Q4,0.01676777,893,AAA,0
603213.SH,2026Q1,0.0052002035,978,AAA,0
603214.SH,2025Q3,0.0015380592,1067,AAA,0
603214.SH,2025Q4,0.0018795925,1052,AAA,0
603214.SH,2026Q1,0.0020590248,1046,AAA,0
603215.SH,2025Q3,0.001304854,1079,AAA,0
603215.SH,2025Q4,0.0011291127,1089,AAA,0
603215.SH,2026Q1,0.0033485976,1010,AAA,0
603216.SH,2025Q3,0.0012296571,1083,AAA,0
603216.SH,2025Q4,0.0012768345,1080,AAA,0
603216.SH,2026Q1,0.002132213,1043,AAA,0
603217.SH,2025Q3,0.0009995206,1098,AAA,0
603217.SH,2025Q4,0.0010481193,1094,AAA,0
603217.SH,2026Q1,0.0010409927,1095,AAA,0
603218.SH,2025Q3,0.00073335273,1120,AAA,0
603218.SH,2025Q4,0.00080706243,1113,AAA,0
603218.SH,2026Q1,0.0009859984,1099,AAA,0
603219.SH,2025Q3,0.0024780994,1032,AAA,0
603219.SH,2025Q4,0.0014928209,1069,AAA,0
603219.SH,2026Q1,0.010408348,928,AAA,0
603220.SH,2025Q3,0.004329818,992,AAA,0
603220.SH,2025Q4,0.0033411693,1011,AAA,0
603220.SH,2026Q1,0.00790617,948,AAA,0
603221.SH,2025Q3,0.0018659836,1053,AAA,0
603221.SH,2025Q4,0.0059901853,968,AAA,0
603221.SH,2026Q1,0.011684323,920,AAA,0
603222.SH,2025Q3,0.006495528,962,AAA,0
603222.SH,2025Q4,0.019455606,882,AAA,0
603222.SH,2026Q1,0.017299527,891,AAA,0
603223.SH,2025Q3,0.0069722813,957,AAA,0
603223.SH,2025Q4,0.013158135,911,AAA,0
603223.SH,2026Q1,0.010337252,929,AAA,0
603225.SH,2025Q3,0.0009498097,1101,AAA,0
603225.SH,2025Q4,0.0009757883,1099,AAA,0
603225.SH,2026Q1,0.0013044823,1079,AAA,0
603226.SH,2025Q3,0.011470894,921,AAA,0
603226.SH,2025Q4,0.01006203,931,AAA,0
603226.SH,2026Q1,0.034914285,839,AAA,0
603227.SH,2025Q3,0.0038607954,1000,AAA,0
603227.SH,2025Q4,0.0038754628,1000,AAA,0
603227.SH,2026Q1,0.008139135,946,AAA,0
603228.SH,2025Q3,0.00075351796,1118,AAA,0
603228.SH,2025Q4,0.00080749247,1113,AAA,0
603228.SH,2026Q1,0.0008776414,1107,AAA,0
603229.SH,2025Q3,0.0022067137,1041,AAA,0
603229.SH,2025Q4,0.0024041655,1034,AAA,0
603229.SH,2026Q1,0.0031729455,1014,AAA,0
603230.SH,2025Q3,0.0012027359,1084,AAA,0
603230.SH,2025Q4,0.0026392757,1028,AAA,0
603230.SH,2026Q1,0.0031957822,1014,AAA,0
603231.SH,2025Q3,0.0008682237,1108,AAA,0
603231.SH,2025Q4,0.0012336958,1083,AAA,0
603231.SH,2026Q1,0.000999424,1098,AAA,0
603232.SH,2025Q3,0.0032008246,1014,AAA,0
603232.SH,2025Q4,0.0046523754,987,AAA,0
603232.SH,2026Q1,0.004615744,987,AAA,0
603233.SH,2025Q3,0.002167557,1042,AAA,0
603233.SH,2025Q4,0.0063925385,964,AAA,0
603233.SH,2026Q1,0.017177023,891,AAA,0
603235.SH,2025Q3,0.0012154788,1084,AAA,0
603235.SH,2025Q4,0.0012273776,1083,AAA,0
603235.SH,2026Q1,0.0014200074,1072,AAA,0
603236.SH,2025Q3,0.00088056346,1107,AAA,0
603236.SH,2025Q4,0.00076332287,1117,AAA,0
603236.SH,2026Q1,0.0007631236,1117,AAA,0
603237.SH,2025Q3,0.00081216655,1113,AAA,0
603237.SH,2025Q4,0.0013530176,1076,AAA,0
603237.SH,2026Q1,0.0030376734,1017,AAA,0
603238.SH,2025Q3,0.00084841007,1110,AAA,0
603238.SH,2025Q4,0.00084175915,1110,AAA,0
603238.SH,2026Q1,0.0009140313,1104,AAA,0
603239.SH,2025Q3,0.0015345673,1067,AAA,0
603239.SH,2025Q4,0.0022625313,1039,AAA,0
603239.SH,2026Q1,0.002874177,1021,AAA,0
603248.SH,2025Q3,0.00094968657,1101,AAA,0
603248.SH,2025Q4,0.0008100963,1113,AAA,0
603248.SH,2026Q1,0.002084709,1045,AAA,0
603255.SH,2025Q3,0.0019969635,1048,AAA,0
603255.SH,2025Q4,0.005406036,976,AAA,0
603255.SH,2026Q1,0.0050685685,980,AAA,0
603256.SH,2025Q3,0.0050747064,980,AAA,0
603256.SH,2025Q4,0.005507759,974,AAA,0
603256.SH,2026Q1,0.004706362,986,AAA,0
603257.SH,2025Q3,0.0018520472,1053,AAA,0
603257.SH,2025Q4,0.0013369591,1077,AAA,0
603257.SH,2026Q1,0.001400005,1073,AAA,0
603258.SH,2025Q3,0.0031919277,1014,AAA,0
603258.SH,2025Q4,0.0053521483,976,AAA,0
603258.SH,2026Q1,0.009310993,936,AAA,0
603259.SH,2025Q3,0.0009143876,1104,AAA,0
603259.SH,2025Q4,0.0009059026,1105,AAA,0
603259.SH,2026Q1,0.00088609185,1106,AAA,0
603260.SH,2025Q3,0.07963079,776,AAA,0
603260.SH,2025Q4,0.081703976,774,AAA,0
603260.SH,2026Q1,0.12734148,738,AAA,0
603261.SH,2025Q3,0.0039003394,999,AAA,0
603261.SH,2025Q4,0.010667341,926,AAA,0
603261.SH,2026Q1,0.00832173,944,AAA,0
603262.SH,2025Q3,0.0011267494,1089,AAA,0
603262.SH,2025Q4,0.0031034802,1016,AAA,0
603262.SH,2026Q1,0.0030846244,1016,AAA,0
603266.SH,2025Q3,0.0013806531,1074,AAA,0
603266.SH,2025Q4,0.0009814795,1099,AAA,0
603266.SH,2026Q1,0.0010996588,1091,AAA,0
603267.SH,2025Q3,0.0008407187,1110,AAA,0
603267.SH,2025Q4,0.00084232807,1110,AAA,0
603267.SH,2026Q1,0.0014532648,1071,AAA,0
603268.SH,2025Q3,0.0037635649,1002,AAA,0
603268.SH,2025Q4,0.0019559518,1049,AAA,0
603268.SH,2026Q1,0.0023299705,1037,AAA,0
603269.SH,2025Q3,0.0027084681,1026,AAA,0
603269.SH,2025Q4,0.0025973457,1029,AAA,0
603269.SH,2026Q1,0.008753598,941,AAA,0
603270.SH,2025Q3,0.00093975186,1102,AAA,0
603270.SH,2025Q4,0.0010020469,1098,AAA,0
603270.SH,2026Q1,0.0011115082,1090,AAA,0
603271.SH,2025Q3,0.0014034081,1073,AAA,0
603271.SH,2025Q4,0.0013110377,1078,AAA,0
603271.SH,2026Q1,0.0008165778,1112,AAA,0
603272.SH,2025Q3,0.00221417,1040,AAA,0
603272.SH,2025Q4,0.0079851765,947,AAA,0
603272.SH,2026Q1,0.0091637885,937,AAA,0
603273.SH,2025Q3,0.005712799,972,AAA,0
603273.SH,2025Q4,0.008959865,939,AAA,0
603273.SH,2026Q1,0.0037458262,1002,AAA,0
603275.SH,2025Q3,0.00087572046,1107,AAA,0
603275.SH,2025Q4,0.00085215486,1109,AAA,0
603275.SH,2026Q1,0.00095158274,1101,AAA,0
603276.SH,2025Q3,0.0012106368,1084,AAA,0
603276.SH,2025Q4,0.0011551176,1087,AAA,0
603276.SH,2026Q1,0.0014811984,1069,AAA,0
603277.SH,2025Q3,0.0012854357,1080,AAA,0
603277.SH,2025Q4,0.0014526774,1071,AAA,0
603277.SH,2026Q1,0.002577065,1029,AAA,0
603278.SH,2025Q3,0.0024147008,1034,AAA,0
603278.SH,2025Q4,0.0035116184,1007,AAA,0
603278.SH,2026Q1,0.021882916,874,AAA,0
603279.SH,2025Q3,0.00092834025,1103,AAA,0
603279.SH,2025Q4,0.0012352507,1082,AAA,0
603279.SH,2026Q1,0.0010482705,1094,AAA,0
603280.SH,2025Q3,0.0008493116,1110,AAA,0
603280.SH,2025Q4,0.0010958894,1091,AAA,0
603280.SH,2026Q1,0.0015542227,1066,AAA,0
603281.SH,2025Q3,0.0013008039,1079,AAA,0
603281.SH,2025Q4,0.0017647628,1057,AAA,0
603281.SH,2026Q1,0.0014515567,1071,AAA,0
603282.SH,2025Q3,0.0010456333,1094,AAA,0
603282.SH,2025Q4,0.0009727042,1100,AAA,0
603282.SH,2026Q1,0.0043247477,992,AAA,0
603283.SH,2025Q3,0.0012743081,1080,AAA,0
603283.SH,2025Q4,0.00093317864,1103,AAA,0
603283.SH,2026Q1,0.0009873328,1099,AAA,0
603284.SH,2025Q3,0.0007845751,1115,AAA,0
603284.SH,2025Q4,0.0007908281,1115,AAA,0
603284.SH,2026Q1,0.0010825116,1092,AAA,0
603285.SH,2025Q3,0.0014995078,1068,AAA,0
603285.SH,2025Q4,0.0014747566,1070,AAA,0
603285.SH,2026Q1,0.0012671545,1081,AAA,0
603286.SH,2025Q3,0.0032611303,1012,AAA,0
603286.SH,2025Q4,0.0023114262,1037,AAA,0
603286.SH,2026Q1,0.004794359,984,AAA,0
603288.SH,2025Q3,0.0009499934,1101,AAA,0
603288.SH,2025Q4,0.0014184328,1072,AAA,0
603288.SH,2026Q1,0.0015270762,1067,AAA,0
603289.SH,2025Q3,0.0014657337,1070,AAA,0
603289.SH,2025Q4,0.0015148405,1068,AAA,0
603289.SH,2026Q1,0.004414573,990,AAA,0
603290.SH,2025Q3,0.0007740345,1116,AAA,0
603290.SH,2025Q4,0.0009829585,1099,AAA,0
603290.SH,2026Q1,0.0016503565,1062,AAA,0
603291.SH,2025Q3,0.0031921645,1014,AAA,0
603291.SH,2025Q4,0.005979823,968,AAA,0
603291.SH,2026Q1,0.005416206,976,AAA,0
603293.SH,2025Q3,0.00078673655,1115,AAA,0
603293.SH,2025Q4,0.00072534016,1121,AAA,0
603293.SH,2026Q1,0.0011356799,1089,AAA,0
603296.SH,2025Q3,0.0007289168,1121,AAA,0
603296.SH,2025Q4,0.00072720926,1121,AAA,0
603296.SH,2026Q1,0.0006956241,1124,AAA,0
603297.SH,2025Q3,0.00070815335,1123,AAA,0
603297.SH,2025Q4,0.00073277805,1120,AAA,0
603297.SH,2026Q1,0.0008484049,1110,AAA,0
603298.SH,2025Q3,0.0007354211,1120,AAA,0
603298.SH,2025Q4,0.0008537682,1109,AAA,0
603298.SH,2026Q1,0.0008983822,1105,AAA,0
603299.SH,2025Q3,0.00095301226,1101,AAA,0
603299.SH,2025Q4,0.0008912587,1106,AAA,0
603299.SH,2026Q1,0.00091716094,1104,AAA,0
603300.SH,2025Q3,0.022722622,871,AAA,0
603300.SH,2025Q4,0.010325823,929,AAA,0
603300.SH,2026Q1,0.015296353,900,AAA,0
603301.SH,2025Q3,0.00088134914,1107,AAA,0
603301.SH,2025Q4,0.0010577822,1094,AAA,0
603301.SH,2026Q1,0.0010911506,1091,AAA,0
603303.SH,2025Q3,0.0014660927,1070,AAA,0
603303.SH,2025Q4,0.0020042479,1047,AAA,0
603303.SH,2026Q1,0.003284792,1012,AAA,0
603305.SH,2025Q3,0.0008304865,1111,AAA,0
603305.SH,2025Q4,0.0013104478,1078,AAA,0
603305.SH,2026Q1,0.0013933894,1074,AAA,0
603306.SH,2025Q3,0.0010005721,1098,AAA,0
603306.SH,2025Q4,0.001044089,1095,AAA,0
603306.SH,2026Q1,0.0015943835,1064,AAA,0
603307.SH,2025Q3,0.0009581954,1101,AAA,0
603307.SH,2025Q4,0.0015383111,1067,AAA,0
603307.SH,2026Q1,0.0010036406,1097,AAA,0
603308.SH,2025Q3,0.0012740665,1080,AAA,0
603308.SH,2025Q4,0.0012184603,1083,AAA,0
603308.SH,2026Q1,0.0015936914,1064,AAA,0
603309.SH,2025Q3,0.00087820593,1107,AAA,0
603309.SH,2025Q4,0.0010584173,1094,AAA,0
603309.SH,2026Q1,0.0011627426,1087,AAA,0
603310.SH,2025Q3,0.0009863329,1099,AAA,0
603310.SH,2025Q4,0.002010452,1047,AAA,0
603310.SH,2026Q1,0.001324461,1077,AAA,0
603311.SH,2025Q3,0.0012232892,1083,AAA,0
603311.SH,2025Q4,0.001391615,1074,AAA,0
603311.SH,2026Q1,0.001328536,1077,AAA,0
603312.SH,2025Q3,0.00075461925,1118,AAA,0
603312.SH,2025Q4,0.00080854,1113,AAA,0
603312.SH,2026Q1,0.00077518227,1116,AAA,0
603313.SH,2025Q3,0.0014088,1073,AAA,0
603313.SH,2025Q4,0.0038572303,1000,AAA,0
603313.SH,2026Q1,0.0041467184,995,AAA,0
603315.SH,2025Q3,0.0031477774,1015,AAA,0
603315.SH,2025Q4,0.0018294018,1054,AAA,0
603315.SH,2026Q1,0.0036488755,1004,AAA,0
603316.SH,2025Q3,0.014515954,904,AAA,0
603316.SH,2025Q4,0.019062357,884,AAA,0
603316.SH,2026Q1,0.05134141,810,AAA,0
603317.SH,2025Q3,0.0016887054,1060,AAA,0
603317.SH,2025Q4,0.004866346,983,AAA,0
603317.SH,2026Q1,0.005639782,973,AAA,0
603318.SH,2025Q3,0.015087345,901,AAA,0
603318.SH,2025Q4,0.028847128,853,AAA,0
603318.SH,2026Q1,0.04296504,823,AAA,0
603319.SH,2025Q3,0.0010107197,1097,AAA,0
603319.SH,2025Q4,0.0010223994,1096,AAA,0
603319.SH,2026Q1,0.0013136063,1078,AAA,0
603320.SH,2025Q3,0.0009855903,1099,AAA,0
603320.SH,2025Q4,0.0009577843,1101,AAA,0
603320.SH,2026Q1,0.0008462467,1110,AAA,0
603321.SH,2025Q3,0.0022792881,1038,AAA,0
603321.SH,2025Q4,0.0037837822,1002,AAA,0
603321.SH,2026Q1,0.0030920634,1016,AAA,0
603322.SH,2025Q3,0.0478783,815,AAA,0
603322.SH,2025Q4,0.22555682,688,AA,0
603322.SH,2026Q1,0.15172446,724,AAA,0
603323.SH,2025Q3,0.0014186726,1072,AAA,0
603323.SH,2025Q4,0.0012251653,1083,AAA,0
603323.SH,2026Q1,0.0018779607,1052,AAA,0
603324.SH,2025Q3,0.0025743332,1029,AAA,0
603324.SH,2025Q4,0.0023988844,1034,AAA,0
603324.SH,2026Q1,0.0039438573,999,AAA,0
603325.SH,2025Q3,0.0011343408,1089,AAA,0
603325.SH,2025Q4,0.0010517356,1094,AAA,0
603325.SH,2026Q1,0.0024068432,1034,AAA,0
603326.SH,2025Q3,0.0027407762,1025,AAA,0
603326.SH,2025Q4,0.018744767,885,AAA,0
603326.SH,2026Q1,0.021655574,874,AAA,0
603327.SH,2025Q3,0.0040945103,996,AAA,0
603327.SH,2025Q4,0.0030968734,1016,AAA,0
603327.SH,2026Q1,0.0031206952,1015,AAA,0
603328.SH,2025Q3,0.0013438571,1076,AAA,0
603328.SH,2025Q4,0.0014161275,1073,AAA,0
603328.SH,2026Q1,0.0015276072,1067,AAA,0
603329.SH,2025Q3,0.0034569893,1008,AAA,0
603329.SH,2025Q4,0.0030438418,1017,AAA,0
603329.SH,2026Q1,0.0019024904,1051,AAA,0
603330.SH,2025Q3,0.012243,916,AAA,0
603330.SH,2025Q4,0.025858764,861,AAA,0
603330.SH,2026Q1,0.019079186,884,AAA,0
603331.SH,2025Q3,0.0025202793,1031,AAA,0
603331.SH,2025Q4,0.008284708,945,AAA,0
603331.SH,2026Q1,0.00472613,985,AAA,0
603332.SH,2025Q3,0.0013834211,1074,AAA,0
603332.SH,2025Q4,0.002037591,1046,AAA,0
603332.SH,2026Q1,0.001445494,1071,AAA,0
603333.SH,2025Q3,0.049923103,812,AAA,0
603333.SH,2025Q4,0.0035453422,1006,AAA,0
603333.SH,2026Q1,0.0072818184,954,AAA,0
603334.SH,2025Q3,0.0007377656,1120,AAA,0
603334.SH,2025Q4,0.00071101077,1122,AAA,0
603334.SH,2026Q1,0.002790912,1024,AAA,0
603335.SH,2025Q3,0.046845928,817,AAA,0
603335.SH,2025Q4,0.019395614,882,AAA,0
603335.SH,2026Q1,0.11313013,748,AAA,0
603336.SH,2025Q3,0.020996999,877,AAA,0
603336.SH,2025Q4,0.15847833,720,AAA,0
603336.SH,2026Q1,0.14793055,726,AAA,0
603337.SH,2025Q3,0.00091488037,1104,AAA,0
603337.SH,2025Q4,0.0008222986,1112,AAA,0
603337.SH,2026Q1,0.0007801043,1116,AAA,0
603338.SH,2025Q3,0.00072860287,1121,AAA,0
603338.SH,2025Q4,0.00083047897,1111,AAA,0
603338.SH,2026Q1,0.0011180856,1090,AAA,0
603339.SH,2025Q3,0.0023869835,1035,AAA,0
603339.SH,2025Q4,0.0010741676,1093,AAA,0
603339.SH,2026Q1,0.00089441705,1106,AAA,0
603341.SH,2025Q3,0.0010787572,1092,AAA,0
603341.SH,2025Q4,0.0009540148,1101,AAA,0
603341.SH,2026Q1,0.0024860436,1032,AAA,0
603344.SH,2025Q3,0.00075916946,1118,AAA,0
603344.SH,2025Q4,0.00079934514,1114,AAA,0
603344.SH,2026Q1,0.0010024608,1098,AAA,0
603345.SH,2025Q3,0.0007946801,1114,AAA,0
603345.SH,2025Q4,0.00082269043,1112,AAA,0
603345.SH,2026Q1,0.0009036845,1105,AAA,0
603348.SH,2025Q3,0.0017677668,1057,AAA,0
603348.SH,2025Q4,0.0019162047,1051,AAA,0
603348.SH,2026Q1,0.0018175521,1055,AAA,0
603350.SH,2025Q3,0.0007445247,1119,AAA,0
603350.SH,2025Q4,0.00070050516,1123,AAA,0
603350.SH,2026Q1,0.0010936648,1091,AAA,0
603351.SH,2025Q3,0.0010789884,1092,AAA,0
603351.SH,2025Q4,0.0012296683,1083,AAA,0
603351.SH,2026Q1,0.0010616629,1093,AAA,0
603352.SH,2025Q3,0.00085868663,1109,AAA,0
603352.SH,2025Q4,0.00093376916,1103,AAA,0
603352.SH,2026Q1,0.0015458167,1066,AAA,0
603353.SH,2025Q3,0.004097967,996,AAA,0
603353.SH,2025Q4,0.008551932,942,AAA,0
603353.SH,2026Q1,0.0029176802,1020,AAA,0
603355.SH,2025Q3,0.0008562938,1109,AAA,0
603355.SH,2025Q4,0.0009862586,1099,AAA,0
603355.SH,2026Q1,0.0032584239,1012,AAA,0
603356.SH,2025Q3,0.19452693,702,AAA,0
603356.SH,2025Q4,0.6955967,540,BB,0
603356.SH,2026Q1,0.020299247,879,AAA,0
603357.SH,2025Q3,0.0018592328,1053,AAA,0
603357.SH,2025Q4,0.0018765301,1052,AAA,0
603357.SH,2026Q1,0.002676994,1027,AAA,0
603358.SH,2025Q3,0.0013089922,1078,AAA,0
603358.SH,2025Q4,0.0014089966,1073,AAA,0
603358.SH,2026Q1,0.0038479979,1000,AAA,0
603359.SH,2025Q3,0.045529786,819,AAA,0
603359.SH,2025Q4,0.22616059,688,AA,0
603359.SH,2026Q1,0.41470823,624,A,0
603360.SH,2025Q3,0.005075708,980,AAA,0
603360.SH,2025Q4,0.010237406,929,AAA,0
603360.SH,2026Q1,0.08514847,771,AAA,0
603363.SH,2025Q3,0.7372047,525,BB,0
603363.SH,2025Q4,0.20093746,699,AA,0
603363.SH,2026Q1,0.105941124,753,AAA,0
603365.SH,2025Q3,0.00084141194,1110,AAA,0
603365.SH,2025Q4,0.001265452,1081,AAA,0
603365.SH,2026Q1,0.0012396106,1082,AAA,0
603366.SH,2025Q3,0.0026898882,1026,AAA,0
603366.SH,2025Q4,0.0019471926,1050,AAA,0
603366.SH,2026Q1,0.0070623574,956,AAA,0
603367.SH,2025Q3,0.00095491,1101,AAA,0
603367.SH,2025Q4,0.001215135,1084,AAA,0
603367.SH,2026Q1,0.00092823536,1103,AAA,0
603368.SH,2025Q3,0.001241403,1082,AAA,0
603368.SH,2025Q4,0.0017126064,1059,AAA,0
603368.SH,2026Q1,0.0015658374,1065,AAA,0
603369.SH,2025Q3,0.0009768816,1099,AAA,0
603369.SH,2025Q4,0.0017984265,1055,AAA,0
603369.SH,2026Q1,0.001400711,1073,AAA,0
603370.SH,2025Q3,0.0007664403,1117,AAA,0
603370.SH,2025Q4,0.001398284,1074,AAA,0
603370.SH,2026Q1,0.0014817619,1069,AAA,0
603373.SH,2025Q3,0.0008180151,1112,AAA,0
603373.SH,2025Q4,0.001055297,1094,AAA,0
603373.SH,2026Q1,0.0010872368,1092,AAA,0
603375.SH,2025Q3,0.00080370373,1113,AAA,0
603375.SH,2025Q4,0.00090105174,1105,AAA,0
603375.SH,2026Q1,0.0014788109,1069,AAA,0
603376.SH,2025Q3,0.0016675815,1061,AAA,0
603376.SH,2025Q4,0.0010312953,1095,AAA,0
603376.SH,2026Q1,0.003026632,1018,AAA,0
603377.SH,2025Q3,0.80434275,498,B,0
603377.SH,2025Q4,0.9526896,383,C,0
603377.SH,2026Q1,0.95806104,374,C,0
603378.SH,2025Q3,0.08619106,770,AAA,0
603378.SH,2025Q4,0.58587927,574,BBB,0
603378.SH,2026Q1,0.93539506,407,C,0
603379.SH,2025Q3,0.0013031474,1079,AAA,0
603379.SH,2025Q4,0.0017287624,1058,AAA,0
603379.SH,2026Q1,0.0010254523,1096,AAA,0
603380.SH,2025Q3,0.0009524939,1101,AAA,0
603380.SH,2025Q4,0.0009480891,1102,AAA,0
603380.SH,2026Q1,0.00094581686,1102,AAA,0
603381.SH,2025Q3,0.0016486861,1062,AAA,0
603381.SH,2025Q4,0.0022930314,1038,AAA,0
603381.SH,2026Q1,0.0022871383,1038,AAA,0
603382.SH,2025Q3,0.0009135224,1104,AAA,0
603382.SH,2025Q4,0.00093167456,1103,AAA,0
603382.SH,2026Q1,0.0015185096,1068,AAA,0
603383.SH,2025Q3,0.0026368657,1028,AAA,0
603383.SH,2025Q4,0.0018425023,1054,AAA,0
603383.SH,2026Q1,0.0016208568,1063,AAA,0
603385.SH,2025Q3,0.0014890345,1069,AAA,0
603385.SH,2025Q4,0.0023907789,1035,AAA,0
603385.SH,2026Q1,0.0021383648,1043,AAA,0
603386.SH,2025Q3,0.004641013,987,AAA,0
603386.SH,2025Q4,0.0035983915,1005,AAA,0
603386.SH,2026Q1,0.0065564336,962,AAA,0
603387.SH,2025Q3,0.0011123344,1090,AAA,0
603387.SH,2025Q4,0.003253597,1012,AAA,0
603387.SH,2026Q1,0.0019306669,1050,AAA,0
603389.SH,2025Q3,0.07392068,782,AAA,0
603389.SH,2025Q4,0.008129987,946,AAA,0
603389.SH,2026Q1,0.2823828,667,AA,0
603390.SH,2025Q3,0.0027439687,1025,AAA,0
603390.SH,2025Q4,0.0019093915,1051,AAA,0
603390.SH,2026Q1,0.0025431665,1030,AAA,0
603391.SH,2025Q3,0.0022815187,1038,AAA,0
603391.SH,2025Q4,0.0012335201,1083,AAA,0
603391.SH,2026Q1,0.0050278367,981,AAA,0
603392.SH,2025Q3,0.0019457883,1050,AAA,0
603392.SH,2025Q4,0.003453133,1008,AAA,0
603392.SH,2026Q1,0.001493234,1069,AAA,0
603393.SH,2025Q3,0.0016337951,1062,AAA,0
603393.SH,2025Q4,0.0033608607,1010,AAA,0
603393.SH,2026Q1,0.0036392843,1004,AAA,0
603395.SH,2025Q3,0.0056356094,973,AAA,0
603395.SH,2025Q4,0.0022829594,1038,AAA,0
603395.SH,2026Q1,0.0024057569,1034,AAA,0
603396.SH,2025Q3,0.001188352,1085,AAA,0
603396.SH,2025Q4,0.0014223962,1072,AAA,0
603396.SH,2026Q1,0.0011895224,1085,AAA,0
603398.SH,2025Q3,0.5540442,584,BBB,0
603398.SH,2025Q4,0.9536958,381,C,0
603398.SH,2026Q1,0.96809757,353,C,0
603399.SH,2025Q3,0.008680031,941,AAA,0
603399.SH,2025Q4,0.0050277556,981,AAA,0
603399.SH,2026Q1,0.010016937,931,AAA,0
603400.SH,2025Q3,0.000895097,1106,AAA,0
603400.SH,2025Q4,0.0008200591,1112,AAA,0
603400.SH,2026Q1,0.00095693825,1101,AAA,0
603402.SH,2025Q3,0.0011798391,1086,AAA,0
603402.SH,2025Q4,0.0010958904,1091,AAA,0
603402.SH,2026Q1,0.0013047974,1079,AAA,0
603406.SH,2025Q3,0.0007164973,1122,AAA,0
603406.SH,2025Q4,0.0017305095,1058,AAA,0
603406.SH,2026Q1,0.0011830836,1086,AAA,0
603407.SH,2025Q3,0.0011328263,1089,AAA,0
603407.SH,2025Q4,0.0010583941,1094,AAA,0
603407.SH,2026Q1,0.00096804654,1100,AAA,0
603408.SH,2025Q3,0.00075275864,1118,AAA,0
603408.SH,2025Q4,0.00095710385,1101,AAA,0
603408.SH,2026Q1,0.0010003757,1098,AAA,0
603409.SH,2025Q3,0.000937729,1102,AAA,0
603409.SH,2025Q4,0.0012769726,1080,AAA,0
603409.SH,2026Q1,0.0012702824,1080,AAA,0
603416.SH,2025Q3,0.0007090038,1123,AAA,0
603416.SH,2025Q4,0.0009055669,1105,AAA,0
603416.SH,2026Q1,0.0009063921,1105,AAA,0
603418.SH,2025Q3,0.0007820611,1115,AAA,0
603418.SH,2025Q4,0.0021094058,1044,AAA,0
603418.SH,2026Q1,0.0018411891,1054,AAA,0
603421.SH,2025Q3,0.016357297,895,AAA,0
603421.SH,2025Q4,0.015080863,901,AAA,0
603421.SH,2026Q1,0.050366998,811,AAA,0
603429.SH,2025Q3,0.0441043,821,AAA,0
603429.SH,2025Q4,0.031103702,848,AAA,0
603429.SH,2026Q1,0.12012648,743,AAA,0
603435.SH,2025Q4,0.0014134793,1073,AAA,0
603435.SH,2026Q1,0.00077576464,1116,AAA,0
603439.SH,2025Q3,0.005368824,976,AAA,0
603439.SH,2025Q4,0.007173421,955,AAA,0
603439.SH,2026Q1,0.00704412,956,AAA,0
603444.SH,2025Q3,0.0012508228,1082,AAA,0
603444.SH,2025Q4,0.0013410393,1077,AAA,0
603444.SH,2026Q1,0.0008749481,1107,AAA,0
603456.SH,2025Q3,0.0009462846,1102,AAA,0
603456.SH,2025Q4,0.00092162687,1104,AAA,0
603456.SH,2026Q1,0.00088176405,1107,AAA,0
603458.SH,2025Q3,0.0027676485,1024,AAA,0
603458.SH,2025Q4,0.0028715883,1021,AAA,0
603458.SH,2026Q1,0.0044613453,990,AAA,0
603459.SH,2025Q3,0.0009592098,1101,AAA,0
603459.SH,2025Q4,0.0019438186,1050,AAA,0
603459.SH,2026Q1,0.0012328618,1083,AAA,0
603466.SH,2025Q3,0.0044052172,991,AAA,0
603466.SH,2025Q4,0.007499645,952,AAA,0
603466.SH,2026Q1,0.007563434,951,AAA,0
603477.SH,2025Q3,0.0035209213,1007,AAA,0
603477.SH,2025Q4,0.0035213446,1007,AAA,0
603477.SH,2026Q1,0.007790818,949,AAA,0
603486.SH,2025Q3,0.000755248,1118,AAA,0
603486.SH,2025Q4,0.00078383717,1115,AAA,0
603486.SH,2026Q1,0.0007556065,1118,AAA,0
603488.SH,2025Q3,0.007628444,951,AAA,0
603488.SH,2025Q4,0.020969374,877,AAA,0
603488.SH,2026Q1,0.018176213,887,AAA,0
603489.SH,2025Q3,0.00088776264,1106,AAA,0
603489.SH,2025Q4,0.0011317164,1089,AAA,0
603489.SH,2026Q1,0.0010318668,1095,AAA,0
603496.SH,2025Q3,0.0031012888,1016,AAA,0
603496.SH,2025Q4,0.0032790035,1012,AAA,0
603496.SH,2026Q1,0.0027953815,1023,AAA,0
603499.SH,2025Q3,0.021062832,876,AAA,0
603499.SH,2025Q4,0.006707675,960,AAA,0
603499.SH,2026Q1,0.0050227223,981,AAA,0
603500.SH,2025Q3,0.0019057583,1051,AAA,0
603500.SH,2025Q4,0.0014266139,1072,AAA,0
603500.SH,2026Q1,0.0021780937,1041,AAA,0
603501.SH,2025Q3,0.0006928972,1124,AAA,0
603501.SH,2025Q4,0.0007073426,1123,AAA,0
603501.SH,2026Q1,0.0011607519,1087,AAA,0
603505.SH,2025Q3,0.0041034003,996,AAA,0
603505.SH,2025Q4,0.0021794806,1041,AAA,0
603505.SH,2026Q1,0.0035458093,1006,AAA,0
603506.SH,2025Q3,0.0020067615,1047,AAA,0
603506.SH,2025Q4,0.005079591,980,AAA,0
603506.SH,2026Q1,0.0036636216,1004,AAA,0
603507.SH,2025Q3,0.0022094199,1040,AAA,0
603507.SH,2025Q4,0.0013478847,1076,AAA,0
603507.SH,2026Q1,0.0018820453,1052,AAA,0
603508.SH,2025Q3,0.002161568,1042,AAA,0
603508.SH,2025Q4,0.0028208352,1023,AAA,0
603508.SH,2026Q1,0.0025426089,1030,AAA,0
603511.SH,2025Q3,0.0009699031,1100,AAA,0
603511.SH,2025Q4,0.0010274696,1096,AAA,0
603511.SH,2026Q1,0.0008980369,1105,AAA,0
603515.SH,2025Q3,0.00082163943,1112,AAA,0
603515.SH,2025Q4,0.001162889,1087,AAA,0
603515.SH,2026Q1,0.0013389877,1077,AAA,0
603516.SH,2025Q3,0.002745492,1025,AAA,0
603516.SH,2025Q4,0.0018057517,1055,AAA,0
603516.SH,2026Q1,0.015024907,901,AAA,0
603517.SH,2025Q3,0.00085753744,1109,AAA,0
603517.SH,2025Q4,0.0048777573,983,AAA,0
603517.SH,2026Q1,0.0020439802,1046,AAA,0
603518.SH,2025Q3,0.002158997,1042,AAA,0
603518.SH,2025Q4,0.005419364,975,AAA,0
603518.SH,2026Q1,0.0017870874,1056,AAA,0
603519.SH,2025Q3,0.0024826252,1032,AAA,0
603519.SH,2025Q4,0.00188499,1052,AAA,0
603519.SH,2026Q1,0.0024285621,1034,AAA,0
603520.SH,2025Q3,0.002387917,1035,AAA,0
603520.SH,2025Q4,0.0017523549,1057,AAA,0
603520.SH,2026Q1,0.0027544692,1025,AAA,0
603527.SH,2025Q3,0.0016358801,1062,AAA,0
603527.SH,2025Q4,0.0019451225,1050,AAA,0
603527.SH,2026Q1,0.0021505295,1042,AAA,0
603528.SH,2025Q3,0.005557249,974,AAA,0
603528.SH,2025Q4,0.009304833,936,AAA,0
603528.SH,2026Q1,0.019902365,881,AAA,0
603529.SH,2025Q3,0.0009425014,1102,AAA,0
603529.SH,2025Q4,0.0012054226,1084,AAA,0
603529.SH,2026Q1,0.0034828184,1008,AAA,0
603530.SH,2025Q3,0.0016638411,1061,AAA,0
603530.SH,2025Q4,0.0020070262,1047,AAA,0
603530.SH,2026Q1,0.0022556002,1039,AAA,0
603533.SH,2025Q3,0.006409507,963,AAA,0
603533.SH,2025Q4,0.007229919,955,AAA,0
603533.SH,2026Q1,0.0098964,932,AAA,0
603535.SH,2025Q3,0.0022294787,1040,AAA,0
603535.SH,2025Q4,0.0022122345,1040,AAA,0
603535.SH,2026Q1,0.002884985,1021,AAA,0
603536.SH,2025Q3,0.020600572,878,AAA,0
603536.SH,2025Q4,0.04901917,813,AAA,0
603536.SH,2026Q1,0.030893065,848,AAA,0
603538.SH,2025Q3,0.00082948763,1111,AAA,0
603538.SH,2025Q4,0.00090643537,1105,AAA,0
603538.SH,2026Q1,0.0011908625,1085,AAA,0
603551.SH,2025Q3,0.0026804209,1026,AAA,0
603551.SH,2025Q4,0.0076820296,950,AAA,0
603551.SH,2026Q1,0.004655055,987,AAA,0
603556.SH,2025Q3,0.0009800415,1099,AAA,0
603556.SH,2025Q4,0.0009437919,1102,AAA,0
603556.SH,2026Q1,0.0011009403,1091,AAA,0
603557.SH,2025Q3,0.92906237,414,C,0
603557.SH,2025Q4,0.17785275,710,AAA,0
603557.SH,2026Q1,0.63169885,561,BBB,0
603558.SH,2025Q3,0.0016231997,1063,AAA,0
603558.SH,2025Q4,0.0029894984,1019,AAA,0
603558.SH,2026Q1,0.0021056451,1044,AAA,0
603559.SH,2025Q3,0.56520176,581,BBB,0
603559.SH,2025Q4,0.853391,472,B,0
603559.SH,2026Q1,0.5910365,573,BBB,0
603565.SH,2025Q3,0.0017214221,1058,AAA,0
603565.SH,2025Q4,0.0036793635,1004,AAA,0
603565.SH,2026Q1,0.0030578692,1017,AAA,0
603566.SH,2025Q3,0.0011448544,1088,AAA,0
603566.SH,2025Q4,0.0012346761,1082,AAA,0
603566.SH,2026Q1,0.0015935312,1064,AAA,0
603567.SH,2025Q3,0.006713151,960,AAA,0
603567.SH,2025Q4,0.02517855,863,AAA,0
603567.SH,2026Q1,0.034455635,840,AAA,0
603568.SH,2025Q3,0.0016596231,1061,AAA,0
603568.SH,2025Q4,0.001725864,1058,AAA,0
603568.SH,2026Q1,0.0016637555,1061,AAA,0
603569.SH,2025Q3,0.009432333,935,AAA,0
603569.SH,2025Q4,0.011265563,922,AAA,0
603569.SH,2026Q1,0.00880107,940,AAA,0
603577.SH,2025Q3,0.0025911985,1029,AAA,0
603577.SH,2025Q4,0.0021904234,1041,AAA,0
603577.SH,2026Q1,0.0027981102,1023,AAA,0
603578.SH,2025Q3,0.0123172905,916,AAA,0
603578.SH,2025Q4,0.017588638,890,AAA,0
603578.SH,2026Q1,0.0073971334,953,AAA,0
603579.SH,2025Q3,0.0017329865,1058,AAA,0
603579.SH,2025Q4,0.00209824,1044,AAA,0
603579.SH,2026Q1,0.0010694539,1093,AAA,0
603580.SH,2025Q3,0.0023780467,1035,AAA,0
603580.SH,2025Q4,0.00745688,952,AAA,0
603580.SH,2026Q1,0.0058202134,970,AAA,0
603583.SH,2025Q3,0.0007192087,1122,AAA,0
603583.SH,2025Q4,0.0008512787,1109,AAA,0
603583.SH,2026Q1,0.0009855537,1099,AAA,0
603585.SH,2025Q3,0.0017910772,1056,AAA,0
603585.SH,2025Q4,0.002078916,1045,AAA,0
603585.SH,2026Q1,0.0013605063,1075,AAA,0
603586.SH,2025Q3,0.0007937231,1114,AAA,0
603586.SH,2025Q4,0.0009999975,1098,AAA,0
603586.SH,2026Q1,0.001605232,1064,AAA,0
603587.SH,2025Q3,0.001415018,1073,AAA,0
603587.SH,2025Q4,0.0015926484,1064,AAA,0
603587.SH,2026Q1,0.0012030762,1084,AAA,0
603588.SH,2025Q3,0.008658279,941,AAA,0
603588.SH,2025Q4,0.009295594,936,AAA,0
603588.SH,2026Q1,0.010249299,929,AAA,0
603589.SH,2025Q3,0.0012930798,1079,AAA,0
603589.SH,2025Q4,0.0025963392,1029,AAA,0
603589.SH,2026Q1,0.0027014664,1026,AAA,0
603590.SH,2025Q3,0.0012491946,1082,AAA,0
603590.SH,2025Q4,0.0012951801,1079,AAA,0
603590.SH,2026Q1,0.0013162381,1078,AAA,0
603595.SH,2025Q3,0.02107473,876,AAA,0
603595.SH,2025Q4,0.014956616,902,AAA,0
603595.SH,2026Q1,0.004419014,990,AAA,0
603596.SH,2025Q3,0.0007038678,1123,AAA,0
603596.SH,2025Q4,0.0007232956,1121,AAA,0
603596.SH,2026Q1,0.00081418006,1113,AAA,0
603598.SH,2025Q3,0.015073308,901,AAA,0
603598.SH,2025Q4,0.00832619,944,AAA,0
603598.SH,2026Q1,0.026333626,860,AAA,0
603599.SH,2025Q3,0.0008661836,1108,AAA,0
603599.SH,2025Q4,0.0011005108,1091,AAA,0
603599.SH,2026Q1,0.0017628428,1057,AAA,0
603600.SH,2025Q3,0.0008702671,1108,AAA,0
603600.SH,2025Q4,0.0018748492,1052,AAA,0
603600.SH,2026Q1,0.001257798,1081,AAA,0
603601.SH,2025Q3,0.0034491033,1008,AAA,0
603601.SH,2025Q4,0.0044221324,990,AAA,0
603601.SH,2026Q1,0.008312334,944,AAA,0
603602.SH,2025Q3,0.006329765,964,AAA,0
603602.SH,2025Q4,0.006658162,961,AAA,0
603602.SH,2026Q1,0.014495627,904,AAA,0
603605.SH,2025Q3,0.0011694535,1086,AAA,0
603605.SH,2025Q4,0.0013981455,1074,AAA,0
603605.SH,2026Q1,0.0012182421,1083,AAA,0
603606.SH,2025Q3,0.0006786418,1126,AAA,0
603606.SH,2025Q4,0.0006671192,1127,AAA,0
603606.SH,2026Q1,0.00078417343,1115,AAA,0
603607.SH,2025Q3,0.001224417,1083,AAA,0
603607.SH,2025Q4,0.001229646,1083,AAA,0
603607.SH,2026Q1,0.0017880464,1056,AAA,0
603608.SH,2025Q3,0.085446976,770,AAA,0
603608.SH,2025Q4,0.023652565,868,AAA,0
603608.SH,2026Q1,0.0443008,821,AAA,0
603609.SH,2025Q3,0.0028099713,1023,AAA,0
603609.SH,2025Q4,0.0027099368,1026,AAA,0
603609.SH,2026Q1,0.0044662827,990,AAA,0
603610.SH,2025Q3,0.00080940913,1113,AAA,0
603610.SH,2025Q4,0.0008248184,1112,AAA,0
603610.SH,2026Q1,0.00092438515,1103,AAA,0
603611.SH,2025Q3,0.0012451244,1082,AAA,0
603611.SH,2025Q4,0.0011411248,1088,AAA,0
603611.SH,2026Q1,0.0020788447,1045,AAA,0
603612.SH,2025Q3,0.0013444141,1076,AAA,0
603612.SH,2025Q4,0.00124487,1082,AAA,0
603612.SH,2026Q1,0.0018819924,1052,AAA,0
603613.SH,2025Q3,0.0010696943,1093,AAA,0
603613.SH,2025Q4,0.0007739161,1116,AAA,0
603613.SH,2026Q1,0.0008286478,1111,AAA,0
603615.SH,2025Q3,0.0032496173,1013,AAA,0
603615.SH,2025Q4,0.0028807838,1021,AAA,0
603615.SH,2026Q1,0.0018335345,1054,AAA,0
603616.SH,2025Q3,0.1278023,738,AAA,0
603616.SH,2025Q4,0.053541802,807,AAA,0
603616.SH,2026Q1,0.52618194,592,BBB,0
603617.SH,2025Q3,0.0018280222,1054,AAA,0
603617.SH,2025Q4,0.0034515793,1008,AAA,0
603617.SH,2026Q1,0.0015851122,1064,AAA,0
603618.SH,2025Q3,0.007800484,949,AAA,0
603618.SH,2025Q4,0.009528415,934,AAA,0
603618.SH,2026Q1,0.009048365,938,AAA,0
603619.SH,2025Q3,0.0030141054,1018,AAA,0
603619.SH,2025Q4,0.00539348,976,AAA,0
603619.SH,2026Q1,0.006391261,964,AAA,0
603626.SH,2025Q3,0.024011455,867,AAA,0
603626.SH,2025Q4,0.015392677,899,AAA,0
603626.SH,2026Q1,0.023388142,869,AAA,0
603628.SH,2025Q3,0.0014607161,1070,AAA,0
603628.SH,2025Q4,0.0026914645,1026,AAA,0
603628.SH,2026Q1,0.005750985,971,AAA,0
603629.SH,2025Q3,0.0017062088,1059,AAA,0
603629.SH,2025Q4,0.0022338075,1040,AAA,0
603629.SH,2026Q1,0.0015720265,1065,AAA,0
603630.SH,2025Q3,0.003774266,1002,AAA,0
603630.SH,2025Q4,0.008718841,941,AAA,0
603630.SH,2026Q1,0.0013185014,1078,AAA,0
603633.SH,2025Q3,0.0013624338,1075,AAA,0
603633.SH,2025Q4,0.0024804862,1032,AAA,0
603633.SH,2026Q1,0.013907623,907,AAA,0
603636.SH,2025Q3,0.020276418,879,AAA,0
603636.SH,2025Q4,0.033338107,842,AAA,0
603636.SH,2026Q1,0.032531366,844,AAA,0
603637.SH,2025Q3,0.004456107,990,AAA,0
603637.SH,2025Q4,0.0040945453,996,AAA,0
603637.SH,2026Q1,0.0072557023,954,AAA,0
603638.SH,2025Q3,0.0014275605,1072,AAA,0
603638.SH,2025Q4,0.001389012,1074,AAA,0
603638.SH,2026Q1,0.0018130791,1055,AAA,0
603639.SH,2025Q3,0.0008737351,1107,AAA,0
603639.SH,2025Q4,0.0010211354,1096,AAA,0
603639.SH,2026Q1,0.0009508219,1101,AAA,0
603648.SH,2025Q3,0.0025312016,1031,AAA,0
603648.SH,2025Q4,0.0025387492,1030,AAA,0
603648.SH,2026Q1,0.002798005,1023,AAA,0
603650.SH,2025Q3,0.0012040645,1084,AAA,0
603650.SH,2025Q4,0.001467393,1070,AAA,0
603650.SH,2026Q1,0.002648627,1027,AAA,0
603655.SH,2025Q3,0.0029173181,1020,AAA,0
603655.SH,2025Q4,0.0028596583,1022,AAA,0
603655.SH,2026Q1,0.0024931,1032,AAA,0
603656.SH,2025Q3,0.0014272511,1072,AAA,0
603656.SH,2025Q4,0.0010812702,1092,AAA,0
603656.SH,2026Q1,0.0016197778,1063,AAA,0
603657.SH,2025Q3,0.001745354,1057,AAA,0
603657.SH,2025Q4,0.0021748296,1042,AAA,0
603657.SH,2026Q1,0.002985502,1019,AAA,0
603658.SH,2025Q3,0.00068884174,1125,AAA,0
603658.SH,2025Q4,0.000837271,1111,AAA,0
603658.SH,2026Q1,0.0009787389,1099,AAA,0
603659.SH,2025Q3,0.00083979993,1110,AAA,0
603659.SH,2025Q4,0.00081507507,1112,AAA,0
603659.SH,2026Q1,0.0008488808,1110,AAA,0
603660.SH,2025Q3,0.009803316,932,AAA,0
603660.SH,2025Q4,0.006870513,958,AAA,0
603660.SH,2026Q1,0.04328619,823,AAA,0
603661.SH,2025Q3,0.0008611431,1109,AAA,0
603661.SH,2025Q4,0.00094131596,1102,AAA,0
603661.SH,2026Q1,0.0010562702,1094,AAA,0
603662.SH,2025Q3,0.0010721653,1093,AAA,0
603662.SH,2025Q4,0.0023053007,1037,AAA,0
603662.SH,2026Q1,0.002686213,1026,AAA,0
603663.SH,2025Q3,0.0036419115,1004,AAA,0
603663.SH,2025Q4,0.003711556,1003,AAA,0
603663.SH,2026Q1,0.004438775,990,AAA,0
603665.SH,2025Q3,0.013558679,909,AAA,0
603665.SH,2025Q4,0.014253553,905,AAA,0
603665.SH,2026Q1,0.012751783,913,AAA,0
603666.SH,2025Q3,0.009974313,931,AAA,0
603666.SH,2025Q4,0.013949374,907,AAA,0
603666.SH,2026Q1,0.0093889125,936,AAA,0
603667.SH,2025Q3,0.0008888528,1106,AAA,0
603667.SH,2025Q4,0.0011361311,1089,AAA,0
603667.SH,2026Q1,0.0010900586,1091,AAA,0
603668.SH,2025Q3,0.004451827,990,AAA,0
603668.SH,2025Q4,0.0043631797,991,AAA,0
603668.SH,2026Q1,0.005793129,971,AAA,0
603669.SH,2025Q3,0.004788936,984,AAA,0
603669.SH,2025Q4,0.008928283,939,AAA,0
603669.SH,2026Q1,0.010205224,929,AAA,0
603676.SH,2025Q3,0.0026112252,1028,AAA,0
603676.SH,2025Q4,0.003596216,1005,AAA,0
603676.SH,2026Q1,0.0018411488,1054,AAA,0
603677.SH,2025Q3,0.0013446573,1076,AAA,0
603677.SH,2025Q4,0.0020098551,1047,AAA,0
603677.SH,2026Q1,0.0029316843,1020,AAA,0
603678.SH,2025Q3,0.00072043797,1121,AAA,0
603678.SH,2025Q4,0.0009062177,1105,AAA,0
603678.SH,2026Q1,0.007858082,949,AAA,0
603679.SH,2025Q3,0.004014253,997,AAA,0
603679.SH,2025Q4,0.0062911063,965,AAA,0
603679.SH,2026Q1,0.0058285436,970,AAA,0
603680.SH,2025Q3,0.0013777824,1075,AAA,0
603680.SH,2025Q4,0.0015383126,1067,AAA,0
603680.SH,2026Q1,0.0012715129,1080,AAA,0
603681.SH,2025Q3,0.0011807662,1086,AAA,0
603681.SH,2025Q4,0.0011709137,1086,AAA,0
603681.SH,2026Q1,0.0015346579,1067,AAA,0
603682.SH,2025Q3,0.013581824,909,AAA,0
603682.SH,2025Q4,0.7200884,531,BB,0
603682.SH,2026Q1,0.08596495,770,AAA,0
603683.SH,2025Q3,0.0020225681,1047,AAA,0
603683.SH,2025Q4,0.0025287443,1031,AAA,0
603683.SH,2026Q1,0.0026272496,1028,AAA,0
603685.SH,2025Q3,0.0034392967,1008,AAA,0
603685.SH,2025Q4,0.0030369286,1017,AAA,0
603685.SH,2026Q1,0.0028186308,1023,AAA,0
603686.SH,2025Q3,0.0019252737,1050,AAA,0
603686.SH,2025Q4,0.0014676263,1070,AAA,0
603686.SH,2026Q1,0.0029011185,1021,AAA,0
603687.SH,2025Q3,0.0011185745,1090,AAA,0
603687.SH,2025Q4,0.0016682936,1061,AAA,0
603687.SH,2026Q1,0.0032200988,1013,AAA,0
603688.SH,2025Q3,0.002603157,1029,AAA,0
603688.SH,2025Q4,0.0021607187,1042,AAA,0
603688.SH,2026Q1,0.0013898999,1074,AAA,0
603689.SH,2025Q3,0.0041391165,995,AAA,0
603689.SH,2025Q4,0.0063746274,964,AAA,0
603689.SH,2026Q1,0.002743884,1025,AAA,0
603690.SH,2025Q3,0.004885014,983,AAA,0
603690.SH,2025Q4,0.0035366488,1006,AAA,0
603690.SH,2026Q1,0.004903709,983,AAA,0
603693.SH,2025Q3,0.0018372497,1054,AAA,0
603693.SH,2025Q4,0.0023864964,1035,AAA,0
603693.SH,2026Q1,0.0028201228,1023,AAA,0
603696.SH,2025Q3,0.0038692148,1000,AAA,0
603696.SH,2025Q4,0.0068493607,958,AAA,0
603696.SH,2026Q1,0.011771878,919,AAA,0
603697.SH,2025Q3,0.0026807995,1026,AAA,0
603697.SH,2025Q4,0.005104662,980,AAA,0
603697.SH,2026Q1,0.00307722,1016,AAA,0
603698.SH,2025Q3,0.0013918874,1074,AAA,0
603698.SH,2025Q4,0.0015512849,1066,AAA,0
603698.SH,2026Q1,0.0041813683,994,AAA,0
603699.SH,2025Q3,0.0011635731,1087,AAA,0
603699.SH,2025Q4,0.001001719,1098,AAA,0
603699.SH,2026Q1,0.001152279,1087,AAA,0
603700.SH,2025Q3,0.0011321467,1089,AAA,0
603700.SH,2025Q4,0.00089675427,1106,AAA,0
603700.SH,2026Q1,0.0036583305,1004,AAA,0
603701.SH,2025Q3,0.0035717918,1006,AAA,0
603701.SH,2025Q4,0.016818574,893,AAA,0
603701.SH,2026Q1,0.0041947,994,AAA,0
603703.SH,2025Q3,0.010321405,929,AAA,0
603703.SH,2025Q4,0.0048564174,983,AAA,0
603703.SH,2026Q1,0.010265486,929,AAA,0
603706.SH,2025Q3,0.002708365,1026,AAA,0
603706.SH,2025Q4,0.0033208332,1011,AAA,0
603706.SH,2026Q1,0.0037218537,1003,AAA,0
603707.SH,2025Q3,0.0016485401,1062,AAA,0
603707.SH,2025Q4,0.0016816924,1060,AAA,0
603707.SH,2026Q1,0.0031974795,1014,AAA,0
603708.SH,2025Q3,0.0035301934,1007,AAA,0
603708.SH,2025Q4,0.0055859317,973,AAA,0
603708.SH,2026Q1,0.0033866935,1010,AAA,0
603709.SH,2025Q3,0.0031489595,1015,AAA,0
603709.SH,2025Q4,0.0026402224,1028,AAA,0
603709.SH,2026Q1,0.0033941744,1009,AAA,0
603711.SH,2025Q3,0.0057633906,971,AAA,0
603711.SH,2025Q4,0.0012787733,1080,AAA,0
603711.SH,2026Q1,0.0024528122,1033,AAA,0
603712.SH,2025Q3,0.0051950137,979,AAA,0
603712.SH,2025Q4,0.00632801,964,AAA,0
603712.SH,2026Q1,0.017921867,888,AAA,0
603713.SH,2025Q3,0.0011199655,1090,AAA,0
603713.SH,2025Q4,0.0011614941,1087,AAA,0
603713.SH,2026Q1,0.0013816139,1074,AAA,0
603716.SH,2025Q3,0.11274807,748,AAA,0
603716.SH,2025Q4,0.101755746,757,AAA,0
603716.SH,2026Q1,0.05461652,805,AAA,0
603717.SH,2025Q3,0.010778114,926,AAA,0
603717.SH,2025Q4,0.015649568,898,AAA,0
603717.SH,2026Q1,0.06934306,787,AAA,0
603718.SH,2025Q3,0.0055080173,974,AAA,0
603718.SH,2025Q4,0.3435122,646,A,0
603718.SH,2026Q1,0.73060906,528,BB,0
603719.SH,2025Q3,0.0037938554,1001,AAA,0
603719.SH,2025Q4,0.007876341,948,AAA,0
603719.SH,2026Q1,0.002113176,1044,AAA,0
603721.SH,2025Q3,0.0036911147,1003,AAA,0
603721.SH,2025Q4,0.0024634583,1033,AAA,0
603721.SH,2026Q1,0.056782816,802,AAA,0
603722.SH,2025Q3,0.0030787487,1016,AAA,0
603722.SH,2025Q4,0.0030754106,1017,AAA,0
603722.SH,2026Q1,0.0032371911,1013,AAA,0
603725.SH,2025Q3,0.0026994708,1026,AAA,0
603725.SH,2025Q4,0.0024260369,1034,AAA,0
603725.SH,2026Q1,0.004632538,987,AAA,0
603726.SH,2025Q3,0.0009203754,1104,AAA,0
603726.SH,2025Q4,0.0010509032,1094,AAA,0
603726.SH,2026Q1,0.0010747848,1093,AAA,0
603727.SH,2025Q3,0.005809449,970,AAA,0
603727.SH,2025Q4,0.0071989046,955,AAA,0
603727.SH,2026Q1,0.02967835,851,AAA,0
603728.SH,2025Q3,0.0013462123,1076,AAA,0
603728.SH,2025Q4,0.0012848784,1080,AAA,0
603728.SH,2026Q1,0.0028631778,1022,AAA,0
603729.SH,2025Q3,0.0066392794,961,AAA,0
603729.SH,2025Q4,0.006665413,960,AAA,0
603729.SH,2026Q1,0.006807551,959,AAA,0
603730.SH,2025Q3,0.002023552,1047,AAA,0
603730.SH,2025Q4,0.0037574943,1002,AAA,0
603730.SH,2026Q1,0.0027348865,1025,AAA,0
603733.SH,2025Q3,0.001058925,1094,AAA,0
603733.SH,2025Q4,0.0011769426,1086,AAA,0
603733.SH,2026Q1,0.001221627,1083,AAA,0
603737.SH,2025Q3,0.002718908,1025,AAA,0
603737.SH,2025Q4,0.0036079495,1005,AAA,0
603737.SH,2026Q1,0.0024610679,1033,AAA,0
603738.SH,2025Q3,0.0016883549,1060,AAA,0
603738.SH,2025Q4,0.001798887,1055,AAA,0
603738.SH,2026Q1,0.0020935037,1044,AAA,0
603739.SH,2025Q3,0.0028945724,1021,AAA,0
603739.SH,2025Q4,0.0046951002,986,AAA,0
603739.SH,2026Q1,0.0065918663,961,AAA,0
603755.SH,2025Q3,0.00084619917,1110,AAA,0
603755.SH,2025Q4,0.0010958303,1091,AAA,0
603755.SH,2026Q1,0.0010112802,1097,AAA,0
603757.SH,2025Q3,0.0015729654,1065,AAA,0
603757.SH,2025Q4,0.0014188753,1072,AAA,0
603757.SH,2026Q1,0.0015209892,1067,AAA,0
603758.SH,2025Q3,0.0012640776,1081,AAA,0
603758.SH,2025Q4,0.0010928286,1091,AAA,0
603758.SH,2026Q1,0.0019324201,1050,AAA,0
603759.SH,2025Q3,0.004269925,993,AAA,0
603759.SH,2025Q4,0.0043550134,991,AAA,0
603759.SH,2026Q1,0.00465369,987,AAA,0
603766.SH,2025Q3,0.001190055,1085,AAA,0
603766.SH,2025Q4,0.0015196298,1067,AAA,0
603766.SH,2026Q1,0.001335642,1077,AAA,0
603767.SH,2025Q3,0.0015447617,1066,AAA,0
603767.SH,2025Q4,0.0028574197,1022,AAA,0
603767.SH,2026Q1,0.0020127133,1047,AAA,0
603768.SH,2025Q3,0.0016085368,1063,AAA,0
603768.SH,2025Q4,0.0024177905,1034,AAA,0
603768.SH,2026Q1,0.0013523478,1076,AAA,0
603773.SH,2025Q3,0.0066290223,961,AAA,0
603773.SH,2025Q4,0.0041077947,996,AAA,0
603773.SH,2026Q1,0.006715685,960,AAA,0
603776.SH,2025Q3,0.0020846506,1045,AAA,0
603776.SH,2025Q4,0.002607362,1028,AAA,0
603776.SH,2026Q1,0.0050528115,981,AAA,0
603777.SH,2025Q3,0.0049215276,982,AAA,0
603777.SH,2025Q4,0.010812577,925,AAA,0
603777.SH,2026Q1,0.0061436184,966,AAA,0
603778.SH,2025Q3,0.05559625,804,AAA,0
603778.SH,2025Q4,0.18507604,706,AAA,0
603778.SH,2026Q1,0.7517472,520,BB,0
603779.SH,2025Q3,0.08736301,769,AAA,0
603779.SH,2025Q4,0.25147465,678,AA,0
603779.SH,2026Q1,0.11257023,748,AAA,0
603786.SH,2025Q3,0.00078059366,1116,AAA,0
603786.SH,2025Q4,0.00079278427,1114,AAA,0
603786.SH,2026Q1,0.0008306096,1111,AAA,0
603787.SH,2025Q3,0.0022673383,1039,AAA,0
603787.SH,2025Q4,0.0037324363,1003,AAA,0
603787.SH,2026Q1,0.00908964,938,AAA,0
603788.SH,2025Q3,0.00083792227,1110,AAA,0
603788.SH,2025Q4,0.00081157085,1113,AAA,0
603788.SH,2026Q1,0.0010899688,1091,AAA,0
603789.SH,2025Q3,0.06686419,790,AAA,0
603789.SH,2025Q4,0.0710701,785,AAA,0
603789.SH,2026Q1,0.2338424,685,AA,0
603790.SH,2025Q3,0.0011306389,1089,AAA,0
603790.SH,2025Q4,0.0013166004,1078,AAA,0
603790.SH,2026Q1,0.0011640509,1087,AAA,0
603797.SH,2025Q3,0.011410774,921,AAA,0
603797.SH,2025Q4,0.014110401,906,AAA,0
603797.SH,2026Q1,0.011004584,924,AAA,0
603798.SH,2025Q3,0.008945536,939,AAA,0
603798.SH,2025Q4,0.017228207,891,AAA,0
603798.SH,2026Q1,0.008112472,946,AAA,0
603799.SH,2025Q3,0.0015260015,1067,AAA,0
603799.SH,2025Q4,0.001464269,1070,AAA,0
603799.SH,2026Q1,0.0017263348,1058,AAA,0
603800.SH,2025Q3,0.00559067,973,AAA,0
603800.SH,2025Q4,0.005802716,971,AAA,0
603800.SH,2026Q1,0.03962354,829,AAA,0
603801.SH,2025Q3,0.0007322828,1120,AAA,0
603801.SH,2025Q4,0.000953997,1101,AAA,0
603801.SH,2026Q1,0.0020967806,1044,AAA,0
603803.SH,2025Q3,0.00871924,941,AAA,0
603803.SH,2025Q4,0.009843994,932,AAA,0
603803.SH,2026Q1,0.006064114,967,AAA,0
603806.SH,2025Q3,0.0010134546,1097,AAA,0
603806.SH,2025Q4,0.00084991753,1109,AAA,0
603806.SH,2026Q1,0.0012389407,1082,AAA,0
603808.SH,2025Q3,0.010292653,929,AAA,0
603808.SH,2025Q4,0.008718049,941,AAA,0
603808.SH,2026Q1,0.0034272382,1009,AAA,0
603809.SH,2025Q3,0.0024704929,1032,AAA,0
603809.SH,2025Q4,0.0022430825,1039,AAA,0
603809.SH,2026Q1,0.0024892597,1032,AAA,0
603810.SH,2025Q3,0.0019428745,1050,AAA,0
603810.SH,2025Q4,0.0016557248,1061,AAA,0
603810.SH,2026Q1,0.0014349007,1072,AAA,0
603811.SH,2025Q3,0.007694686,950,AAA,0
603811.SH,2025Q4,0.015166512,901,AAA,0
603811.SH,2026Q1,0.0042494247,993,AAA,0
603813.SH,2025Q3,0.007315579,954,AAA,0
603813.SH,2025Q4,0.006282488,965,AAA,0
603813.SH,2026Q1,0.03814558,832,AAA,0
603815.SH,2025Q3,0.004266036,993,AAA,0
603815.SH,2025Q4,0.12228862,742,AAA,0
603815.SH,2026Q1,0.18336983,707,AAA,0
603816.SH,2025Q3,0.0007031953,1123,AAA,0
603816.SH,2025Q4,0.0007250876,1121,AAA,0
603816.SH,2026Q1,0.00072161504,1121,AAA,0
603817.SH,2025Q3,0.01052926,927,AAA,0
603817.SH,2025Q4,0.019157931,883,AAA,0
603817.SH,2026Q1,0.02550231,862,AAA,0
603818.SH,2025Q3,0.011686476,920,AAA,0
603818.SH,2025Q4,0.0112014245,923,AAA,0
603818.SH,2026Q1,0.007897613,948,AAA,0
603819.SH,2025Q3,0.012067552,917,AAA,0
603819.SH,2025Q4,0.009505864,935,AAA,0
603819.SH,2026Q1,0.006036855,968,AAA,0
603822.SH,2025Q3,0.003851494,1000,AAA,0
603822.SH,2025Q4,0.0032385653,1013,AAA,0
603822.SH,2026Q1,0.0109109795,925,AAA,0
603823.SH,2025Q3,0.0012463601,1082,AAA,0
603823.SH,2025Q4,0.001080393,1092,AAA,0
603823.SH,2026Q1,0.0013327288,1077,AAA,0
603825.SH,2025Q3,0.15378606,723,AAA,0
603825.SH,2025Q4,0.8595558,469,B,0
603825.SH,2026Q1,0.95350283,382,C,0
603826.SH,2025Q3,0.005812361,970,AAA,0
603826.SH,2025Q4,0.01581543,897,AAA,0
603826.SH,2026Q1,0.015106176,901,AAA,0
603828.SH,2025Q3,0.25975636,675,AA,0
603828.SH,2025Q4,0.54892516,585,BBB,0
603828.SH,2026Q1,0.7265365,529,BB,0
603829.SH,2025Q3,0.0015278145,1067,AAA,0
603829.SH,2025Q4,0.0023372853,1036,AAA,0
603829.SH,2026Q1,0.0017690724,1057,AAA,0
603833.SH,2025Q3,0.0008034897,1114,AAA,0
603833.SH,2025Q4,0.00093322585,1103,AAA,0
603833.SH,2026Q1,0.001472139,1070,AAA,0
603836.SH,2025Q3,0.0062107947,966,AAA,0
603836.SH,2025Q4,0.017192703,891,AAA,0
603836.SH,2026Q1,0.013574409,909,AAA,0
603838.SH,2025Q3,0.0071737366,955,AAA,0
603838.SH,2025Q4,0.0093686,936,AAA,0
603838.SH,2026Q1,0.008564049,942,AAA,0
603839.SH,2025Q3,0.003789916,1001,AAA,0
603839.SH,2025Q4,0.0070069795,957,AAA,0
603839.SH,2026Q1,0.0042088316,994,AAA,0
603843.SH,2025Q3,0.17798384,710,AAA,0
603843.SH,2025Q4,0.55100465,585,BBB,0
603843.SH,2026Q1,0.96403265,362,C,0
603848.SH,2025Q3,0.0022692787,1039,AAA,0
603848.SH,2025Q4,0.0015836187,1065,AAA,0
603848.SH,2026Q1,0.0021768236,1042,AAA,0
603855.SH,2025Q3,0.0015119215,1068,AAA,0
603855.SH,2025Q4,0.00191727,1051,AAA,0
603855.SH,2026Q1,0.0017317061,1058,AAA,0
603856.SH,2025Q3,0.0009509483,1101,AAA,0
603856.SH,2025Q4,0.00082405325,1112,AAA,0
603856.SH,2026Q1,0.0008506735,1109,AAA,0
603858.SH,2025Q3,0.0018025108,1055,AAA,0
603858.SH,2025Q4,0.0024173409,1034,AAA,0
603858.SH,2026Q1,0.0011487872,1088,AAA,0
603859.SH,2025Q3,0.0014627115,1070,AAA,0
603859.SH,2025Q4,0.001035353,1095,AAA,0
603859.SH,2026Q1,0.0022464476,1039,AAA,0
603860.SH,2025Q3,0.0017147998,1059,AAA,0
603860.SH,2025Q4,0.00092494633,1103,AAA,0
603860.SH,2026Q1,0.0032369865,1013,AAA,0
603861.SH,2025Q3,0.0021970617,1041,AAA,0
603861.SH,2025Q4,0.0014933193,1069,AAA,0
603861.SH,2026Q1,0.0020342565,1046,AAA,0
603863.SH,2025Q3,0.04328367,823,AAA,0
603863.SH,2025Q4,0.11617223,746,AAA,0
603863.SH,2026Q1,0.12808375,738,AAA,0
603866.SH,2025Q3,0.003938955,999,AAA,0
603866.SH,2025Q4,0.006153902,966,AAA,0
603866.SH,2026Q1,0.011476157,921,AAA,0
603867.SH,2025Q3,0.0011728521,1086,AAA,0
603867.SH,2025Q4,0.0014889565,1069,AAA,0
603867.SH,2026Q1,0.0013684226,1075,AAA,0
603868.SH,2025Q3,0.0013421732,1076,AAA,0
603868.SH,2025Q4,0.0014911686,1069,AAA,0
603868.SH,2026Q1,0.001009557,1097,AAA,0
603869.SH,2025Q3,0.009916095,932,AAA,0
603869.SH,2025Q4,0.009587694,934,AAA,0
603869.SH,2026Q1,0.01022948,929,AAA,0
603871.SH,2025Q3,0.008431642,943,AAA,0
603871.SH,2025Q4,0.0061998963,966,AAA,0
603871.SH,2026Q1,0.0043631466,991,AAA,0
603876.SH,2025Q3,0.0013032418,1079,AAA,0
603876.SH,2025Q4,0.0012910111,1079,AAA,0
603876.SH,2026Q1,0.0014618308,1070,AAA,0
603877.SH,2025Q3,0.001579252,1065,AAA,0
603877.SH,2025Q4,0.0023202843,1037,AAA,0
603877.SH,2026Q1,0.0018001102,1055,AAA,0
603878.SH,2025Q3,0.0012430737,1082,AAA,0
603878.SH,2025Q4,0.0016650122,1061,AAA,0
603878.SH,2026Q1,0.010086905,930,AAA,0
603879.SH,2025Q3,0.30907708,658,AA,0
603879.SH,2025Q4,0.15116113,724,AAA,0
603879.SH,2026Q1,0.14943367,725,AAA,0
603880.SH,2025Q3,0.061145622,797,AAA,0
603880.SH,2025Q4,0.08614369,770,AAA,0
603880.SH,2026Q1,0.022604955,871,AAA,0
603881.SH,2025Q3,0.004861582,983,AAA,0
603881.SH,2025Q4,0.0058892677,969,AAA,0
603881.SH,2026Q1,0.0048668953,983,AAA,0
603882.SH,2025Q3,0.0029192371,1020,AAA,0
603882.SH,2025Q4,0.0031506678,1015,AAA,0
603882.SH,2026Q1,0.001500927,1068,AAA,0
603883.SH,2025Q3,0.0017825527,1056,AAA,0
603883.SH,2025Q4,0.0012195952,1083,AAA,0
603883.SH,2026Q1,0.0009953788,1098,AAA,0
603885.SH,2025Q3,0.0028863035,1021,AAA,0
603885.SH,2025Q4,0.0024754321,1032,AAA,0
603885.SH,2026Q1,0.0025919813,1029,AAA,0
603886.SH,2025Q3,0.0034853048,1007,AAA,0
603886.SH,2025Q4,0.0055766907,973,AAA,0
603886.SH,2026Q1,0.014491849,904,AAA,0
603887.SH,2025Q3,0.011777299,919,AAA,0
603887.SH,2025Q4,0.0031724686,1014,AAA,0
603887.SH,2026Q1,0.003593017,1005,AAA,0
603888.SH,2025Q3,0.0016110383,1063,AAA,0
603888.SH,2025Q4,0.0021822855,1041,AAA,0
603888.SH,2026Q1,0.0030832568,1016,AAA,0
603889.SH,2025Q3,0.0015647315,1065,AAA,0
603889.SH,2025Q4,0.0021508785,1042,AAA,0
603889.SH,2026Q1,0.0013738327,1075,AAA,0
603890.SH,2025Q3,0.0014336413,1072,AAA,0
603890.SH,2025Q4,0.0012657118,1081,AAA,0
603890.SH,2026Q1,0.001333417,1077,AAA,0
603893.SH,2025Q3,0.0007825274,1115,AAA,0
603893.SH,2025Q4,0.0007262868,1121,AAA,0
603893.SH,2026Q1,0.0007200842,1121,AAA,0
603895.SH,2025Q3,0.04729135,816,AAA,0
603895.SH,2025Q4,0.007825317,949,AAA,0
603895.SH,2026Q1,0.008577526,942,AAA,0
603896.SH,2025Q3,0.001187983,1085,AAA,0
603896.SH,2025Q4,0.0019166671,1051,AAA,0
603896.SH,2026Q1,0.0020372139,1046,AAA,0
603897.SH,2025Q3,0.001113333,1090,AAA,0
603897.SH,2025Q4,0.0010645417,1093,AAA,0
603897.SH,2026Q1,0.00096033956,1101,AAA,0
603898.SH,2025Q3,0.0022891532,1038,AAA,0
603898.SH,2025Q4,0.003976111,998,AAA,0
603898.SH,2026Q1,0.0031993857,1014,AAA,0
603899.SH,2025Q3,0.00073877483,1120,AAA,0
603899.SH,2025Q4,0.0007971826,1114,AAA,0
603899.SH,2026Q1,0.00076886016,1117,AAA,0
603900.SH,2025Q3,0.0035218317,1007,AAA,0
603900.SH,2025Q4,0.004910436,983,AAA,0
603900.SH,2026Q1,0.003313624,1011,AAA,0
603901.SH,2025Q3,0.0016414602,1062,AAA,0
603901.SH,2025Q4,0.0025520083,1030,AAA,0
603901.SH,2026Q1,0.0014749566,1070,AAA,0
603903.SH,2025Q3,0.016113568,896,AAA,0
603903.SH,2025Q4,0.059229102,799,AAA,0
603903.SH,2026Q1,0.06245648,795,AAA,0
603906.SH,2025Q3,0.004374666,991,AAA,0
603906.SH,2025Q4,0.0032730026,1012,AAA,0
603906.SH,2026Q1,0.002947251,1020,AAA,0
603908.SH,2025Q3,0.0013693236,1075,AAA,0
603908.SH,2025Q4,0.002700362,1026,AAA,0
603908.SH,2026Q1,0.0038915386,999,AAA,0
603909.SH,2025Q3,0.0020249758,1047,AAA,0
603909.SH,2025Q4,0.0027073966,1026,AAA,0
603909.SH,2026Q1,0.0019379884,1050,AAA,0
603912.SH,2025Q3,0.0030643446,1017,AAA,0
603912.SH,2025Q4,0.0025080745,1031,AAA,0
603912.SH,2026Q1,0.0030749897,1017,AAA,0
603915.SH,2025Q3,0.0010615936,1093,AAA,0
603915.SH,2025Q4,0.00090333656,1105,AAA,0
603915.SH,2026Q1,0.0010397042,1095,AAA,0
603916.SH,2025Q3,0.0008508352,1109,AAA,0
603916.SH,2025Q4,0.0009862831,1099,AAA,0
603916.SH,2026Q1,0.001451596,1071,AAA,0
603917.SH,2025Q3,0.0012644003,1081,AAA,0
603917.SH,2025Q4,0.0014855285,1069,AAA,0
603917.SH,2026Q1,0.004842849,984,AAA,0
603918.SH,2025Q3,0.0046067135,987,AAA,0
603918.SH,2025Q4,0.0042520966,993,AAA,0
603918.SH,2026Q1,0.020679109,878,AAA,0
603919.SH,2025Q3,0.0019792835,1048,AAA,0
603919.SH,2025Q4,0.0035027093,1007,AAA,0
603919.SH,2026Q1,0.0032183928,1013,AAA,0
603920.SH,2025Q3,0.00072358106,1121,AAA,0
603920.SH,2025Q4,0.0008005561,1114,AAA,0
603920.SH,2026Q1,0.0015540636,1066,AAA,0
603922.SH,2025Q3,0.014908514,902,AAA,0
603922.SH,2025Q4,0.007418777,953,AAA,0
603922.SH,2026Q1,0.0033067632,1011,AAA,0
603926.SH,2025Q3,0.0010906133,1091,AAA,0
603926.SH,2025Q4,0.0011264688,1089,AAA,0
603926.SH,2026Q1,0.0010933747,1091,AAA,0
603927.SH,2025Q3,0.0031181432,1016,AAA,0
603927.SH,2025Q4,0.0037064129,1003,AAA,0
603927.SH,2026Q1,0.0048574037,983,AAA,0
603928.SH,2025Q3,0.003832673,1001,AAA,0
603928.SH,2025Q4,0.0030395095,1017,AAA,0
603928.SH,2026Q1,0.0031780892,1014,AAA,0
603929.SH,2025Q3,0.00091620814,1104,AAA,0
603929.SH,2025Q4,0.0013698896,1075,AAA,0
603929.SH,2026Q1,0.00093707314,1102,AAA,0
603931.SH,2025Q3,0.001379716,1074,AAA,0
603931.SH,2025Q4,0.0011076154,1090,AAA,0
603931.SH,2026Q1,0.0013006384,1079,AAA,0
603933.SH,2025Q3,0.0015307984,1067,AAA,0
603933.SH,2025Q4,0.001472812,1070,AAA,0
603933.SH,2026Q1,0.0013285081,1077,AAA,0
603936.SH,2025Q3,0.0013989606,1073,AAA,0
603936.SH,2025Q4,0.0015063373,1068,AAA,0
603936.SH,2026Q1,0.0018767919,1052,AAA,0
603937.SH,2025Q3,0.0024546809,1033,AAA,0
603937.SH,2025Q4,0.0017785067,1056,AAA,0
603937.SH,2026Q1,0.004767736,985,AAA,0
603938.SH,2025Q3,0.0022383588,1040,AAA,0
603938.SH,2025Q4,0.0035854625,1005,AAA,0
603938.SH,2026Q1,0.0030482349,1017,AAA,0
603939.SH,2025Q3,0.0009337443,1103,AAA,0
603939.SH,2025Q4,0.0016661531,1061,AAA,0
603939.SH,2026Q1,0.0016171419,1063,AAA,0
603948.SH,2025Q3,0.001284398,1080,AAA,0
603948.SH,2025Q4,0.0013454779,1076,AAA,0
603948.SH,2026Q1,0.0009824065,1099,AAA,0
603949.SH,2025Q3,0.0014074892,1073,AAA,0
603949.SH,2025Q4,0.002250304,1039,AAA,0
603949.SH,2026Q1,0.0018560454,1053,AAA,0
603950.SH,2025Q3,0.0008479099,1110,AAA,0
603950.SH,2025Q4,0.0007970177,1114,AAA,0
603950.SH,2026Q1,0.0008940996,1106,AAA,0
603955.SH,2025Q3,0.0043277196,992,AAA,0
603955.SH,2025Q4,0.0024648916,1033,AAA,0
603955.SH,2026Q1,0.0026177906,1028,AAA,0
603956.SH,2025Q3,0.008826084,940,AAA,0
603956.SH,2025Q4,0.008156958,946,AAA,0
603956.SH,2026Q1,0.03509801,839,AAA,0
603958.SH,2025Q3,0.0037535143,1002,AAA,0
603958.SH,2025Q4,0.005039938,981,AAA,0
603958.SH,2026Q1,0.0031406856,1015,AAA,0
603959.SH,2025Q3,0.8895041,449,C,0
603959.SH,2025Q4,0.97915035,322,C,0
603959.SH,2026Q1,0.476869,606,A,0
603960.SH,2025Q3,0.002341706,1036,AAA,0
603960.SH,2025Q4,0.0022291553,1040,AAA,0
603960.SH,2026Q1,0.0034853746,1007,AAA,0
603966.SH,2025Q3,0.0012517751,1082,AAA,0
603966.SH,2025Q4,0.0011814546,1086,AAA,0
603966.SH,2026Q1,0.0018002918,1055,AAA,0
603967.SH,2025Q3,0.006816106,959,AAA,0
603967.SH,2025Q4,0.012426506,915,AAA,0
603967.SH,2026Q1,0.012180471,917,AAA,0
603968.SH,2025Q3,0.004699514,986,AAA,0
603968.SH,2025Q4,0.004674813,986,AAA,0
603968.SH,2026Q1,0.002496787,1032,AAA,0
603969.SH,2025Q3,0.0021485924,1042,AAA,0
603969.SH,2025Q4,0.0017767408,1056,AAA,0
603969.SH,2026Q1,0.0025250774,1031,AAA,0
603970.SH,2025Q3,0.0034564855,1008,AAA,0
603970.SH,2025Q4,0.003799618,1001,AAA,0
603970.SH,2026Q1,0.0035387652,1006,AAA,0
603976.SH,2025Q3,0.0014546348,1071,AAA,0
603976.SH,2025Q4,0.0017542101,1057,AAA,0
603976.SH,2026Q1,0.0012910868,1079,AAA,0
603977.SH,2025Q3,0.0015337842,1067,AAA,0
603977.SH,2025Q4,0.0013434592,1076,AAA,0
603977.SH,2026Q1,0.0022311946,1040,AAA,0
603978.SH,2025Q3,0.0043455274,991,AAA,0
603978.SH,2025Q4,0.0044362075,990,AAA,0
603978.SH,2026Q1,0.0022265743,1040,AAA,0
603979.SH,2025Q3,0.0015254181,1067,AAA,0
603979.SH,2025Q4,0.001318288,1078,AAA,0
603979.SH,2026Q1,0.0018109564,1055,AAA,0
603980.SH,2025Q3,0.0016340052,1062,AAA,0
603980.SH,2025Q4,0.0014650982,1070,AAA,0
603980.SH,2026Q1,0.0022672391,1039,AAA,0
603982.SH,2025Q3,0.003143063,1015,AAA,0
603982.SH,2025Q4,0.00409384,996,AAA,0
603982.SH,2026Q1,0.008789326,940,AAA,0
603983.SH,2025Q3,0.0013201965,1078,AAA,0
603983.SH,2025Q4,0.0021909403,1041,AAA,0
603983.SH,2026Q1,0.0014801563,1069,AAA,0
603985.SH,2025Q3,0.0014871922,1069,AAA,0
603985.SH,2025Q4,0.0014667719,1070,AAA,0
603985.SH,2026Q1,0.0012623931,1081,AAA,0
603986.SH,2025Q3,0.0007102969,1122,AAA,0
603986.SH,2025Q4,0.00073600444,1120,AAA,0
603986.SH,2026Q1,0.0011903974,1085,AAA,0
603987.SH,2025Q3,0.0019104189,1051,AAA,0
603987.SH,2025Q4,0.0025005452,1031,AAA,0
603987.SH,2026Q1,0.0026404297,1028,AAA,0
603988.SH,2025Q3,0.0050077485,981,AAA,0
603988.SH,2025Q4,0.0038073978,1001,AAA,0
603988.SH,2026Q1,0.019707292,881,AAA,0
603989.SH,2025Q3,0.0011623977,1087,AAA,0
603989.SH,2025Q4,0.0010687627,1093,AAA,0
603989.SH,2026Q1,0.0010582429,1094,AAA,0
603990.SH,2025Q3,0.029828668,851,AAA,0
603990.SH,2025Q4,0.030106548,850,AAA,0
603990.SH,2026Q1,0.008451452,943,AAA,0
603991.SH,2025Q3,0.2607915,675,AA,0
603991.SH,2025Q4,0.0022425256,1039,AAA,0
603991.SH,2026Q1,0.001611685,1063,AAA,0
603992.SH,2025Q3,0.0013688724,1075,AAA,0
603992.SH,2025Q4,0.001293424,1079,AAA,0
603992.SH,2026Q1,0.0010236879,1096,AAA,0
603993.SH,2025Q3,0.001597736,1064,AAA,0
603993.SH,2025Q4,0.0020307128,1047,AAA,0
603993.SH,2026Q1,0.0019320917,1050,AAA,0
603995.SH,2025Q3,0.0010527074,1094,AAA,0
603995.SH,2025Q4,0.0010571359,1094,AAA,0
603995.SH,2026Q1,0.0012065207,1084,AAA,0
603997.SH,2025Q3,0.0016975922,1059,AAA,0
603997.SH,2025Q4,0.0013014216,1079,AAA,0
603997.SH,2026Q1,0.00259585,1029,AAA,0
603998.SH,2025Q3,0.0038219232,1001,AAA,0
603998.SH,2025Q4,0.003683325,1003,AAA,0
603998.SH,2026Q1,0.0036706007,1004,AAA,0
603999.SH,2025Q3,0.0018319939,1054,AAA,0
603999.SH,2025Q4,0.002689315,1026,AAA,0
603999.SH,2026Q1,0.0040333993,997,AAA,0
605001.SH,2025Q3,0.002555713,1030,AAA,0
605001.SH,2025Q4,0.0018040051,1055,AAA,0
605001.SH,2026Q1,0.0029584118,1019,AAA,0
605003.SH,2025Q3,0.0008551388,1109,AAA,0
605003.SH,2025Q4,0.00085581455,1109,AAA,0
605003.SH,2026Q1,0.0010582256,1094,AAA,0
605005.SH,2025Q3,0.0016413594,1062,AAA,0
605005.SH,2025Q4,0.0022703672,1038,AAA,0
605005.SH,2026Q1,0.0020131778,1047,AAA,0
605006.SH,2025Q3,0.0033236865,1011,AAA,0
605006.SH,2025Q4,0.003120081,1015,AAA,0
605006.SH,2026Q1,0.0026171794,1028,AAA,0
605007.SH,2025Q3,0.0019642229,1049,AAA,0
605007.SH,2025Q4,0.002210549,1040,AAA,0
605007.SH,2026Q1,0.0016083875,1063,AAA,0
605008.SH,2025Q3,0.002923073,1020,AAA,0
605008.SH,2025Q4,0.003355789,1010,AAA,0
605008.SH,2026Q1,0.006992132,957,AAA,0
605009.SH,2025Q3,0.000994784,1098,AAA,0
605009.SH,2025Q4,0.0013664737,1075,AAA,0
605009.SH,2026Q1,0.0025672452,1030,AAA,0
605011.SH,2025Q3,0.0024939731,1032,AAA,0
605011.SH,2025Q4,0.004176677,994,AAA,0
605011.SH,2026Q1,0.0052761235,977,AAA,0
605016.SH,2025Q3,0.0009600227,1101,AAA,0
605016.SH,2025Q4,0.00364873,1004,AAA,0
605016.SH,2026Q1,0.0046864464,986,AAA,0
605018.SH,2025Q3,0.0012121992,1084,AAA,0
605018.SH,2025Q4,0.0011563435,1087,AAA,0
605018.SH,2026Q1,0.0015898062,1064,AAA,0
605020.SH,2025Q3,0.0015275483,1067,AAA,0
605020.SH,2025Q4,0.0013430613,1076,AAA,0
605020.SH,2026Q1,0.0012349861,1082,AAA,0
605028.SH,2025Q3,0.0024381739,1033,AAA,0
605028.SH,2025Q4,0.0051080533,980,AAA,0
605028.SH,2026Q1,0.0035600555,1006,AAA,0
605033.SH,2025Q3,0.0015859916,1064,AAA,0
605033.SH,2025Q4,0.0021138508,1044,AAA,0
605033.SH,2026Q1,0.00094483106,1102,AAA,0
605050.SH,2025Q3,0.00089454744,1106,AAA,0
605050.SH,2025Q4,0.00081165094,1113,AAA,0
605050.SH,2026Q1,0.0011322362,1089,AAA,0
605055.SH,2025Q3,0.008696331,941,AAA,0
605055.SH,2025Q4,0.00892199,939,AAA,0
605055.SH,2026Q1,0.005143099,979,AAA,0
605056.SH,2025Q3,0.001274384,1080,AAA,0
605056.SH,2025Q4,0.001235489,1082,AAA,0
605056.SH,2026Q1,0.0022911178,1038,AAA,0
605058.SH,2025Q3,0.00079707353,1114,AAA,0
605058.SH,2025Q4,0.0008180665,1112,AAA,0
605058.SH,2026Q1,0.0013027486,1079,AAA,0
605060.SH,2025Q3,0.00086091587,1109,AAA,0
605060.SH,2025Q4,0.0008872476,1106,AAA,0
605060.SH,2026Q1,0.0012983567,1079,AAA,0
605066.SH,2025Q3,0.0022585446,1039,AAA,0
605066.SH,2025Q4,0.003067325,1017,AAA,0
605066.SH,2026Q1,0.004011154,997,AAA,0
605068.SH,2025Q3,0.0041691395,995,AAA,0
605068.SH,2025Q4,0.0015062827,1068,AAA,0
605068.SH,2026Q1,0.007652237,950,AAA,0
605069.SH,2025Q3,0.056090284,803,AAA,0
605069.SH,2025Q4,0.013713753,908,AAA,0
605069.SH,2026Q1,0.01745774,890,AAA,0
605077.SH,2025Q3,0.0007812678,1116,AAA,0
605077.SH,2025Q4,0.0008663123,1108,AAA,0
605077.SH,2026Q1,0.0011735405,1086,AAA,0
605080.SH,2025Q3,0.00089352735,1106,AAA,0
605080.SH,2025Q4,0.00093278,1103,AAA,0
605080.SH,2026Q1,0.0009979764,1098,AAA,0
605081.SH,2025Q3,0.0064136316,963,AAA,0
605081.SH,2025Q4,0.093789294,763,AAA,0
605081.SH,2026Q1,0.31180364,657,AA,0
605086.SH,2025Q3,0.006430981,963,AAA,0
605086.SH,2025Q4,0.0021400535,1043,AAA,0
605086.SH,2026Q1,0.0017713719,1056,AAA,0
605088.SH,2025Q3,0.0010813685,1092,AAA,0
605088.SH,2025Q4,0.0008228527,1112,AAA,0
605088.SH,2026Q1,0.0010970943,1091,AAA,0
605089.SH,2025Q3,0.0015235251,1067,AAA,0
605089.SH,2025Q4,0.001166419,1087,AAA,0
605089.SH,2026Q1,0.0011253281,1089,AAA,0
605090.SH,2025Q3,0.0014459732,1071,AAA,0
605090.SH,2025Q4,0.0023565702,1036,AAA,0
605090.SH,2026Q1,0.0015203028,1067,AAA,0
605098.SH,2025Q3,0.0011559823,1087,AAA,0
605098.SH,2025Q4,0.0011247896,1089,AAA,0
605098.SH,2026Q1,0.0009437581,1102,AAA,0
605099.SH,2025Q3,0.0009910776,1098,AAA,0
605099.SH,2025Q4,0.0009931476,1098,AAA,0
605099.SH,2026Q1,0.00079795177,1114,AAA,0
605100.SH,2025Q3,0.0013684982,1075,AAA,0
605100.SH,2025Q4,0.0014124574,1073,AAA,0
605100.SH,2026Q1,0.0012216119,1083,AAA,0
605108.SH,2025Q3,0.005451071,975,AAA,0
605108.SH,2025Q4,0.0019102896,1051,AAA,0
605108.SH,2026Q1,0.0061504524,966,AAA,0
605111.SH,2025Q3,0.0007123567,1122,AAA,0
605111.SH,2025Q4,0.00079278764,1114,AAA,0
605111.SH,2026Q1,0.0008335055,1111,AAA,0
605116.SH,2025Q3,0.0011795223,1086,AAA,0
605116.SH,2025Q4,0.0019995873,1048,AAA,0
605116.SH,2026Q1,0.0026011593,1029,AAA,0
605117.SH,2025Q3,0.0007618999,1117,AAA,0
605117.SH,2025Q4,0.000725614,1121,AAA,0
605117.SH,2026Q1,0.00075067405,1118,AAA,0
605118.SH,2025Q3,0.0043396675,992,AAA,0
605118.SH,2025Q4,0.004064312,996,AAA,0
605118.SH,2026Q1,0.0045938767,987,AAA,0
605122.SH,2025Q3,0.006789186,959,AAA,0
605122.SH,2025Q4,0.006036051,968,AAA,0
605122.SH,2026Q1,0.003581832,1005,AAA,0
605123.SH,2025Q3,0.0008546236,1109,AAA,0
605123.SH,2025Q4,0.00096246245,1100,AAA,0
605123.SH,2026Q1,0.0011881675,1085,AAA,0
605128.SH,2025Q3,0.0010004634,1098,AAA,0
605128.SH,2025Q4,0.00089260156,1106,AAA,0
605128.SH,2026Q1,0.0010733196,1093,AAA,0
605133.SH,2025Q3,0.0011149878,1090,AAA,0
605133.SH,2025Q4,0.0009211953,1104,AAA,0
605133.SH,2026Q1,0.00092873216,1103,AAA,0
605136.SH,2025Q3,0.020200523,880,AAA,0
605136.SH,2025Q4,0.00819841,945,AAA,0
605136.SH,2026Q1,0.009367724,936,AAA,0
605138.SH,2025Q3,0.0048067453,984,AAA,0
605138.SH,2025Q4,0.004681156,986,AAA,0
605138.SH,2026Q1,0.009960141,931,AAA,0
605151.SH,2025Q3,0.001532571,1067,AAA,0
605151.SH,2025Q4,0.0017088278,1059,AAA,0
605151.SH,2026Q1,0.0019835946,1048,AAA,0
605155.SH,2025Q3,0.0014148577,1073,AAA,0
605155.SH,2025Q4,0.0015392724,1067,AAA,0
605155.SH,2026Q1,0.0010452858,1095,AAA,0
605158.SH,2025Q3,0.0021929513,1041,AAA,0
605158.SH,2025Q4,0.0017525268,1057,AAA,0
605158.SH,2026Q1,0.003360955,1010,AAA,0
605162.SH,2025Q3,0.016275393,895,AAA,0
605162.SH,2025Q4,0.061357234,796,AAA,0
605162.SH,2026Q1,0.01034752,928,AAA,0
605166.SH,2025Q3,0.0013792608,1074,AAA,0
605166.SH,2025Q4,0.0014246962,1072,AAA,0
605166.SH,2026Q1,0.0016446891,1062,AAA,0
605167.SH,2025Q3,0.0020271982,1047,AAA,0
605167.SH,2025Q4,0.0022939949,1038,AAA,0
605167.SH,2026Q1,0.002330294,1037,AAA,0
605168.SH,2025Q3,0.0018978484,1051,AAA,0
605168.SH,2025Q4,0.0017621699,1057,AAA,0
605168.SH,2026Q1,0.0023473126,1036,AAA,0
605169.SH,2025Q3,0.0045038583,989,AAA,0
605169.SH,2025Q4,0.014203332,905,AAA,0
605169.SH,2026Q1,0.044625226,821,AAA,0
605177.SH,2025Q3,0.0045400606,988,AAA,0
605177.SH,2025Q4,0.0015162989,1068,AAA,0
605177.SH,2026Q1,0.0015453581,1066,AAA,0
605178.SH,2025Q3,0.002010123,1047,AAA,0
605178.SH,2025Q4,0.002122032,1043,AAA,0
605178.SH,2026Q1,0.0023624608,1036,AAA,0
605179.SH,2025Q3,0.004978742,982,AAA,0
605179.SH,2025Q4,0.0045332173,988,AAA,0
605179.SH,2026Q1,0.0048930477,983,AAA,0
605180.SH,2025Q3,0.0014306245,1072,AAA,0
605180.SH,2025Q4,0.0017375397,1058,AAA,0
605180.SH,2026Q1,0.0030044646,1018,AAA,0
605183.SH,2025Q3,0.0015870868,1064,AAA,0
605183.SH,2025Q4,0.0018340634,1054,AAA,0
605183.SH,2026Q1,0.002666777,1027,AAA,0
605186.SH,2025Q3,0.017837148,889,AAA,0
605186.SH,2025Q4,0.007602008,951,AAA,0
605186.SH,2026Q1,0.0026147284,1028,AAA,0
605188.SH,2025Q3,0.0049590254,982,AAA,0
605188.SH,2025Q4,0.0046690167,986,AAA,0
605188.SH,2026Q1,0.0044584745,990,AAA,0
605189.SH,2025Q3,0.0010764776,1092,AAA,0
605189.SH,2025Q4,0.00096431095,1100,AAA,0
605189.SH,2026Q1,0.008134632,946,AAA,0
605196.SH,2025Q3,0.0016875699,1060,AAA,0
605196.SH,2025Q4,0.0016417627,1062,AAA,0
605196.SH,2026Q1,0.0025970812,1029,AAA,0
605198.SH,2025Q3,0.0018156966,1055,AAA,0
605198.SH,2025Q4,0.002059353,1046,AAA,0
605198.SH,2026Q1,0.0019211163,1051,AAA,0
605199.SH,2025Q3,0.15023379,724,AAA,0
605199.SH,2025Q4,0.1454888,727,AAA,0
605199.SH,2026Q1,0.31161946,657,AA,0
605208.SH,2025Q3,0.0029220227,1020,AAA,0
605208.SH,2025Q4,0.0027029766,1026,AAA,0
605208.SH,2026Q1,0.0024944807,1032,AAA,0
605218.SH,2025Q3,0.0011883627,1085,AAA,0
605218.SH,2025Q4,0.0012658071,1081,AAA,0
605218.SH,2026Q1,0.0025431411,1030,AAA,0
605222.SH,2025Q3,0.001668845,1061,AAA,0
605222.SH,2025Q4,0.0012585621,1081,AAA,0
605222.SH,2026Q1,0.0016851432,1060,AAA,0
605228.SH,2025Q3,0.0037802355,1002,AAA,0
605228.SH,2025Q4,0.003366595,1010,AAA,0
605228.SH,2026Q1,0.003312824,1011,AAA,0
605255.SH,2025Q3,0.0025334998,1031,AAA,0
605255.SH,2025Q4,0.008192059,945,AAA,0
605255.SH,2026Q1,0.041328117,826,AAA,0
605258.SH,2025Q3,0.0011908386,1085,AAA,0
605258.SH,2025Q4,0.0010335556,1095,AAA,0
605258.SH,2026Q1,0.0026642745,1027,AAA,0
605259.SH,2025Q3,0.0009096954,1105,AAA,0
605259.SH,2025Q4,0.0012226432,1083,AAA,0
605259.SH,2026Q1,0.0011606981,1087,AAA,0
605266.SH,2025Q3,0.0020040798,1047,AAA,0
605266.SH,2025Q4,0.0020486356,1046,AAA,0
605266.SH,2026Q1,0.0016263957,1063,AAA,0
605268.SH,2025Q3,0.004930823,982,AAA,0
605268.SH,2025Q4,0.0044248393,990,AAA,0
605268.SH,2026Q1,0.0039451183,999,AAA,0
605277.SH,2025Q3,0.0017488468,1057,AAA,0
605277.SH,2025Q4,0.001765888,1057,AAA,0
605277.SH,2026Q1,0.0019924128,1048,AAA,0
605286.SH,2025Q3,0.0009615486,1101,AAA,0
605286.SH,2025Q4,0.0008725155,1108,AAA,0
605286.SH,2026Q1,0.002124878,1043,AAA,0
605287.SH,2025Q3,0.0031191409,1016,AAA,0
605287.SH,2025Q4,0.0014723332,1070,AAA,0
605287.SH,2026Q1,0.0031243241,1015,AAA,0
605288.SH,2025Q3,0.001199721,1085,AAA,0
605288.SH,2025Q4,0.00073501613,1120,AAA,0
605288.SH,2026Q1,0.0047707893,985,AAA,0
605289.SH,2025Q3,0.00182946,1054,AAA,0
605289.SH,2025Q4,0.0018450351,1053,AAA,0
605289.SH,2026Q1,0.0011030108,1091,AAA,0
605296.SH,2025Q3,0.0010796589,1092,AAA,0
605296.SH,2025Q4,0.0013589755,1076,AAA,0
605296.SH,2026Q1,0.0036198776,1005,AAA,0
605298.SH,2025Q3,0.0014140481,1073,AAA,0
605298.SH,2025Q4,0.0016137057,1063,AAA,0
605298.SH,2026Q1,0.002395402,1035,AAA,0
605299.SH,2025Q3,0.0033354196,1011,AAA,0
605299.SH,2025Q4,0.0019969903,1048,AAA,0
605299.SH,2026Q1,0.0029107982,1021,AAA,0
605300.SH,2025Q3,0.0022031018,1041,AAA,0
605300.SH,2025Q4,0.007201069,955,AAA,0
605300.SH,2026Q1,0.0064054085,963,AAA,0
605303.SH,2025Q3,0.011395368,921,AAA,0
605303.SH,2025Q4,0.013071769,911,AAA,0
605303.SH,2026Q1,0.012424406,915,AAA,0
605305.SH,2025Q3,0.0011008846,1091,AAA,0
605305.SH,2025Q4,0.000938991,1102,AAA,0
605305.SH,2026Q1,0.0010293229,1096,AAA,0
605318.SH,2025Q3,0.030200206,850,AAA,0
605318.SH,2025Q4,0.0054822583,975,AAA,0
605318.SH,2026Q1,0.0046958732,986,AAA,0
605319.SH,2025Q3,0.0008518147,1109,AAA,0
605319.SH,2025Q4,0.00082620606,1112,AAA,0
605319.SH,2026Q1,0.0011315963,1089,AAA,0
605333.SH,2025Q3,0.0007958414,1114,AAA,0
605333.SH,2025Q4,0.0008525342,1109,AAA,0
605333.SH,2026Q1,0.0013685751,1075,AAA,0
605336.SH,2025Q3,0.0047310987,985,AAA,0
605336.SH,2025Q4,0.007279681,954,AAA,0
605336.SH,2026Q1,0.024155762,866,AAA,0
605337.SH,2025Q3,0.0043602763,991,AAA,0
605337.SH,2025Q4,0.0041563427,995,AAA,0
605337.SH,2026Q1,0.0069443774,957,AAA,0
605338.SH,2025Q3,0.0007516902,1118,AAA,0
605338.SH,2025Q4,0.0008471846,1110,AAA,0
605338.SH,2026Q1,0.0009991656,1098,AAA,0
605339.SH,2025Q3,0.0016326149,1062,AAA,0
605339.SH,2025Q4,0.003287167,1012,AAA,0
605339.SH,2026Q1,0.0030179797,1018,AAA,0
605358.SH,2025Q3,0.003694013,1003,AAA,0
605358.SH,2025Q4,0.0042028544,994,AAA,0
605358.SH,2026Q1,0.0028716936,1021,AAA,0
605365.SH,2025Q3,0.003111902,1016,AAA,0
605365.SH,2025Q4,0.0027088649,1026,AAA,0
605365.SH,2026Q1,0.00587671,970,AAA,0
605366.SH,2025Q3,0.0063424213,964,AAA,0
605366.SH,2025Q4,0.004429343,990,AAA,0
605366.SH,2026Q1,0.0059238174,969,AAA,0
605368.SH,2025Q3,0.020168554,880,AAA,0
605368.SH,2025Q4,0.038382445,832,AAA,0
605368.SH,2026Q1,0.05737865,801,AAA,0
605369.SH,2025Q3,0.0010835351,1092,AAA,0
605369.SH,2025Q4,0.0013529538,1076,AAA,0
605369.SH,2026Q1,0.0010517065,1094,AAA,0
605376.SH,2025Q3,0.001885226,1052,AAA,0
605376.SH,2025Q4,0.0017966725,1055,AAA,0
605376.SH,2026Q1,0.0023413384,1036,AAA,0
605377.SH,2025Q3,0.0014473977,1071,AAA,0
605377.SH,2025Q4,0.002380949,1035,AAA,0
605377.SH,2026Q1,0.0022127177,1040,AAA,0
605378.SH,2025Q3,0.0016866253,1060,AAA,0
605378.SH,2025Q4,0.004155052,995,AAA,0
605378.SH,2026Q1,0.0031951442,1014,AAA,0
605388.SH,2025Q3,0.010967777,924,AAA,0
605388.SH,2025Q4,0.04135335,826,AAA,0
605388.SH,2026Q1,0.027776739,856,AAA,0
605389.SH,2025Q3,0.0021135944,1044,AAA,0
605389.SH,2025Q4,0.0020723448,1045,AAA,0
605389.SH,2026Q1,0.0026870435,1026,AAA,0
605398.SH,2025Q3,0.005774763,971,AAA,0
605398.SH,2025Q4,0.005356298,976,AAA,0
605398.SH,2026Q1,0.0063979384,963,AAA,0
605399.SH,2025Q3,0.010658679,926,AAA,0
605399.SH,2025Q4,0.0075956117,951,AAA,0
605399.SH,2026Q1,0.005909612,969,AAA,0
605488.SH,2025Q3,0.0009212646,1104,AAA,0
605488.SH,2025Q4,0.0011067347,1090,AAA,0
605488.SH,2026Q1,0.0010855776,1092,AAA,0
605499.SH,2025Q3,0.0010743901,1093,AAA,0
605499.SH,2025Q4,0.001176353,1086,AAA,0
605499.SH,2026Q1,0.0011212208,1089,AAA,0
605500.SH,2025Q3,0.0022218113,1040,AAA,0
605500.SH,2025Q4,0.002374015,1035,AAA,0
605500.SH,2026Q1,0.0045505636,988,AAA,0
605507.SH,2025Q3,0.00090702664,1105,AAA,0
605507.SH,2025Q4,0.0011416163,1088,AAA,0
605507.SH,2026Q1,0.0009142055,1104,AAA,0
605555.SH,2025Q3,0.0012137688,1084,AAA,0
605555.SH,2025Q4,0.0011549796,1087,AAA,0
605555.SH,2026Q1,0.0018077157,1055,AAA,0
605566.SH,2025Q3,0.0011558975,1087,AAA,0
605566.SH,2025Q4,0.002093889,1044,AAA,0
605566.SH,2026Q1,0.0012237635,1083,AAA,0
605567.SH,2025Q3,0.0019984106,1048,AAA,0
605567.SH,2025Q4,0.0027745636,1024,AAA,0
605567.SH,2026Q1,0.0032076598,1013,AAA,0
605577.SH,2025Q3,0.0011127049,1090,AAA,0
605577.SH,2025Q4,0.00093468383,1103,AAA,0
605577.SH,2026Q1,0.0011219939,1089,AAA,0
605580.SH,2025Q3,0.008040665,947,AAA,0
605580.SH,2025Q4,0.014662842,903,AAA,0
605580.SH,2026Q1,0.0057885605,971,AAA,0
605588.SH,2025Q3,0.0048053334,984,AAA,0
605588.SH,2025Q4,0.00168261,1060,AAA,0
605588.SH,2026Q1,0.0016498199,1062,AAA,0
605589.SH,2025Q3,0.0008078715,1113,AAA,0
605589.SH,2025Q4,0.0007946823,1114,AAA,0
605589.SH,2026Q1,0.00089341577,1106,AAA,0
605598.SH,2025Q3,0.0015151852,1068,AAA,0
605598.SH,2025Q4,0.001767337,1057,AAA,0
605598.SH,2026Q1,0.010383467,928,AAA,0
605599.SH,2025Q3,0.00457254,988,AAA,0
605599.SH,2025Q4,0.002691531,1026,AAA,0
605599.SH,2026Q1,0.0017454171,1057,AAA,0
688001.SH,2025Q3,0.0031377713,1015,AAA,0
688001.SH,2025Q4,0.002738301,1025,AAA,0
688001.SH,2026Q1,0.0075873453,951,AAA,0
688002.SH,2025Q3,0.00071234483,1122,AAA,0
688002.SH,2025Q4,0.0009278149,1103,AAA,0
688002.SH,2026Q1,0.00086780195,1108,AAA,0
688003.SH,2025Q3,0.0011412487,1088,AAA,0
688003.SH,2025Q4,0.0007864791,1115,AAA,0
688003.SH,2026Q1,0.003321719,1011,AAA,0
688004.SH,2025Q3,0.0020773138,1045,AAA,0
688004.SH,2025Q4,0.003107023,1016,AAA,0
688004.SH,2026Q1,0.005326311,977,AAA,0
688005.SH,2025Q3,0.004138411,995,AAA,0
688005.SH,2025Q4,0.0029231329,1020,AAA,0
688005.SH,2026Q1,0.0024192953,1034,AAA,0
688006.SH,2025Q3,0.00094762084,1102,AAA,0
688006.SH,2025Q4,0.00085258245,1109,AAA,0
688006.SH,2026Q1,0.0011403739,1088,AAA,0
688007.SH,2025Q3,0.0025978002,1029,AAA,0
688007.SH,2025Q4,0.004071835,996,AAA,0
688007.SH,2026Q1,0.0060264664,968,AAA,0
688008.SH,2025Q3,0.00086389546,1108,AAA,0
688008.SH,2025Q4,0.00080208015,1114,AAA,0
688008.SH,2026Q1,0.0009106468,1104,AAA,0
688009.SH,2025Q3,0.0018618656,1053,AAA,0
688009.SH,2025Q4,0.0018682824,1053,AAA,0
688009.SH,2026Q1,0.0027876492,1024,AAA,0
688010.SH,2025Q3,0.00135021,1076,AAA,0
688010.SH,2025Q4,0.0013805289,1074,AAA,0
688010.SH,2026Q1,0.001953403,1049,AAA,0
688011.SH,2025Q3,0.0021110033,1044,AAA,0
688011.SH,2025Q4,0.0028941294,1021,AAA,0
688011.SH,2026Q1,0.0018488589,1053,AAA,0
688012.SH,2025Q3,0.0008391804,1110,AAA,0
688012.SH,2025Q4,0.000754355,1118,AAA,0
688012.SH,2026Q1,0.0007405066,1119,AAA,0
688013.SH,2025Q3,0.0012694733,1080,AAA,0
688013.SH,2025Q4,0.0018323549,1054,AAA,0
688013.SH,2026Q1,0.0014261024,1072,AAA,0
688015.SH,2025Q3,0.001703925,1059,AAA,0
688015.SH,2025Q4,0.0008218513,1112,AAA,0
688015.SH,2026Q1,0.0015179515,1068,AAA,0
688016.SH,2025Q3,0.0008191344,1112,AAA,0
688016.SH,2025Q4,0.0010940983,1091,AAA,0
688016.SH,2026Q1,0.00089815375,1105,AAA,0
688017.SH,2025Q3,0.000768632,1117,AAA,0
688017.SH,2025Q4,0.0007112683,1122,AAA,0
688017.SH,2026Q1,0.00092582137,1103,AAA,0
688018.SH,2025Q3,0.0006557963,1128,AAA,0
688018.SH,2025Q4,0.0006593409,1128,AAA,0
688018.SH,2026Q1,0.0008114669,1113,AAA,0
688019.SH,2025Q3,0.0027104085,1026,AAA,0
688019.SH,2025Q4,0.0010086072,1097,AAA,0
688019.SH,2026Q1,0.0008352502,1111,AAA,0
688020.SH,2025Q3,0.0015068746,1068,AAA,0
688020.SH,2025Q4,0.0013526866,1076,AAA,0
688020.SH,2026Q1,0.0031645242,1014,AAA,0
688021.SH,2025Q3,0.0018333182,1054,AAA,0
688021.SH,2025Q4,0.0011833755,1086,AAA,0
688021.SH,2026Q1,0.0014899487,1069,AAA,0
688022.SH,2025Q3,0.044216108,821,AAA,0
688022.SH,2025Q4,0.028100295,855,AAA,0
688022.SH,2026Q1,0.02158062,875,AAA,0
688023.SH,2025Q3,0.0014993151,1068,AAA,0
688023.SH,2025Q4,0.0062994855,965,AAA,0
688023.SH,2026Q1,0.001519682,1067,AAA,0
688025.SH,2025Q3,0.00084723666,1110,AAA,0
688025.SH,2025Q4,0.0009081258,1105,AAA,0
688025.SH,2026Q1,0.0009542256,1101,AAA,0
688026.SH,2025Q3,0.0012604462,1081,AAA,0
688026.SH,2025Q4,0.0014936186,1069,AAA,0
688026.SH,2026Q1,0.0063986047,963,AAA,0
688027.SH,2025Q3,0.008429777,943,AAA,0
688027.SH,2025Q4,0.0021151328,1044,AAA,0
688027.SH,2026Q1,0.006600972,961,AAA,0
688028.SH,2025Q3,0.0009313302,1103,AAA,0
688028.SH,2025Q4,0.00093027356,1103,AAA,0
688028.SH,2026Q1,0.001053512,1094,AAA,0
688029.SH,2025Q3,0.0007255068,1121,AAA,0
688029.SH,2025Q4,0.0010543996,1094,AAA,0
688029.SH,2026Q1,0.0010652706,1093,AAA,0
688030.SH,2025Q3,0.0033051856,1011,AAA,0
688030.SH,2025Q4,0.0035122475,1007,AAA,0
688030.SH,2026Q1,0.0061238087,967,AAA,0
688031.SH,2025Q3,0.004356829,991,AAA,0
688031.SH,2025Q4,0.0050812713,980,AAA,0
688031.SH,2026Q1,0.064588405,792,AAA,0
688032.SH,2025Q3,0.0013082225,1078,AAA,0
688032.SH,2025Q4,0.0017279364,1058,AAA,0
688032.SH,2026Q1,0.0020962527,1044,AAA,0
688033.SH,2025Q3,0.063036956,794,AAA,0
688033.SH,2025Q4,0.19499649,702,AAA,0
688033.SH,2026Q1,0.2184562,691,AA,0
688035.SH,2025Q3,0.00072810525,1121,AAA,0
688035.SH,2025Q4,0.0007069093,1123,AAA,0
688035.SH,2026Q1,0.000702726,1123,AAA,0
688036.SH,2025Q3,0.0014884921,1069,AAA,0
688036.SH,2025Q4,0.0017558174,1057,AAA,0
688036.SH,2026Q1,0.0011267553,1089,AAA,0
688037.SH,2025Q3,0.0013900236,1074,AAA,0
688037.SH,2025Q4,0.00095003954,1101,AAA,0
688037.SH,2026Q1,0.0016806425,1060,AAA,0
688038.SH,2025Q3,0.023691291,868,AAA,0
688038.SH,2025Q4,0.011387103,921,AAA,0
688038.SH,2026Q1,0.034361895,840,AAA,0
688039.SH,2025Q3,0.0021299536,1043,AAA,0
688039.SH,2025Q4,0.0015963918,1064,AAA,0
688039.SH,2026Q1,0.0018402113,1054,AAA,0
688041.SH,2025Q3,0.000918959,1104,AAA,0
688041.SH,2025Q4,0.00081101,1113,AAA,0
688041.SH,2026Q1,0.0008016225,1114,AAA,0
688045.SH,2025Q3,0.0014933583,1069,AAA,0
688045.SH,2025Q4,0.0013738294,1075,AAA,0
688045.SH,2026Q1,0.0013338273,1077,AAA,0
688046.SH,2025Q3,0.0010972134,1091,AAA,0
688046.SH,2025Q4,0.0013221425,1078,AAA,0
688046.SH,2026Q1,0.0016616193,1061,AAA,0
688047.SH,2025Q3,0.0035420156,1006,AAA,0
688047.SH,2025Q4,0.0019960734,1048,AAA,0
688047.SH,2026Q1,0.0068208077,959,AAA,0
688048.SH,2025Q3,0.0024300723,1034,AAA,0
688048.SH,2025Q4,0.0011715507,1086,AAA,0
688048.SH,2026Q1,0.0020211826,1047,AAA,0
688049.SH,2025Q3,0.00073418586,1120,AAA,0
688049.SH,2025Q4,0.0007494143,1119,AAA,0
688049.SH,2026Q1,0.0008783763,1107,AAA,0
688050.SH,2025Q3,0.00072139327,1121,AAA,0
688050.SH,2025Q4,0.0008838447,1107,AAA,0
688050.SH,2026Q1,0.0010162275,1097,AAA,0
688051.SH,2025Q3,0.0056505343,972,AAA,0
688051.SH,2025Q4,0.004489567,989,AAA,0
688051.SH,2026Q1,0.0066723498,960,AAA,0
688052.SH,2025Q3,0.0018583331,1053,AAA,0
688052.SH,2025Q4,0.0017474205,1057,AAA,0
688052.SH,2026Q1,0.001113086,1090,AAA,0
688053.SH,2025Q3,0.0015600639,1066,AAA,0
688053.SH,2025Q4,0.0015451766,1066,AAA,0
688053.SH,2026Q1,0.002168575,1042,AAA,0
688055.SH,2025Q3,0.0148051055,902,AAA,0
688055.SH,2025Q4,0.0072909547,954,AAA,0
688055.SH,2026Q1,0.014523665,904,AAA,0
688056.SH,2025Q3,0.000747574,1119,AAA,0
688056.SH,2025Q4,0.00070407277,1123,AAA,0
688056.SH,2026Q1,0.0021284372,1043,AAA,0
688057.SH,2025Q3,0.0067628003,959,AAA,0
688057.SH,2025Q4,0.0013770957,1075,AAA,0
688057.SH,2026Q1,0.0021656558,1042,AAA,0
688058.SH,2025Q3,0.003308826,1011,AAA,0
688058.SH,2025Q4,0.0031021968,1016,AAA,0
688058.SH,2026Q1,0.018240636,887,AAA,0
688059.SH,2025Q3,0.0010815581,1092,AAA,0
688059.SH,2025Q4,0.0009003665,1105,AAA,0
688059.SH,2026Q1,0.0012661652,1081,AAA,0
688060.SH,2025Q3,0.0024559936,1033,AAA,0
688060.SH,2025Q4,0.0041682823,995,AAA,0
688060.SH,2026Q1,0.001497622,1069,AAA,0
688061.SH,2025Q3,0.0015798565,1065,AAA,0
688061.SH,2025Q4,0.001906895,1051,AAA,0
688061.SH,2026Q1,0.0017870085,1056,AAA,0
688062.SH,2025Q3,0.013569941,909,AAA,0
688062.SH,2025Q4,0.06870315,788,AAA,0
688062.SH,2026Q1,0.11018242,750,AAA,0
688063.SH,2025Q3,0.00070140697,1123,AAA,0
688063.SH,2025Q4,0.0007467555,1119,AAA,0
688063.SH,2026Q1,0.0017698978,1056,AAA,0
688065.SH,2025Q3,0.0012836343,1080,AAA,0
688065.SH,2025Q4,0.001380928,1074,AAA,0
688065.SH,2026Q1,0.0014436397,1071,AAA,0
688066.SH,2025Q3,0.062082507,795,AAA,0
688066.SH,2025Q4,0.8017341,499,B,0
688066.SH,2026Q1,0.9526873,383,C,0
688067.SH,2025Q3,0.0008538792,1109,AAA,0
688067.SH,2025Q4,0.0008823351,1107,AAA,0
688067.SH,2026Q1,0.0009583269,1101,AAA,0
688068.SH,2025Q3,0.0017912177,1056,AAA,0
688068.SH,2025Q4,0.0016979736,1059,AAA,0
688068.SH,2026Q1,0.0022692613,1039,AAA,0
688069.SH,2025Q3,0.0025692168,1030,AAA,0
688069.SH,2025Q4,0.0032925145,1012,AAA,0
688069.SH,2026Q1,0.0044263224,990,AAA,0
688070.SH,2025Q3,0.0022946892,1038,AAA,0
688070.SH,2025Q4,0.0018297953,1054,AAA,0
688070.SH,2026Q1,0.0037089598,1003,AAA,0
688071.SH,2025Q3,0.0039238688,999,AAA,0
688071.SH,2025Q4,0.010145701,930,AAA,0
688071.SH,2026Q1,0.007411796,953,AAA,0
688072.SH,2025Q3,0.0010004682,1098,AAA,0
688072.SH,2025Q4,0.0009623643,1100,AAA,0
688072.SH,2026Q1,0.0015012987,1068,AAA,0
688073.SH,2025Q3,0.0009284366,1103,AAA,0
688073.SH,2025Q4,0.00093766616,1102,AAA,0
688073.SH,2026Q1,0.0010142728,1097,AAA,0
688075.SH,2025Q3,0.0020092106,1047,AAA,0
688075.SH,2025Q4,0.0020559388,1046,AAA,0
688075.SH,2026Q1,0.0061417003,966,AAA,0
688076.SH,2025Q3,0.0007908232,1115,AAA,0
688076.SH,2025Q4,0.0010919367,1091,AAA,0
688076.SH,2026Q1,0.0013080126,1078,AAA,0
688077.SH,2025Q3,0.00093357754,1103,AAA,0
688077.SH,2025Q4,0.0010311902,1095,AAA,0
688077.SH,2026Q1,0.0017882746,1056,AAA,0
688078.SH,2025Q3,0.0020210883,1047,AAA,0
688078.SH,2025Q4,0.0025664163,1030,AAA,0
688078.SH,2026Q1,0.005136759,979,AAA,0
688079.SH,2025Q3,0.005752365,971,AAA,0
688079.SH,2025Q4,0.0060330075,968,AAA,0
688079.SH,2026Q1,0.027501892,857,AAA,0
688080.SH,2025Q3,0.0007850022,1115,AAA,0
688080.SH,2025Q4,0.0011782814,1086,AAA,0
688080.SH,2026Q1,0.0021212143,1043,AAA,0
688081.SH,2025Q3,0.00540449,976,AAA,0
688081.SH,2025Q4,0.0091371825,938,AAA,0
688081.SH,2026Q1,0.00589094,969,AAA,0
688082.SH,2025Q3,0.0006996742,1124,AAA,0
688082.SH,2025Q4,0.00066587905,1127,AAA,0
688082.SH,2026Q1,0.0013161153,1078,AAA,0
688083.SH,2025Q3,0.0027271227,1025,AAA,0
688083.SH,2025Q4,0.0017796489,1056,AAA,0
688083.SH,2026Q1,0.0054101343,976,AAA,0
688084.SH,2025Q3,0.0022449808,1039,AAA,0
688084.SH,2025Q4,0.004276153,993,AAA,0
688084.SH,2026Q1,0.0021868078,1041,AAA,0
688085.SH,2025Q3,0.0020901214,1044,AAA,0
688085.SH,2025Q4,0.0018944443,1052,AAA,0
688085.SH,2026Q1,0.0026319055,1028,AAA,0
688087.SH,2025Q3,0.0010803764,1092,AAA,0
688087.SH,2025Q4,0.0008956737,1106,AAA,0
688087.SH,2026Q1,0.0016133862,1063,AAA,0
688088.SH,2025Q3,0.001195778,1085,AAA,0
688088.SH,2025Q4,0.0015623374,1065,AAA,0
688088.SH,2026Q1,0.0020234701,1047,AAA,0
688089.SH,2025Q3,0.00072017265,1121,AAA,0
688089.SH,2025Q4,0.00095735,1101,AAA,0
688089.SH,2026Q1,0.010613714,927,AAA,0
688090.SH,2025Q3,0.0050716307,980,AAA,0
688090.SH,2025Q4,0.0010382789,1095,AAA,0
688090.SH,2026Q1,0.0011719035,1086,AAA,0
688091.SH,2025Q3,0.0010949387,1091,AAA,0
688091.SH,2025Q4,0.0022349355,1040,AAA,0
688091.SH,2026Q1,0.001928173,1050,AAA,0
688092.SH,2025Q3,0.0008917726,1106,AAA,0
688092.SH,2025Q4,0.00087037944,1108,AAA,0
688092.SH,2026Q1,0.0032937543,1012,AAA,0
688093.SH,2025Q3,0.002106014,1044,AAA,0
688093.SH,2025Q4,0.0017788816,1056,AAA,0
688093.SH,2026Q1,0.0013622242,1075,AAA,0
688095.SH,2025Q3,0.0036763374,1004,AAA,0
688095.SH,2025Q4,0.0010909536,1091,AAA,0
688095.SH,2026Q1,0.0042471755,993,AAA,0
688096.SH,2025Q3,0.00555781,974,AAA,0
688096.SH,2025Q4,0.0106113665,927,AAA,0
688096.SH,2026Q1,0.010328265,929,AAA,0
688097.SH,2025Q3,0.00080235116,1114,AAA,0
688097.SH,2025Q4,0.0008939255,1106,AAA,0
688097.SH,2026Q1,0.006637754,961,AAA,0
688098.SH,2025Q3,0.012682456,914,AAA,0
688098.SH,2025Q4,0.009507867,935,AAA,0
688098.SH,2026Q1,0.0146948835,903,AAA,0
688099.SH,2025Q3,0.00074041705,1119,AAA,0
688099.SH,2025Q4,0.0006876057,1125,AAA,0
688099.SH,2026Q1,0.0007683929,1117,AAA,0
688100.SH,2025Q3,0.0010581793,1094,AAA,0
688100.SH,2025Q4,0.0009308046,1103,AAA,0
688100.SH,2026Q1,0.0008942343,1106,AAA,0
688101.SH,2025Q3,0.0014141903,1073,AAA,0
688101.SH,2025Q4,0.0018007443,1055,AAA,0
688101.SH,2026Q1,0.0022549499,1039,AAA,0
688102.SH,2025Q3,0.0020426929,1046,AAA,0
688102.SH,2025Q4,0.0019048514,1051,AAA,0
688102.SH,2026Q1,0.0035355366,1006,AAA,0
688103.SH,2025Q3,0.0010350735,1095,AAA,0
688103.SH,2025Q4,0.0010654391,1093,AAA,0
688103.SH,2026Q1,0.0018634036,1053,AAA,0
688105.SH,2025Q3,0.0012249051,1083,AAA,0
688105.SH,2025Q4,0.0016965703,1060,AAA,0
688105.SH,2026Q1,0.0015096638,1068,AAA,0
688106.SH,2025Q3,0.0016874709,1060,AAA,0
688106.SH,2025Q4,0.0017821132,1056,AAA,0
688106.SH,2026Q1,0.0030647714,1017,AAA,0
688107.SH,2025Q3,0.016388021,895,AAA,0
688107.SH,2025Q4,0.012333213,916,AAA,0
688107.SH,2026Q1,0.011357655,922,AAA,0
688108.SH,2025Q3,0.006302898,965,AAA,0
688108.SH,2025Q4,0.039506752,830,AAA,0
688108.SH,2026Q1,0.009667678,933,AAA,0
688109.SH,2025Q3,0.0010398771,1095,AAA,0
688109.SH,2025Q4,0.0009812294,1099,AAA,0
688109.SH,2026Q1,0.0038713617,1000,AAA,0
688110.SH,2025Q3,0.0017561677,1057,AAA,0
688110.SH,2025Q4,0.0015130752,1068,AAA,0
688110.SH,2026Q1,0.0015764995,1065,AAA,0
688111.SH,2025Q3,0.0009101736,1105,AAA,0
688111.SH,2025Q4,0.0010013736,1098,AAA,0
688111.SH,2026Q1,0.0014599632,1070,AAA,0
688112.SH,2025Q3,0.0013016813,1079,AAA,0
688112.SH,2025Q4,0.0012667895,1081,AAA,0
688112.SH,2026Q1,0.0012728724,1080,AAA,0
688113.SH,2025Q3,0.0007588255,1118,AAA,0
688113.SH,2025Q4,0.00077848166,1116,AAA,0
688113.SH,2026Q1,0.0008658539,1108,AAA,0
688114.SH,2025Q3,0.0011463856,1088,AAA,0
688114.SH,2025Q4,0.0016928287,1060,AAA,0
688114.SH,2026Q1,0.0016764611,1060,AAA,0
688115.SH,2025Q3,0.0028839782,1021,AAA,0
688115.SH,2025Q4,0.0033130508,1011,AAA,0
688115.SH,2026Q1,0.013632321,908,AAA,0
688116.SH,2025Q3,0.00095915457,1101,AAA,0
688116.SH,2025Q4,0.0015444579,1066,AAA,0
688116.SH,2026Q1,0.0010689176,1093,AAA,0
688117.SH,2025Q3,0.0013815021,1074,AAA,0
688117.SH,2025Q4,0.001692172,1060,AAA,0
688117.SH,2026Q1,0.0016560331,1061,AAA,0
688118.SH,2025Q3,0.0014474102,1071,AAA,0
688118.SH,2025Q4,0.0009844173,1099,AAA,0
688118.SH,2026Q1,0.0022495578,1039,AAA,0
688119.SH,2025Q3,0.0029136157,1020,AAA,0
688119.SH,2025Q4,0.005587368,973,AAA,0
688119.SH,2026Q1,0.011078997,923,AAA,0
688120.SH,2025Q3,0.001394935,1074,AAA,0
688120.SH,2025Q4,0.0013503573,1076,AAA,0
688120.SH,2026Q1,0.0007992515,1114,AAA,0
688121.SH,2025Q3,0.0012556998,1081,AAA,0
688122.SH,2025Q3,0.0012656227,1081,AAA,0
688122.SH,2025Q4,0.0009874433,1099,AAA,0
688122.SH,2026Q1,0.004884307,983,AAA,0
688123.SH,2025Q3,0.0007462899,1119,AAA,0
688123.SH,2025Q4,0.00092309614,1103,AAA,0
688123.SH,2026Q1,0.0012343586,1083,AAA,0
688125.SH,2025Q3,0.0013479603,1076,AAA,0
688125.SH,2025Q4,0.0012221071,1083,AAA,0
688125.SH,2026Q1,0.0028380733,1022,AAA,0
688126.SH,2025Q3,0.0033492295,1010,AAA,0
688126.SH,2025Q4,0.0021134133,1044,AAA,0
688126.SH,2026Q1,0.0051900554,979,AAA,0
688127.SH,2025Q3,0.0013925106,1074,AAA,0
688127.SH,2025Q4,0.0010911449,1091,AAA,0
688127.SH,2026Q1,0.0013421631,1076,AAA,0
688128.SH,2025Q3,0.00090281654,1105,AAA,0
688128.SH,2025Q4,0.000983954,1099,AAA,0
688128.SH,2026Q1,0.00082901353,1111,AAA,0
688129.SH,2025Q3,0.0011053708,1090,AAA,0
688129.SH,2025Q4,0.0011586242,1087,AAA,0
688129.SH,2026Q1,0.001243465,1082,AAA,0
688130.SH,2025Q3,0.0017005783,1059,AAA,0
688130.SH,2025Q4,0.0017832731,1056,AAA,0
688130.SH,2026Q1,0.0022634228,1039,AAA,0
688131.SH,2025Q3,0.00075117964,1118,AAA,0
688131.SH,2025Q4,0.00085703743,1109,AAA,0
688131.SH,2026Q1,0.0010023506,1098,AAA,0
688132.SH,2025Q3,0.005408354,976,AAA,0
688132.SH,2025Q4,0.008539186,942,AAA,0
688132.SH,2026Q1,0.014242549,905,AAA,0
688133.SH,2025Q3,0.002240138,1039,AAA,0
688133.SH,2025Q4,0.0065493835,962,AAA,0
688133.SH,2026Q1,0.0064709415,963,AAA,0
688135.SH,2025Q3,0.0026023027,1029,AAA,0
688135.SH,2025Q4,0.004569407,988,AAA,0
688135.SH,2026Q1,0.0038989852,999,AAA,0
688136.SH,2025Q3,0.0013254257,1077,AAA,0
688136.SH,2025Q4,0.00095352996,1101,AAA,0
688136.SH,2026Q1,0.0023618406,1036,AAA,0
688137.SH,2025Q3,0.0018624859,1053,AAA,0
688137.SH,2025Q4,0.0016144372,1063,AAA,0
688137.SH,2026Q1,0.0019740872,1049,AAA,0
688138.SH,2025Q3,0.0011096997,1090,AAA,0
688138.SH,2025Q4,0.00082861865,1111,AAA,0
688138.SH,2026Q1,0.0008771493,1107,AAA,0
688139.SH,2025Q3,0.0007596051,1118,AAA,0
688139.SH,2025Q4,0.00077095046,1116,AAA,0
688139.SH,2026Q1,0.0007318088,1120,AAA,0
688141.SH,2025Q3,0.002275286,1038,AAA,0
688141.SH,2025Q4,0.0062072016,966,AAA,0
688141.SH,2026Q1,0.005928273,969,AAA,0
688143.SH,2025Q3,0.0020145606,1047,AAA,0
688143.SH,2025Q4,0.0010416276,1095,AAA,0
688143.SH,2026Q1,0.001455225,1071,AAA,0
688146.SH,2025Q3,0.0009366179,1102,AAA,0
688146.SH,2025Q4,0.00083093136,1111,AAA,0
688146.SH,2026Q1,0.00087937113,1107,AAA,0
688147.SH,2025Q3,0.0011006015,1091,AAA,0
688147.SH,2025Q4,0.0010509994,1094,AAA,0
688147.SH,2026Q1,0.0015379838,1067,AAA,0
688148.SH,2025Q3,0.06553813,791,AAA,0
688148.SH,2025Q4,0.03247175,844,AAA,0
688148.SH,2026Q1,0.04009335,829,AAA,0
688150.SH,2025Q3,0.0012195075,1083,AAA,0
688150.SH,2025Q4,0.0026417798,1028,AAA,0
688150.SH,2026Q1,0.0019478394,1050,AAA,0
688151.SH,2025Q3,0.0021443376,1043,AAA,0
688151.SH,2025Q4,0.0009534018,1101,AAA,0
688151.SH,2026Q1,0.0026310945,1028,AAA,0
688152.SH,2025Q3,0.0012203499,1083,AAA,0
688152.SH,2025Q4,0.0019011798,1051,AAA,0
688152.SH,2026Q1,0.0037924284,1001,AAA,0
688153.SH,2025Q3,0.00112962,1089,AAA,0
688153.SH,2025Q4,0.0010167345,1097,AAA,0
688153.SH,2026Q1,0.0011433385,1088,AAA,0
688155.SH,2025Q3,0.0011530526,1087,AAA,0
688155.SH,2025Q4,0.0007895891,1115,AAA,0
688155.SH,2026Q1,0.0008456982,1110,AAA,0
688156.SH,2025Q3,0.0022030252,1041,AAA,0
688156.SH,2025Q4,0.0024294853,1034,AAA,0
688156.SH,2026Q1,0.0022165522,1040,AAA,0
688157.SH,2025Q3,0.0021964232,1041,AAA,0
688157.SH,2025Q4,0.002320188,1037,AAA,0
688157.SH,2026Q1,0.0044028023,991,AAA,0
688158.SH,2025Q3,0.003749743,1002,AAA,0
688158.SH,2025Q4,0.00431858,992,AAA,0
688158.SH,2026Q1,0.005745813,971,AAA,0
688159.SH,2025Q3,0.0010719514,1093,AAA,0
688159.SH,2025Q4,0.0022308358,1040,AAA,0
688159.SH,2026Q1,0.0035599216,1006,AAA,0
688160.SH,2025Q3,0.0008313867,1111,AAA,0
688160.SH,2025Q4,0.00085551053,1109,AAA,0
688160.SH,2026Q1,0.0010555057,1094,AAA,0
688161.SH,2025Q3,0.00083789043,1110,AAA,0
688161.SH,2025Q4,0.0007499394,1118,AAA,0
688161.SH,2026Q1,0.00083865115,1110,AAA,0
688162.SH,2025Q3,0.0030351386,1017,AAA,0
688162.SH,2025Q4,0.0009339609,1103,AAA,0
688162.SH,2026Q1,0.0010904595,1091,AAA,0
688163.SH,2025Q3,0.0010616482,1093,AAA,0
688163.SH,2025Q4,0.0010312083,1095,AAA,0
688163.SH,2026Q1,0.0022822134,1038,AAA,0
688165.SH,2025Q3,0.0038568748,1000,AAA,0
688165.SH,2025Q4,0.01119588,923,AAA,0
688165.SH,2026Q1,0.008617772,942,AAA,0
688166.SH,2025Q3,0.0037411368,1002,AAA,0
688166.SH,2025Q4,0.0014350333,1072,AAA,0
688166.SH,2026Q1,0.0019269023,1050,AAA,0
688167.SH,2025Q3,0.0023675032,1035,AAA,0
688167.SH,2025Q4,0.0063475384,964,AAA,0
688167.SH,2026Q1,0.002254452,1039,AAA,0
688168.SH,2025Q3,0.0021779474,1041,AAA,0
688168.SH,2025Q4,0.0025639848,1030,AAA,0
688168.SH,2026Q1,0.0031511695,1015,AAA,0
688169.SH,2025Q3,0.00071342196,1122,AAA,0
688169.SH,2025Q4,0.00071656244,1122,AAA,0
688169.SH,2026Q1,0.0009679109,1100,AAA,0
688170.SH,2025Q3,0.0011671192,1087,AAA,0
688170.SH,2025Q4,0.0019700872,1049,AAA,0
688170.SH,2026Q1,0.0011822337,1086,AAA,0
688171.SH,2025Q3,0.0009776987,1099,AAA,0
688171.SH,2025Q4,0.0009771711,1099,AAA,0
688171.SH,2026Q1,0.0027841704,1024,AAA,0
688172.SH,2025Q3,0.0018567593,1053,AAA,0
688172.SH,2025Q4,0.0013209217,1078,AAA,0
688172.SH,2026Q1,0.007569231,951,AAA,0
688173.SH,2025Q3,0.005003768,981,AAA,0
688173.SH,2025Q4,0.016932731,892,AAA,0
688173.SH,2026Q1,0.0026273096,1028,AAA,0
688175.SH,2025Q3,0.0021344046,1043,AAA,0
688175.SH,2025Q4,0.0016106624,1063,AAA,0
688175.SH,2026Q1,0.0037337046,1002,AAA,0
688176.SH,2025Q3,0.0124389,915,AAA,0
688176.SH,2025Q4,0.013572488,909,AAA,0
688176.SH,2026Q1,0.0054296413,975,AAA,0
688177.SH,2025Q3,0.0058207293,970,AAA,0
688177.SH,2025Q4,0.008648658,942,AAA,0
688177.SH,2026Q1,0.01669148,894,AAA,0
688178.SH,2025Q3,0.010255942,929,AAA,0
688178.SH,2025Q4,0.007272483,954,AAA,0
688178.SH,2026Q1,0.0048449454,984,AAA,0
688179.SH,2025Q3,0.0026342685,1028,AAA,0
688179.SH,2025Q4,0.0031923358,1014,AAA,0
688179.SH,2026Q1,0.0030959095,1016,AAA,0
688180.SH,2025Q3,0.0016236812,1063,AAA,0
688180.SH,2025Q4,0.0015856081,1064,AAA,0
688180.SH,2026Q1,0.0023806125,1035,AAA,0
688181.SH,2025Q3,0.0008360855,1111,AAA,0
688181.SH,2025Q4,0.00076164363,1117,AAA,0
688181.SH,2026Q1,0.0009754587,1100,AAA,0
688182.SH,2025Q3,0.0013364804,1077,AAA,0
688182.SH,2025Q4,0.0013371037,1077,AAA,0
688182.SH,2026Q1,0.0021974652,1041,AAA,0
688183.SH,2025Q3,0.0021405078,1043,AAA,0
688183.SH,2025Q4,0.0016671283,1061,AAA,0
688183.SH,2026Q1,0.0010317739,1095,AAA,0
688184.SH,2025Q3,0.005659747,972,AAA,0
688184.SH,2025Q4,0.010471531,928,AAA,0
688184.SH,2026Q1,0.007657362,950,AAA,0
688185.SH,2025Q3,0.0013793001,1074,AAA,0
688185.SH,2025Q4,0.0016604064,1061,AAA,0
688185.SH,2026Q1,0.00165415,1061,AAA,0
688186.SH,2025Q3,0.0012906977,1079,AAA,0
688186.SH,2025Q4,0.0018701614,1052,AAA,0
688186.SH,2026Q1,0.0057396707,971,AAA,0
688187.SH,2025Q3,0.00085273077,1109,AAA,0
688187.SH,2025Q4,0.0010486741,1094,AAA,0
688187.SH,2026Q1,0.0009784395,1099,AAA,0
688188.SH,2025Q3,0.0015364505,1067,AAA,0
688188.SH,2025Q4,0.0009190601,1104,AAA,0
688188.SH,2026Q1,0.0011411129,1088,AAA,0
688189.SH,2025Q3,0.045343846,819,AAA,0
688189.SH,2025Q4,0.044823676,820,AAA,0
688189.SH,2026Q1,0.13351299,734,AAA,0
688190.SH,2025Q3,0.0011584786,1087,AAA,0
688190.SH,2025Q4,0.0014821225,1069,AAA,0
688190.SH,2026Q1,0.0012828954,1080,AAA,0
688191.SH,2025Q3,0.0072591794,954,AAA,0
688191.SH,2025Q4,0.0015531236,1066,AAA,0
688191.SH,2026Q1,0.005379399,976,AAA,0
688192.SH,2025Q3,0.0066516683,961,AAA,0
688192.SH,2025Q4,0.0070244293,957,AAA,0
688192.SH,2026Q1,0.0050251465,981,AAA,0
688193.SH,2025Q3,0.0010051597,1097,AAA,0
688193.SH,2025Q4,0.002084497,1045,AAA,0
688193.SH,2026Q1,0.0011850524,1085,AAA,0
688195.SH,2025Q3,0.0014111834,1073,AAA,0
688195.SH,2025Q4,0.0009178914,1104,AAA,0
688195.SH,2026Q1,0.0012862436,1080,AAA,0
688196.SH,2025Q3,0.0009323952,1103,AAA,0
688196.SH,2025Q4,0.00088177755,1107,AAA,0
688196.SH,2026Q1,0.0025024537,1031,AAA,0
688197.SH,2025Q3,0.038156357,832,AAA,0
688197.SH,2025Q4,0.022134421,873,AAA,0
688197.SH,2026Q1,0.013323592,910,AAA,0
688198.SH,2025Q3,0.0012014221,1084,AAA,0
688198.SH,2025Q4,0.0015240766,1067,AAA,0
688198.SH,2026Q1,0.001005004,1097,AAA,0
688199.SH,2025Q3,0.0027333382,1025,AAA,0
688199.SH,2025Q4,0.0026841904,1026,AAA,0
688199.SH,2026Q1,0.0043114256,992,AAA,0
688200.SH,2025Q3,0.00069213787,1124,AAA,0
688200.SH,2025Q4,0.00075546576,1118,AAA,0
688200.SH,2026Q1,0.0007856809,1115,AAA,0
688201.SH,2025Q3,0.004236895,993,AAA,0
688201.SH,2025Q4,0.0021221784,1043,AAA,0
688201.SH,2026Q1,0.005510251,974,AAA,0
688202.SH,2025Q3,0.0016885148,1060,AAA,0
688202.SH,2025Q4,0.0017509041,1057,AAA,0
688202.SH,2026Q1,0.0012203709,1083,AAA,0
688203.SH,2025Q3,0.001612996,1063,AAA,0
688203.SH,2025Q4,0.0013761491,1075,AAA,0
688203.SH,2026Q1,0.001392697,1074,AAA,0
688205.SH,2025Q3,0.002037909,1046,AAA,0
688205.SH,2025Q4,0.0010217158,1096,AAA,0
688205.SH,2026Q1,0.0027637265,1024,AAA,0
688206.SH,2025Q3,0.0015045396,1068,AAA,0
688206.SH,2025Q4,0.0014508138,1071,AAA,0
688206.SH,2026Q1,0.0037801675,1002,AAA,0
688207.SH,2025Q3,0.0026156004,1028,AAA,0
688207.SH,2025Q4,0.0021351206,1043,AAA,0
688207.SH,2026Q1,0.023761727,868,AAA,0
688208.SH,2025Q3,0.0008310066,1111,AAA,0
688208.SH,2025Q4,0.0009446092,1102,AAA,0
688208.SH,2026Q1,0.0011507801,1088,AAA,0
688209.SH,2025Q3,0.0010539693,1094,AAA,0
688209.SH,2025Q4,0.0008067837,1113,AAA,0
688209.SH,2026Q1,0.0013170951,1078,AAA,0
688210.SH,2025Q3,0.0028259861,1023,AAA,0
688210.SH,2025Q4,0.0027364984,1025,AAA,0
688210.SH,2026Q1,0.00319111,1014,AAA,0
688211.SH,2025Q3,0.001527549,1067,AAA,0
688211.SH,2025Q4,0.0019012947,1051,AAA,0
688211.SH,2026Q1,0.0029062487,1021,AAA,0
688212.SH,2025Q3,0.0015689335,1065,AAA,0
688212.SH,2025Q4,0.0014281417,1072,AAA,0
688212.SH,2026Q1,0.0014573989,1071,AAA,0
688213.SH,2025Q3,0.000689287,1125,AAA,0
688213.SH,2025Q4,0.00076699926,1117,AAA,0
688213.SH,2026Q1,0.00075796334,1118,AAA,0
688215.SH,2025Q3,0.0018397421,1054,AAA,0
688215.SH,2025Q4,0.0011082846,1090,AAA,0
688215.SH,2026Q1,0.0019961132,1048,AAA,0
688216.SH,2025Q3,0.010773996,926,AAA,0
688216.SH,2025Q4,0.008104203,946,AAA,0
688216.SH,2026Q1,0.0078054015,949,AAA,0
688217.SH,2025Q3,0.004039595,997,AAA,0
688217.SH,2025Q4,0.0023864657,1035,AAA,0
688217.SH,2026Q1,0.002767572,1024,AAA,0
688218.SH,2025Q3,0.0061272983,967,AAA,0
688218.SH,2025Q4,0.0041539255,995,AAA,0
688218.SH,2026Q1,0.0028298951,1023,AAA,0
688219.SH,2025Q3,0.0013030488,1079,AAA,0
688219.SH,2025Q4,0.0012044184,1084,AAA,0
688219.SH,2026Q1,0.0013681647,1075,AAA,0
688220.SH,2025Q3,0.0012401993,1082,AAA,0
688220.SH,2025Q4,0.0012317325,1083,AAA,0
688220.SH,2026Q1,0.0015438918,1066,AAA,0
688221.SH,2025Q3,0.01861687,886,AAA,0
688221.SH,2025Q4,0.006220016,965,AAA,0
688221.SH,2026Q1,0.0065950053,961,AAA,0
688222.SH,2025Q3,0.0017144253,1059,AAA,0
688222.SH,2025Q4,0.0023068935,1037,AAA,0
688222.SH,2026Q1,0.007009541,957,AAA,0
688223.SH,2025Q3,0.0054325466,975,AAA,0
688223.SH,2025Q4,0.008978243,939,AAA,0
688223.SH,2026Q1,0.012137373,917,AAA,0
688225.SH,2025Q3,0.0029353327,1020,AAA,0
688225.SH,2025Q4,0.006370527,964,AAA,0
688225.SH,2026Q1,0.0057944832,971,AAA,0
688226.SH,2025Q3,0.0019691284,1049,AAA,0
688226.SH,2025Q4,0.0016408976,1062,AAA,0
688226.SH,2026Q1,0.0012391609,1082,AAA,0
688227.SH,2025Q3,0.0017306297,1058,AAA,0
688227.SH,2025Q4,0.0018733034,1052,AAA,0
688227.SH,2026Q1,0.0024168037,1034,AAA,0
688228.SH,2025Q3,0.008173278,946,AAA,0
688228.SH,2025Q4,0.003980222,998,AAA,0
688228.SH,2026Q1,0.009762805,933,AAA,0
688229.SH,2025Q3,0.0023236144,1037,AAA,0
688229.SH,2025Q4,0.002738145,1025,AAA,0
688229.SH,2026Q1,0.0029075546,1021,AAA,0
688230.SH,2025Q3,0.001064167,1093,AAA,0
688230.SH,2025Q4,0.0010752775,1092,AAA,0
688230.SH,2026Q1,0.0016486202,1062,AAA,0
688231.SH,2025Q3,0.00088091334,1107,AAA,0
688231.SH,2025Q4,0.001112697,1090,AAA,0
688231.SH,2026Q1,0.001222706,1083,AAA,0
688232.SH,2025Q3,0.0019214831,1051,AAA,0
688232.SH,2025Q4,0.0014002162,1073,AAA,0
688232.SH,2026Q1,0.0072567775,954,AAA,0
688233.SH,2025Q3,0.0010498482,1094,AAA,0
688233.SH,2025Q4,0.0010234427,1096,AAA,0
688233.SH,2026Q1,0.0009749259,1100,AAA,0
688234.SH,2025Q3,0.0026909064,1026,AAA,0
688234.SH,2025Q4,0.0014592118,1070,AAA,0
688234.SH,2026Q1,0.0024219493,1034,AAA,0
688235.SH,2025Q3,0.0010114257,1097,AAA,0
688235.SH,2025Q4,0.001502777,1068,AAA,0
688235.SH,2026Q1,0.0012038673,1084,AAA,0
688236.SH,2025Q3,0.000974826,1100,AAA,0
688236.SH,2025Q4,0.00084655965,1110,AAA,0
688236.SH,2026Q1,0.0015656651,1065,AAA,0
688237.SH,2025Q3,0.0042042537,994,AAA,0
688237.SH,2025Q4,0.0018313515,1054,AAA,0
688237.SH,2026Q1,0.001227491,1083,AAA,0
688238.SH,2025Q3,0.015159241,901,AAA,0
688238.SH,2025Q4,0.017329814,891,AAA,0
688238.SH,2026Q1,0.018268853,887,AAA,0
688239.SH,2025Q3,0.0007928012,1114,AAA,0
688239.SH,2025Q4,0.0010137651,1097,AAA,0
688239.SH,2026Q1,0.0008248204,1112,AAA,0
688244.SH,2025Q3,0.0062181037,966,AAA,0
688244.SH,2025Q4,0.0057605715,971,AAA,0
688244.SH,2026Q1,0.012549748,914,AAA,0
688246.SH,2025Q3,0.0042727254,993,AAA,0
688246.SH,2025Q4,0.0036163277,1005,AAA,0
688246.SH,2026Q1,0.004881235,983,AAA,0
688247.SH,2025Q3,0.002861731,1022,AAA,0
688247.SH,2025Q4,0.0021346472,1043,AAA,0
688247.SH,2026Q1,0.0029959776,1018,AAA,0
688248.SH,2025Q3,0.0010905863,1091,AAA,0
688248.SH,2025Q4,0.0009784773,1099,AAA,0
688248.SH,2026Q1,0.0014314102,1072,AAA,0
688249.SH,2025Q3,0.0013580285,1076,AAA,0
688249.SH,2025Q4,0.0013491503,1076,AAA,0
688249.SH,2026Q1,0.0029648128,1019,AAA,0
688251.SH,2025Q3,0.0023576892,1036,AAA,0
688251.SH,2025Q4,0.001068207,1093,AAA,0
688251.SH,2026Q1,0.0018854046,1052,AAA,0
688252.SH,2025Q3,0.0013673914,1075,AAA,0
688252.SH,2025Q4,0.0017448489,1058,AAA,0
688252.SH,2026Q1,0.0016333184,1062,AAA,0
688253.SH,2025Q3,0.0012681886,1081,AAA,0
688253.SH,2025Q4,0.0011985975,1085,AAA,0
688253.SH,2026Q1,0.0014367637,1072,AAA,0
688255.SH,2025Q3,0.0010991493,1091,AAA,0
688255.SH,2025Q4,0.0008202248,1112,AAA,0
688255.SH,2026Q1,0.0010464899,1094,AAA,0
688256.SH,2025Q3,0.0015554797,1066,AAA,0
688256.SH,2025Q4,0.0012838207,1080,AAA,0
688256.SH,2026Q1,0.00088708487,1106,AAA,0
688257.SH,2025Q3,0.0008517088,1109,AAA,0
688257.SH,2025Q4,0.00079714117,1114,AAA,0
688257.SH,2026Q1,0.0010262713,1096,AAA,0
688258.SH,2025Q3,0.0039949603,998,AAA,0
688258.SH,2025Q4,0.0020304401,1047,AAA,0
688258.SH,2026Q1,0.0027799623,1024,AAA,0
688259.SH,2025Q3,0.00087336765,1107,AAA,0
688259.SH,2025Q4,0.0015991019,1064,AAA,0
688259.SH,2026Q1,0.0012475152,1082,AAA,0
688260.SH,2025Q3,0.07007367,786,AAA,0
688260.SH,2025Q4,0.08101338,775,AAA,0
688260.SH,2026Q1,0.052668583,808,AAA,0
688261.SH,2025Q3,0.0014208833,1072,AAA,0
688261.SH,2025Q4,0.0013510315,1076,AAA,0
688261.SH,2026Q1,0.001620566,1063,AAA,0
688262.SH,2025Q3,0.0054514897,975,AAA,0
688262.SH,2025Q4,0.0066417926,961,AAA,0
688262.SH,2026Q1,0.00730096,954,AAA,0
688265.SH,2025Q3,0.0020615014,1045,AAA,0
688265.SH,2025Q4,0.001209944,1084,AAA,0
688265.SH,2026Q1,0.002982076,1019,AAA,0
688266.SH,2025Q3,0.0023338422,1036,AAA,0
688266.SH,2025Q4,0.0022692527,1039,AAA,0
688266.SH,2026Q1,0.0028204701,1023,AAA,0
688267.SH,2025Q3,0.0012495172,1082,AAA,0
688267.SH,2025Q4,0.001341678,1076,AAA,0
688267.SH,2026Q1,0.0011869809,1085,AAA,0
688268.SH,2025Q3,0.001111853,1090,AAA,0
688268.SH,2025Q4,0.0010951792,1091,AAA,0
688268.SH,2026Q1,0.0016491478,1062,AAA,0
688269.SH,2025Q3,0.0012606063,1081,AAA,0
688269.SH,2025Q4,0.0015300296,1067,AAA,0
688269.SH,2026Q1,0.0020657994,1045,AAA,0
688270.SH,2025Q3,0.0012026025,1084,AAA,0
688270.SH,2025Q4,0.0011952041,1085,AAA,0
688270.SH,2026Q1,0.001513808,1068,AAA,0
688271.SH,2025Q3,0.0006518473,1129,AAA,0
688271.SH,2025Q4,0.00073321117,1120,AAA,0
688271.SH,2026Q1,0.00094559067,1102,AAA,0
688272.SH,2025Q3,0.00226393,1039,AAA,0
688272.SH,2025Q4,0.0024942849,1032,AAA,0
688272.SH,2026Q1,0.0028290704,1023,AAA,0
688273.SH,2025Q3,0.0010037568,1097,AAA,0
688273.SH,2025Q4,0.0009347649,1103,AAA,0
688273.SH,2026Q1,0.0013108728,1078,AAA,0
688275.SH,2025Q3,0.0017197585,1059,AAA,0
688275.SH,2025Q4,0.0019083776,1051,AAA,0
688275.SH,2026Q1,0.0014502655,1071,AAA,0
688276.SH,2025Q3,0.0030755643,1017,AAA,0
688276.SH,2025Q4,0.0026683751,1027,AAA,0
688276.SH,2026Q1,0.003723065,1003,AAA,0
688277.SH,2025Q3,0.01814014,887,AAA,0
688277.SH,2025Q4,0.044166125,821,AAA,0
688277.SH,2026Q1,0.020527696,878,AAA,0
688278.SH,2025Q3,0.0014113567,1073,AAA,0
688278.SH,2025Q4,0.0015909085,1064,AAA,0
688278.SH,2026Q1,0.0010018632,1098,AAA,0
688279.SH,2025Q3,0.0009216768,1104,AAA,0
688279.SH,2025Q4,0.0009466783,1102,AAA,0
688279.SH,2026Q1,0.0011314221,1089,AAA,0
688280.SH,2025Q3,0.006377298,964,AAA,0
688280.SH,2025Q4,0.0070855813,956,AAA,0
688280.SH,2026Q1,0.028640315,854,AAA,0
688281.SH,2025Q3,0.0007853632,1115,AAA,0
688281.SH,2025Q4,0.00080626993,1113,AAA,0
688281.SH,2026Q1,0.001233153,1083,AAA,0
688282.SH,2025Q3,0.0026294184,1028,AAA,0
688282.SH,2025Q4,0.0015704811,1065,AAA,0
688282.SH,2026Q1,0.007032496,957,AAA,0
688283.SH,2025Q3,0.00090192107,1105,AAA,0
688283.SH,2025Q4,0.0008528551,1109,AAA,0
688283.SH,2026Q1,0.020994024,877,AAA,0
688285.SH,2025Q3,0.0017050966,1059,AAA,0
688285.SH,2025Q4,0.0014894471,1069,AAA,0
688285.SH,2026Q1,0.0026182325,1028,AAA,0
688286.SH,2025Q3,0.001036854,1095,AAA,0
688286.SH,2025Q4,0.0009881369,1099,AAA,0
688286.SH,2026Q1,0.001661832,1061,AAA,0
688287.SH,2025Q3,0.15150034,724,AAA,0
688287.SH,2025Q4,0.10017846,758,AAA,0
688287.SH,2026Q1,0.5939551,572,BBB,0
688288.SH,2025Q3,0.0026219708,1028,AAA,0
688288.SH,2025Q4,0.0030592373,1017,AAA,0
688288.SH,2026Q1,0.0032844907,1012,AAA,0
688289.SH,2025Q3,0.00072076,1121,AAA,0
688289.SH,2025Q4,0.0009019146,1105,AAA,0
688289.SH,2026Q1,0.0013884677,1074,AAA,0
688290.SH,2025Q3,0.003639964,1004,AAA,0
688290.SH,2025Q4,0.0061037354,967,AAA,0
688290.SH,2026Q1,0.0022402073,1039,AAA,0
688291.SH,2025Q3,0.0008680066,1108,AAA,0
688291.SH,2025Q4,0.00096021476,1101,AAA,0
688291.SH,2026Q1,0.001428137,1072,AAA,0
688292.SH,2025Q3,0.0046793856,986,AAA,0
688292.SH,2025Q4,0.0018183041,1055,AAA,0
688292.SH,2026Q1,0.017781788,889,AAA,0
688293.SH,2025Q3,0.0008965788,1106,AAA,0
688293.SH,2025Q4,0.0007998686,1114,AAA,0
688293.SH,2026Q1,0.001542844,1066,AAA,0
688295.SH,2025Q3,0.002226711,1040,AAA,0
688295.SH,2025Q4,0.0017059027,1059,AAA,0
688295.SH,2026Q1,0.0023594722,1036,AAA,0
688296.SH,2025Q3,0.008836001,940,AAA,0
688296.SH,2025Q4,0.00631455,964,AAA,0
688296.SH,2026Q1,0.007854781,949,AAA,0
688297.SH,2025Q3,0.003993236,998,AAA,0
688297.SH,2025Q4,0.00536777,976,AAA,0
688297.SH,2026Q1,0.004518683,989,AAA,0
688298.SH,2025Q3,0.005775828,971,AAA,0
688298.SH,2025Q4,0.005688725,972,AAA,0
688298.SH,2026Q1,0.007961268,948,AAA,0
688299.SH,2025Q3,0.0032833405,1012,AAA,0
688299.SH,2025Q4,0.0024796252,1032,AAA,0
688299.SH,2026Q1,0.0016453085,1062,AAA,0
688300.SH,2025Q3,0.0011819432,1086,AAA,0
688300.SH,2025Q4,0.0012875287,1079,AAA,0
688300.SH,2026Q1,0.001625251,1063,AAA,0
688301.SH,2025Q3,0.00075041194,1118,AAA,0
688301.SH,2025Q4,0.0009773485,1099,AAA,0
688301.SH,2026Q1,0.0011016154,1091,AAA,0
688302.SH,2025Q3,0.004107693,996,AAA,0
688302.SH,2025Q4,0.0058975313,969,AAA,0
688302.SH,2026Q1,0.004035863,997,AAA,0
688303.SH,2025Q3,0.0018554193,1053,AAA,0
688303.SH,2025Q4,0.0037417926,1002,AAA,0
688303.SH,2026Q1,0.012438572,915,AAA,0
688305.SH,2025Q3,0.0014635148,1070,AAA,0
688305.SH,2025Q4,0.0010545101,1094,AAA,0
688305.SH,2026Q1,0.0017099776,1059,AAA,0
688306.SH,2025Q3,0.0028114882,1023,AAA,0
688306.SH,2025Q4,0.0036186941,1005,AAA,0
688306.SH,2026Q1,0.010547786,927,AAA,0
688307.SH,2025Q3,0.0011607861,1087,AAA,0
688307.SH,2025Q4,0.0008242209,1112,AAA,0
688307.SH,2026Q1,0.0009237468,1103,AAA,0
688308.SH,2025Q3,0.0013990066,1073,AAA,0
688308.SH,2025Q4,0.0011842912,1086,AAA,0
688308.SH,2026Q1,0.0014094757,1073,AAA,0
688309.SH,2025Q3,0.0022010647,1041,AAA,0
688309.SH,2025Q4,0.00088908954,1106,AAA,0
688309.SH,2026Q1,0.002344804,1036,AAA,0
688310.SH,2025Q3,0.010349019,928,AAA,0
688310.SH,2025Q4,0.0029117505,1020,AAA,0
688310.SH,2026Q1,0.0067156884,960,AAA,0
688311.SH,2025Q3,0.00522177,978,AAA,0
688311.SH,2025Q4,0.005051493,981,AAA,0
688311.SH,2026Q1,0.009182711,937,AAA,0
688312.SH,2025Q3,0.0008616339,1108,AAA,0
688312.SH,2025Q4,0.00091717235,1104,AAA,0
688312.SH,2026Q1,0.0034023668,1009,AAA,0
688313.SH,2025Q3,0.0037770835,1002,AAA,0
688313.SH,2025Q4,0.0041831513,994,AAA,0
688313.SH,2026Q1,0.001629537,1062,AAA,0
688314.SH,2025Q3,0.0012595634,1081,AAA,0
688314.SH,2025Q4,0.0011956835,1085,AAA,0
688314.SH,2026Q1,0.0013328062,1077,AAA,0
688315.SH,2025Q3,0.0012139874,1084,AAA,0
688315.SH,2025Q4,0.000924886,1103,AAA,0
688315.SH,2026Q1,0.0013791898,1074,AAA,0
688316.SH,2025Q3,0.23795596,683,AA,0
688316.SH,2025Q4,0.3650126,639,A,0
688316.SH,2026Q1,0.074785724,781,AAA,0
688317.SH,2025Q3,0.003789452,1001,AAA,0
688317.SH,2025Q4,0.0035830662,1005,AAA,0
688317.SH,2026Q1,0.005656987,972,AAA,0
688318.SH,2025Q3,0.001676837,1060,AAA,0
688318.SH,2025Q4,0.0018601905,1053,AAA,0
688318.SH,2026Q1,0.0025843387,1029,AAA,0
688319.SH,2025Q3,0.0052602356,978,AAA,0
688319.SH,2025Q4,0.0036767877,1004,AAA,0
688319.SH,2026Q1,0.0049275183,982,AAA,0
688320.SH,2025Q3,0.001879648,1052,AAA,0
688320.SH,2025Q4,0.0019551178,1049,AAA,0
688320.SH,2026Q1,0.004655941,986,AAA,0
688321.SH,2025Q3,0.0020118505,1047,AAA,0
688321.SH,2025Q4,0.0017675498,1057,AAA,0
688321.SH,2026Q1,0.0017347181,1058,AAA,0
688322.SH,2025Q3,0.00215746,1042,AAA,0
688322.SH,2025Q4,0.0026749184,1027,AAA,0
688322.SH,2026Q1,0.0014398065,1071,AAA,0
688323.SH,2025Q3,0.0083062835,944,AAA,0
688323.SH,2025Q4,0.007434989,953,AAA,0
688323.SH,2026Q1,0.01222817,916,AAA,0
688325.SH,2025Q3,0.00091979816,1104,AAA,0
688325.SH,2025Q4,0.00088501483,1107,AAA,0
688325.SH,2026Q1,0.001039836,1095,AAA,0
688326.SH,2025Q3,0.0012718751,1080,AAA,0
688326.SH,2025Q4,0.0011819303,1086,AAA,0
688326.SH,2026Q1,0.0010836734,1092,AAA,0
688327.SH,2025Q3,0.027704109,856,AAA,0
688327.SH,2025Q4,0.29593593,662,AA,0
688327.SH,2026Q1,0.18849671,705,AAA,0
688328.SH,2025Q3,0.0044218428,990,AAA,0
688328.SH,2025Q4,0.0022705065,1038,AAA,0
688328.SH,2026Q1,0.0012425575,1082,AAA,0
688329.SH,2025Q3,0.0043991837,991,AAA,0
688329.SH,2025Q4,0.003165496,1014,AAA,0
688329.SH,2026Q1,0.0021409479,1043,AAA,0
688330.SH,2025Q3,0.0015418343,1066,AAA,0
688330.SH,2025Q4,0.002101896,1044,AAA,0
688330.SH,2026Q1,0.005871542,970,AAA,0
688331.SH,2025Q3,0.0021827933,1041,AAA,0
688331.SH,2025Q4,0.001291717,1079,AAA,0
688331.SH,2026Q1,0.0018889954,1052,AAA,0
688332.SH,2025Q3,0.0010145584,1097,AAA,0
688332.SH,2025Q4,0.0015448123,1066,AAA,0
688332.SH,2026Q1,0.0025729965,1029,AAA,0
688333.SH,2025Q3,0.00078923965,1115,AAA,0
688333.SH,2025Q4,0.0008497232,1109,AAA,0
688333.SH,2026Q1,0.0036381155,1004,AAA,0
688334.SH,2025Q3,0.0012188137,1083,AAA,0
688334.SH,2025Q4,0.0015461604,1066,AAA,0
688334.SH,2026Q1,0.0015015318,1068,AAA,0
688335.SH,2025Q3,0.0025815673,1029,AAA,0
688335.SH,2025Q4,0.0016658668,1061,AAA,0
688335.SH,2026Q1,0.0064453413,963,AAA,0
688336.SH,2025Q3,0.0012685094,1081,AAA,0
688336.SH,2025Q4,0.001761884,1057,AAA,0
688336.SH,2026Q1,0.0013566059,1076,AAA,0
688337.SH,2025Q3,0.00087495486,1107,AAA,0
688337.SH,2025Q4,0.0007027662,1123,AAA,0
688337.SH,2026Q1,0.0014336134,1072,AAA,0
688338.SH,2025Q3,0.0011583279,1087,AAA,0
688338.SH,2025Q4,0.0011739966,1086,AAA,0
688338.SH,2026Q1,0.0012016464,1084,AAA,0
688339.SH,2025Q3,0.00514366,979,AAA,0
688339.SH,2025Q4,0.004953908,982,AAA,0
688339.SH,2026Q1,0.017638737,889,AAA,0
688343.SH,2025Q3,0.0011612518,1087,AAA,0
688343.SH,2025Q4,0.0012050988,1084,AAA,0
688343.SH,2026Q1,0.001472634,1070,AAA,0
688345.SH,2025Q3,0.0013822016,1074,AAA,0
688345.SH,2025Q4,0.0016397366,1062,AAA,0
688345.SH,2026Q1,0.0008945998,1106,AAA,0
688347.SH,2025Q3,0.008330002,944,AAA,0
688347.SH,2025Q4,0.009016325,939,AAA,0
688347.SH,2026Q1,0.006652942,961,AAA,0
688348.SH,2025Q3,0.0018344484,1054,AAA,0
688348.SH,2025Q4,0.001738007,1058,AAA,0
688348.SH,2026Q1,0.0019169305,1051,AAA,0
688349.SH,2025Q3,0.0012190343,1083,AAA,0
688349.SH,2025Q4,0.0011727868,1086,AAA,0
688349.SH,2026Q1,0.0026132143,1028,AAA,0
688350.SH,2025Q3,0.001006494,1097,AAA,0
688350.SH,2025Q4,0.004288483,992,AAA,0
688350.SH,2026Q1,0.0012253048,1083,AAA,0
688351.SH,2025Q3,0.0013950445,1074,AAA,0
688351.SH,2025Q4,0.0014316712,1072,AAA,0
688351.SH,2026Q1,0.002175584,1042,AAA,0
688352.SH,2025Q3,0.0012362589,1082,AAA,0
688352.SH,2025Q4,0.0015265784,1067,AAA,0
688352.SH,2026Q1,0.0037388573,1002,AAA,0
688353.SH,2025Q3,0.0022512688,1039,AAA,0
688353.SH,2025Q4,0.00299667,1018,AAA,0
688353.SH,2026Q1,0.0032596178,1012,AAA,0
688355.SH,2025Q3,0.0010291198,1096,AAA,0
688355.SH,2025Q4,0.0010647927,1093,AAA,0
688355.SH,2026Q1,0.0018475509,1053,AAA,0
688356.SH,2025Q3,0.0010513759,1094,AAA,0
688356.SH,2025Q4,0.0008544836,1109,AAA,0
688356.SH,2026Q1,0.0009003287,1105,AAA,0
688357.SH,2025Q3,0.0011603119,1087,AAA,0
688357.SH,2025Q4,0.0011138911,1090,AAA,0
688357.SH,2026Q1,0.001422298,1072,AAA,0
688358.SH,2025Q3,0.00069959415,1124,AAA,0
688358.SH,2025Q4,0.0007715204,1116,AAA,0
688358.SH,2026Q1,0.0010200274,1096,AAA,0
688359.SH,2025Q3,0.009006139,939,AAA,0
688359.SH,2025Q4,0.0076037934,951,AAA,0
688359.SH,2026Q1,0.0038267006,1001,AAA,0
688360.SH,2025Q3,0.0012108184,1084,AAA,0
688360.SH,2025Q4,0.002176344,1042,AAA,0
688360.SH,2026Q1,0.0009364108,1102,AAA,0
688361.SH,2025Q3,0.0012027359,1084,AAA,0
688361.SH,2025Q4,0.0018217093,1054,AAA,0
688361.SH,2026Q1,0.00093511626,1103,AAA,0
688362.SH,2025Q3,0.0019012494,1051,AAA,0
688362.SH,2025Q4,0.0015382599,1067,AAA,0
688362.SH,2026Q1,0.0024117334,1034,AAA,0
688363.SH,2025Q3,0.0009571462,1101,AAA,0
688363.SH,2025Q4,0.0010196116,1096,AAA,0
688363.SH,2026Q1,0.0008495577,1109,AAA,0
688365.SH,2025Q3,0.004832647,984,AAA,0
688365.SH,2025Q4,0.0052360594,978,AAA,0
688365.SH,2026Q1,0.018594041,886,AAA,0
688366.SH,2025Q3,0.0012133891,1084,AAA,0
688366.SH,2025Q4,0.0024944807,1032,AAA,0
688366.SH,2026Q1,0.0011788663,1086,AAA,0
688367.SH,2025Q3,0.001543661,1066,AAA,0
688367.SH,2025Q4,0.001643817,1062,AAA,0
688367.SH,2026Q1,0.0028757597,1021,AAA,0
688368.SH,2025Q3,0.0020640907,1045,AAA,0
688368.SH,2025Q4,0.0016258949,1063,AAA,0
688368.SH,2026Q1,0.0019845737,1048,AAA,0
688369.SH,2025Q3,0.0040396946,997,AAA,0
688369.SH,2025Q4,0.004635906,987,AAA,0
688369.SH,2026Q1,0.0033306123,1011,AAA,0
688370.SH,2025Q3,0.001886084,1052,AAA,0
688370.SH,2025Q4,0.0015563071,1066,AAA,0
688370.SH,2026Q1,0.001973347,1049,AAA,0
688371.SH,2025Q3,0.0014595607,1070,AAA,0
688371.SH,2025Q4,0.001482373,1069,AAA,0
688371.SH,2026Q1,0.003430833,1009,AAA,0
688372.SH,2025Q3,0.0018109608,1055,AAA,0
688372.SH,2025Q4,0.0019085157,1051,AAA,0
688372.SH,2026Q1,0.0019425248,1050,AAA,0
688373.SH,2025Q3,0.056125086,803,AAA,0
688373.SH,2025Q4,0.16071482,719,AAA,0
688373.SH,2026Q1,0.23444694,685,AA,0
688375.SH,2025Q3,0.0007343258,1120,AAA,0
688375.SH,2025Q4,0.00076433574,1117,AAA,0
688375.SH,2026Q1,0.01157535,920,AAA,0
688376.SH,2025Q3,0.0009311554,1103,AAA,0
688376.SH,2025Q4,0.001044689,1095,AAA,0
688376.SH,2026Q1,0.0011031181,1091,AAA,0
688377.SH,2025Q3,0.0009180921,1104,AAA,0
688377.SH,2025Q4,0.00092517416,1103,AAA,0
688377.SH,2026Q1,0.002039933,1046,AAA,0
688378.SH,2025Q3,0.0012100966,1084,AAA,0
688378.SH,2025Q4,0.0010232306,1096,AAA,0
688378.SH,2026Q1,0.00124366,1082,AAA,0
688379.SH,2025Q3,0.0009966096,1098,AAA,0
688379.SH,2025Q4,0.0012655123,1081,AAA,0
688379.SH,2026Q1,0.0014780156,1069,AAA,0
688380.SH,2025Q3,0.00084891595,1110,AAA,0
688380.SH,2025Q4,0.00084904616,1110,AAA,0
688380.SH,2026Q1,0.0016013065,1064,AAA,0
688381.SH,2025Q3,0.002022467,1047,AAA,0
688381.SH,2025Q4,0.001620532,1063,AAA,0
688381.SH,2026Q1,0.0018849568,1052,AAA,0
688382.SH,2025Q3,0.016276529,895,AAA,0
688382.SH,2025Q4,0.016025884,897,AAA,0
688382.SH,2026Q1,0.050451875,811,AAA,0
688383.SH,2025Q3,0.0028341087,1022,AAA,0
688383.SH,2025Q4,0.0033947437,1009,AAA,0
688383.SH,2026Q1,0.0011881867,1085,AAA,0
688385.SH,2025Q3,0.00085972063,1109,AAA,0
688385.SH,2025Q4,0.0011701677,1086,AAA,0
688385.SH,2026Q1,0.00080666953,1113,AAA,0
688386.SH,2025Q3,0.0012159912,1084,AAA,0
688386.SH,2025Q4,0.001315916,1078,AAA,0
688386.SH,2026Q1,0.0011019873,1091,AAA,0
688387.SH,2025Q3,0.022918023,870,AAA,0
688387.SH,2025Q4,0.007440093,952,AAA,0
688387.SH,2026Q1,0.010592004,927,AAA,0
688388.SH,2025Q3,0.0014018994,1073,AAA,0
688388.SH,2025Q4,0.0013751017,1075,AAA,0
688388.SH,2026Q1,0.0014138502,1073,AAA,0
688389.SH,2025Q3,0.0018988956,1051,AAA,0
688389.SH,2025Q4,0.0010310939,1096,AAA,0
688389.SH,2026Q1,0.002282067,1038,AAA,0
688390.SH,2025Q3,0.00097324373,1100,AAA,0
688390.SH,2025Q4,0.0013279167,1077,AAA,0
688390.SH,2026Q1,0.0017908998,1056,AAA,0
688391.SH,2025Q3,0.00096454995,1100,AAA,0
688391.SH,2025Q4,0.0018676103,1053,AAA,0
688391.SH,2026Q1,0.00200192,1048,AAA,0
688392.SH,2025Q3,0.0013440421,1076,AAA,0
688392.SH,2025Q4,0.000821297,1112,AAA,0
688392.SH,2026Q1,0.0009188469,1104,AAA,0
688393.SH,2025Q3,0.0030252296,1018,AAA,0
688393.SH,2025Q4,0.0035083177,1007,AAA,0
688393.SH,2026Q1,0.0014772072,1070,AAA,0
688395.SH,2025Q3,0.0009857687,1099,AAA,0
688395.SH,2025Q4,0.0010844056,1092,AAA,0
688395.SH,2026Q1,0.0008365629,1111,AAA,0
688396.SH,2025Q3,0.00085704157,1109,AAA,0
688396.SH,2025Q4,0.00078161183,1116,AAA,0
688396.SH,2026Q1,0.0009969743,1098,AAA,0
688398.SH,2025Q3,0.0018056235,1055,AAA,0
688398.SH,2025Q4,0.0015876535,1064,AAA,0
688398.SH,2026Q1,0.0037914864,1001,AAA,0
688399.SH,2025Q3,0.0016709229,1061,AAA,0
688399.SH,2025Q4,0.0017205774,1059,AAA,0
688399.SH,2026Q1,0.0013093487,1078,AAA,0
688400.SH,2025Q3,0.0010379688,1095,AAA,0
688400.SH,2025Q4,0.000837516,1111,AAA,0
688400.SH,2026Q1,0.0022146662,1040,AAA,0
688401.SH,2025Q3,0.0008239728,1112,AAA,0
688401.SH,2025Q4,0.00096314127,1100,AAA,0
688401.SH,2026Q1,0.00070085836,1123,AAA,0
688403.SH,2025Q3,0.0035479257,1006,AAA,0
688403.SH,2025Q4,0.0032385066,1013,AAA,0
688403.SH,2026Q1,0.010922332,925,AAA,0
688408.SH,2025Q3,0.0013721453,1075,AAA,0
688408.SH,2025Q4,0.0020174042,1047,AAA,0
688408.SH,2026Q1,0.0020862462,1045,AAA,0
688409.SH,2025Q3,0.0010495376,1094,AAA,0
688409.SH,2025Q4,0.0019263496,1050,AAA,0
688409.SH,2026Q1,0.0020626767,1045,AAA,0
688410.SH,2025Q3,0.00080154533,1114,AAA,0
688410.SH,2025Q4,0.0011521188,1087,AAA,0
688410.SH,2026Q1,0.00077080645,1117,AAA,0
688411.SH,2025Q3,0.000705,1123,AAA,0
688411.SH,2025Q4,0.0007029709,1123,AAA,0
688411.SH,2026Q1,0.0008026204,1114,AAA,0
688416.SH,2025Q3,0.0012494,1082,AAA,0
688416.SH,2025Q4,0.0013999569,1073,AAA,0
688416.SH,2026Q1,0.001966465,1049,AAA,0
688418.SH,2025Q3,0.003910304,999,AAA,0
688418.SH,2025Q4,0.0042982916,992,AAA,0
688418.SH,2026Q1,0.010799712,925,AAA,0
688419.SH,2025Q3,0.001784822,1056,AAA,0
688419.SH,2025Q4,0.0011726292,1086,AAA,0
688419.SH,2026Q1,0.0020392984,1046,AAA,0
688420.SH,2025Q3,0.0036831882,1003,AAA,0
688420.SH,2025Q4,0.0025164306,1031,AAA,0
688420.SH,2026Q1,0.0026586256,1027,AAA,0
688425.SH,2025Q3,0.0021971758,1041,AAA,0
688425.SH,2025Q4,0.0017046105,1059,AAA,0
688425.SH,2026Q1,0.00828503,945,AAA,0
688426.SH,2025Q3,0.001717346,1059,AAA,0
688426.SH,2025Q4,0.0017148504,1059,AAA,0
688426.SH,2026Q1,0.0015879128,1064,AAA,0
688428.SH,2025Q3,0.0014340169,1072,AAA,0
688428.SH,2025Q4,0.001431841,1072,AAA,0
688428.SH,2026Q1,0.0013390873,1077,AAA,0
688429.SH,2025Q3,0.0053384504,977,AAA,0
688429.SH,2025Q4,0.01515334,901,AAA,0
688429.SH,2026Q1,0.024396563,866,AAA,0
688432.SH,2025Q3,0.0025794855,1029,AAA,0
688432.SH,2025Q4,0.00286932,1022,AAA,0
688432.SH,2026Q1,0.0032205917,1013,AAA,0
688433.SH,2025Q3,0.0010831996,1092,AAA,0
688433.SH,2025Q4,0.001564613,1065,AAA,0
688433.SH,2026Q1,0.0018043279,1055,AAA,0
688435.SH,2025Q3,0.0024949329,1032,AAA,0
688435.SH,2025Q4,0.003460949,1008,AAA,0
688435.SH,2026Q1,0.0027779737,1024,AAA,0
688439.SH,2025Q3,0.0017661729,1057,AAA,0
688439.SH,2025Q4,0.0020607882,1045,AAA,0
688439.SH,2026Q1,0.0050481604,981,AAA,0
688443.SH,2025Q3,0.0032867563,1012,AAA,0
688443.SH,2025Q4,0.0049557183,982,AAA,0
688443.SH,2026Q1,0.00738331,953,AAA,0
688448.SH,2025Q3,0.0032130599,1013,AAA,0
688448.SH,2025Q4,0.002024102,1047,AAA,0
688448.SH,2026Q1,0.0017262206,1058,AAA,0
688449.SH,2025Q3,0.00108241,1092,AAA,0
688449.SH,2025Q4,0.001123275,1089,AAA,0
688449.SH,2026Q1,0.0016062649,1063,AAA,0
688450.SH,2025Q3,0.003760523,1002,AAA,0
688450.SH,2025Q4,0.003128469,1015,AAA,0
688450.SH,2026Q1,0.004648361,987,AAA,0
688455.SH,2025Q3,0.0029940896,1018,AAA,0
688455.SH,2025Q4,0.0016739777,1061,AAA,0
688455.SH,2026Q1,0.0025970812,1029,AAA,0
688456.SH,2025Q3,0.0010218488,1096,AAA,0
688456.SH,2025Q4,0.0016156605,1063,AAA,0
688456.SH,2026Q1,0.001482899,1069,AAA,0
688458.SH,2025Q3,0.002208559,1040,AAA,0
688458.SH,2025Q4,0.0019230794,1050,AAA,0
688458.SH,2026Q1,0.0017518938,1057,AAA,0
688459.SH,2025Q3,0.0011846438,1085,AAA,0
688459.SH,2025Q4,0.0012812775,1080,AAA,0
688459.SH,2026Q1,0.007450241,952,AAA,0
688466.SH,2025Q3,0.0015227094,1067,AAA,0
688466.SH,2025Q4,0.001966493,1049,AAA,0
688466.SH,2026Q1,0.0075490414,951,AAA,0
688468.SH,2025Q3,0.0037378396,1002,AAA,0
688468.SH,2025Q4,0.003125985,1015,AAA,0
688468.SH,2026Q1,0.003933191,999,AAA,0
688469.SH,2025Q3,0.0025612437,1030,AAA,0
688469.SH,2025Q4,0.011365373,922,AAA,0
688469.SH,2026Q1,0.008703668,941,AAA,0
688472.SH,2025Q3,0.001176956,1086,AAA,0
688472.SH,2025Q4,0.001777409,1056,AAA,0
688472.SH,2026Q1,0.0030872198,1016,AAA,0
688475.SH,2025Q3,0.0009059125,1105,AAA,0
688475.SH,2025Q4,0.00074838806,1119,AAA,0
688475.SH,2026Q1,0.0008084322,1113,AAA,0
688478.SH,2025Q3,0.0015686593,1065,AAA,0
688478.SH,2025Q4,0.003545467,1006,AAA,0
688478.SH,2026Q1,0.0077346126,950,AAA,0
688479.SH,2025Q3,0.0013911771,1074,AAA,0
688479.SH,2025Q4,0.0013430626,1076,AAA,0
688479.SH,2026Q1,0.0014369505,1072,AAA,0
688480.SH,2025Q3,0.0016327292,1062,AAA,0
688480.SH,2025Q4,0.0012011995,1084,AAA,0
688480.SH,2026Q1,0.0023260699,1037,AAA,0
688484.SH,2025Q3,0.00069113367,1124,AAA,0
688484.SH,2025Q4,0.0006843911,1125,AAA,0
688484.SH,2026Q1,0.0018543194,1053,AAA,0
688485.SH,2025Q3,0.003136298,1015,AAA,0
688485.SH,2025Q4,0.0037706334,1002,AAA,0
688485.SH,2026Q1,0.0033787664,1010,AAA,0
688486.SH,2025Q3,0.00070615485,1123,AAA,0
688486.SH,2025Q4,0.0008054437,1113,AAA,0
688486.SH,2026Q1,0.0012503256,1082,AAA,0
688488.SH,2025Q3,0.0034916138,1007,AAA,0
688488.SH,2025Q4,0.0024247656,1034,AAA,0
688488.SH,2026Q1,0.0026205734,1028,AAA,0
688489.SH,2025Q3,0.0029183698,1020,AAA,0
688489.SH,2025Q4,0.0058843894,970,AAA,0
688489.SH,2026Q1,0.002008122,1047,AAA,0
688496.SH,2025Q3,0.009493418,935,AAA,0
688496.SH,2025Q4,0.034758862,839,AAA,0
688496.SH,2026Q1,0.014928001,902,AAA,0
688498.SH,2025Q3,0.0013473128,1076,AAA,0
688498.SH,2025Q4,0.0013811279,1074,AAA,0
688498.SH,2026Q1,0.0014677647,1070,AAA,0
688499.SH,2025Q3,0.0039360933,999,AAA,0
688499.SH,2025Q4,0.0032147146,1013,AAA,0
688499.SH,2026Q1,0.0018874804,1052,AAA,0
688500.SH,2025Q3,0.0018565304,1053,AAA,0
688500.SH,2025Q4,0.002000483,1048,AAA,0
688500.SH,2026Q1,0.0024864126,1032,AAA,0
688501.SH,2025Q3,0.0015293654,1067,AAA,0
688501.SH,2025Q4,0.0010737624,1093,AAA,0
688501.SH,2026Q1,0.0019579048,1049,AAA,0
688502.SH,2025Q3,0.0009263283,1103,AAA,0
688502.SH,2025Q4,0.0012537463,1081,AAA,0
688502.SH,2026Q1,0.0034503168,1008,AAA,0
688503.SH,2025Q3,0.0011873743,1085,AAA,0
688503.SH,2025Q4,0.00087844365,1107,AAA,0
688503.SH,2026Q1,0.0009162417,1104,AAA,0
688505.SH,2025Q3,0.0026669812,1027,AAA,0
688505.SH,2025Q4,0.004086556,996,AAA,0
688505.SH,2026Q1,0.0010604671,1093,AAA,0
688506.SH,2025Q3,0.0014157951,1073,AAA,0
688506.SH,2025Q4,0.002039669,1046,AAA,0
688506.SH,2026Q1,0.0023454844,1036,AAA,0
688507.SH,2025Q3,0.001583134,1065,AAA,0
688507.SH,2025Q4,0.0009619806,1101,AAA,0
688507.SH,2026Q1,0.005028204,981,AAA,0
688508.SH,2025Q3,0.00075817574,1118,AAA,0
688508.SH,2025Q4,0.00070380274,1123,AAA,0
688508.SH,2026Q1,0.0015468186,1066,AAA,0
688509.SH,2025Q3,0.008902048,939,AAA,0
688509.SH,2025Q4,0.012091428,917,AAA,0
688509.SH,2026Q1,0.027740724,856,AAA,0
688510.SH,2025Q3,0.0015923126,1064,AAA,0
688510.SH,2025Q4,0.0018643609,1053,AAA,0
688510.SH,2026Q1,0.0029642433,1019,AAA,0
688511.SH,2025Q3,0.009461756,935,AAA,0
688511.SH,2025Q4,0.0030744432,1017,AAA,0
688511.SH,2026Q1,0.006168048,966,AAA,0
688512.SH,2025Q3,0.0037582817,1002,AAA,0
688512.SH,2025Q4,0.005248935,978,AAA,0
688512.SH,2026Q1,0.0076879314,950,AAA,0
688513.SH,2025Q3,0.00085077924,1109,AAA,0
688513.SH,2025Q4,0.0008560487,1109,AAA,0
688513.SH,2026Q1,0.00085730007,1109,AAA,0
688515.SH,2025Q3,0.0012478651,1082,AAA,0
688515.SH,2025Q4,0.0013241993,1077,AAA,0
688515.SH,2026Q1,0.001290959,1079,AAA,0
688516.SH,2025Q3,0.0030036562,1018,AAA,0
688516.SH,2025Q4,0.0023263833,1037,AAA,0
688516.SH,2026Q1,0.0023812538,1035,AAA,0
688517.SH,2025Q3,0.0011225583,1089,AAA,0
688517.SH,2025Q4,0.00117365,1086,AAA,0
688517.SH,2026Q1,0.0019462337,1050,AAA,0
688518.SH,2025Q3,0.001138116,1088,AAA,0
688518.SH,2025Q4,0.00091596716,1104,AAA,0
688518.SH,2026Q1,0.0017006408,1059,AAA,0
688519.SH,2025Q3,0.00082626316,1111,AAA,0
688519.SH,2025Q4,0.000745378,1119,AAA,0
688519.SH,2026Q1,0.0013712471,1075,AAA,0
688520.SH,2025Q3,0.04036869,828,AAA,0
688520.SH,2025Q4,0.016084392,896,AAA,0
688520.SH,2026Q1,0.0061618895,966,AAA,0
688521.SH,2025Q3,0.0017858461,1056,AAA,0
688521.SH,2025Q4,0.0029987793,1018,AAA,0
688521.SH,2026Q1,0.0032799356,1012,AAA,0
688522.SH,2025Q3,0.0009236799,1103,AAA,0
688522.SH,2025Q4,0.0007952084,1114,AAA,0
688522.SH,2026Q1,0.0029784557,1019,AAA,0
688523.SH,2025Q3,0.0008032772,1114,AAA,0
688523.SH,2025Q4,0.0020070826,1047,AAA,0
688523.SH,2026Q1,0.0043235896,992,AAA,0
688525.SH,2025Q3,0.0016310838,1062,AAA,0
688525.SH,2025Q4,0.0012320792,1083,AAA,0
688525.SH,2026Q1,0.002074154,1045,AAA,0
688526.SH,2025Q3,0.00081394543,1113,AAA,0
688526.SH,2025Q4,0.00086485746,1108,AAA,0
688526.SH,2026Q1,0.00096878555,1100,AAA,0
688528.SH,2025Q3,0.0060567497,967,AAA,0
688528.SH,2025Q4,0.005124366,980,AAA,0
688528.SH,2026Q1,0.008445826,943,AAA,0
688529.SH,2025Q3,0.0069100983,958,AAA,0
688529.SH,2025Q4,0.0051010377,980,AAA,0
688529.SH,2026Q1,0.005982975,968,AAA,0
688530.SH,2025Q3,0.0018243846,1054,AAA,0
688530.SH,2025Q4,0.0019406473,1050,AAA,0
688530.SH,2026Q1,0.0018777255,1052,AAA,0
688531.SH,2025Q3,0.0006909532,1124,AAA,0
688531.SH,2025Q4,0.00077359943,1116,AAA,0
688531.SH,2026Q1,0.00091768545,1104,AAA,0
688533.SH,2025Q3,0.0010467597,1094,AAA,0
688533.SH,2025Q4,0.001114881,1090,AAA,0
688533.SH,2026Q1,0.00085578446,1109,AAA,0
688535.SH,2025Q3,0.0014652985,1070,AAA,0
688535.SH,2025Q4,0.00079149986,1115,AAA,0
688535.SH,2026Q1,0.0010244854,1096,AAA,0
688536.SH,2025Q3,0.0012900776,1079,AAA,0
688536.SH,2025Q4,0.0010888283,1092,AAA,0
688536.SH,2026Q1,0.0011124309,1090,AAA,0
688538.SH,2025Q3,0.021682283,874,AAA,0
688538.SH,2025Q4,0.017403325,890,AAA,0
688538.SH,2026Q1,0.025807241,861,AAA,0
688539.SH,2025Q3,0.0008656798,1108,AAA,0
688539.SH,2025Q4,0.00087715144,1107,AAA,0
688539.SH,2026Q1,0.004619279,987,AAA,0
688543.SH,2025Q3,0.00078507507,1115,AAA,0
688543.SH,2025Q4,0.00083149964,1111,AAA,0
688543.SH,2026Q1,0.002473781,1032,AAA,0
688545.SH,2025Q3,0.00088828814,1106,AAA,0
688545.SH,2025Q4,0.00084433577,1110,AAA,0
688545.SH,2026Q1,0.000923914,1103,AAA,0
688548.SH,2025Q3,0.0015572024,1066,AAA,0
688548.SH,2025Q4,0.0023392455,1036,AAA,0
688548.SH,2026Q1,0.013434238,909,AAA,0
688549.SH,2025Q3,0.0030785247,1016,AAA,0
688549.SH,2025Q4,0.0047532953,985,AAA,0
688549.SH,2026Q1,0.0077804253,949,AAA,0
688550.SH,2025Q3,0.001067614,1093,AAA,0
688550.SH,2025Q4,0.0011488589,1088,AAA,0
688550.SH,2026Q1,0.0013089216,1078,AAA,0
688551.SH,2025Q3,0.00088890066,1106,AAA,0
688551.SH,2025Q4,0.000703076,1123,AAA,0
688551.SH,2026Q1,0.0020623382,1045,AAA,0
688552.SH,2025Q3,0.0016964637,1060,AAA,0
688552.SH,2025Q4,0.003563958,1006,AAA,0
688552.SH,2026Q1,0.032877482,843,AAA,0
688553.SH,2025Q3,0.0015676998,1065,AAA,0
688553.SH,2025Q4,0.0019728201,1049,AAA,0
688553.SH,2026Q1,0.0016125415,1063,AAA,0
688556.SH,2025Q3,0.0029371837,1020,AAA,0
688556.SH,2025Q4,0.0028659878,1022,AAA,0
688556.SH,2026Q1,0.004044843,997,AAA,0
688557.SH,2025Q3,0.0007569246,1118,AAA,0
688557.SH,2025Q4,0.0008930919,1106,AAA,0
688557.SH,2026Q1,0.0020440659,1046,AAA,0
688558.SH,2025Q3,0.0008693865,1108,AAA,0
688558.SH,2025Q4,0.00074062176,1119,AAA,0
688558.SH,2026Q1,0.0008398464,1110,AAA,0
688559.SH,2025Q3,0.0030410618,1017,AAA,0
688559.SH,2025Q4,0.0040182336,997,AAA,0
688559.SH,2026Q1,0.0041953297,994,AAA,0
688560.SH,2025Q3,0.0014630683,1070,AAA,0
688560.SH,2025Q4,0.0015129354,1068,AAA,0
688560.SH,2026Q1,0.0016591357,1061,AAA,0
688561.SH,2025Q3,0.0050177206,981,AAA,0
688561.SH,2025Q4,0.0022169636,1040,AAA,0
688561.SH,2026Q1,0.0023596461,1036,AAA,0
688562.SH,2025Q3,0.004902162,983,AAA,0
688562.SH,2025Q4,0.003060552,1017,AAA,0
688562.SH,2026Q1,0.017487718,890,AAA,0
688563.SH,2025Q3,0.0018002327,1055,AAA,0
688563.SH,2025Q4,0.001142128,1088,AAA,0
688563.SH,2026Q1,0.0015566124,1066,AAA,0
688565.SH,2025Q3,0.0031914301,1014,AAA,0
688565.SH,2025Q4,0.005435124,975,AAA,0
688565.SH,2026Q1,0.009256659,937,AAA,0
688566.SH,2025Q3,0.0010463807,1094,AAA,0
688566.SH,2025Q4,0.0010282183,1096,AAA,0
688566.SH,2026Q1,0.0010083652,1097,AAA,0
688567.SH,2025Q3,0.0016179704,1063,AAA,0
688567.SH,2025Q4,0.0031036055,1016,AAA,0
688567.SH,2026Q1,0.0024980106,1032,AAA,0
688568.SH,2025Q3,0.0013683419,1075,AAA,0
688568.SH,2025Q4,0.0017200902,1059,AAA,0
688568.SH,2026Q1,0.010939365,924,AAA,0
688569.SH,2025Q3,0.0012901593,1079,AAA,0
688569.SH,2025Q4,0.0013523857,1076,AAA,0
688569.SH,2026Q1,0.0018767294,1052,AAA,0
688570.SH,2025Q3,0.0020928264,1044,AAA,0
688570.SH,2025Q4,0.0021156098,1044,AAA,0
688570.SH,2026Q1,0.003913398,999,AAA,0
688571.SH,2025Q3,0.0011256229,1089,AAA,0
688571.SH,2025Q4,0.001035177,1095,AAA,0
688571.SH,2026Q1,0.0011782012,1086,AAA,0
688573.SH,2025Q3,0.007816077,949,AAA,0
688573.SH,2025Q4,0.0048074136,984,AAA,0
688573.SH,2026Q1,0.0046045254,987,AAA,0
688575.SH,2025Q3,0.0015042524,1068,AAA,0
688575.SH,2025Q4,0.0021345294,1043,AAA,0
688575.SH,2026Q1,0.004118831,995,AAA,0
688576.SH,2025Q3,0.00095897133,1101,AAA,0
688576.SH,2025Q4,0.0017613985,1057,AAA,0
688576.SH,2026Q1,0.0008418008,1110,AAA,0
688577.SH,2025Q3,0.0013081969,1078,AAA,0
688577.SH,2025Q4,0.0011146527,1090,AAA,0
688577.SH,2026Q1,0.0036228178,1005,AAA,0
688578.SH,2025Q3,0.0011084044,1090,AAA,0
688578.SH,2025Q4,0.001104242,1091,AAA,0
688578.SH,2026Q1,0.0008784282,1107,AAA,0
688579.SH,2025Q3,0.003656751,1004,AAA,0
688579.SH,2025Q4,0.0041684113,995,AAA,0
688579.SH,2026Q1,0.029094994,853,AAA,0
688580.SH,2025Q3,0.0009645467,1100,AAA,0
688580.SH,2025Q4,0.0010144105,1097,AAA,0
688580.SH,2026Q1,0.0014181451,1072,AAA,0
688581.SH,2025Q3,0.0007595425,1118,AAA,0
688581.SH,2025Q4,0.0010698029,1093,AAA,0
688581.SH,2026Q1,0.001143844,1088,AAA,0
688582.SH,2025Q3,0.0013948007,1074,AAA,0
688582.SH,2025Q4,0.0016260342,1063,AAA,0
688582.SH,2026Q1,0.00557062,973,AAA,0
688583.SH,2025Q3,0.00082231656,1112,AAA,0
688583.SH,2025Q4,0.0008684438,1108,AAA,0
688583.SH,2026Q1,0.0036848653,1003,AAA,0
688584.SH,2025Q3,0.0010554519,1094,AAA,0
688584.SH,2025Q4,0.0013257898,1077,AAA,0
688584.SH,2026Q1,0.0021376824,1043,AAA,0
688585.SH,2025Q3,0.002015417,1047,AAA,0
688585.SH,2025Q4,0.0017190671,1059,AAA,0
688585.SH,2026Q1,0.0021748398,1042,AAA,0
688586.SH,2025Q3,0.0051708478,979,AAA,0
688586.SH,2025Q4,0.0050856774,980,AAA,0
688586.SH,2026Q1,0.0051408694,979,AAA,0
688588.SH,2025Q3,0.00170007,1059,AAA,0
688588.SH,2025Q4,0.0024317538,1034,AAA,0
688588.SH,2026Q1,0.010271496,929,AAA,0
688589.SH,2025Q3,0.001713912,1059,AAA,0
688589.SH,2025Q4,0.004105632,996,AAA,0
688589.SH,2026Q1,0.0076016095,951,AAA,0
688590.SH,2025Q3,0.0028390908,1022,AAA,0
688590.SH,2025Q4,0.0051889694,979,AAA,0
688590.SH,2026Q1,0.02057136,878,AAA,0
688591.SH,2025Q3,0.00069155794,1124,AAA,0
688591.SH,2025Q4,0.00076235563,1117,AAA,0
688591.SH,2026Q1,0.0016059063,1064,AAA,0
688592.SH,2025Q3,0.0033918344,1009,AAA,0
688592.SH,2025Q4,0.0020429592,1046,AAA,0
688592.SH,2026Q1,0.0020709224,1045,AAA,0
688593.SH,2025Q3,0.0018651738,1053,AAA,0
688593.SH,2025Q4,0.0032038765,1014,AAA,0
688593.SH,2026Q1,0.0065714396,962,AAA,0
688595.SH,2025Q3,0.0013474809,1076,AAA,0
688595.SH,2025Q4,0.002717703,1025,AAA,0
688595.SH,2026Q1,0.0019403767,1050,AAA,0
688596.SH,2025Q3,0.0032353464,1013,AAA,0
688596.SH,2025Q4,0.0033732697,1010,AAA,0
688596.SH,2026Q1,0.0035692842,1006,AAA,0
688597.SH,2025Q3,0.0021732417,1042,AAA,0
688597.SH,2025Q4,0.0029035278,1021,AAA,0
688597.SH,2026Q1,0.006906693,958,AAA,0
688598.SH,2025Q3,0.0026312473,1028,AAA,0
688598.SH,2025Q4,0.0033436646,1010,AAA,0
688598.SH,2026Q1,0.00471071,986,AAA,0
688599.SH,2025Q3,0.0011127319,1090,AAA,0
688599.SH,2025Q4,0.0011784239,1086,AAA,0
688599.SH,2026Q1,0.0033211901,1011,AAA,0
688600.SH,2025Q3,0.0015970963,1064,AAA,0
688600.SH,2025Q4,0.001126156,1089,AAA,0
688600.SH,2026Q1,0.0023877772,1035,AAA,0
688601.SH,2025Q3,0.0014518566,1071,AAA,0
688601.SH,2025Q4,0.0014747236,1070,AAA,0
688601.SH,2026Q1,0.0014405649,1071,AAA,0
688602.SH,2025Q3,0.0046916474,986,AAA,0
688602.SH,2025Q4,0.0056401244,973,AAA,0
688602.SH,2026Q1,0.0064137927,963,AAA,0
688603.SH,2025Q3,0.0011127568,1090,AAA,0
688603.SH,2025Q4,0.0015430945,1066,AAA,0
688603.SH,2026Q1,0.001066637,1093,AAA,0
688605.SH,2025Q3,0.0011992959,1085,AAA,0
688605.SH,2025Q4,0.000918212,1104,AAA,0
688605.SH,2026Q1,0.0011188649,1090,AAA,0
688606.SH,2025Q3,0.00096847414,1100,AAA,0
688606.SH,2025Q4,0.00095487636,1101,AAA,0
688606.SH,2026Q1,0.0021495803,1042,AAA,0
688607.SH,2025Q3,0.0018666347,1053,AAA,0
688607.SH,2025Q4,0.0015505037,1066,AAA,0
688607.SH,2026Q1,0.0016844557,1060,AAA,0
688608.SH,2025Q3,0.00071759504,1122,AAA,0
688608.SH,2025Q4,0.000786566,1115,AAA,0
688608.SH,2026Q1,0.0010538338,1094,AAA,0
688609.SH,2025Q3,0.02320078,869,AAA,0
688609.SH,2025Q4,0.034178153,841,AAA,0
688609.SH,2026Q1,0.0087339375,941,AAA,0
688610.SH,2025Q3,0.0009470093,1102,AAA,0
688610.SH,2025Q4,0.00079781713,1114,AAA,0
688610.SH,2026Q1,0.0016318673,1062,AAA,0
688611.SH,2025Q3,0.0017704985,1056,AAA,0
688611.SH,2025Q4,0.002302094,1037,AAA,0
688611.SH,2026Q1,0.0030090972,1018,AAA,0
688612.SH,2025Q3,0.00095360575,1101,AAA,0
688612.SH,2025Q4,0.0009271955,1103,AAA,0
688612.SH,2026Q1,0.0009911484,1098,AAA,0
688613.SH,2025Q3,0.0012441007,1082,AAA,0
688613.SH,2025Q4,0.001598894,1064,AAA,0
688613.SH,2026Q1,0.0030589055,1017,AAA,0
688615.SH,2025Q3,0.0008590667,1109,AAA,0
688615.SH,2025Q4,0.00092055305,1104,AAA,0
688615.SH,2026Q1,0.0011962468,1085,AAA,0
688616.SH,2025Q3,0.001683372,1060,AAA,0
688616.SH,2025Q4,0.0016320562,1062,AAA,0
688616.SH,2026Q1,0.0017929683,1056,AAA,0
688617.SH,2025Q3,0.0011063425,1090,AAA,0
688617.SH,2025Q4,0.0018797616,1052,AAA,0
688617.SH,2026Q1,0.0014053917,1073,AAA,0
688618.SH,2025Q3,0.00084546127,1110,AAA,0
688618.SH,2025Q4,0.0013706608,1075,AAA,0
688618.SH,2026Q1,0.0034598291,1008,AAA,0
688619.SH,2025Q3,0.0055509117,974,AAA,0
688619.SH,2025Q4,0.014875817,902,AAA,0
688619.SH,2026Q1,0.025680374,862,AAA,0
688620.SH,2025Q3,0.07880146,777,AAA,0
688620.SH,2025Q4,0.033465717,842,AAA,0
688620.SH,2026Q1,0.0020172996,1047,AAA,0
688621.SH,2025Q3,0.0007387337,1120,AAA,0
688621.SH,2025Q4,0.00076351967,1117,AAA,0
688621.SH,2026Q1,0.0019703102,1049,AAA,0
688622.SH,2025Q3,0.007855031,949,AAA,0
688622.SH,2025Q4,0.009340982,936,AAA,0
688622.SH,2026Q1,0.11013795,750,AAA,0
688623.SH,2025Q3,0.0014734454,1070,AAA,0
688623.SH,2025Q4,0.002026818,1047,AAA,0
688623.SH,2026Q1,0.0016133562,1063,AAA,0
688625.SH,2025Q3,0.0011259763,1089,AAA,0
688625.SH,2025Q4,0.0030310408,1018,AAA,0
688625.SH,2026Q1,0.0019910366,1048,AAA,0
688626.SH,2025Q3,0.0011377145,1088,AAA,0
688626.SH,2025Q4,0.0013288738,1077,AAA,0
688626.SH,2026Q1,0.0010234441,1096,AAA,0
688627.SH,2025Q3,0.00078632473,1115,AAA,0
688627.SH,2025Q4,0.00073829666,1120,AAA,0
688627.SH,2026Q1,0.0035383971,1006,AAA,0
688628.SH,2025Q3,0.0007916341,1115,AAA,0
688628.SH,2025Q4,0.0012951277,1079,AAA,0
688628.SH,2026Q1,0.001599136,1064,AAA,0
688629.SH,2025Q3,0.002252684,1039,AAA,0
688629.SH,2025Q4,0.0021415101,1043,AAA,0
688629.SH,2026Q1,0.0013145036,1078,AAA,0
688630.SH,2025Q3,0.00071381335,1122,AAA,0
688630.SH,2025Q4,0.00074856245,1119,AAA,0
688630.SH,2026Q1,0.00076718564,1117,AAA,0
688631.SH,2025Q3,0.0012676133,1081,AAA,0
688631.SH,2025Q4,0.0021369695,1043,AAA,0
688631.SH,2026Q1,0.0018887977,1052,AAA,0
688633.SH,2025Q3,0.005938274,969,AAA,0
688633.SH,2025Q4,0.0030565478,1017,AAA,0
688633.SH,2026Q1,0.0012345851,1082,AAA,0
688636.SH,2025Q3,0.0019621965,1049,AAA,0
688636.SH,2025Q4,0.0011134779,1090,AAA,0
688636.SH,2026Q1,0.0013574291,1076,AAA,0
688638.SH,2025Q3,0.0012355896,1082,AAA,0
688638.SH,2025Q4,0.001279987,1080,AAA,0
688638.SH,2026Q1,0.0012899173,1079,AAA,0
688639.SH,2025Q3,0.00080678024,1113,AAA,0
688639.SH,2025Q4,0.0015643887,1065,AAA,0
688639.SH,2026Q1,0.0011285885,1089,AAA,0
688646.SH,2025Q3,0.0023800964,1035,AAA,0
688646.SH,2025Q4,0.0019941214,1048,AAA,0
688646.SH,2026Q1,0.01891585,884,AAA,0
688648.SH,2025Q3,0.003005533,1018,AAA,0
688648.SH,2025Q4,0.0024809653,1032,AAA,0
688648.SH,2026Q1,0.0012137336,1084,AAA,0
688651.SH,2025Q3,0.0056814067,972,AAA,0
688651.SH,2025Q4,0.002522403,1031,AAA,0
688651.SH,2026Q1,0.0025886477,1029,AAA,0
688652.SH,2025Q3,0.0006748877,1126,AAA,0
688652.SH,2025Q4,0.00090891914,1105,AAA,0
688652.SH,2026Q1,0.00086808647,1108,AAA,0
688653.SH,2025Q3,0.0035064714,1007,AAA,0
688653.SH,2025Q4,0.0048916666,983,AAA,0
688653.SH,2026Q1,0.00469377,986,AAA,0
688655.SH,2025Q3,0.0032403036,1013,AAA,0
688655.SH,2025Q4,0.002754608,1024,AAA,0
688655.SH,2026Q1,0.003232798,1013,AAA,0
688656.SH,2025Q3,0.0011165034,1090,AAA,0
688656.SH,2025Q4,0.0011646637,1087,AAA,0
688656.SH,2026Q1,0.002205028,1041,AAA,0
688657.SH,2025Q3,0.00109568,1091,AAA,0
688657.SH,2025Q4,0.00108812,1092,AAA,0
688657.SH,2026Q1,0.0019658923,1049,AAA,0
688658.SH,2025Q3,0.0018573091,1053,AAA,0
688658.SH,2025Q4,0.0022301716,1040,AAA,0
688658.SH,2026Q1,0.002299922,1038,AAA,0
688659.SH,2025Q3,0.0063258307,964,AAA,0
688659.SH,2025Q4,0.0032311713,1013,AAA,0
688659.SH,2026Q1,0.004730259,985,AAA,0
688660.SH,2025Q3,0.02214915,873,AAA,0
688660.SH,2025Q4,0.015368473,900,AAA,0
688660.SH,2026Q1,0.023574065,868,AAA,0
688661.SH,2025Q3,0.0037305271,1003,AAA,0
688661.SH,2025Q4,0.0022104818,1040,AAA,0
688661.SH,2026Q1,0.0023327698,1037,AAA,0
688662.SH,2025Q3,0.0010444601,1095,AAA,0
688662.SH,2025Q4,0.0009790452,1099,AAA,0
688662.SH,2026Q1,0.0010001975,1098,AAA,0
688663.SH,2025Q3,0.00093546696,1103,AAA,0
688663.SH,2025Q4,0.0010529176,1094,AAA,0
688663.SH,2026Q1,0.0025198392,1031,AAA,0
688665.SH,2025Q3,0.00080631796,1113,AAA,0
688665.SH,2025Q4,0.0007618226,1117,AAA,0
688665.SH,2026Q1,0.0008121321,1113,AAA,0
688667.SH,2025Q3,0.0042792996,993,AAA,0
688667.SH,2025Q4,0.0010810035,1092,AAA,0
688667.SH,2026Q1,0.0010178336,1096,AAA,0
688668.SH,2025Q3,0.0012435563,1082,AAA,0
688668.SH,2025Q4,0.0010201077,1096,AAA,0
688668.SH,2026Q1,0.0008012407,1114,AAA,0
688669.SH,2025Q3,0.013314876,910,AAA,0
688669.SH,2025Q4,0.0069736815,957,AAA,0
688669.SH,2026Q1,0.014315928,905,AAA,0
688670.SH,2025Q3,0.0026705284,1027,AAA,0
688670.SH,2025Q4,0.0036247787,1005,AAA,0
688670.SH,2026Q1,0.004794487,984,AAA,0
688671.SH,2025Q3,0.0018061848,1055,AAA,0
688671.SH,2025Q4,0.0041359332,995,AAA,0
688671.SH,2026Q1,0.001971309,1049,AAA,0
688676.SH,2025Q3,0.0008230903,1112,AAA,0
688676.SH,2025Q4,0.00080955646,1113,AAA,0
688676.SH,2026Q1,0.00076946965,1117,AAA,0
688677.SH,2025Q3,0.00067771494,1126,AAA,0
688677.SH,2025Q4,0.0006749758,1126,AAA,0
688677.SH,2026Q1,0.0008847623,1107,AAA,0
688678.SH,2025Q3,0.0022062769,1041,AAA,0
688678.SH,2025Q4,0.0012998614,1079,AAA,0
688678.SH,2026Q1,0.0012146431,1084,AAA,0
688679.SH,2025Q3,0.0033412487,1011,AAA,0
688679.SH,2025Q4,0.0058433227,970,AAA,0
688679.SH,2026Q1,0.004665238,986,AAA,0
688680.SH,2025Q3,0.0020808338,1045,AAA,0
688680.SH,2025Q4,0.0022837005,1038,AAA,0
688680.SH,2026Q1,0.0014702156,1070,AAA,0
688681.SH,2025Q3,0.0010157112,1097,AAA,0
688681.SH,2025Q4,0.0008917306,1106,AAA,0
688681.SH,2026Q1,0.0015191619,1068,AAA,0
688682.SH,2025Q3,0.0018634072,1053,AAA,0
688682.SH,2025Q4,0.0045226617,989,AAA,0
688682.SH,2026Q1,0.002350322,1036,AAA,0
688683.SH,2025Q3,0.001114184,1090,AAA,0
688683.SH,2025Q4,0.0008296738,1111,AAA,0
688683.SH,2026Q1,0.00087186974,1108,AAA,0
688685.SH,2025Q3,0.0030152719,1018,AAA,0
688685.SH,2025Q4,0.003172185,1014,AAA,0
688685.SH,2026Q1,0.008766193,941,AAA,0
688686.SH,2025Q3,0.0006611865,1128,AAA,0
688686.SH,2025Q4,0.0006459428,1129,AAA,0
688686.SH,2026Q1,0.0008346376,1111,AAA,0
688687.SH,2025Q3,0.00082322955,1112,AAA,0
688687.SH,2025Q4,0.0011610365,1087,AAA,0
688687.SH,2026Q1,0.0017141153,1059,AAA,0
688689.SH,2025Q3,0.0028173982,1023,AAA,0
688689.SH,2025Q4,0.0025042384,1031,AAA,0
688689.SH,2026Q1,0.0031278252,1015,AAA,0
688690.SH,2025Q3,0.0023855497,1035,AAA,0
688690.SH,2025Q4,0.0014875067,1069,AAA,0
688690.SH,2026Q1,0.0021111912,1044,AAA,0
688691.SH,2025Q3,0.0026702986,1027,AAA,0
688691.SH,2025Q4,0.0025820963,1029,AAA,0
688691.SH,2026Q1,0.0020424966,1046,AAA,0
688692.SH,2025Q3,0.0007453372,1119,AAA,0
688692.SH,2025Q4,0.0010070656,1097,AAA,0
688692.SH,2026Q1,0.0010225328,1096,AAA,0
688693.SH,2025Q3,0.00157957,1065,AAA,0
688693.SH,2025Q4,0.001528895,1067,AAA,0
688693.SH,2026Q1,0.0015992223,1064,AAA,0
688695.SH,2025Q3,0.002378755,1035,AAA,0
688695.SH,2025Q4,0.003469546,1008,AAA,0
688695.SH,2026Q1,0.0036660384,1004,AAA,0
688696.SH,2025Q3,0.0028285794,1023,AAA,0
688696.SH,2025Q4,0.00091511226,1104,AAA,0
688696.SH,2026Q1,0.00088899635,1106,AAA,0
688697.SH,2025Q3,0.003045962,1017,AAA,0
688697.SH,2025Q4,0.0010787037,1092,AAA,0
688697.SH,2026Q1,0.0019211073,1051,AAA,0
688698.SH,2025Q3,0.0007925376,1115,AAA,0
688698.SH,2025Q4,0.0006981269,1124,AAA,0
688698.SH,2026Q1,0.0008536335,1109,AAA,0
688699.SH,2025Q3,0.0017818384,1056,AAA,0
688699.SH,2025Q4,0.0024423932,1033,AAA,0
688699.SH,2026Q1,0.0020437273,1046,AAA,0
688700.SH,2025Q3,0.0012759762,1080,AAA,0
688700.SH,2025Q4,0.0012540814,1081,AAA,0
688700.SH,2026Q1,0.0015994476,1064,AAA,0
688701.SH,2025Q3,0.014402242,904,AAA,0
688701.SH,2025Q4,0.012557165,914,AAA,0
688701.SH,2026Q1,0.016544493,894,AAA,0
688702.SH,2025Q3,0.0012263416,1083,AAA,0
688702.SH,2025Q4,0.0016117778,1063,AAA,0
688702.SH,2026Q1,0.0014310721,1072,AAA,0
688707.SH,2025Q3,0.0020415492,1046,AAA,0
688707.SH,2025Q4,0.0018780277,1052,AAA,0
688707.SH,2026Q1,0.0028613447,1022,AAA,0
688708.SH,2025Q3,0.0019019725,1051,AAA,0
688708.SH,2025Q4,0.001279701,1080,AAA,0
688708.SH,2026Q1,0.0031364486,1015,AAA,0
688709.SH,2025Q3,0.0015100836,1068,AAA,0
688709.SH,2025Q4,0.0025318048,1031,AAA,0
688709.SH,2026Q1,0.0048921327,983,AAA,0
688710.SH,2025Q3,0.0015820453,1065,AAA,0
688710.SH,2025Q4,0.0031056039,1016,AAA,0
688710.SH,2026Q1,0.0009624491,1100,AAA,0
688711.SH,2025Q3,0.0033827655,1010,AAA,0
688711.SH,2025Q4,0.0026113195,1028,AAA,0
688711.SH,2026Q1,0.0030842067,1016,AAA,0
688712.SH,2025Q3,0.0019657323,1049,AAA,0
688712.SH,2025Q4,0.0018178914,1055,AAA,0
688712.SH,2026Q1,0.0013521024,1076,AAA,0
688716.SH,2025Q3,0.0033741565,1010,AAA,0
688716.SH,2025Q4,0.0031811118,1014,AAA,0
688716.SH,2026Q1,0.0061596967,966,AAA,0
688717.SH,2025Q3,0.0007631625,1117,AAA,0
688717.SH,2025Q4,0.0010539818,1094,AAA,0
688717.SH,2026Q1,0.0011130107,1090,AAA,0
688718.SH,2025Q3,0.0014914044,1069,AAA,0
688718.SH,2025Q4,0.001955491,1049,AAA,0
688718.SH,2026Q1,0.0026276456,1028,AAA,0
688719.SH,2025Q3,0.0015387074,1067,AAA,0
688719.SH,2025Q4,0.0015403787,1067,AAA,0
688719.SH,2026Q1,0.0012260649,1083,AAA,0
688720.SH,2025Q3,0.00086048525,1109,AAA,0
688720.SH,2025Q4,0.0009333027,1103,AAA,0
688720.SH,2026Q1,0.00089806,1105,AAA,0
688721.SH,2025Q3,0.0010029576,1098,AAA,0
688721.SH,2025Q4,0.0009182828,1104,AAA,0
688721.SH,2026Q1,0.001312952,1078,AAA,0
688722.SH,2025Q3,0.0014712778,1070,AAA,0
688722.SH,2025Q4,0.0012838971,1080,AAA,0
688722.SH,2026Q1,0.0020382798,1046,AAA,0
688726.SH,2025Q3,0.0010596542,1094,AAA,0
688726.SH,2025Q4,0.0011824899,1086,AAA,0
688726.SH,2026Q1,0.0023814929,1035,AAA,0
688727.SH,2025Q3,0.0010325758,1095,AAA,0
688727.SH,2025Q4,0.001017107,1096,AAA,0
688727.SH,2026Q1,0.001902792,1051,AAA,0
688728.SH,2025Q3,0.001733618,1058,AAA,0
688728.SH,2025Q4,0.0015902315,1064,AAA,0
688728.SH,2026Q1,0.0019447579,1050,AAA,0
688729.SH,2025Q3,0.0013810641,1074,AAA,0
688729.SH,2025Q4,0.0024424281,1033,AAA,0
688729.SH,2026Q1,0.003158579,1015,AAA,0
688733.SH,2025Q3,0.002788617,1024,AAA,0
688733.SH,2025Q4,0.003332064,1011,AAA,0
688733.SH,2026Q1,0.005581275,973,AAA,0
688737.SH,2025Q3,0.0012738464,1080,AAA,0
688737.SH,2025Q4,0.0010284045,1096,AAA,0
688737.SH,2026Q1,0.0012368744,1082,AAA,0
688739.SH,2025Q3,0.0012501243,1082,AAA,0
688739.SH,2025Q4,0.0024441192,1033,AAA,0
688739.SH,2026Q1,0.0046232645,987,AAA,0
688750.SH,2025Q3,0.0018041193,1055,AAA,0
688750.SH,2025Q4,0.0024653054,1033,AAA,0
688750.SH,2026Q1,0.0020851684,1045,AAA,0
688755.SH,2025Q3,0.00084889407,1110,AAA,0
688755.SH,2025Q4,0.0007786338,1116,AAA,0
688755.SH,2026Q1,0.00084640156,1110,AAA,0
688757.SH,2025Q3,0.0017611226,1057,AAA,0
688757.SH,2025Q4,0.00212324,1043,AAA,0
688757.SH,2026Q1,0.0019990802,1048,AAA,0
688758.SH,2025Q3,0.0021023212,1044,AAA,0
688758.SH,2025Q4,0.0026121107,1028,AAA,0
688758.SH,2026Q1,0.003227233,1013,AAA,0
688759.SH,2025Q3,0.01109884,923,AAA,0
688759.SH,2025Q4,0.0032516597,1012,AAA,0
688759.SH,2026Q1,0.007250621,954,AAA,0
688765.SH,2025Q3,0.0039512143,998,AAA,0
688765.SH,2025Q4,0.003582135,1005,AAA,0
688765.SH,2026Q1,0.0050746314,980,AAA,0
688766.SH,2025Q3,0.0009087568,1105,AAA,0
688766.SH,2025Q4,0.00071143406,1122,AAA,0
688766.SH,2026Q1,0.0011054476,1090,AAA,0
688767.SH,2025Q3,0.0031636218,1014,AAA,0
688767.SH,2025Q4,0.0032815945,1012,AAA,0
688767.SH,2026Q1,0.0050055017,981,AAA,0
688768.SH,2025Q3,0.0013232519,1077,AAA,0
688768.SH,2025Q4,0.0007239163,1121,AAA,0
688768.SH,2026Q1,0.0015158644,1068,AAA,0
688772.SH,2025Q3,0.001197177,1085,AAA,0
688772.SH,2025Q4,0.001206969,1084,AAA,0
688772.SH,2026Q1,0.0022474944,1039,AAA,0
688775.SH,2025Q3,0.0007811282,1116,AAA,0
688775.SH,2025Q4,0.0008363461,1111,AAA,0
688775.SH,2026Q1,0.0049576466,982,AAA,0
688776.SH,2025Q3,0.0034315293,1009,AAA,0
688776.SH,2025Q4,0.0022695647,1039,AAA,0
688776.SH,2026Q1,0.0059284833,969,AAA,0
688777.SH,2025Q3,0.00088788406,1106,AAA,0
688777.SH,2025Q4,0.0019659484,1049,AAA,0
688777.SH,2026Q1,0.0017102625,1059,AAA,0
688778.SH,2025Q3,0.0007253647,1121,AAA,0
688778.SH,2025Q4,0.00075020496,1118,AAA,0
688778.SH,2026Q1,0.0009798971,1099,AAA,0
688779.SH,2025Q3,0.00520369,978,AAA,0
688779.SH,2025Q4,0.0026657674,1027,AAA,0
688779.SH,2026Q1,0.003561531,1006,AAA,0
688781.SH,2025Q3,0.0007653065,1117,AAA,0
688781.SH,2025Q4,0.0020741718,1045,AAA,0
688781.SH,2026Q1,0.0018717465,1052,AAA,0
688783.SH,2025Q3,0.0018599684,1053,AAA,0
688783.SH,2025Q4,0.00165765,1061,AAA,0
688783.SH,2026Q1,0.0098088905,932,AAA,0
688785.SH,2025Q3,0.0007139096,1122,AAA,0
688785.SH,2025Q4,0.00080496026,1113,AAA,0
688785.SH,2026Q1,0.0010562325,1094,AAA,0
688786.SH,2025Q3,0.0016481793,1062,AAA,0
688786.SH,2025Q4,0.0013736979,1075,AAA,0
688786.SH,2026Q1,0.0016261883,1063,AAA,0
688787.SH,2025Q3,0.0017717521,1056,AAA,0
688787.SH,2025Q4,0.0010312559,1095,AAA,0
688787.SH,2026Q1,0.0017637567,1057,AAA,0
688788.SH,2025Q3,0.0021829377,1041,AAA,0
688788.SH,2025Q4,0.0021280341,1043,AAA,0
688788.SH,2026Q1,0.0059631513,969,AAA,0
688789.SH,2025Q3,0.00070848106,1123,AAA,0
688789.SH,2025Q4,0.000863835,1108,AAA,0
688789.SH,2026Q1,0.0037247224,1003,AAA,0
688790.SH,2025Q3,0.0011657353,1087,AAA,0
688790.SH,2025Q4,0.0011390347,1088,AAA,0
688790.SH,2026Q1,0.001529755,1067,AAA,0
688793.SH,2025Q3,0.008815704,940,AAA,0
688793.SH,2025Q4,0.036468912,836,AAA,0
688793.SH,2026Q1,0.01333468,910,AAA,0
688795.SH,2025Q3,0.0017117343,1059,AAA,0
688795.SH,2025Q4,0.0012801735,1080,AAA,0
688795.SH,2026Q1,0.0014920279,1069,AAA,0
688796.SH,2025Q3,0.0025812553,1029,AAA,0
688796.SH,2025Q4,0.0017648822,1057,AAA,0
688796.SH,2026Q1,0.0025087309,1031,AAA,0
688798.SH,2025Q3,0.0007753186,1116,AAA,0
688798.SH,2025Q4,0.00076700875,1117,AAA,0
688798.SH,2026Q1,0.00088299747,1107,AAA,0
688799.SH,2025Q3,0.00072319777,1121,AAA,0
688799.SH,2025Q4,0.0007732785,1116,AAA,0
688799.SH,2026Q1,0.00090442476,1105,AAA,0
688800.SH,2025Q3,0.00096083607,1101,AAA,0
688800.SH,2025Q4,0.0008061063,1113,AAA,0
688800.SH,2026Q1,0.00090856326,1105,AAA,0
688802.SH,2025Q3,0.0011931384,1085,AAA,0
688802.SH,2025Q4,0.0014120861,1073,AAA,0
688802.SH,2026Q1,0.0019774335,1048,AAA,0
688805.SH,2025Q3,0.0008366119,1111,AAA,0
688805.SH,2025Q4,0.00072096614,1121,AAA,0
688805.SH,2026Q1,0.0011172881,1090,AAA,0
688807.SH,2025Q3,0.0008337199,1111,AAA,0
688807.SH,2025Q4,0.00068093225,1125,AAA,0
688807.SH,2026Q1,0.0012273005,1083,AAA,0
688808.SH,2025Q3,0.0011887074,1085,AAA,0
688808.SH,2025Q4,0.0012970706,1079,AAA,0
688808.SH,2026Q1,0.0007126008,1122,AAA,0
688809.SH,2025Q3,0.0013917582,1074,AAA,0
688809.SH,2025Q4,0.0011147854,1090,AAA,0
688809.SH,2026Q1,0.0011903482,1085,AAA,0
688811.SH,2025Q3,0.0008641844,1108,AAA,0
688811.SH,2025Q4,0.0008761799,1107,AAA,0
688811.SH,2026Q1,0.0024448622,1033,AAA,0
688813.SH,2025Q3,0.0012116255,1084,AAA,0
688813.SH,2025Q4,0.001329679,1077,AAA,0
688813.SH,2026Q1,0.00071750855,1122,AAA,0
688816.SH,2025Q3,0.0020831155,1045,AAA,0
688816.SH,2025Q4,0.00063127326,1131,AAA,0
688816.SH,2026Q1,0.0026778996,1027,AAA,0
688818.SH,2025Q3,0.0014366098,1072,AAA,0
688818.SH,2025Q4,0.0009461976,1102,AAA,0
688818.SH,2026Q1,0.0013113873,1078,AAA,0
688819.SH,2025Q3,0.00087681715,1107,AAA,0
688819.SH,2025Q4,0.0010390234,1095,AAA,0
688819.SH,2026Q1,0.00169663,1060,AAA,0
688820.SH,2025Q4,0.001783442,1056,AAA,0
688820.SH,2026Q1,0.0013794801,1074,AAA,0
688981.SH,2025Q3,0.00090575934,1105,AAA,0
688981.SH,2025Q4,0.0008478848,1110,AAA,0
688981.SH,2026Q1,0.0011919122,1085,AAA,0
689009.SH,2025Q3,0.00091609673,1104,AAA,0
689009.SH,2025Q4,0.00091898174,1104,AAA,0
689009.SH,2026Q1,0.0027118216,1026,AAA,0
920000.BJ,2025Q3,0.00086627854,1108,AAA,0
920000.BJ,2025Q4,0.0008047336,1113,AAA,0
920000.BJ,2026Q1,0.0008129784,1113,AAA,0
920001.BJ,2025Q3,0.0012689886,1081,AAA,0
920001.BJ,2025Q4,0.00200536,1047,AAA,0
920001.BJ,2026Q1,0.002394577,1035,AAA,0
920002.BJ,2025Q3,0.0007071542,1123,AAA,0
920002.BJ,2025Q4,0.0007167971,1122,AAA,0
920002.BJ,2026Q1,0.00081777194,1112,AAA,0
920003.BJ,2025Q4,0.00086979993,1108,AAA,0
920003.BJ,2026Q1,0.0011642001,1087,AAA,0
920005.BJ,2025Q3,0.0007977047,1114,AAA,0
920005.BJ,2025Q4,0.0007746665,1116,AAA,0
920005.BJ,2026Q1,0.0007869986,1115,AAA,0
920006.BJ,2025Q3,0.0035958604,1005,AAA,0
920006.BJ,2025Q4,0.0020782284,1045,AAA,0
920006.BJ,2026Q1,0.002904294,1021,AAA,0
920007.BJ,2025Q3,0.00068465597,1125,AAA,0
920007.BJ,2025Q4,0.00069714093,1124,AAA,0
920007.BJ,2026Q1,0.0009922624,1098,AAA,0
920008.BJ,2025Q3,0.0015816672,1065,AAA,0
920008.BJ,2025Q4,0.0011106462,1090,AAA,0
920008.BJ,2026Q1,0.0017942591,1055,AAA,0
920009.BJ,2025Q3,0.00091390987,1104,AAA,0
920009.BJ,2025Q4,0.0010508132,1094,AAA,0
920009.BJ,2026Q1,0.0008062058,1113,AAA,0
920010.BJ,2025Q3,0.0017272307,1058,AAA,0
920010.BJ,2025Q4,0.0016744583,1060,AAA,0
920010.BJ,2026Q1,0.0014016457,1073,AAA,0
920011.BJ,2025Q3,0.00075282354,1118,AAA,0
920011.BJ,2025Q4,0.000778029,1116,AAA,0
920011.BJ,2026Q1,0.00072531943,1121,AAA,0
920012.BJ,2025Q3,0.00073374034,1120,AAA,0
920012.BJ,2025Q4,0.0007356009,1120,AAA,0
920012.BJ,2026Q1,0.00073853903,1120,AAA,0
920014.BJ,2025Q3,0.0012739191,1080,AAA,0
920014.BJ,2025Q4,0.0014976826,1069,AAA,0
920014.BJ,2026Q1,0.0015984998,1064,AAA,0
920015.BJ,2025Q3,0.0009489617,1101,AAA,0
920015.BJ,2025Q4,0.00096032594,1101,AAA,0
920015.BJ,2026Q1,0.00096754817,1100,AAA,0
920016.BJ,2025Q3,0.001368613,1075,AAA,0
920016.BJ,2025Q4,0.0009743497,1100,AAA,0
920016.BJ,2026Q1,0.0014334345,1072,AAA,0
920017.BJ,2025Q3,0.00080750894,1113,AAA,0
920017.BJ,2025Q4,0.0008720031,1108,AAA,0
920017.BJ,2026Q1,0.00083914,1110,AAA,0
920018.BJ,2025Q3,0.00084143714,1110,AAA,0
920018.BJ,2025Q4,0.0007374866,1120,AAA,0
920018.BJ,2026Q1,0.0015145118,1068,AAA,0
920019.BJ,2025Q3,0.00083357416,1111,AAA,0
920019.BJ,2025Q4,0.0009619082,1101,AAA,0
920019.BJ,2026Q1,0.0010794891,1092,AAA,0
920020.BJ,2025Q3,0.0007900459,1115,AAA,0
920020.BJ,2025Q4,0.00071760226,1122,AAA,0
920020.BJ,2026Q1,0.0008269346,1111,AAA,0
920021.BJ,2025Q3,0.0041471613,995,AAA,0
920021.BJ,2025Q4,0.0038737897,1000,AAA,0
920021.BJ,2026Q1,0.0036358037,1004,AAA,0
920022.BJ,2025Q3,0.0006889537,1125,AAA,0
920022.BJ,2025Q4,0.00076530507,1117,AAA,0
920022.BJ,2026Q1,0.0007316826,1120,AAA,0
920023.BJ,2025Q3,0.0017978281,1055,AAA,0
920023.BJ,2025Q4,0.0021940398,1041,AAA,0
920023.BJ,2026Q1,0.0026918063,1026,AAA,0
920026.BJ,2025Q3,0.0012042187,1084,AAA,0
920026.BJ,2025Q4,0.0011801313,1086,AAA,0
920026.BJ,2026Q1,0.0009991052,1098,AAA,0
920027.BJ,2025Q3,0.0009977088,1098,AAA,0
920027.BJ,2025Q4,0.00095428294,1101,AAA,0
920027.BJ,2026Q1,0.001681461,1060,AAA,0
920028.BJ,2025Q3,0.0008469009,1110,AAA,0
920028.BJ,2025Q4,0.0010337721,1095,AAA,0
920028.BJ,2026Q1,0.0009976118,1098,AAA,0
920029.BJ,2025Q3,0.00086068653,1109,AAA,0
920029.BJ,2025Q4,0.00090331986,1105,AAA,0
920029.BJ,2026Q1,0.001550901,1066,AAA,0
920030.BJ,2025Q3,0.0032789803,1012,AAA,0
920030.BJ,2025Q4,0.0027870054,1024,AAA,0
920030.BJ,2026Q1,0.0030465894,1017,AAA,0
920033.BJ,2025Q3,0.0012279308,1083,AAA,0
920033.BJ,2025Q4,0.0020114656,1047,AAA,0
920033.BJ,2026Q1,0.0020260669,1047,AAA,0
920035.BJ,2025Q3,0.0007437659,1119,AAA,0
920035.BJ,2025Q4,0.0006954249,1124,AAA,0
920035.BJ,2026Q1,0.00077302207,1116,AAA,0
920036.BJ,2025Q3,0.000680282,1126,AAA,0
920036.BJ,2025Q4,0.00083083636,1111,AAA,0
920036.BJ,2026Q1,0.0014301587,1072,AAA,0
920037.BJ,2025Q3,0.00083794387,1110,AAA,0
920037.BJ,2025Q4,0.0009310153,1103,AAA,0
920037.BJ,2026Q1,0.00069310097,1124,AAA,0
920039.BJ,2025Q3,0.0019841536,1048,AAA,0
920039.BJ,2025Q4,0.0018092368,1055,AAA,0
920039.BJ,2026Q1,0.001991102,1048,AAA,0
920045.BJ,2025Q3,0.0011961317,1085,AAA,0
920045.BJ,2025Q4,0.0010390427,1095,AAA,0
920045.BJ,2026Q1,0.0007925399,1115,AAA,0
920046.BJ,2025Q3,0.0011546194,1087,AAA,0
920046.BJ,2025Q4,0.0011006063,1091,AAA,0
920046.BJ,2026Q1,0.0011340297,1089,AAA,0
920047.BJ,2025Q3,0.005049346,981,AAA,0
920047.BJ,2025Q4,0.0038328422,1001,AAA,0
920047.BJ,2026Q1,0.0036853973,1003,AAA,0
920050.BJ,2025Q3,0.0009119939,1104,AAA,0
920050.BJ,2025Q4,0.0007914554,1115,AAA,0
920050.BJ,2026Q1,0.0010888298,1092,AAA,0
920055.BJ,2025Q3,0.000750423,1118,AAA,0
920055.BJ,2025Q4,0.0008445204,1110,AAA,0
920055.BJ,2026Q1,0.0007515677,1118,AAA,0
920056.BJ,2025Q3,0.00073513767,1120,AAA,0
920056.BJ,2025Q4,0.0009406911,1102,AAA,0
920056.BJ,2026Q1,0.0008060982,1113,AAA,0
920057.BJ,2025Q3,0.0013611277,1075,AAA,0
920057.BJ,2025Q4,0.0016850886,1060,AAA,0
920057.BJ,2026Q1,0.0021053937,1044,AAA,0
920058.BJ,2025Q3,0.0008456107,1110,AAA,0
920058.BJ,2025Q4,0.0010561012,1094,AAA,0
920058.BJ,2026Q1,0.0010564775,1094,AAA,0
920060.BJ,2025Q3,0.00070909475,1123,AAA,0
920060.BJ,2025Q4,0.00078620366,1115,AAA,0
920060.BJ,2026Q1,0.0009199314,1104,AAA,0
920061.BJ,2025Q3,0.0010381048,1095,AAA,0
920061.BJ,2025Q4,0.0012119574,1084,AAA,0
920061.BJ,2026Q1,0.0013229984,1078,AAA,0
920062.BJ,2025Q3,0.00090369215,1105,AAA,0
920062.BJ,2025Q4,0.0011068592,1090,AAA,0
920062.BJ,2026Q1,0.0014008464,1073,AAA,0
920066.BJ,2025Q3,0.0009023039,1105,AAA,0
920066.BJ,2025Q4,0.0013169955,1078,AAA,0
920066.BJ,2026Q1,0.0010802972,1092,AAA,0
920068.BJ,2025Q3,0.0014859608,1069,AAA,0
920068.BJ,2025Q4,0.0011894754,1085,AAA,0
920068.BJ,2026Q1,0.0013065496,1078,AAA,0
920069.BJ,2025Q3,0.0009700976,1100,AAA,0
920069.BJ,2025Q4,0.0011000785,1091,AAA,0
920069.BJ,2026Q1,0.00092988455,1103,AAA,0
920075.BJ,2025Q3,0.0011024163,1091,AAA,0
920075.BJ,2025Q4,0.0011324493,1089,AAA,0
920075.BJ,2026Q1,0.0012207011,1083,AAA,0
920076.BJ,2025Q3,0.00085090974,1109,AAA,0
920076.BJ,2025Q4,0.000739464,1120,AAA,0
920076.BJ,2026Q1,0.0007971849,1114,AAA,0
920077.BJ,2025Q3,0.0019639342,1049,AAA,0
920077.BJ,2025Q4,0.0017028432,1059,AAA,0
920077.BJ,2026Q1,0.0024925855,1032,AAA,0
920078.BJ,2025Q3,0.0007838469,1115,AAA,0
920078.BJ,2025Q4,0.0008264848,1111,AAA,0
920078.BJ,2026Q1,0.00090699084,1105,AAA,0
920080.BJ,2025Q3,0.00074319803,1119,AAA,0
920080.BJ,2025Q4,0.0007543859,1118,AAA,0
920080.BJ,2026Q1,0.0007806799,1116,AAA,0
920082.BJ,2025Q3,0.00089166604,1106,AAA,0
920082.BJ,2025Q4,0.0014530373,1071,AAA,0
920082.BJ,2026Q1,0.0014843392,1069,AAA,0
920086.BJ,2025Q3,0.0008494981,1109,AAA,0
920086.BJ,2025Q4,0.0009013505,1105,AAA,0
920086.BJ,2026Q1,0.00080387795,1113,AAA,0
920087.BJ,2025Q3,0.0031286445,1015,AAA,0
920087.BJ,2025Q4,0.00096149364,1101,AAA,0
920087.BJ,2026Q1,0.005652782,972,AAA,0
920088.BJ,2025Q3,0.0006864638,1125,AAA,0
920088.BJ,2025Q4,0.00072391005,1121,AAA,0
920088.BJ,2026Q1,0.0016729031,1061,AAA,0
920089.BJ,2025Q3,0.0011509949,1088,AAA,0
920089.BJ,2025Q4,0.0011300892,1089,AAA,0
920089.BJ,2026Q1,0.0010542807,1094,AAA,0
920090.BJ,2025Q3,0.012299274,916,AAA,0
920090.BJ,2025Q4,0.013717719,908,AAA,0
920090.BJ,2026Q1,0.12540413,740,AAA,0
920091.BJ,2025Q3,0.00096375856,1100,AAA,0
920091.BJ,2025Q4,0.0009021514,1105,AAA,0
920091.BJ,2026Q1,0.0019675498,1049,AAA,0
920092.BJ,2025Q3,0.003935454,999,AAA,0
920092.BJ,2025Q4,0.0052384688,978,AAA,0
920092.BJ,2026Q1,0.009105506,938,AAA,0
920096.BJ,2025Q3,0.0006871213,1125,AAA,0
920096.BJ,2025Q4,0.0010983073,1091,AAA,0
920098.BJ,2025Q3,0.00074869226,1119,AAA,0
920098.BJ,2025Q4,0.0007375498,1120,AAA,0
920098.BJ,2026Q1,0.0012933902,1079,AAA,0
920099.BJ,2025Q3,0.00090046687,1105,AAA,0
920099.BJ,2025Q4,0.0008458198,1110,AAA,0
920099.BJ,2026Q1,0.0020205758,1047,AAA,0
920100.BJ,2025Q3,0.00074156385,1119,AAA,0
920100.BJ,2025Q4,0.00075837696,1118,AAA,0
920100.BJ,2026Q1,0.00082093437,1112,AAA,0
920101.BJ,2025Q3,0.0006385262,1130,AAA,0
920101.BJ,2025Q4,0.00065701525,1128,AAA,0
920101.BJ,2026Q1,0.0007823857,1115,AAA,0
920106.BJ,2025Q3,0.0009992484,1098,AAA,0
920106.BJ,2025Q4,0.0009783403,1099,AAA,0
920106.BJ,2026Q1,0.00077661156,1116,AAA,0
920108.BJ,2025Q3,0.0010266125,1096,AAA,0
920108.BJ,2025Q4,0.0010404206,1095,AAA,0
920108.BJ,2026Q1,0.0011972802,1085,AAA,0
920110.BJ,2025Q3,0.0008069121,1113,AAA,0
920110.BJ,2025Q4,0.00094116933,1102,AAA,0
920110.BJ,2026Q1,0.0011387857,1088,AAA,0
920111.BJ,2025Q3,0.00096311694,1100,AAA,0
920111.BJ,2025Q4,0.000883008,1107,AAA,0
920111.BJ,2026Q1,0.0009929186,1098,AAA,0
920112.BJ,2025Q3,0.0007444878,1119,AAA,0
920112.BJ,2025Q4,0.0008055941,1113,AAA,0
920112.BJ,2026Q1,0.0007503651,1118,AAA,0
920116.BJ,2025Q3,0.0012927479,1079,AAA,0
920116.BJ,2025Q4,0.0009481749,1102,AAA,0
920116.BJ,2026Q1,0.00116547,1087,AAA,0
920118.BJ,2025Q3,0.0013819153,1074,AAA,0
920118.BJ,2025Q4,0.001588818,1064,AAA,0
920118.BJ,2026Q1,0.0013331242,1077,AAA,0
920119.BJ,2025Q3,0.0008268912,1111,AAA,0
920119.BJ,2025Q4,0.00089522835,1106,AAA,0
920119.BJ,2026Q1,0.00092833623,1103,AAA,0
920121.BJ,2025Q3,0.000880584,1107,AAA,0
920121.BJ,2025Q4,0.0008652687,1108,AAA,0
920121.BJ,2026Q1,0.00072723423,1121,AAA,0
920122.BJ,2025Q3,0.0013992644,1073,AAA,0
920122.BJ,2025Q4,0.0017107641,1059,AAA,0
920122.BJ,2026Q1,0.0020311505,1047,AAA,0
920123.BJ,2025Q3,0.001360492,1075,AAA,0
920123.BJ,2025Q4,0.0020547083,1046,AAA,0
920123.BJ,2026Q1,0.0012747888,1080,AAA,0
920124.BJ,2025Q3,0.0013154823,1078,AAA,0
920124.BJ,2025Q4,0.0009554283,1101,AAA,0
920124.BJ,2026Q1,0.0012140753,1084,AAA,0
920125.BJ,2025Q3,0.00073683006,1120,AAA,0
920125.BJ,2025Q4,0.0007639636,1117,AAA,0
920125.BJ,2026Q1,0.0012799583,1080,AAA,0
920128.BJ,2025Q3,0.000937961,1102,AAA,0
920128.BJ,2025Q4,0.001320284,1078,AAA,0
920128.BJ,2026Q1,0.00091438583,1104,AAA,0
920130.BJ,2025Q3,0.0016234106,1063,AAA,0
920130.BJ,2025Q4,0.0013894413,1074,AAA,0
920130.BJ,2026Q1,0.0017846803,1056,AAA,0
920132.BJ,2025Q3,0.0012576293,1081,AAA,0
920132.BJ,2025Q4,0.000940575,1102,AAA,0
920132.BJ,2026Q1,0.0008490697,1110,AAA,0
920139.BJ,2025Q3,0.0029829238,1019,AAA,0
920139.BJ,2025Q4,0.0031857511,1014,AAA,0
920139.BJ,2026Q1,0.0035904997,1005,AAA,0
920145.BJ,2025Q3,0.0038889463,1000,AAA,0
920145.BJ,2025Q4,0.0036582542,1004,AAA,0
920145.BJ,2026Q1,0.013904627,907,AAA,0
920146.BJ,2025Q3,0.0055844886,973,AAA,0
920146.BJ,2025Q4,0.008701384,941,AAA,0
920146.BJ,2026Q1,0.018371655,886,AAA,0
920149.BJ,2025Q3,0.0025967418,1029,AAA,0
920149.BJ,2025Q4,0.0021196997,1043,AAA,0
920149.BJ,2026Q1,0.018353939,887,AAA,0
920152.BJ,2025Q3,0.0021199055,1043,AAA,0
920152.BJ,2025Q4,0.0062313597,965,AAA,0
920152.BJ,2026Q1,0.0083887,944,AAA,0
920156.BJ,2025Q3,0.0007328853,1120,AAA,0
920156.BJ,2025Q4,0.00069484726,1124,AAA,0
920156.BJ,2026Q1,0.0009795747,1099,AAA,0
920158.BJ,2025Q3,0.0012849186,1080,AAA,0
920158.BJ,2025Q4,0.0007235169,1121,AAA,0
920158.BJ,2026Q1,0.0014574773,1071,AAA,0
920159.BJ,2025Q3,0.00092499616,1103,AAA,0
920159.BJ,2025Q4,0.00075218466,1118,AAA,0
920159.BJ,2026Q1,0.0008412327,1110,AAA,0
920160.BJ,2025Q4,0.002289186,1038,AAA,0
920160.BJ,2026Q1,0.0017337722,1058,AAA,0
920163.BJ,2025Q3,0.0011228368,1089,AAA,0
920163.BJ,2025Q4,0.001590383,1064,AAA,0
920163.BJ,2026Q1,0.0008937959,1106,AAA,0
920166.BJ,2025Q3,0.0013522158,1076,AAA,0
920166.BJ,2025Q4,0.0010666228,1093,AAA,0
920166.BJ,2026Q1,0.0010147227,1097,AAA,0
920167.BJ,2025Q3,0.0011253367,1089,AAA,0
920167.BJ,2025Q4,0.0011239985,1089,AAA,0
920167.BJ,2026Q1,0.0014450296,1071,AAA,0
920168.BJ,2025Q3,0.0008680285,1108,AAA,0
920168.BJ,2025Q4,0.0008253507,1112,AAA,0
920168.BJ,2026Q1,0.001448645,1071,AAA,0
920169.BJ,2025Q3,0.0012742134,1080,AAA,0
920169.BJ,2025Q4,0.0009025189,1105,AAA,0
920169.BJ,2026Q1,0.0010415745,1095,AAA,0
920171.BJ,2025Q3,0.005681167,972,AAA,0
920171.BJ,2025Q4,0.0013825597,1074,AAA,0
920171.BJ,2026Q1,0.0036111479,1005,AAA,0
920174.BJ,2025Q3,0.00085565436,1109,AAA,0
920174.BJ,2025Q4,0.0006948837,1124,AAA,0
920174.BJ,2026Q1,0.0010138231,1097,AAA,0
920175.BJ,2025Q3,0.008343133,944,AAA,0
920175.BJ,2025Q4,0.0070279795,957,AAA,0
920175.BJ,2026Q1,0.0058906134,969,AAA,0
920177.BJ,2025Q3,0.00096095237,1101,AAA,0
920177.BJ,2025Q4,0.0008515258,1109,AAA,0
920177.BJ,2026Q1,0.00081631326,1112,AAA,0
920178.BJ,2025Q3,0.0008958836,1106,AAA,0
920178.BJ,2025Q4,0.0011082903,1090,AAA,0
920179.BJ,2025Q3,0.0008703491,1108,AAA,0
920179.BJ,2025Q4,0.0008629403,1108,AAA,0
920179.BJ,2026Q1,0.0014217739,1072,AAA,0
920180.BJ,2025Q3,0.00073108345,1120,AAA,0
920180.BJ,2025Q4,0.0009553659,1101,AAA,0
920180.BJ,2026Q1,0.0009796829,1099,AAA,0
920181.BJ,2025Q3,0.00086452253,1108,AAA,0
920181.BJ,2025Q4,0.000810028,1113,AAA,0
920181.BJ,2026Q1,0.00086397864,1108,AAA,0
920183.BJ,2025Q3,0.001321617,1078,AAA,0
920183.BJ,2025Q4,0.001007979,1097,AAA,0
920183.BJ,2026Q1,0.001596606,1064,AAA,0
920184.BJ,2025Q3,0.0016231185,1063,AAA,0
920184.BJ,2025Q4,0.0014724839,1070,AAA,0
920184.BJ,2026Q1,0.0020576105,1046,AAA,0
920185.BJ,2025Q3,0.000898054,1105,AAA,0
920185.BJ,2025Q4,0.0008987598,1105,AAA,0
920185.BJ,2026Q1,0.0011635388,1087,AAA,0
920186.BJ,2025Q3,0.0009745261,1100,AAA,0
920186.BJ,2025Q4,0.0016127918,1063,AAA,0
920186.BJ,2026Q1,0.00107473,1093,AAA,0
920187.BJ,2025Q3,0.0009416156,1102,AAA,0
920187.BJ,2025Q4,0.0009813602,1099,AAA,0
920187.BJ,2026Q1,0.0011431708,1088,AAA,0
920188.BJ,2025Q3,0.0010390873,1095,AAA,0
920188.BJ,2025Q4,0.0010993609,1091,AAA,0
920188.BJ,2026Q1,0.0010367617,1095,AAA,0
920190.BJ,2025Q3,0.001310587,1078,AAA,0
920190.BJ,2025Q4,0.0012023699,1084,AAA,0
920190.BJ,2026Q1,0.000999545,1098,AAA,0
920191.BJ,2025Q3,0.00093954586,1102,AAA,0
920191.BJ,2025Q4,0.00094318064,1102,AAA,0
920191.BJ,2026Q1,0.000843072,1110,AAA,0
920195.BJ,2025Q3,0.0008395067,1110,AAA,0
920195.BJ,2025Q4,0.0010089226,1097,AAA,0
920195.BJ,2026Q1,0.0020395876,1046,AAA,0
920198.BJ,2025Q3,0.0014516818,1071,AAA,0
920198.BJ,2025Q4,0.0028158564,1023,AAA,0
920198.BJ,2026Q1,0.0027317943,1025,AAA,0
920199.BJ,2025Q3,0.0012814178,1080,AAA,0
920199.BJ,2025Q4,0.0012566617,1081,AAA,0
920199.BJ,2026Q1,0.0019549178,1049,AAA,0
920200.BJ,2025Q3,0.00075364404,1118,AAA,0
920200.BJ,2025Q4,0.00082490215,1112,AAA,0
920204.BJ,2025Q3,0.0009554096,1101,AAA,0
920204.BJ,2025Q4,0.0010194461,1096,AAA,0
920204.BJ,2026Q1,0.0011465352,1088,AAA,0
920207.BJ,2025Q3,0.0012057855,1084,AAA,0
920207.BJ,2025Q4,0.0012701337,1080,AAA,0
920207.BJ,2026Q1,0.0014037697,1073,AAA,0
920208.BJ,2025Q3,0.000956926,1101,AAA,0
920208.BJ,2025Q4,0.0010206705,1096,AAA,0
920208.BJ,2026Q1,0.0012501492,1082,AAA,0
920212.BJ,2025Q3,0.0015940472,1064,AAA,0
920212.BJ,2025Q4,0.0014820314,1069,AAA,0
920212.BJ,2026Q1,0.0012763239,1080,AAA,0
920220.BJ,2025Q3,0.00087532843,1107,AAA,0
920220.BJ,2025Q4,0.00074306957,1119,AAA,0
920220.BJ,2026Q1,0.00082044245,1112,AAA,0
920221.BJ,2025Q3,0.00088472734,1107,AAA,0
920221.BJ,2025Q4,0.00086639036,1108,AAA,0
920221.BJ,2026Q1,0.0009539234,1101,AAA,0
920223.BJ,2025Q3,0.0014094468,1073,AAA,0
920223.BJ,2025Q4,0.0013158282,1078,AAA,0
920223.BJ,2026Q1,0.001961399,1049,AAA,0
920225.BJ,2025Q3,0.0008575913,1109,AAA,0
920225.BJ,2025Q4,0.0010044613,1097,AAA,0
920225.BJ,2026Q1,0.0010565711,1094,AAA,0
920227.BJ,2025Q3,0.0008611381,1109,AAA,0
920227.BJ,2025Q4,0.00092214067,1104,AAA,0
920227.BJ,2026Q1,0.0009885625,1099,AAA,0
920230.BJ,2025Q3,0.0016005057,1064,AAA,0
920230.BJ,2025Q4,0.0017889813,1056,AAA,0
920230.BJ,2026Q1,0.0018141925,1055,AAA,0
920237.BJ,2025Q3,0.0009777141,1099,AAA,0
920237.BJ,2025Q4,0.0009605158,1101,AAA,0
920237.BJ,2026Q1,0.0010791128,1092,AAA,0
920239.BJ,2025Q3,0.0012229675,1083,AAA,0
920239.BJ,2025Q4,0.0012743414,1080,AAA,0
920239.BJ,2026Q1,0.0009492316,1101,AAA,0
920242.BJ,2025Q3,0.00083331607,1111,AAA,0
920242.BJ,2025Q4,0.00084039784,1110,AAA,0
920242.BJ,2026Q1,0.0010184757,1096,AAA,0
920245.BJ,2025Q3,0.001133609,1089,AAA,0
920245.BJ,2025Q4,0.0012175611,1084,AAA,0
920245.BJ,2026Q1,0.001213503,1084,AAA,0
920247.BJ,2025Q3,0.0008273011,1111,AAA,0
920247.BJ,2025Q4,0.0008298778,1111,AAA,0
920247.BJ,2026Q1,0.00096621603,1100,AAA,0
920249.BJ,2025Q3,0.0020713431,1045,AAA,0
920249.BJ,2025Q4,0.0015497709,1066,AAA,0
920249.BJ,2026Q1,0.0014289062,1072,AAA,0
920252.BJ,2025Q3,0.0011296307,1089,AAA,0
920252.BJ,2025Q4,0.0010047441,1097,AAA,0
920252.BJ,2026Q1,0.0011885042,1085,AAA,0
920260.BJ,2025Q3,0.0009151223,1104,AAA,0
920260.BJ,2025Q4,0.00077611994,1116,AAA,0
920260.BJ,2026Q1,0.0012068012,1084,AAA,0
920261.BJ,2025Q3,0.0007114422,1122,AAA,0
920261.BJ,2025Q4,0.00072576647,1121,AAA,0
920261.BJ,2026Q1,0.0007205403,1121,AAA,0
920262.BJ,2025Q3,0.0009860726,1099,AAA,0
920262.BJ,2025Q4,0.0010251269,1096,AAA,0
920262.BJ,2026Q1,0.0007564519,1118,AAA,0
920263.BJ,2025Q3,0.0033772558,1010,AAA,0
920263.BJ,2025Q4,0.0040876,996,AAA,0
920263.BJ,2026Q1,0.0067842714,959,AAA,0
920266.BJ,2025Q3,0.002083869,1045,AAA,0
920266.BJ,2025Q4,0.0018543986,1053,AAA,0
920266.BJ,2026Q1,0.0034223981,1009,AAA,0
920267.BJ,2025Q3,0.0009778393,1099,AAA,0
920267.BJ,2025Q4,0.0012151239,1084,AAA,0
920267.BJ,2026Q1,0.001965909,1049,AAA,0
920270.BJ,2025Q3,0.0011715904,1086,AAA,0
920270.BJ,2025Q4,0.0014214579,1072,AAA,0
920270.BJ,2026Q1,0.0013901779,1074,AAA,0
920271.BJ,2025Q3,0.0012561291,1081,AAA,0
920271.BJ,2025Q4,0.0011706895,1086,AAA,0
920271.BJ,2026Q1,0.0009152043,1104,AAA,0
920273.BJ,2025Q3,0.00095223216,1101,AAA,0
920273.BJ,2025Q4,0.0012318698,1083,AAA,0
920273.BJ,2026Q1,0.0015238342,1067,AAA,0
920274.BJ,2025Q3,0.0022126776,1040,AAA,0
920274.BJ,2025Q4,0.0021231882,1043,AAA,0
920274.BJ,2026Q1,0.0012167344,1084,AAA,0
920275.BJ,2025Q3,0.0027558787,1024,AAA,0
920275.BJ,2025Q4,0.0032364447,1013,AAA,0
920275.BJ,2026Q1,0.004393014,991,AAA,0
920278.BJ,2025Q3,0.0010765946,1092,AAA,0
920278.BJ,2025Q4,0.0011335642,1089,AAA,0
920278.BJ,2026Q1,0.0017820775,1056,AAA,0
920284.BJ,2025Q3,0.001629097,1062,AAA,0
920284.BJ,2025Q4,0.0014526581,1071,AAA,0
920284.BJ,2026Q1,0.002718365,1025,AAA,0
920299.BJ,2025Q3,0.0008706046,1108,AAA,0
920299.BJ,2025Q4,0.0010934576,1091,AAA,0
920299.BJ,2026Q1,0.0015761784,1065,AAA,0
920300.BJ,2025Q3,0.002377591,1035,AAA,0
920300.BJ,2025Q4,0.004789277,984,AAA,0
920300.BJ,2026Q1,0.004422561,990,AAA,0
920304.BJ,2025Q3,0.0007965766,1114,AAA,0
920304.BJ,2025Q4,0.0008625551,1108,AAA,0
920304.BJ,2026Q1,0.00096726976,1100,AAA,0
920305.BJ,2025Q3,0.0067572324,959,AAA,0
920305.BJ,2025Q4,0.0114126615,921,AAA,0
920305.BJ,2026Q1,0.037082653,834,AAA,0
920339.BJ,2025Q3,0.0018348589,1054,AAA,0
920339.BJ,2025Q4,0.0018298075,1054,AAA,0
920339.BJ,2026Q1,0.0033009253,1011,AAA,0
920344.BJ,2025Q3,0.0045253397,989,AAA,0
920344.BJ,2025Q4,0.0016530008,1061,AAA,0
920344.BJ,2026Q1,0.0023080946,1037,AAA,0
920346.BJ,2025Q3,0.0008914465,1106,AAA,0
920346.BJ,2025Q4,0.000933373,1103,AAA,0
920346.BJ,2026Q1,0.000947918,1102,AAA,0
920351.BJ,2025Q3,0.0019796076,1048,AAA,0
920351.BJ,2025Q4,0.0015049651,1068,AAA,0
920351.BJ,2026Q1,0.0019498132,1049,AAA,0
920357.BJ,2025Q3,0.00085278926,1109,AAA,0
920357.BJ,2025Q4,0.00080180244,1114,AAA,0
920357.BJ,2026Q1,0.00085982593,1109,AAA,0
920363.BJ,2025Q3,0.00161663,1063,AAA,0
920363.BJ,2025Q4,0.0011103341,1090,AAA,0
920363.BJ,2026Q1,0.0013915627,1074,AAA,0
920367.BJ,2025Q3,0.001258974,1081,AAA,0
920367.BJ,2025Q4,0.001194903,1085,AAA,0
920367.BJ,2026Q1,0.0013461905,1076,AAA,0
920368.BJ,2025Q3,0.0015801137,1065,AAA,0
920368.BJ,2025Q4,0.0012807576,1080,AAA,0
920368.BJ,2026Q1,0.0023661589,1035,AAA,0
920370.BJ,2025Q3,0.0036974296,1003,AAA,0
920370.BJ,2025Q4,0.0026564545,1027,AAA,0
920370.BJ,2026Q1,0.0029996277,1018,AAA,0
920371.BJ,2025Q3,0.0011922722,1085,AAA,0
920371.BJ,2025Q4,0.001354857,1076,AAA,0
920371.BJ,2026Q1,0.0010841964,1092,AAA,0
920374.BJ,2025Q3,0.0013647745,1075,AAA,0
920374.BJ,2025Q4,0.0014413793,1071,AAA,0
920374.BJ,2026Q1,0.0016882311,1060,AAA,0
920375.BJ,2025Q3,0.0020175425,1047,AAA,0
920375.BJ,2025Q4,0.0007927737,1114,AAA,0
920375.BJ,2026Q1,0.0014000582,1073,AAA,0
920378.BJ,2025Q3,0.0013223025,1078,AAA,0
920378.BJ,2025Q4,0.0013667321,1075,AAA,0
920378.BJ,2026Q1,0.0015829026,1065,AAA,0
920392.BJ,2025Q3,0.0011195068,1090,AAA,0
920392.BJ,2025Q4,0.0008270918,1111,AAA,0
920392.BJ,2026Q1,0.0008411053,1110,AAA,0
920394.BJ,2025Q3,0.0007781012,1116,AAA,0
920394.BJ,2025Q4,0.0012024919,1084,AAA,0
920394.BJ,2026Q1,0.0010806775,1092,AAA,0
920395.BJ,2025Q3,0.002335226,1036,AAA,0
920395.BJ,2025Q4,0.001655721,1061,AAA,0
920395.BJ,2026Q1,0.0014737801,1070,AAA,0
920396.BJ,2025Q3,0.00077241164,1116,AAA,0
920396.BJ,2025Q4,0.0008427423,1110,AAA,0
920396.BJ,2026Q1,0.0011752504,1086,AAA,0
920402.BJ,2025Q3,0.0044841445,989,AAA,0
920402.BJ,2025Q4,0.0043170913,992,AAA,0
920402.BJ,2026Q1,0.006927968,958,AAA,0
920403.BJ,2025Q3,0.0034265397,1009,AAA,0
920403.BJ,2025Q4,0.0008062254,1113,AAA,0
920403.BJ,2026Q1,0.0016161544,1063,AAA,0
920405.BJ,2025Q3,0.0007616299,1117,AAA,0
920405.BJ,2025Q4,0.00070461177,1123,AAA,0
920405.BJ,2026Q1,0.0018254077,1054,AAA,0
920407.BJ,2025Q3,0.0010018784,1098,AAA,0
920407.BJ,2025Q4,0.0008431933,1110,AAA,0
920407.BJ,2026Q1,0.0010903168,1091,AAA,0
920414.BJ,2025Q3,0.0017095633,1059,AAA,0
920414.BJ,2025Q4,0.0014510197,1071,AAA,0
920414.BJ,2026Q1,0.0018416212,1054,AAA,0
920415.BJ,2025Q3,0.0016907847,1060,AAA,0
920415.BJ,2025Q4,0.0013159278,1078,AAA,0
920415.BJ,2026Q1,0.0024195414,1034,AAA,0
920418.BJ,2025Q3,0.0010037242,1097,AAA,0
920418.BJ,2025Q4,0.0010032003,1097,AAA,0
920418.BJ,2026Q1,0.00093897583,1102,AAA,0
920419.BJ,2025Q3,0.0007452669,1119,AAA,0
920419.BJ,2025Q4,0.0007781906,1116,AAA,0
920419.BJ,2026Q1,0.0008678061,1108,AAA,0
920422.BJ,2025Q3,0.0010450154,1095,AAA,0
920422.BJ,2025Q4,0.0011041379,1091,AAA,0
920422.BJ,2026Q1,0.0012148515,1084,AAA,0
920425.BJ,2025Q3,0.001500069,1068,AAA,0
920425.BJ,2025Q4,0.0012142037,1084,AAA,0
920425.BJ,2026Q1,0.0014931201,1069,AAA,0
920427.BJ,2025Q3,0.0017697157,1056,AAA,0
920427.BJ,2025Q4,0.0014939351,1069,AAA,0
920427.BJ,2026Q1,0.0037788763,1002,AAA,0
920429.BJ,2025Q3,0.0007690057,1117,AAA,0
920429.BJ,2025Q4,0.0008989641,1105,AAA,0
920429.BJ,2026Q1,0.0014848468,1069,AAA,0
920433.BJ,2025Q3,0.0047256434,985,AAA,0
920433.BJ,2025Q4,0.007132486,956,AAA,0
920433.BJ,2026Q1,0.0059895096,968,AAA,0
920436.BJ,2025Q3,0.0019042821,1051,AAA,0
920436.BJ,2025Q4,0.0014327338,1072,AAA,0
920436.BJ,2026Q1,0.0015621486,1065,AAA,0
920438.BJ,2025Q3,0.001009861,1097,AAA,0
920438.BJ,2025Q4,0.0010208325,1096,AAA,0
920438.BJ,2026Q1,0.0013640553,1075,AAA,0
920445.BJ,2025Q3,0.0019556186,1049,AAA,0
920445.BJ,2025Q4,0.0063778055,964,AAA,0
920445.BJ,2026Q1,0.0051937196,979,AAA,0
920454.BJ,2025Q3,0.0012612622,1081,AAA,0
920454.BJ,2025Q4,0.0012920297,1079,AAA,0
920454.BJ,2026Q1,0.0013538632,1076,AAA,0
920455.BJ,2025Q3,0.001446425,1071,AAA,0
920455.BJ,2025Q4,0.0016288069,1062,AAA,0
920455.BJ,2026Q1,0.002086018,1045,AAA,0
920469.BJ,2025Q3,0.003337773,1011,AAA,0
920469.BJ,2025Q4,0.0037677113,1002,AAA,0
920469.BJ,2026Q1,0.004240514,993,AAA,0
920471.BJ,2025Q3,0.0022847631,1038,AAA,0
920471.BJ,2025Q4,0.0026490325,1027,AAA,0
920471.BJ,2026Q1,0.0020950492,1044,AAA,0
920475.BJ,2025Q3,0.002652826,1027,AAA,0
920475.BJ,2025Q4,0.0015023678,1068,AAA,0
920475.BJ,2026Q1,0.0012411092,1082,AAA,0
920476.BJ,2025Q3,0.0014586381,1070,AAA,0
920476.BJ,2025Q4,0.0014766614,1070,AAA,0
920476.BJ,2026Q1,0.003064014,1017,AAA,0
920478.BJ,2025Q3,0.0010664957,1093,AAA,0
920478.BJ,2025Q4,0.0010684213,1093,AAA,0
920478.BJ,2026Q1,0.0011832318,1086,AAA,0
920489.BJ,2025Q3,0.0013453811,1076,AAA,0
920489.BJ,2025Q4,0.002003854,1048,AAA,0
920489.BJ,2026Q1,0.0015421353,1066,AAA,0
920491.BJ,2025Q3,0.0007461221,1119,AAA,0
920491.BJ,2025Q4,0.0007919178,1115,AAA,0
920491.BJ,2026Q1,0.0010224666,1096,AAA,0
920493.BJ,2025Q3,0.001225013,1083,AAA,0
920493.BJ,2025Q4,0.0011340535,1089,AAA,0
920493.BJ,2026Q1,0.00094421057,1102,AAA,0
920496.BJ,2025Q3,0.0013939197,1074,AAA,0
920496.BJ,2025Q4,0.0022003204,1041,AAA,0
920496.BJ,2026Q1,0.001996442,1048,AAA,0
920504.BJ,2025Q3,0.0015654833,1065,AAA,0
920504.BJ,2025Q4,0.0012497451,1082,AAA,0
920504.BJ,2026Q1,0.001724926,1058,AAA,0
920505.BJ,2025Q3,0.0013445703,1076,AAA,0
920505.BJ,2025Q4,0.0009159004,1104,AAA,0
920505.BJ,2026Q1,0.0011298417,1089,AAA,0
920508.BJ,2025Q3,0.002642961,1027,AAA,0
920508.BJ,2025Q4,0.0031751117,1014,AAA,0
920508.BJ,2026Q1,0.00598369,968,AAA,0
920509.BJ,2025Q3,0.0013682187,1075,AAA,0
920509.BJ,2025Q4,0.0014501488,1071,AAA,0
920509.BJ,2026Q1,0.0012744981,1080,AAA,0
920510.BJ,2025Q3,0.0026475138,1027,AAA,0
920510.BJ,2025Q4,0.0024386575,1033,AAA,0
920510.BJ,2026Q1,0.0024865202,1032,AAA,0
920519.BJ,2025Q3,0.0010227317,1096,AAA,0
920519.BJ,2025Q4,0.00083082606,1111,AAA,0
920519.BJ,2026Q1,0.0009399453,1102,AAA,0
920522.BJ,2025Q3,0.0008363584,1111,AAA,0
920522.BJ,2025Q4,0.00076817727,1117,AAA,0
920522.BJ,2026Q1,0.00075993454,1118,AAA,0
920523.BJ,2025Q3,0.0009277707,1103,AAA,0
920523.BJ,2025Q4,0.0010465512,1094,AAA,0
920523.BJ,2026Q1,0.00088597706,1106,AAA,0
920526.BJ,2025Q3,0.0011048943,1091,AAA,0
920526.BJ,2025Q4,0.001156874,1087,AAA,0
920526.BJ,2026Q1,0.0013378978,1077,AAA,0
920527.BJ,2025Q3,0.0010409326,1095,AAA,0
920527.BJ,2025Q4,0.00096049835,1101,AAA,0
920527.BJ,2026Q1,0.0011979161,1085,AAA,0
920533.BJ,2025Q3,0.0015553819,1066,AAA,0
920533.BJ,2025Q4,0.0019906263,1048,AAA,0
920533.BJ,2026Q1,0.0016987498,1059,AAA,0
920541.BJ,2025Q3,0.0007019259,1123,AAA,0
920541.BJ,2025Q4,0.00079371437,1114,AAA,0
920541.BJ,2026Q1,0.00095776515,1101,AAA,0
920547.BJ,2025Q3,0.000797694,1114,AAA,0
920547.BJ,2025Q4,0.0007547609,1118,AAA,0
920547.BJ,2026Q1,0.0008516873,1109,AAA,0
920553.BJ,2025Q3,0.0009808373,1099,AAA,0
920553.BJ,2025Q4,0.0010096816,1097,AAA,0
920553.BJ,2026Q1,0.0016054148,1064,AAA,0
920556.BJ,2025Q3,0.0012923054,1079,AAA,0
920556.BJ,2025Q4,0.0010234143,1096,AAA,0
920556.BJ,2026Q1,0.0013559394,1076,AAA,0
920564.BJ,2025Q3,0.0022217794,1040,AAA,0
920564.BJ,2025Q4,0.0018592603,1053,AAA,0
920564.BJ,2026Q1,0.0045294487,988,AAA,0
920566.BJ,2025Q3,0.00097053667,1100,AAA,0
920566.BJ,2025Q4,0.0010650154,1093,AAA,0
920566.BJ,2026Q1,0.0009380803,1102,AAA,0
920570.BJ,2025Q3,0.0012746614,1080,AAA,0
920570.BJ,2025Q4,0.0015413999,1066,AAA,0
920570.BJ,2026Q1,0.0012397239,1082,AAA,0
920571.BJ,2025Q3,0.0037436008,1002,AAA,0
920571.BJ,2025Q4,0.0027850086,1024,AAA,0
920571.BJ,2026Q1,0.002998189,1018,AAA,0
920575.BJ,2025Q3,0.056668162,802,AAA,0
920575.BJ,2025Q4,0.8871214,451,B,0
920575.BJ,2026Q1,0.88399774,453,B,0
920576.BJ,2025Q3,0.00078726746,1115,AAA,0
920576.BJ,2025Q4,0.0008859171,1106,AAA,0
920576.BJ,2026Q1,0.0012631617,1081,AAA,0
920578.BJ,2025Q3,0.00448208,989,AAA,0
920578.BJ,2025Q4,0.011783105,919,AAA,0
920578.BJ,2026Q1,0.004198576,994,AAA,0
920579.BJ,2025Q3,0.0013383075,1077,AAA,0
920579.BJ,2025Q4,0.001308946,1078,AAA,0
920579.BJ,2026Q1,0.0017341345,1058,AAA,0
920580.BJ,2025Q3,0.0012158158,1084,AAA,0
920580.BJ,2025Q4,0.0012382299,1082,AAA,0
920580.BJ,2026Q1,0.0018170538,1055,AAA,0
920592.BJ,2025Q3,0.0014102786,1073,AAA,0
920592.BJ,2025Q4,0.001511687,1068,AAA,0
920592.BJ,2026Q1,0.0018511729,1053,AAA,0
920593.BJ,2025Q3,0.0012523929,1081,AAA,0
920593.BJ,2025Q4,0.0010053637,1097,AAA,0
920593.BJ,2026Q1,0.0011430951,1088,AAA,0
920599.BJ,2025Q3,0.0009837651,1099,AAA,0
920599.BJ,2025Q4,0.0009056334,1105,AAA,0
920599.BJ,2026Q1,0.0007753393,1116,AAA,0
920608.BJ,2025Q3,0.00077283976,1116,AAA,0
920608.BJ,2025Q4,0.00084386725,1110,AAA,0
920608.BJ,2026Q1,0.00095465395,1101,AAA,0
920627.BJ,2025Q3,0.0009897533,1098,AAA,0
920627.BJ,2025Q4,0.00092178787,1104,AAA,0
920627.BJ,2026Q1,0.0011498514,1088,AAA,0
920634.BJ,2025Q3,0.0010100116,1097,AAA,0
920634.BJ,2025Q4,0.0010622056,1093,AAA,0
920634.BJ,2026Q1,0.0014236958,1072,AAA,0
920639.BJ,2025Q3,0.00085419253,1109,AAA,0
920639.BJ,2025Q4,0.0013058069,1078,AAA,0
920639.BJ,2026Q1,0.0010524697,1094,AAA,0
920640.BJ,2025Q3,0.001460687,1070,AAA,0
920640.BJ,2025Q4,0.00079694524,1114,AAA,0
920640.BJ,2026Q1,0.0017334057,1058,AAA,0
920641.BJ,2025Q3,0.0018871696,1052,AAA,0
920641.BJ,2025Q4,0.0016056058,1064,AAA,0
920641.BJ,2026Q1,0.002176604,1042,AAA,0
920642.BJ,2025Q3,0.0037845497,1002,AAA,0
920642.BJ,2025Q4,0.005945092,969,AAA,0
920642.BJ,2026Q1,0.0075542014,951,AAA,0
920651.BJ,2025Q3,0.00086412026,1108,AAA,0
920651.BJ,2025Q4,0.000762019,1117,AAA,0
920651.BJ,2026Q1,0.0009252747,1103,AAA,0
920656.BJ,2025Q3,0.001163985,1087,AAA,0
920656.BJ,2025Q4,0.0013196856,1078,AAA,0
920656.BJ,2026Q1,0.0009896952,1098,AAA,0
920662.BJ,2025Q3,0.0010779019,1092,AAA,0
920662.BJ,2025Q4,0.0010196427,1096,AAA,0
920662.BJ,2026Q1,0.0013064874,1078,AAA,0
920663.BJ,2025Q3,0.0011895399,1085,AAA,0
920663.BJ,2025Q4,0.0019214144,1051,AAA,0
920663.BJ,2026Q1,0.0015552538,1066,AAA,0
920665.BJ,2025Q3,0.0009807495,1099,AAA,0
920665.BJ,2025Q4,0.0010532602,1094,AAA,0
920665.BJ,2026Q1,0.001199877,1085,AAA,0
920670.BJ,2025Q3,0.0014109113,1073,AAA,0
920670.BJ,2025Q4,0.00231638,1037,AAA,0
920670.BJ,2026Q1,0.0041686585,995,AAA,0
920675.BJ,2025Q3,0.0007510894,1118,AAA,0
920675.BJ,2025Q4,0.0010126748,1097,AAA,0
920675.BJ,2026Q1,0.0012661109,1081,AAA,0
920679.BJ,2025Q3,0.00077600015,1116,AAA,0
920679.BJ,2025Q4,0.00082847336,1111,AAA,0
920679.BJ,2026Q1,0.0014339247,1072,AAA,0
920682.BJ,2025Q3,0.0022117863,1040,AAA,0
920682.BJ,2025Q4,0.0023349237,1036,AAA,0
920682.BJ,2026Q1,0.002854188,1022,AAA,0
920685.BJ,2025Q3,0.0009945494,1098,AAA,0
920685.BJ,2025Q4,0.0011862975,1085,AAA,0
920685.BJ,2026Q1,0.0013655768,1075,AAA,0
920689.BJ,2025Q3,0.0006675918,1127,AAA,0
920689.BJ,2025Q4,0.0008260577,1112,AAA,0
920689.BJ,2026Q1,0.0007982042,1114,AAA,0
920690.BJ,2025Q3,0.00079568295,1114,AAA,0
920690.BJ,2025Q4,0.0007060855,1123,AAA,0
920690.BJ,2026Q1,0.00073445175,1120,AAA,0
920693.BJ,2025Q3,0.0016357991,1062,AAA,0
920693.BJ,2025Q4,0.0016712133,1061,AAA,0
920693.BJ,2026Q1,0.0012092245,1084,AAA,0
920694.BJ,2025Q3,0.00070146477,1123,AAA,0
920694.BJ,2025Q4,0.00093258487,1103,AAA,0
920694.BJ,2026Q1,0.0015192978,1068,AAA,0
920699.BJ,2025Q3,0.0010065085,1097,AAA,0
920699.BJ,2025Q4,0.0012855289,1080,AAA,0
920699.BJ,2026Q1,0.0011240778,1089,AAA,0
920701.BJ,2025Q3,0.0010106657,1097,AAA,0
920701.BJ,2025Q4,0.0009341928,1103,AAA,0
920701.BJ,2026Q1,0.0015183997,1068,AAA,0
920703.BJ,2025Q3,0.00084283337,1110,AAA,0
920703.BJ,2025Q4,0.0010410249,1095,AAA,0
920703.BJ,2026Q1,0.0013794341,1074,AAA,0
920706.BJ,2025Q3,0.0008744822,1107,AAA,0
920706.BJ,2025Q4,0.00095319847,1101,AAA,0
920706.BJ,2026Q1,0.001294471,1079,AAA,0
920717.BJ,2025Q3,0.0016991,1059,AAA,0
920717.BJ,2025Q4,0.002441757,1033,AAA,0
920717.BJ,2026Q1,0.0069075073,958,AAA,0
920718.BJ,2025Q3,0.0008931554,1106,AAA,0
920718.BJ,2025Q4,0.0009942406,1098,AAA,0
920718.BJ,2026Q1,0.0011505821,1088,AAA,0
920719.BJ,2025Q3,0.004020284,997,AAA,0
920719.BJ,2025Q4,0.031943664,846,AAA,0
920719.BJ,2026Q1,0.091517955,765,AAA,0
920720.BJ,2025Q3,0.0010236576,1096,AAA,0
920720.BJ,2025Q4,0.0009403501,1102,AAA,0
920720.BJ,2026Q1,0.0012435509,1082,AAA,0
920725.BJ,2025Q3,0.0024751332,1032,AAA,0
920725.BJ,2025Q4,0.0012695065,1080,AAA,0
920725.BJ,2026Q1,0.001013375,1097,AAA,0
920726.BJ,2025Q3,0.0022653823,1039,AAA,0
920726.BJ,2025Q4,0.0015847893,1064,AAA,0
920726.BJ,2026Q1,0.0015979734,1064,AAA,0
920729.BJ,2025Q3,0.0015697799,1065,AAA,0
920729.BJ,2025Q4,0.0016357991,1062,AAA,0
920729.BJ,2026Q1,0.001848866,1053,AAA,0
920735.BJ,2025Q3,0.00070277794,1123,AAA,0
920735.BJ,2025Q4,0.0009076777,1105,AAA,0
920735.BJ,2026Q1,0.0007387703,1120,AAA,0
920748.BJ,2025Q3,0.003236374,1013,AAA,0
920748.BJ,2025Q4,0.0043070232,992,AAA,0
920748.BJ,2026Q1,0.002483961,1032,AAA,0
920751.BJ,2025Q3,0.0011552855,1087,AAA,0
920751.BJ,2025Q4,0.0012549781,1081,AAA,0
920751.BJ,2026Q1,0.0011482971,1088,AAA,0
920753.BJ,2025Q3,0.0010359678,1095,AAA,0
920753.BJ,2025Q4,0.0011178225,1090,AAA,0
920753.BJ,2026Q1,0.0010973116,1091,AAA,0
920765.BJ,2025Q3,0.0023532351,1036,AAA,0
920765.BJ,2025Q4,0.0016170249,1063,AAA,0
920765.BJ,2026Q1,0.0020701136,1045,AAA,0
920768.BJ,2025Q3,0.0014791179,1069,AAA,0
920768.BJ,2025Q4,0.0011339157,1089,AAA,0
920768.BJ,2026Q1,0.0009852909,1099,AAA,0
920770.BJ,2025Q3,0.0017046827,1059,AAA,0
920770.BJ,2025Q4,0.0023145427,1037,AAA,0
920770.BJ,2026Q1,0.0039985077,998,AAA,0
920779.BJ,2025Q3,0.0010323938,1095,AAA,0
920779.BJ,2025Q4,0.0013306095,1077,AAA,0
920779.BJ,2026Q1,0.0010130014,1097,AAA,0
920781.BJ,2025Q3,0.0014958412,1069,AAA,0
920781.BJ,2025Q4,0.0019381886,1050,AAA,0
920781.BJ,2026Q1,0.0024605796,1033,AAA,0
920786.BJ,2025Q3,0.0023682376,1035,AAA,0
920786.BJ,2025Q4,0.0018740534,1052,AAA,0
920786.BJ,2026Q1,0.0023186114,1037,AAA,0
920790.BJ,2025Q3,0.0012800766,1080,AAA,0
920790.BJ,2025Q4,0.0017121524,1059,AAA,0
920790.BJ,2026Q1,0.004202146,994,AAA,0
920792.BJ,2025Q3,0.0010085665,1097,AAA,0
920792.BJ,2025Q4,0.0013472178,1076,AAA,0
920792.BJ,2026Q1,0.0011929577,1085,AAA,0
920799.BJ,2025Q3,0.0011506934,1088,AAA,0
920799.BJ,2025Q4,0.0021872418,1041,AAA,0
920799.BJ,2026Q1,0.0049629635,982,AAA,0
920802.BJ,2025Q3,0.00089405023,1106,AAA,0
920802.BJ,2025Q4,0.0008268633,1111,AAA,0
920802.BJ,2026Q1,0.0010642826,1093,AAA,0
920806.BJ,2025Q3,0.0013976583,1074,AAA,0
920806.BJ,2025Q4,0.0011305382,1089,AAA,0
920806.BJ,2026Q1,0.0010238878,1096,AAA,0
920807.BJ,2025Q3,0.0010631426,1093,AAA,0
920807.BJ,2025Q4,0.0012523732,1081,AAA,0
920807.BJ,2026Q1,0.0022533112,1039,AAA,0
920808.BJ,2025Q3,0.0019342022,1050,AAA,0
920808.BJ,2025Q4,0.001971038,1049,AAA,0
920808.BJ,2026Q1,0.0028813877,1021,AAA,0
920809.BJ,2025Q3,0.0028983445,1021,AAA,0
920809.BJ,2025Q4,0.0020345042,1046,AAA,0
920809.BJ,2026Q1,0.0024455786,1033,AAA,0
920810.BJ,2025Q3,0.0026343248,1028,AAA,0
920810.BJ,2025Q4,0.002382474,1035,AAA,0
920810.BJ,2026Q1,0.0020972667,1044,AAA,0
920819.BJ,2025Q3,0.0018913848,1052,AAA,0
920819.BJ,2025Q4,0.001790345,1056,AAA,0
920819.BJ,2026Q1,0.0020628516,1045,AAA,0
920821.BJ,2025Q3,0.0013335884,1077,AAA,0
920821.BJ,2025Q4,0.0015410468,1066,AAA,0
920821.BJ,2026Q1,0.0035943422,1005,AAA,0
920826.BJ,2025Q3,0.0007775957,1116,AAA,0
920826.BJ,2025Q4,0.0007578813,1118,AAA,0
920826.BJ,2026Q1,0.00094140705,1102,AAA,0
920832.BJ,2025Q3,0.0011923438,1085,AAA,0
920832.BJ,2025Q4,0.0015492272,1066,AAA,0
920832.BJ,2026Q1,0.0019364743,1050,AAA,0
920833.BJ,2025Q3,0.00074099656,1119,AAA,0
920833.BJ,2025Q4,0.00089553924,1106,AAA,0
920833.BJ,2026Q1,0.0011174956,1090,AAA,0
920834.BJ,2025Q3,0.0012328512,1083,AAA,0
920834.BJ,2025Q4,0.0015334507,1067,AAA,0
920834.BJ,2026Q1,0.0011542548,1087,AAA,0
920837.BJ,2025Q3,0.0013775857,1075,AAA,0
920837.BJ,2025Q4,0.0014155842,1073,AAA,0
920837.BJ,2026Q1,0.00089228345,1106,AAA,0
920839.BJ,2025Q3,0.0009830723,1099,AAA,0
920839.BJ,2025Q4,0.0009855101,1099,AAA,0
920839.BJ,2026Q1,0.0009016212,1105,AAA,0
920855.BJ,2025Q3,0.0007540323,1118,AAA,0
920855.BJ,2025Q4,0.00073615205,1120,AAA,0
920855.BJ,2026Q1,0.0011362913,1088,AAA,0
920856.BJ,2025Q3,0.0018160915,1055,AAA,0
920856.BJ,2025Q4,0.0034614804,1008,AAA,0
920856.BJ,2026Q1,0.0062454543,965,AAA,0
920857.BJ,2025Q3,0.0015574509,1066,AAA,0
920857.BJ,2025Q4,0.0016403517,1062,AAA,0
920857.BJ,2026Q1,0.005119603,980,AAA,0
920866.BJ,2025Q3,0.0012997492,1079,AAA,0
920866.BJ,2025Q4,0.0012840854,1080,AAA,0
920866.BJ,2026Q1,0.0018975042,1051,AAA,0
920870.BJ,2025Q3,0.0018626348,1053,AAA,0
920870.BJ,2025Q4,0.0014566885,1071,AAA,0
920870.BJ,2026Q1,0.0019690336,1049,AAA,0
920871.BJ,2025Q3,0.001138955,1088,AAA,0
920871.BJ,2025Q4,0.0020781218,1045,AAA,0
920871.BJ,2026Q1,0.0020764165,1045,AAA,0
920873.BJ,2025Q3,0.008109992,946,AAA,0
920873.BJ,2025Q4,0.004502007,989,AAA,0
920873.BJ,2026Q1,0.0053588334,976,AAA,0
920876.BJ,2025Q3,0.0011136566,1090,AAA,0
920876.BJ,2025Q4,0.00092681433,1103,AAA,0
920876.BJ,2026Q1,0.001270896,1080,AAA,0
920879.BJ,2025Q3,0.0013649513,1075,AAA,0
920879.BJ,2025Q4,0.0012009953,1084,AAA,0
920879.BJ,2026Q1,0.002503756,1031,AAA,0
920885.BJ,2025Q3,0.0009330213,1103,AAA,0
920885.BJ,2025Q4,0.0009268603,1103,AAA,0
920885.BJ,2026Q1,0.001533907,1067,AAA,0
920892.BJ,2025Q3,0.0012712894,1080,AAA,0
920892.BJ,2025Q4,0.0020203998,1047,AAA,0
920892.BJ,2026Q1,0.0011963357,1085,AAA,0
920895.BJ,2025Q3,0.001710848,1059,AAA,0
920895.BJ,2025Q4,0.0038180123,1001,AAA,0
920895.BJ,2026Q1,0.016182149,896,AAA,0
920896.BJ,2025Q3,0.0010404027,1095,AAA,0
920896.BJ,2025Q4,0.0011520205,1087,AAA,0
920896.BJ,2026Q1,0.0011011861,1091,AAA,0
920906.BJ,2025Q3,0.0011496663,1088,AAA,0
920906.BJ,2025Q4,0.00093375053,1103,AAA,0
920906.BJ,2026Q1,0.0013843245,1074,AAA,0
920914.BJ,2025Q3,0.00075767556,1118,AAA,0
920914.BJ,2025Q4,0.0007372487,1120,AAA,0
920914.BJ,2026Q1,0.00075218215,1118,AAA,0
920924.BJ,2025Q3,0.0049319933,982,AAA,0
920924.BJ,2025Q4,0.0018133267,1055,AAA,0
920924.BJ,2026Q1,0.0026292545,1028,AAA,0
920925.BJ,2025Q3,0.0011640859,1087,AAA,0
920925.BJ,2025Q4,0.0024514836,1033,AAA,0
920925.BJ,2026Q1,0.0041953116,994,AAA,0
920926.BJ,2025Q3,0.0012015399,1084,AAA,0
920926.BJ,2025Q4,0.0013757253,1075,AAA,0
920926.BJ,2026Q1,0.0024934036,1032,AAA,0
920931.BJ,2025Q3,0.0012310651,1083,AAA,0
920931.BJ,2025Q4,0.0011831124,1086,AAA,0
920931.BJ,2026Q1,0.0016652666,1061,AAA,0
920932.BJ,2025Q3,0.0020595314,1046,AAA,0
920932.BJ,2025Q4,0.0035984926,1005,AAA,0
920932.BJ,2026Q1,0.008136311,946,AAA,0
920942.BJ,2025Q3,0.00092139846,1104,AAA,0
920942.BJ,2025Q4,0.001209338,1084,AAA,0
920942.BJ,2026Q1,0.0013457983,1076,AAA,0
920943.BJ,2025Q3,0.0008111746,1113,AAA,0
920943.BJ,2025Q4,0.0007873343,1115,AAA,0
920943.BJ,2026Q1,0.0018750696,1052,AAA,0
920946.BJ,2025Q3,0.0016839827,1060,AAA,0
920946.BJ,2025Q4,0.0018951325,1052,AAA,0
920946.BJ,2026Q1,0.0016287705,1062,AAA,0
920950.BJ,2025Q3,0.00096917845,1100,AAA,0
920950.BJ,2025Q4,0.0011852031,1085,AAA,0
920950.BJ,2026Q1,0.0010280361,1096,AAA,0
920953.BJ,2025Q3,0.0009941525,1098,AAA,0
920953.BJ,2025Q4,0.0010021084,1098,AAA,0
920953.BJ,2026Q1,0.0013969457,1074,AAA,0
920957.BJ,2025Q3,0.0014365865,1072,AAA,0
920957.BJ,2025Q4,0.0014064856,1073,AAA,0
920957.BJ,2026Q1,0.002048672,1046,AAA,0
920961.BJ,2025Q3,0.0018998275,1051,AAA,0
920961.BJ,2025Q4,0.0018271183,1054,AAA,0
920961.BJ,2026Q1,0.0035108859,1007,AAA,0
920964.BJ,2025Q3,0.001902685,1051,AAA,0
920964.BJ,2025Q4,0.001569239,1065,AAA,0
920964.BJ,2026Q1,0.0015544337,1066,AAA,0
920970.BJ,2025Q3,0.0013186503,1078,AAA,0
920970.BJ,2025Q4,0.0015116077,1068,AAA,0
920970.BJ,2026Q1,0.0026938375,1026,AAA,0
920971.BJ,2025Q3,0.0010782486,1092,AAA,0
920971.BJ,2025Q4,0.0010933132,1091,AAA,0
920971.BJ,2026Q1,0.0019145957,1051,AAA,0
920974.BJ,2025Q3,0.0011796886,1086,AAA,0
920974.BJ,2025Q4,0.0012804997,1080,AAA,0
920974.BJ,2026Q1,0.0009723781,1100,AAA,0
920976.BJ,2025Q3,0.0015737391,1065,AAA,0
920976.BJ,2025Q4,0.0012268878,1083,AAA,0
920976.BJ,2026Q1,0.000994107,1098,AAA,0
920978.BJ,2025Q3,0.0009210005,1104,AAA,0
920978.BJ,2025Q4,0.001281222,1080,AAA,0
920978.BJ,2026Q1,0.0009809209,1099,AAA,0
920981.BJ,2025Q3,0.00138586,1074,AAA,0
920981.BJ,2025Q4,0.0014623773,1070,AAA,0
920981.BJ,2026Q1,0.0012262196,1083,AAA,0
920982.BJ,2025Q3,0.0010159744,1097,AAA,0
920982.BJ,2025Q4,0.0009983473,1098,AAA,0
920982.BJ,2026Q1,0.00074968394,1119,AAA,0
920985.BJ,2025Q3,0.0016043955,1064,AAA,0
920985.BJ,2025Q4,0.004308784,992,AAA,0
920985.BJ,2026Q1,0.003867052,1000,AAA,0
920992.BJ,2025Q3,0.0009833041,1099,AAA,0
920992.BJ,2025Q4,0.00090894464,1105,AAA,0
920992.BJ,2026Q1,0.0011154792,1090,AAA,0
